timestamp,x,y,l_x,l_y,r_x,r_y,pupil_l,pupil_r
0.0,0.4987680912017822,0.4978313148021698,0.49228259921073914,0.4630628228187561,0.4987680912017822,0.4978313148021698,3.371368408203125,3.375396728515625
4.0,0.49717050790786743,0.5017139315605164,0.49483752250671387,0.4548565149307251,0.49717050790786743,0.5017139315605164,3.3544464111328125,3.3925628662109375
8.0,0.4968094527721405,0.49182191491127014,0.49284154176712036,0.4602508544921875,0.4968094527721405,0.49182191491127014,3.362213134765625,3.3542633056640625
12.0,0.4979342222213745,0.49961116909980774,0.49158692359924316,0.4606436789035797,0.4979342222213745,0.49961116909980774,3.3488311767578125,3.3764495849609375
16.0,0.49722054600715637,0.4914272129535675,0.4919000267982483,0.45659536123275757,0.49722054600715637,0.4914272129535675,3.3468780517578125,3.3736572265625
20.0,0.49609270691871643,0.48831626772880554,0.49141931533813477,0.4735909700393677,0.49609270691871643,0.48831626772880554,3.3880767822265625,3.3449859619140625
24.0,0.4965926706790924,0.4944266080856323,0.48927032947540283,0.461500346660614,0.4965926706790924,0.4944266080856323,3.360870361328125,3.3682708740234375
28.0,0.4957142770290375,0.4916110336780548,0.4913961589336395,0.4729774594306946,0.4957142770290375,0.4916110336780548,3.3855133056640625,3.3569793701171875
32.0,0.49284663796424866,0.4985221326351166,0.48907750844955444,0.4610733389854431,0.49284663796424866,0.4985221326351166,3.343902587890625,3.388458251953125
36.0,0.4930506646633148,0.49255475401878357,0.4895228445529938,0.4652891755104065,0.4930506646633148,0.49255475401878357,3.3424530029296875,3.386383056640625
40.0,0.49498414993286133,0.4890703856945038,0.48772141337394714,0.45980262756347656,0.49498414993286133,0.4890703856945038,3.36968994140625,3.3571319580078125
44.0,0.4954953193664551,0.4949827492237091,0.4889572262763977,0.4636051058769226,0.4954953193664551,0.4949827492237091,3.3506927490234375,3.3715057373046875
48.0,0.4946215748786926,0.4827778935432434,0.4879216253757477,0.4653242528438568,0.4946215748786926,0.4827778935432434,3.3644866943359375,3.3449249267578125
52.0,0.49246662855148315,0.4929240345954895,0.4887976050376892,0.4663444459438324,0.49246662855148315,0.4929240345954895,3.3672943115234375,3.3817596435546875
56.0,0.48884788155555725,0.4995574355125427,0.48673099279403687,0.46200746297836304,0.48884788155555725,0.4995574355125427,3.3506317138671875,3.4151611328125
60.0,0.4907777011394501,0.4851706027984619,0.4880937337875366,0.4668370485305786,0.4907777011394501,0.4851706027984619,3.3603363037109375,3.3616485595703125
64.0,0.48846888542175293,0.49712663888931274,0.4882907569408417,0.45460331439971924,0.48846888542175293,0.49712663888931274,3.3453216552734375,3.38568115234375
68.0,0.49064671993255615,0.49557778239250183,0.48337453603744507,0.46734747290611267,0.49064671993255615,0.49557778239250183,3.3769989013671875,3.38250732421875
72.0,0.49188023805618286,0.4743157625198364,0.4869360029697418,0.4673992693424225,0.49188023805618286,0.4743157625198364,3.37054443359375,3.3311614990234375
76.0,0.4887060523033142,0.4882053732872009,0.4854368567466736,0.4628312885761261,0.4887060523033142,0.4882053732872009,3.3469085693359375,3.361236572265625
80.0,0.4898270070552826,0.4847014248371124,0.48376771807670593,0.44995737075805664,0.4898270070552826,0.4847014248371124,3.318145751953125,3.354034423828125
84.0,0.490094929933548,0.49124717712402344,0.48299697041511536,0.45199623703956604,0.490094929933548,0.49124717712402344,3.3378448486328125,3.3696746826171875
88.0,0.48970046639442444,0.47465425729751587,0.48232677578926086,0.4631161093711853,0.48970046639442444,0.47465425729751587,3.366180419921875,3.3353424072265625
92.0,0.4876387119293213,0.49029332399368286,0.4836527407169342,0.4583338499069214,0.4876387119293213,0.49029332399368286,3.35601806640625,3.373870849609375
96.0,0.48962727189064026,0.483868271112442,0.4819715619087219,0.4594792425632477,0.48962727189064026,0.483868271112442,3.3567657470703125,3.355499267578125
100.0,0.4893694221973419,0.4722049832344055,0.4840025305747986,0.4527677297592163,0.4893694221973419,0.4722049832344055,3.3395843505859375,3.319091796875
104.0,0.48793336749076843,0.48643574118614197,0.4836815893650055,0.4507456421852112,0.48793336749076843,0.48643574118614197,3.3382720947265625,3.3648223876953125
108.0,0.48743757605552673,0.4986439645290375,0.48231956362724304,0.4600948691368103,0.48743757605552673,0.4986439645290375,3.3571624755859375,3.378570556640625
112.0,0.48701125383377075,0.4903372526168823,0.48281529545783997,0.4590001106262207,0.48701125383377075,0.4903372526168823,3.346435546875,3.3545684814453125
116.0,0.48952504992485046,0.4848066568374634,0.4833945631980896,0.46918120980262756,0.48952504992485046,0.4848066568374634,3.3765716552734375,3.35235595703125
120.0,0.4888516366481781,0.48227018117904663,0.48177820444107056,0.4586735665798187,0.4888516366481781,0.48227018117904663,3.34088134765625,3.340362548828125
124.0,0.48741835355758667,0.49071353673934937,0.48231250047683716,0.4548247158527374,0.48741835355758667,0.49071353673934937,3.3392181396484375,3.35931396484375
128.0,0.4879072308540344,0.48977404832839966,0.48166435956954956,0.46345606446266174,0.4879072308540344,0.48977404832839966,3.3666839599609375,3.3589324951171875
132.0,0.4897630512714386,0.4868260324001312,0.48371046781539917,0.47226688265800476,0.4897630512714386,0.4868260324001312,3.3826446533203125,3.3363494873046875
136.0,0.48742929100990295,0.5008493065834045,0.48395809531211853,0.4697522521018982,0.48742929100990295,0.5008493065834045,3.37481689453125,3.3720703125
140.0,0.49005648493766785,0.4961296021938324,0.48507654666900635,0.461872398853302,0.49005648493766785,0.4961296021938324,3.365814208984375,3.357330322265625
144.0,0.4851287007331848,0.5009943246841431,0.48294597864151,0.4660910367965698,0.4851287007331848,0.5009943246841431,3.3743743896484375,3.3936309814453125
148.0,0.49097737669944763,0.4895762801170349,0.48295268416404724,0.4566718339920044,0.49097737669944763,0.4895762801170349,3.3450775146484375,3.34124755859375
152.0,0.48833534121513367,0.49143120646476746,0.4824153184890747,0.47361817955970764,0.48833534121513367,0.49143120646476746,3.38720703125,3.361541748046875
156.0,0.48644283413887024,0.4917773902416229,0.48219233751296997,0.4552507698535919,0.48644283413887024,0.4917773902416229,3.326690673828125,3.3710784912109375
160.0,0.4867017865180969,0.5026505589485168,0.48187360167503357,0.45427337288856506,0.4867017865180969,0.5026505589485168,3.329345703125,3.39056396484375
164.0,0.48992592096328735,0.4793720543384552,0.48229479789733887,0.46056705713272095,0.48992592096328735,0.4793720543384552,3.3460235595703125,3.2981719970703125
168.0,0.4875572919845581,0.486707478761673,0.4816895127296448,0.4668683111667633,0.4875572919845581,0.486707478761673,3.331634521484375,3.3273468017578125
172.0,0.4891299903392792,0.4992947578430176,0.4815668761730194,0.46173912286758423,0.4891299903392792,0.4992947578430176,3.3385009765625,3.3764495849609375
176.0,0.48878535628318787,0.46697312593460083,0.4810982346534729,0.45981982350349426,0.48878535628318787,0.46697312593460083,3.33477783203125,3.2738037109375
180.0,0.48874568939208984,0.4835836887359619,0.4818095564842224,0.4624488353729248,0.48874568939208984,0.4835836887359619,3.327239990234375,3.3092193603515625
184.0,0.4879458546638489,0.4817989468574524,0.4840121865272522,0.4710898995399475,0.4879458546638489,0.4817989468574524,3.363677978515625,3.2994384765625
188.0,0.4874342978000641,0.48814138770103455,0.4842429757118225,0.46367499232292175,0.4874342978000641,0.48814138770103455,3.349151611328125,3.3328094482421875
192.0,0.4857964813709259,0.4988604485988617,0.4815099537372589,0.4718959629535675,0.4857964813709259,0.4988604485988617,3.36126708984375,3.358856201171875
196.0,0.48635604977607727,0.4790091812610626,0.48334407806396484,0.4740696847438812,0.48635604977607727,0.4790091812610626,3.37774658203125,3.3209991455078125
200.0,0.4868585169315338,0.4712331295013428,0.4837309718132019,0.46999213099479675,0.4868585169315338,0.4712331295013428,3.359832763671875,3.2819061279296875
204.0,0.48740413784980774,0.4829041361808777,0.4825923442840576,0.4737602472305298,0.48740413784980774,0.4829041361808777,3.3690032958984375,3.31048583984375
208.0,0.48472076654434204,0.49695679545402527,0.4836559295654297,0.473602831363678,0.48472076654434204,0.49695679545402527,3.3714447021484375,3.35321044921875
212.0,0.4866512417793274,0.48766908049583435,0.48245614767074585,0.47487449645996094,0.4866512417793274,0.48766908049583435,3.3744659423828125,3.326446533203125
216.0,0.4858027696609497,0.48560670018196106,0.48037266731262207,0.47322842478752136,0.4858027696609497,0.48560670018196106,3.3574981689453125,3.3131866455078125
220.0,0.48692721128463745,0.4787415862083435,0.48211470246315,0.47092342376708984,0.48692721128463745,0.4787415862083435,3.3731231689453125,3.3144989013671875
224.0,0.485198974609375,0.4840712249279022,0.4826166033744812,0.4699421525001526,0.485198974609375,0.4840712249279022,3.367340087890625,3.3090362548828125
228.0,0.4858027696609497,0.48116016387939453,0.4813316762447357,0.4688994586467743,0.4858027696609497,0.48116016387939453,3.3676300048828125,3.3191986083984375
232.0,0.4835037291049957,0.49484241008758545,0.48050427436828613,0.4752098321914673,0.4835037291049957,0.49484241008758545,3.369598388671875,3.3325958251953125
236.0,0.4865644574165344,0.4931531250476837,0.4798174202442169,0.4695092737674713,0.4865644574165344,0.4931531250476837,3.3624725341796875,3.335784912109375
240.0,0.48617029190063477,0.4766230881214142,0.48088711500167847,0.460654616355896,0.48617029190063477,0.4766230881214142,3.3460540771484375,3.3073577880859375
244.0,0.48414626717567444,0.5009016990661621,0.48041653633117676,0.46786412596702576,0.48414626717567444,0.5009016990661621,3.3597259521484375,3.3676910400390625
248.0,0.48442330956459045,0.4797246754169464,0.476793110370636,0.4693892002105713,0.48442330956459045,0.4797246754169464,3.3646087646484375,3.31573486328125
252.0,0.4856054186820984,0.4689472019672394,0.4782559275627136,0.4609066843986511,0.4856054186820984,0.4689472019672394,3.3715972900390625,3.28961181640625
256.0,0.4835394620895386,0.4867158532142639,0.48002293705940247,0.46292003989219666,0.4835394620895386,0.4867158532142639,3.3660430908203125,3.32806396484375
260.0,0.4870449900627136,0.4835952818393707,0.4804092347621918,0.47906893491744995,0.4870449900627136,0.4835952818393707,3.4160003662109375,3.3072509765625
264.0,0.48607221245765686,0.47545066475868225,0.47695907950401306,0.4662574529647827,0.48607221245765686,0.47545066475868225,3.3887939453125,3.292083740234375
268.0,0.4859577715396881,0.4772215783596039,0.4776858389377594,0.4754166603088379,0.4859577715396881,0.4772215783596039,3.39031982421875,3.293853759765625
272.0,0.48477795720100403,0.471548467874527,0.47919973731040955,0.47637155652046204,0.48477795720100403,0.471548467874527,3.411346435546875,3.2809600830078125
276.0,0.48890626430511475,0.4827554225921631,0.4778662919998169,0.45640575885772705,0.48890626430511475,0.4827554225921631,3.3590240478515625,3.3137359619140625
280.0,0.48471757769584656,0.47309091687202454,0.47917088866233826,0.47145599126815796,0.48471757769584656,0.47309091687202454,3.38134765625,3.29833984375
284.0,0.48534780740737915,0.4858713746070862,0.47718971967697144,0.45997196435928345,0.48534780740737915,0.4858713746070862,3.3678741455078125,3.3044281005859375
288.0,0.4882541298866272,0.4685213565826416,0.4790862798690796,0.468421071767807,0.4882541298866272,0.4685213565826416,3.395782470703125,3.27069091796875
292.0,0.4866717457771301,0.4834342896938324,0.4765271842479706,0.4685457646846771,0.4866717457771301,0.4834342896938324,3.40252685546875,3.31536865234375
296.0,0.4878247380256653,0.4886125922203064,0.4823189377784729,0.4733397364616394,0.4878247380256653,0.4886125922203064,3.397552490234375,3.3141021728515625
300.0,0.48485395312309265,0.49355548620224,0.4799501895904541,0.4674181044101715,0.48485395312309265,0.49355548620224,3.3841552734375,3.3447265625
304.0,0.48656606674194336,0.49039188027381897,0.48160845041275024,0.47572073340415955,0.48656606674194336,0.49039188027381897,3.4196624755859375,3.3201904296875
308.0,0.48628389835357666,0.47698843479156494,0.482270210981369,0.46578681468963623,0.48628389835357666,0.47698843479156494,3.39117431640625,3.2984161376953125
312.0,0.485830694437027,0.46727123856544495,0.4813360273838043,0.46453142166137695,0.485830694437027,0.46727123856544495,3.40350341796875,3.272369384765625
316.0,0.4866255223751068,0.4689118564128876,0.4784444272518158,0.4748339354991913,0.4866255223751068,0.4689118564128876,3.414337158203125,3.2870941162109375
320.0,0.48846039175987244,0.48556506633758545,0.4802214503288269,0.4690689444541931,0.48846039175987244,0.48556506633758545,3.3886871337890625,3.3076934814453125
324.0,0.4859177768230438,0.4792053997516632,0.4823243021965027,0.46254995465278625,0.4859177768230438,0.4792053997516632,3.37225341796875,3.3106231689453125
328.0,0.49016135931015015,0.47309789061546326,0.4850867688655853,0.4609187841415405,0.49016135931015015,0.47309789061546326,3.38385009765625,3.2837982177734375
332.0,0.4975225329399109,0.4671653211116791,0.49001947045326233,0.4419471025466919,0.4975225329399109,0.4671653211116791,3.3900146484375,3.299957275390625
336.0,0.5125802159309387,0.4567912220954895,0.49848219752311707,0.43458518385887146,0.5125802159309387,0.4567912220954895,3.38446044921875,3.3082733154296875
340.0,0.5211999416351318,0.4550425410270691,0.5081706047058105,0.4297252595424652,0.5211999416351318,0.4550425410270691,3.373504638671875,3.29339599609375
344.0,0.5211742520332336,0.4566449522972107,0.5132119059562683,0.42741453647613525,0.5211742520332336,0.4566449522972107,3.385894775390625,3.3004302978515625
348.0,0.518619179725647,0.46071797609329224,0.5124656558036804,0.4196423292160034,0.518619179725647,0.46071797609329224,3.388092041015625,3.3065643310546875
352.0,0.5235757231712341,0.45555442571640015,0.515893816947937,0.4217943549156189,0.5235757231712341,0.45555442571640015,3.3896942138671875,3.2955780029296875
356.0,0.5253279209136963,0.45620056986808777,0.5182406306266785,0.4243806302547455,0.5253279209136963,0.45620056986808777,3.3880157470703125,3.2940826416015625
360.0,0.5247730016708374,0.45250239968299866,0.5191766619682312,0.41509053111076355,0.5247730016708374,0.45250239968299866,3.3841705322265625,3.281219482421875
364.0,0.5209271907806396,0.4592793583869934,0.5177235007286072,0.423432856798172,0.5209271907806396,0.4592793583869934,3.4001007080078125,3.3014678955078125
368.0,0.5226477384567261,0.4591429531574249,0.5183539986610413,0.421787291765213,0.5226477384567261,0.4591429531574249,3.3909149169921875,3.29345703125
372.0,0.5228803753852844,0.4573058485984802,0.515996515750885,0.42357075214385986,0.5228803753852844,0.4573058485984802,3.3836669921875,3.2714385986328125
376.0,0.5210820436477661,0.45367246866226196,0.515760064125061,0.41995328664779663,0.5210820436477661,0.45367246866226196,3.372100830078125,3.2941741943359375
380.0,0.522567093372345,0.45798808336257935,0.518927276134491,0.4299173951148987,0.522567093372345,0.45798808336257935,3.3962554931640625,3.313018798828125
384.0,0.5193902850151062,0.4537409842014313,0.5198909640312195,0.4278518557548523,0.5193902850151062,0.4537409842014313,3.416015625,3.2971649169921875
388.0,0.5232978463172913,0.4613246023654938,0.5192476511001587,0.42867574095726013,0.5232978463172913,0.4613246023654938,3.39739990234375,3.302154541015625
392.0,0.5232164859771729,0.4612186551094055,0.5211716890335083,0.42774727940559387,0.5232164859771729,0.4612186551094055,3.3912353515625,3.3018951416015625
396.0,0.5228838324546814,0.4587254524230957,0.5198467373847961,0.42805492877960205,0.5228838324546814,0.4587254524230957,3.4000091552734375,3.3027496337890625
400.0,0.5249610543251038,0.46164703369140625,0.5208460688591003,0.4244679808616638,0.5249610543251038,0.46164703369140625,3.3888702392578125,3.2955322265625
404.0,0.5272057056427002,0.45200392603874207,0.5199993848800659,0.42516204714775085,0.5272057056427002,0.45200392603874207,3.379913330078125,3.276519775390625
408.0,0.5245877504348755,0.4550402760505676,0.5209905505180359,0.4322245121002197,0.5245877504348755,0.4550402760505676,3.3980560302734375,3.2808380126953125
412.0,0.5254420042037964,0.4538693428039551,0.5196472406387329,0.43047255277633667,0.5254420042037964,0.4538693428039551,3.381591796875,3.278564453125
416.0,0.5232627391815186,0.4578636586666107,0.5209247469902039,0.4271135926246643,0.5232627391815186,0.4578636586666107,3.392242431640625,3.300872802734375
420.0,0.5227829813957214,0.45556169748306274,0.5213751196861267,0.4283073842525482,0.5227829813957214,0.45556169748306274,3.389251708984375,3.2863006591796875
424.0,0.527157187461853,0.4511265754699707,0.5209277272224426,0.4276295006275177,0.527157187461853,0.4511265754699707,3.3558502197265625,3.2792816162109375
428.0,0.5256391167640686,0.453022837638855,0.5206084847450256,0.42439696192741394,0.5256391167640686,0.453022837638855,3.3648834228515625,3.285308837890625
432.0,0.5235538482666016,0.45368942618370056,0.5197746753692627,0.4278668165206909,0.5235538482666016,0.45368942618370056,3.383941650390625,3.280731201171875
436.0,0.5241382718086243,0.45176389813423157,0.5192347168922424,0.42845219373703003,0.5241382718086243,0.45176389813423157,3.3736724853515625,3.2717132568359375
440.0,0.525688111782074,0.4498092532157898,0.5223431587219238,0.4329698979854584,0.525688111782074,0.4498092532157898,3.3822174072265625,3.2805633544921875
444.0,0.5223957896232605,0.4421100318431854,0.5219849944114685,0.4317381680011749,0.5223957896232605,0.4421100318431854,3.377105712890625,3.26495361328125
448.0,0.5256957411766052,0.44449785351753235,0.5189504027366638,0.42938369512557983,0.5256957411766052,0.44449785351753235,3.367828369140625,3.2663726806640625
452.0,0.5259215235710144,0.44338393211364746,0.5197295546531677,0.42954984307289124,0.5259215235710144,0.44338393211364746,3.37481689453125,3.2694091796875
456.0,0.5236013531684875,0.44057539105415344,0.5205168128013611,0.43279778957366943,0.5236013531684875,0.44057539105415344,3.364501953125,3.279541015625
460.0,0.5232937932014465,0.44392290711402893,0.518616795539856,0.43664464354515076,0.5232937932014465,0.44392290711402893,3.37200927734375,3.2713165283203125
464.0,0.5245415568351746,0.43720704317092896,0.5199683308601379,0.43271404504776,0.5245415568351746,0.43720704317092896,3.364654541015625,3.257171630859375
468.0,0.5248964428901672,0.44385138154029846,0.5213295817375183,0.4306494891643524,0.5248964428901672,0.44385138154029846,3.3532257080078125,3.26837158203125
472.0,0.5267608165740967,0.4411042630672455,0.5189839601516724,0.4335465729236603,0.5267608165740967,0.4411042630672455,3.3431854248046875,3.256378173828125
476.0,0.5223309397697449,0.4382844865322113,0.519009530544281,0.43680277466773987,0.5223309397697449,0.4382844865322113,3.3726348876953125,3.2852630615234375
480.0,0.5224593877792358,0.4394051432609558,0.5185680389404297,0.43870338797569275,0.5224593877792358,0.4394051432609558,3.3557281494140625,3.26141357421875
484.0,0.5251221656799316,0.43308961391448975,0.5189446210861206,0.4366697669029236,0.5251221656799316,0.43308961391448975,3.3644256591796875,3.2328033447265625
488.0,0.5251114368438721,0.4381813108921051,0.5178856253623962,0.4410516619682312,0.5251114368438721,0.4381813108921051,3.348175048828125,3.2403717041015625
492.0,0.5258939862251282,0.44000720977783203,0.5188891291618347,0.43883541226387024,0.5258939862251282,0.44000720977783203,3.3512420654296875,3.258087158203125
496.0,0.5242579579353333,0.43748411536216736,0.5214234590530396,0.4368720054626465,0.5242579579353333,0.43748411536216736,3.350921630859375,3.2408294677734375
500.0,0.5235309600830078,0.43886566162109375,0.5181862115859985,0.43648624420166016,0.5235309600830078,0.43886566162109375,3.32904052734375,3.2280426025390625
504.0,0.5244354605674744,0.44164907932281494,0.5177574753761292,0.44118577241897583,0.5244354605674744,0.44164907932281494,3.3515472412109375,3.2447509765625
508.0,0.5246062278747559,0.4416189193725586,0.5172966718673706,0.43934762477874756,0.5246062278747559,0.4416189193725586,3.3288421630859375,3.2559967041015625
512.0,0.5249204635620117,0.4402335584163666,0.5193028450012207,0.4388493597507477,0.5249204635620117,0.4402335584163666,3.3399658203125,3.2425384521484375
516.0,0.5256856679916382,0.4411671459674835,0.5170095562934875,0.43868425488471985,0.5256856679916382,0.4411671459674835,3.3328857421875,3.2416534423828125
520.0,0.5239013433456421,0.43670085072517395,0.5160747170448303,0.43942487239837646,0.5239013433456421,0.43670085072517395,3.3225250244140625,3.238555908203125
524.0,0.5227649807929993,0.4435114860534668,0.5162942409515381,0.44038328528404236,0.5227649807929993,0.4435114860534668,3.3301239013671875,3.2363433837890625
528.0,0.5229331851005554,0.4406740069389343,0.5141804218292236,0.44057905673980713,0.5229331851005554,0.4406740069389343,3.32745361328125,3.2515716552734375
532.0,0.5233606100082397,0.44005662202835083,0.5176926255226135,0.44272252917289734,0.5233606100082397,0.44005662202835083,3.3263092041015625,3.240386962890625
536.0,0.5234151482582092,0.4397374391555786,0.5166167616844177,0.4409303665161133,0.5234151482582092,0.4397374391555786,3.3153533935546875,3.2218475341796875
540.0,0.5223330855369568,0.4401489198207855,0.5166003108024597,0.444591224193573,0.5223330855369568,0.4401489198207855,3.33026123046875,3.2437896728515625
544.0,0.5234439373016357,0.4382267892360687,0.5182209014892578,0.4414885938167572,0.5234439373016357,0.4382267892360687,3.3397064208984375,3.23345947265625
548.0,0.5239660143852234,0.44123247265815735,0.5149328708648682,0.44593673944473267,0.5239660143852234,0.44123247265815735,3.34405517578125,3.2286834716796875
552.0,0.5236647129058838,0.44219088554382324,0.5180996060371399,0.4410232603549957,0.5236647129058838,0.44219088554382324,3.321746826171875,3.22601318359375
556.0,0.5220642685890198,0.43959924578666687,0.5152888894081116,0.4381008744239807,0.5220642685890198,0.43959924578666687,3.317291259765625,3.2286224365234375
560.0,0.5240923762321472,0.44169339537620544,0.5148718953132629,0.4430299699306488,0.5240923762321472,0.44169339537620544,3.3209228515625,3.212921142578125
564.0,0.5236971974372864,0.4366897940635681,0.5174122452735901,0.44402676820755005,0.5236971974372864,0.4366897940635681,3.3198699951171875,3.2257080078125
568.0,0.5252144932746887,0.4425152838230133,0.5155233144760132,0.44118595123291016,0.5252144932746887,0.4425152838230133,3.293731689453125,3.2239990234375
572.0,0.5246636867523193,0.4418851137161255,0.514737606048584,0.4358087480068207,0.5246636867523193,0.4418851137161255,3.3110504150390625,3.2230072021484375
576.0,0.5231541991233826,0.445488303899765,0.5165051817893982,0.4368349313735962,0.5231541991233826,0.445488303899765,3.284698486328125,3.2191314697265625
580.0,0.5231130719184875,0.44221529364585876,0.5157135128974915,0.4364914000034332,0.5231130719184875,0.44221529364585876,3.28759765625,3.2169189453125
584.0,0.5255096554756165,0.4433678090572357,0.516739547252655,0.4371238350868225,0.5255096554756165,0.4433678090572357,3.293487548828125,3.222442626953125
588.0,0.5233513116836548,0.4434220790863037,0.5159718990325928,0.4312179982662201,0.5233513116836548,0.4434220790863037,3.285888671875,3.207366943359375
592.0,0.5245986580848694,0.4445103108882904,0.5144997239112854,0.42951473593711853,0.5245986580848694,0.4445103108882904,3.2943267822265625,3.2151031494140625
596.0,0.5235809087753296,0.44274505972862244,0.5155774354934692,0.43277695775032043,0.5235809087753296,0.44274505972862244,3.268218994140625,3.2025909423828125
600.0,0.5234798192977905,0.44302231073379517,0.5176366567611694,0.43534690141677856,0.5234798192977905,0.44302231073379517,3.282806396484375,3.1986083984375
604.0,0.5253373980522156,0.4447772204875946,0.5159944295883179,0.4319398105144501,0.5253373980522156,0.4447772204875946,3.2764892578125,3.199981689453125
608.0,0.5249817371368408,0.44603613018989563,0.5164856910705566,0.4326319396495819,0.5249817371368408,0.44603613018989563,3.2821197509765625,3.2160797119140625
612.0,0.5252487659454346,0.44334670901298523,0.5152236819267273,0.4334237575531006,0.5252487659454346,0.44334670901298523,3.2945556640625,3.1955413818359375
616.0,0.5233530402183533,0.4437366724014282,0.5125676989555359,0.42455554008483887,0.5233530402183533,0.4437366724014282,3.2892303466796875,3.2048187255859375
620.0,0.5218433737754822,0.429770290851593,0.5107123255729675,0.4099082350730896,0.5218433737754822,0.429770290851593,3.2886199951171875,3.2057342529296875
624.0,0.518500804901123,0.42450419068336487,0.509302020072937,0.4008856415748596,0.518500804901123,0.42450419068336487,3.2951202392578125,3.222320556640625
628.0,0.5194290280342102,0.4187566637992859,0.5086944103240967,0.408511757850647,0.5194290280342102,0.4187566637992859,3.2940216064453125,3.21282958984375
632.0,0.5181058049201965,0.4109170138835907,0.5080839991569519,0.4080183506011963,0.5181058049201965,0.4109170138835907,3.2795867919921875,3.1954345703125
636.0,0.5163024067878723,0.414280503988266,0.5086774230003357,0.4127671420574188,0.5163024067878723,0.414280503988266,3.2979736328125,3.217803955078125
640.0,0.5176494717597961,0.4154360890388489,0.5101637244224548,0.41866186261177063,0.5176494717597961,0.4154360890388489,3.2962188720703125,3.217681884765625
644.0,0.5196033120155334,0.41735997796058655,0.5119402408599854,0.41765493154525757,0.5196033120155334,0.41735997796058655,3.276153564453125,3.20367431640625
648.0,0.5192859768867493,0.419691264629364,0.5103355646133423,0.4170445501804352,0.5192859768867493,0.419691264629364,3.255279541015625,3.220184326171875
652.0,0.5189144611358643,0.4174717366695404,0.5082131624221802,0.4199950695037842,0.5189144611358643,0.4174717366695404,3.2686767578125,3.2023468017578125
656.0,0.519835352897644,0.41491732001304626,0.5116093158721924,0.41493600606918335,0.519835352897644,0.41491732001304626,3.276763916015625,3.206451416015625
660.0,0.5192351937294006,0.4160771071910858,0.509854257106781,0.4158310890197754,0.5192351937294006,0.4160771071910858,3.278472900390625,3.2094573974609375
664.0,0.5164174437522888,0.41105303168296814,0.5086302161216736,0.415589839220047,0.5164174437522888,0.41105303168296814,3.2712554931640625,3.21112060546875
668.0,0.5188846588134766,0.4147913455963135,0.5090334415435791,0.4183693528175354,0.5188846588134766,0.4147913455963135,3.28753662109375,3.195159912109375
672.0,0.5174663066864014,0.4131316542625427,0.5108872056007385,0.4217996597290039,0.5174663066864014,0.4131316542625427,3.268310546875,3.209564208984375
676.0,0.5169867277145386,0.4114127457141876,0.5086298584938049,0.417431116104126,0.5169867277145386,0.4114127457141876,3.2663116455078125,3.1863861083984375
680.0,0.5181095004081726,0.4124222993850708,0.509057879447937,0.41583284735679626,0.5181095004081726,0.4124222993850708,3.26251220703125,3.1998138427734375
684.0,0.5187610983848572,0.41590607166290283,0.5118921995162964,0.41523435711860657,0.5187610983848572,0.41590607166290283,3.269287109375,3.198760986328125
688.0,0.518569827079773,0.41502976417541504,0.5103083848953247,0.41883423924446106,0.518569827079773,0.41502976417541504,3.26446533203125,3.1895294189453125
692.0,0.5166938304901123,0.4152420163154602,0.5090926885604858,0.4149930775165558,0.5166938304901123,0.4152420163154602,3.2499542236328125,3.198638916015625
696.0,0.5175385475158691,0.41549408435821533,0.5115342140197754,0.4155885875225067,0.5175385475158691,0.41549408435821533,3.248260498046875,3.1844329833984375
700.0,0.5168390870094299,0.4193679988384247,0.5092781186103821,0.4162812829017639,0.5168390870094299,0.4193679988384247,3.259918212890625,3.198974609375
704.0,0.5191813707351685,0.4164741635322571,0.5089855790138245,0.4134531319141388,0.5191813707351685,0.4164741635322571,3.258636474609375,3.1766357421875
708.0,0.5154991745948792,0.41615599393844604,0.5102786421775818,0.4164438843727112,0.5154991745948792,0.41615599393844604,3.2615814208984375,3.1823272705078125
712.0,0.5181086659431458,0.4133813977241516,0.5114523768424988,0.413573294878006,0.5181086659431458,0.4133813977241516,3.2681732177734375,3.1584320068359375
716.0,0.5180403590202332,0.42023059725761414,0.5097247958183289,0.4165456295013428,0.5180403590202332,0.42023059725761414,3.252838134765625,3.18133544921875
720.0,0.5176038146018982,0.41969966888427734,0.5102619528770447,0.412335604429245,0.5176038146018982,0.41969966888427734,3.2454071044921875,3.1606292724609375
724.0,0.51877361536026,0.4189157783985138,0.5113251805305481,0.4131585657596588,0.51877361536026,0.4189157783985138,3.2455291748046875,3.178619384765625
728.0,0.5206616520881653,0.4181288182735443,0.5098268389701843,0.41064316034317017,0.5206616520881653,0.4181288182735443,3.2547760009765625,3.1573028564453125
732.0,0.5178254246711731,0.4178524613380432,0.5115096569061279,0.4120482802391052,0.5178254246711731,0.4178524613380432,3.245513916015625,3.1686553955078125
736.0,0.5194137692451477,0.4228362739086151,0.510910153388977,0.41511574387550354,0.5194137692451477,0.4228362739086151,3.2461700439453125,3.16162109375
740.0,0.5188025236129761,0.42021796107292175,0.5080245733261108,0.41095513105392456,0.5188025236129761,0.42021796107292175,3.2388916015625,3.1473236083984375
744.0,0.5204002261161804,0.41954439878463745,0.5079374313354492,0.4132976830005646,0.5204002261161804,0.41954439878463745,3.258087158203125,3.1588134765625
748.0,0.5204737782478333,0.4186400771141052,0.5100373029708862,0.408725768327713,0.5204737782478333,0.4186400771141052,3.2247314453125,3.1485137939453125
752.0,0.518136203289032,0.4193892180919647,0.5117278695106506,0.4117032289505005,0.518136203289032,0.4193892180919647,3.24957275390625,3.1463623046875
756.0,0.5195218324661255,0.4199775457382202,0.5081252455711365,0.4061664938926697,0.5195218324661255,0.4199775457382202,3.2394866943359375,3.1611785888671875
760.0,0.5186002850532532,0.41877079010009766,0.508300244808197,0.40660998225212097,0.5186002850532532,0.41877079010009766,3.232879638671875,3.1488189697265625
764.0,0.5198304653167725,0.4198204278945923,0.5089038014411926,0.40562236309051514,0.5198304653167725,0.4198204278945923,3.2466583251953125,3.154541015625
768.0,0.5220254063606262,0.41745439171791077,0.5109832882881165,0.403641015291214,0.5220254063606262,0.41745439171791077,3.2270050048828125,3.1519012451171875
772.0,0.5189606547355652,0.41768553853034973,0.5103148221969604,0.411994069814682,0.5189606547355652,0.41768553853034973,3.249908447265625,3.143341064453125
776.0,0.5172565579414368,0.4194980263710022,0.5112466812133789,0.40622609853744507,0.5172565579414368,0.4194980263710022,3.2230682373046875,3.1474609375
780.0,0.5213000178337097,0.4250141382217407,0.5117038488388062,0.40764573216438293,0.5213000178337097,0.4250141382217407,3.2232818603515625,3.143951416015625
784.0,0.5171930193901062,0.427969366312027,0.5104423761367798,0.4049127697944641,0.5171930193901062,0.427969366312027,3.2246856689453125,3.1597137451171875
788.0,0.519088864326477,0.42271143198013306,0.5118908286094666,0.4015892744064331,0.519088864326477,0.42271143198013306,3.2271575927734375,3.157257080078125
792.0,0.517247200012207,0.42497289180755615,0.5113100409507751,0.40450116991996765,0.517247200012207,0.42497289180755615,3.212554931640625,3.142578125
796.0,0.5195674300193787,0.41928938031196594,0.5138561129570007,0.4090617895126343,0.5195674300193787,0.41928938031196594,3.224945068359375,3.133575439453125
800.0,0.5171982049942017,0.4068337678909302,0.5076181292533875,0.39919862151145935,0.5171982049942017,0.4068337678909302,3.222808837890625,3.145111083984375
804.0,0.5132203698158264,0.37774553894996643,0.497821182012558,0.38626983761787415,0.5132203698158264,0.37774553894996643,3.237274169921875,3.1605377197265625
808.0,0.5116248726844788,0.34786713123321533,0.49598920345306396,0.3656447231769562,0.5116248726844788,0.34786713123321533,3.25628662109375,3.178009033203125
812.0,0.5099859237670898,0.3257744312286377,0.4956464171409607,0.33581212162971497,0.5099859237670898,0.3257744312286377,3.2547454833984375,3.173614501953125
816.0,0.5091943144798279,0.3328142464160919,0.49724632501602173,0.32765617966651917,0.5091943144798279,0.3328142464160919,3.2648773193359375,3.174407958984375
820.0,0.5064787864685059,0.32906201481819153,0.4975649416446686,0.31908416748046875,0.5064787864685059,0.32906201481819153,3.2563934326171875,3.1765899658203125
824.0,0.5092755556106567,0.3272034525871277,0.49718600511550903,0.310617595911026,0.5092755556106567,0.3272034525871277,3.255462646484375,3.1698455810546875
828.0,0.5060755610466003,0.3251613974571228,0.4982025921344757,0.30621644854545593,0.5060755610466003,0.3251613974571228,3.241424560546875,3.164825439453125
832.0,0.5064896941184998,0.3295181393623352,0.5002588629722595,0.3159787356853485,0.5064896941184998,0.3295181393623352,3.2524871826171875,3.17083740234375
836.0,0.5050169229507446,0.33527401089668274,0.498675137758255,0.3186449110507965,0.5050169229507446,0.33527401089668274,3.241058349609375,3.16070556640625
840.0,0.5078068375587463,0.329761803150177,0.49956434965133667,0.31379902362823486,0.5078068375587463,0.329761803150177,3.237335205078125,3.1649627685546875
844.0,0.5064016580581665,0.3303990960121155,0.4997020959854126,0.31142184138298035,0.5064016580581665,0.3303990960121155,3.2433624267578125,3.1608734130859375
848.0,0.5053645968437195,0.32881587743759155,0.4972964823246002,0.3096344470977783,0.5053645968437195,0.32881587743759155,3.253631591796875,3.1514434814453125
852.0,0.5055989623069763,0.32902657985687256,0.49785709381103516,0.3109230697154999,0.5055989623069763,0.32902657985687256,3.23779296875,3.1584930419921875
856.0,0.5035015344619751,0.32487818598747253,0.4990164041519165,0.3161373436450958,0.5035015344619751,0.32487818598747253,3.2462005615234375,3.1591796875
860.0,0.5051751732826233,0.32874149084091187,0.49872419238090515,0.30763089656829834,0.5051751732826233,0.32874149084091187,3.2586212158203125,3.1571502685546875
864.0,0.5056605339050293,0.3311426639556885,0.4973636269569397,0.3099130392074585,0.5056605339050293,0.3311426639556885,3.2523193359375,3.15118408203125
868.0,0.50334233045578,0.32502686977386475,0.49790462851524353,0.3104865252971649,0.50334233045578,0.32502686977386475,3.2448577880859375,3.1475067138671875
872.0,0.5032913684844971,0.3312322199344635,0.49910953640937805,0.31342941522598267,0.5032913684844971,0.3312322199344635,3.24725341796875,3.1636199951171875
876.0,0.5013484954833984,0.32867613434791565,0.5005127787590027,0.3128882050514221,0.5013484954833984,0.32867613434791565,3.2527618408203125,3.1620941162109375
880.0,0.5035002827644348,0.3303096890449524,0.49931076169013977,0.316371351480484,0.5035002827644348,0.3303096890449524,3.248077392578125,3.1440887451171875
884.0,0.5017006397247314,0.3304048180580139,0.49944114685058594,0.31323373317718506,0.5017006397247314,0.3304048180580139,3.234771728515625,3.1530914306640625
888.0,0.5047586560249329,0.3304310142993927,0.49912795424461365,0.3143778145313263,0.5047586560249329,0.3304310142993927,3.2387542724609375,3.1441650390625
892.0,0.5033321380615234,0.331818163394928,0.5006066560745239,0.315462201833725,0.5033321380615234,0.331818163394928,3.2302398681640625,3.1376495361328125
896.0,0.5044955611228943,0.333372563123703,0.5006097555160522,0.31578341126441956,0.5044955611228943,0.333372563123703,3.221435546875,3.159271240234375
900.0,0.5031136274337769,0.3301694691181183,0.49850985407829285,0.3189150094985962,0.5031136274337769,0.3301694691181183,3.2447662353515625,3.153717041015625
904.0,0.503036618232727,0.32664281129837036,0.49758362770080566,0.3236226439476013,0.503036618232727,0.32664281129837036,3.2309722900390625,3.14605712890625
908.0,0.504561185836792,0.32441654801368713,0.5018274784088135,0.32769089937210083,0.504561185836792,0.32441654801368713,3.227142333984375,3.15045166015625
912.0,0.5043053030967712,0.3288474380970001,0.49799686670303345,0.32291534543037415,0.5043053030967712,0.3288474380970001,3.222259521484375,3.144317626953125
916.0,0.505378007888794,0.3259875774383545,0.4991230368614197,0.32026198506355286,0.505378007888794,0.3259875774383545,3.2291412353515625,3.1546478271484375
920.0,0.5041120648384094,0.3227262794971466,0.4979739189147949,0.3235512673854828,0.5041120648384094,0.3227262794971466,3.2238006591796875,3.1464385986328125
924.0,0.5058091282844543,0.323641836643219,0.49919751286506653,0.32429513335227966,0.5058091282844543,0.323641836643219,3.2014617919921875,3.1487884521484375
928.0,0.505567193031311,0.32718220353126526,0.4974738657474518,0.3277938961982727,0.505567193031311,0.32718220353126526,3.2123260498046875,3.1537017822265625
932.0,0.5041211247444153,0.32149428129196167,0.500325083732605,0.3264295160770416,0.5041211247444153,0.32149428129196167,3.211700439453125,3.15057373046875
936.0,0.5069707632064819,0.3228633999824524,0.49782851338386536,0.33111849427223206,0.5069707632064819,0.3228633999824524,3.230499267578125,3.14044189453125
940.0,0.5038723349571228,0.32017651200294495,0.4984418749809265,0.3284224271774292,0.5038723349571228,0.32017651200294495,3.2380828857421875,3.1396636962890625
944.0,0.5043888092041016,0.3217964470386505,0.49788129329681396,0.32853975892066956,0.5043888092041016,0.3217964470386505,3.2256622314453125,3.142181396484375
948.0,0.5039608478546143,0.3194461166858673,0.4981321394443512,0.3278575837612152,0.5039608478546143,0.3194461166858673,3.2147216796875,3.1395416259765625
952.0,0.5030180811882019,0.32137057185173035,0.49986791610717773,0.32708853483200073,0.5030180811882019,0.32137057185173035,3.2209014892578125,3.1538543701171875
956.0,0.5052450299263,0.31760087609291077,0.4991874396800995,0.32661205530166626,0.5052450299263,0.31760087609291077,3.2068328857421875,3.1480560302734375
960.0,0.5039017796516418,0.32150423526763916,0.4982311725616455,0.3252302408218384,0.5039017796516418,0.32150423526763916,3.221710205078125,3.1682891845703125
964.0,0.5043497085571289,0.31627124547958374,0.49773916602134705,0.32676127552986145,0.5043497085571289,0.31627124547958374,3.2213592529296875,3.154754638671875
968.0,0.5066156983375549,0.31792184710502625,0.49701082706451416,0.32737499475479126,0.5066156983375549,0.31792184710502625,3.234649658203125,3.14886474609375
972.0,0.505578875541687,0.32004839181900024,0.4979906380176544,0.3265218138694763,0.505578875541687,0.32004839181900024,3.2012481689453125,3.15545654296875
976.0,0.5043646693229675,0.31777888536453247,0.4977053701877594,0.3236791789531708,0.5043646693229675,0.31777888536453247,3.2065277099609375,3.1461944580078125
980.0,0.5039231181144714,0.3181335926055908,0.49989891052246094,0.3254217505455017,0.5039231181144714,0.3181335926055908,3.2109375,3.1479644775390625
984.0,0.5036981105804443,0.3157373368740082,0.5005516409873962,0.32654818892478943,0.5036981105804443,0.3157373368740082,3.216827392578125,3.1393280029296875
988.0,0.5026440024375916,0.3134292960166931,0.49827656149864197,0.32368066906929016,0.5026440024375916,0.3134292960166931,3.2125701904296875,3.1477508544921875
992.0,0.5055127739906311,0.3159451484680176,0.49790582060813904,0.3257822096347809,0.5055127739906311,0.3159451484680176,3.2173004150390625,3.1577911376953125
996.0,0.5037566423416138,0.3109396994113922,0.5016342997550964,0.3237544298171997,0.5037566423416138,0.3109396994113922,3.2162322998046875,3.134307861328125
1000.0,0.5034049153327942,0.31505075097084045,0.5002959966659546,0.32572299242019653,0.5034049153327942,0.31505075097084045,3.2195587158203125,3.157623291015625
1004.0,0.5047707557678223,0.31510475277900696,0.49992844462394714,0.32577449083328247,0.5047707557678223,0.31510475277900696,3.2125701904296875,3.1421051025390625
1008.0,0.5025250315666199,0.3130151331424713,0.5022196769714355,0.32367390394210815,0.5025250315666199,0.3130151331424713,3.224853515625,3.140960693359375
1012.0,0.502875804901123,0.3118426203727722,0.5009703636169434,0.3270731568336487,0.502875804901123,0.3118426203727722,3.21826171875,3.15447998046875
1016.0,0.5033053159713745,0.317962646484375,0.4992569386959076,0.32611268758773804,0.5033053159713745,0.317962646484375,3.2133941650390625,3.136749267578125
1020.0,0.5053912401199341,0.3174808621406555,0.5004366636276245,0.3209202289581299,0.5053912401199341,0.3174808621406555,3.2015228271484375,3.13330078125
1024.0,0.5026764273643494,0.3189787268638611,0.4989047646522522,0.3239119052886963,0.5026764273643494,0.3189787268638611,3.2115936279296875,3.1595458984375
1028.0,0.49949243664741516,0.3210509717464447,0.4993990361690521,0.3275417685508728,0.49949243664741516,0.3210509717464447,3.2283782958984375,3.172698974609375
1032.0,0.503997802734375,0.3162730634212494,0.4987981617450714,0.3270905911922455,0.503997802734375,0.3162730634212494,3.212554931640625,3.1521759033203125
1036.0,0.5022057890892029,0.31767645478248596,0.49885785579681396,0.32849636673927307,0.5022057890892029,0.31767645478248596,3.2106475830078125,3.139434814453125
1040.0,0.5020399689674377,0.3147231340408325,0.49801990389823914,0.3259240686893463,0.5020399689674377,0.3147231340408325,3.2146759033203125,3.1533966064453125
1044.0,0.5003421902656555,0.31725913286209106,0.500140905380249,0.32942697405815125,0.5003421902656555,0.31725913286209106,3.2200469970703125,3.1552581787109375
1048.0,0.5021198391914368,0.31773805618286133,0.4985129237174988,0.32660332322120667,0.5021198391914368,0.31773805618286133,3.21014404296875,3.141510009765625
1052.0,0.5028131008148193,0.32181182503700256,0.4978366196155548,0.3283611834049225,0.5028131008148193,0.32181182503700256,3.21392822265625,3.1646575927734375
1056.0,0.504424512386322,0.31539130210876465,0.49794813990592957,0.3258651793003082,0.504424512386322,0.31539130210876465,3.210418701171875,3.142913818359375
1060.0,0.5032737255096436,0.320438951253891,0.4969634413719177,0.32678383588790894,0.5032737255096436,0.320438951253891,3.2147674560546875,3.144744873046875
1064.0,0.5030937194824219,0.3164156675338745,0.4986388683319092,0.32497552037239075,0.5030937194824219,0.3164156675338745,3.2151031494140625,3.12744140625
1068.0,0.5033535361289978,0.31596431136131287,0.4975420832633972,0.3245331645011902,0.5033535361289978,0.31596431136131287,3.2154693603515625,3.15887451171875
1072.0,0.49908703565597534,0.31936880946159363,0.4978489577770233,0.32649001479148865,0.49908703565597534,0.31936880946159363,3.2222900390625,3.149322509765625
1076.0,0.5035989880561829,0.31648966670036316,0.4988829791545868,0.32632577419281006,0.5035989880561829,0.31648966670036316,3.210357666015625,3.1543121337890625
1080.0,0.5022331476211548,0.31890901923179626,0.49837297201156616,0.32892900705337524,0.5022331476211548,0.31890901923179626,3.2192230224609375,3.1412353515625
1084.0,0.5016748309135437,0.31649377942085266,0.4985910952091217,0.32508915662765503,0.5016748309135437,0.31649377942085266,3.21734619140625,3.15234375
1088.0,0.5026987195014954,0.3193284869194031,0.497470498085022,0.32664525508880615,0.5026987195014954,0.3193284869194031,3.2310028076171875,3.1558990478515625
1092.0,0.5031720399856567,0.3164224922657013,0.49911409616470337,0.3246951401233673,0.5031720399856567,0.3164224922657013,3.21575927734375,3.1556549072265625
1096.0,0.503528356552124,0.31620165705680847,0.498735636472702,0.323803186416626,0.503528356552124,0.31620165705680847,3.2194061279296875,3.1466217041015625
1100.0,0.50336092710495,0.31748583912849426,0.49943235516548157,0.32533499598503113,0.50336092710495,0.31748583912849426,3.209381103515625,3.1499176025390625
1104.0,0.502679705619812,0.321384459733963,0.49899429082870483,0.32540085911750793,0.502679705619812,0.321384459733963,3.2282562255859375,3.1662445068359375
1108.0,0.5019577741622925,0.32175326347351074,0.5010479688644409,0.32218635082244873,0.5019577741622925,0.32175326347351074,3.2165985107421875,3.15826416015625
1112.0,0.5013619065284729,0.3204406797885895,0.4982800781726837,0.32553642988204956,0.5013619065284729,0.3204406797885895,3.2146148681640625,3.164520263671875
1116.0,0.5035436153411865,0.317600816488266,0.5000083446502686,0.3216756582260132,0.5035436153411865,0.317600816488266,3.213653564453125,3.146514892578125
1120.0,0.5031316876411438,0.32134631276130676,0.5024601817131042,0.3218366503715515,0.5031316876411438,0.32134631276130676,3.21087646484375,3.1593170166015625
1124.0,0.5041748881340027,0.315655380487442,0.4986609220504761,0.32160884141921997,0.5041748881340027,0.315655380487442,3.2143402099609375,3.1625518798828125
1128.0,0.5028035640716553,0.3185068666934967,0.5015330910682678,0.31816503405570984,0.5028035640716553,0.3185068666934967,3.22747802734375,3.142913818359375
1132.0,0.5036289691925049,0.3215477466583252,0.4976447820663452,0.3226177990436554,0.5036289691925049,0.3215477466583252,3.21661376953125,3.172393798828125
1136.0,0.5013359189033508,0.31739541888237,0.49929675459861755,0.31734615564346313,0.5013359189033508,0.31739541888237,3.2045745849609375,3.1660919189453125
1140.0,0.5025787353515625,0.3207009732723236,0.4978334903717041,0.31849879026412964,0.5025787353515625,0.3207009732723236,3.21990966796875,3.1601104736328125
1144.0,0.5045823454856873,0.31907176971435547,0.5002042651176453,0.3186001181602478,0.5045823454856873,0.31907176971435547,3.210296630859375,3.1660919189453125
1148.0,0.5013583898544312,0.3206063508987427,0.4998810291290283,0.32522374391555786,0.5013583898544312,0.3206063508987427,3.228363037109375,3.1672821044921875
1152.0,0.5022432804107666,0.319513738155365,0.49822941422462463,0.3203769028186798,0.5022432804107666,0.319513738155365,3.2067413330078125,3.1605377197265625
1156.0,0.5024932026863098,0.32409849762916565,0.4972796142101288,0.32020628452301025,0.5024932026863098,0.32409849762916565,3.21746826171875,3.161102294921875
1160.0,0.5021300315856934,0.3204127550125122,0.500382661819458,0.31675809621810913,0.5021300315856934,0.3204127550125122,3.2394256591796875,3.1586456298828125
1164.0,0.5035673975944519,0.32059261202812195,0.5001531839370728,0.32028675079345703,0.5035673975944519,0.32059261202812195,3.219635009765625,3.175628662109375
1168.0,0.5025083422660828,0.3218523859977722,0.49877652525901794,0.318849116563797,0.5025083422660828,0.3218523859977722,3.2334442138671875,3.1589813232421875
1172.0,0.5049318075180054,0.3189619481563568,0.5005379915237427,0.3222612142562866,0.5049318075180054,0.3189619481563568,3.22271728515625,3.1794281005859375
1176.0,0.504340410232544,0.3195432722568512,0.4992881715297699,0.31876125931739807,0.504340410232544,0.3195432722568512,3.19683837890625,3.181121826171875
1180.0,0.5007620453834534,0.31744933128356934,0.49799367785453796,0.31643593311309814,0.5007620453834534,0.31744933128356934,3.2027740478515625,3.18414306640625
1184.0,0.5024459958076477,0.3178600072860718,0.4988430142402649,0.3227798044681549,0.5024459958076477,0.3178600072860718,3.22808837890625,3.170318603515625
1188.0,0.5002224445343018,0.31921008229255676,0.4977337121963501,0.32131698727607727,0.5002224445343018,0.31921008229255676,3.2267913818359375,3.1784515380859375
1192.0,0.5029086470603943,0.3219650089740753,0.49779951572418213,0.3153977394104004,0.5029086470603943,0.3219650089740753,3.228424072265625,3.1645355224609375
1196.0,0.5000299215316772,0.3209616541862488,0.4967648386955261,0.31952330470085144,0.5000299215316772,0.3209616541862488,3.2299041748046875,3.1670989990234375
1200.0,0.4896978735923767,0.33603671193122864,0.48535147309303284,0.32242846488952637,0.4896978735923767,0.33603671193122864,3.2247772216796875,3.168182373046875
1204.0,0.4692603349685669,0.34445419907569885,0.46536019444465637,0.33383017778396606,0.4692603349685669,0.34445419907569885,3.2025909423828125,3.171142578125
1208.0,0.44852831959724426,0.36758217215538025,0.44234973192214966,0.35599541664123535,0.44852831959724426,0.36758217215538025,3.2060394287109375,3.165008544921875
1212.0,0.42955633997917175,0.3803700804710388,0.42267906665802,0.3729693591594696,0.42955633997917175,0.3803700804710388,3.2163543701171875,3.15655517578125
1216.0,0.4140803813934326,0.3810086250305176,0.4022360146045685,0.393091082572937,0.4140803813934326,0.3810086250305176,3.196868896484375,3.166595458984375
1220.0,0.3966924250125885,0.3881258964538574,0.38530194759368896,0.4055277407169342,0.3966924250125885,0.3881258964538574,3.205108642578125,3.146209716796875
1224.0,0.3710074722766876,0.4211059510707855,0.3698256015777588,0.4172651469707489,0.3710074722766876,0.4211059510707855,3.1684112548828125,3.14630126953125
1228.0,0.36064666509628296,0.45525166392326355,0.354611873626709,0.45337483286857605,0.36064666509628296,0.45525166392326355,3.17022705078125,3.1390228271484375
1232.0,0.3490830957889557,0.475850373506546,0.3406524956226349,0.4948994219303131,0.3490830957889557,0.475850373506546,3.1649017333984375,3.1305999755859375
1236.0,0.34123215079307556,0.504372775554657,0.33280953764915466,0.5121166706085205,0.34123215079307556,0.504372775554657,3.1449127197265625,3.109222412109375
1240.0,0.3316929042339325,0.5558761358261108,0.3303428292274475,0.5422506332397461,0.3316929042339325,0.5558761358261108,3.1572723388671875,3.1568145751953125
1244.0,0.32081201672554016,0.607141375541687,0.32689470052719116,0.5870843529701233,0.32081201672554016,0.607141375541687,3.1596832275390625,3.215118408203125
1248.0,0.3321984112262726,0.6256352663040161,0.3259398639202118,0.6275253891944885,0.3321984112262726,0.6256352663040161,3.1925201416015625,3.1904144287109375
1252.0,0.32494866847991943,0.6596399545669556,0.31868886947631836,0.6387795209884644,0.32494866847991943,0.6596399545669556,3.1901397705078125,3.2204132080078125
1256.0,0.30841654539108276,0.6839926838874817,0.30468228459358215,0.6745783686637878,0.30841654539108276,0.6839926838874817,3.2042083740234375,3.2269134521484375
1260.0,0.304524689912796,0.7101134657859802,0.3023911416530609,0.7187385559082031,0.304524689912796,0.7101134657859802,3.210479736328125,3.216217041015625
1264.0,0.3072960078716278,0.7448034286499023,0.3027527630329132,0.7296515703201294,0.3072960078716278,0.7448034286499023,3.2146759033203125,3.2345428466796875
1268.0,0.3162132799625397,0.7647563815116882,0.31200405955314636,0.746384859085083,0.3162132799625397,0.7647563815116882,3.20196533203125,3.2391204833984375
1272.0,0.32277268171310425,0.7751821875572205,0.31893816590309143,0.7487658262252808,0.32277268171310425,0.7751821875572205,3.2068023681640625,3.23504638671875
1276.0,0.3193354308605194,0.7567564845085144,0.31970450282096863,0.7389058470726013,0.3193354308605194,0.7567564845085144,3.224761962890625,3.2338104248046875
1280.0,0.31477248668670654,0.7544436454772949,0.315947026014328,0.7285323739051819,0.31477248668670654,0.7544436454772949,3.2291259765625,3.2650146484375
1284.0,0.3097938001155853,0.7478253841400146,0.31414562463760376,0.7281165719032288,0.3097938001155853,0.7478253841400146,3.223876953125,3.25836181640625
1288.0,0.31190142035484314,0.7498177886009216,0.3129907250404358,0.7355791926383972,0.31190142035484314,0.7498177886009216,3.2116546630859375,3.240814208984375
1292.0,0.3078182339668274,0.7574283480644226,0.30726706981658936,0.7427076697349548,0.3078182339668274,0.7574283480644226,3.22100830078125,3.2615814208984375
1296.0,0.3066757023334503,0.7591519355773926,0.3122920095920563,0.7508266568183899,0.3066757023334503,0.7591519355773926,3.2232666015625,3.239990234375
1300.0,0.31059926748275757,0.7671664357185364,0.313673734664917,0.7477223873138428,0.31059926748275757,0.7671664357185364,3.2215423583984375,3.2442779541015625
1304.0,0.30764123797416687,0.7661260366439819,0.31365469098091125,0.7518176436424255,0.30764123797416687,0.7661260366439819,3.221466064453125,3.2447052001953125
1308.0,0.30826276540756226,0.7651400566101074,0.31520387530326843,0.7580804824829102,0.30826276540756226,0.7651400566101074,3.2405548095703125,3.2571258544921875
1312.0,0.3085457980632782,0.7643159627914429,0.3137064278125763,0.7523413896560669,0.3085457980632782,0.7643159627914429,3.23260498046875,3.243255615234375
1316.0,0.31087249517440796,0.7657029032707214,0.31426262855529785,0.7524550557136536,0.31087249517440796,0.7657029032707214,3.2293853759765625,3.252716064453125
1320.0,0.30938857793807983,0.7658072710037231,0.311369925737381,0.7542609572410583,0.30938857793807983,0.7658072710037231,3.224761962890625,3.250640869140625
1324.0,0.31046485900878906,0.7667349576950073,0.3152330219745636,0.749879777431488,0.31046485900878906,0.7667349576950073,3.2496795654296875,3.2510986328125
1328.0,0.30745771527290344,0.7696517109870911,0.3130542039871216,0.755151093006134,0.30745771527290344,0.7696517109870911,3.2389373779296875,3.2616119384765625
1332.0,0.31306058168411255,0.7686254382133484,0.31754109263420105,0.7515661120414734,0.31306058168411255,0.7686254382133484,3.248016357421875,3.2519989013671875
1336.0,0.31182608008384705,0.7622777223587036,0.3117455840110779,0.7505592703819275,0.31182608008384705,0.7622777223587036,3.2315826416015625,3.250823974609375
1340.0,0.31061768531799316,0.7644283175468445,0.31486958265304565,0.7505331039428711,0.31061768531799316,0.7644283175468445,3.2516937255859375,3.246795654296875
1344.0,0.31182605028152466,0.7649874091148376,0.31178197264671326,0.7503231167793274,0.31182605028152466,0.7649874091148376,3.234832763671875,3.241851806640625
1348.0,0.3133220374584198,0.7613930702209473,0.31048282980918884,0.7494800090789795,0.3133220374584198,0.7613930702209473,3.23382568359375,3.2459869384765625
1352.0,0.3114034831523895,0.7673683762550354,0.31108418107032776,0.7533567547798157,0.3114034831523895,0.7673683762550354,3.24176025390625,3.291107177734375
1356.0,0.31186559796333313,0.7627576589584351,0.31025224924087524,0.753773033618927,0.31186559796333313,0.7627576589584351,3.246826171875,3.256561279296875
1360.0,0.3106112778186798,0.7620323896408081,0.3088947832584381,0.7535724639892578,0.3106112778186798,0.7620323896408081,3.253173828125,3.271820068359375
1364.0,0.30920523405075073,0.7636885046958923,0.3135692775249481,0.7511509656906128,0.30920523405075073,0.7636885046958923,3.2427978515625,3.2645111083984375
1368.0,0.31248772144317627,0.7592676281929016,0.3105100989341736,0.7526184320449829,0.31248772144317627,0.7592676281929016,3.251556396484375,3.2538604736328125
1372.0,0.31175559759140015,0.7598164081573486,0.31133824586868286,0.7522769570350647,0.31175559759140015,0.7598164081573486,3.2525177001953125,3.2598419189453125
1376.0,0.3133208751678467,0.761317253112793,0.31331706047058105,0.7568702697753906,0.3133208751678467,0.761317253112793,3.2566986083984375,3.2639312744140625
1380.0,0.3119833469390869,0.7594591379165649,0.311623752117157,0.752734363079071,0.3119833469390869,0.7594591379165649,3.2549591064453125,3.2680511474609375
1384.0,0.3117220997810364,0.7562661170959473,0.3131837844848633,0.7595794796943665,0.3117220997810364,0.7562661170959473,3.262420654296875,3.260650634765625
1388.0,0.3130052983760834,0.7588246464729309,0.3083760142326355,0.7522453665733337,0.3130052983760834,0.7588246464729309,3.2740020751953125,3.2743682861328125
1392.0,0.30947089195251465,0.7591903805732727,0.3100844621658325,0.7519951462745667,0.30947089195251465,0.7591903805732727,3.270263671875,3.2578277587890625
1396.0,0.3092433512210846,0.7575151920318604,0.3101697862148285,0.7465195655822754,0.3092433512210846,0.7575151920318604,3.24530029296875,3.258575439453125
1400.0,0.31162598729133606,0.759926974773407,0.312575101852417,0.753722071647644,0.31162598729133606,0.759926974773407,3.271026611328125,3.2840423583984375
1404.0,0.31014251708984375,0.7622969150543213,0.3097512423992157,0.7524192929267883,0.31014251708984375,0.7622969150543213,3.2621612548828125,3.26409912109375
1408.0,0.3097679913043976,0.7597233057022095,0.3104539215564728,0.7541342377662659,0.3097679913043976,0.7597233057022095,3.25921630859375,3.2836151123046875
1412.0,0.3083239793777466,0.7606508731842041,0.3126389682292938,0.7557180523872375,0.3083239793777466,0.7606508731842041,3.26251220703125,3.27276611328125
1416.0,0.30870187282562256,0.7676634192466736,0.3107192814350128,0.750594973564148,0.30870187282562256,0.7676634192466736,3.2694091796875,3.269500732421875
1420.0,0.31369319558143616,0.76589035987854,0.3113495111465454,0.7508109211921692,0.31369319558143616,0.76589035987854,3.262664794921875,3.2858428955078125
1424.0,0.3122040927410126,0.7603408694267273,0.30959081649780273,0.7561837434768677,0.3122040927410126,0.7603408694267273,3.2661590576171875,3.2855987548828125
1428.0,0.31187793612480164,0.7648586630821228,0.3129289448261261,0.752082109451294,0.31187793612480164,0.7648586630821228,3.268341064453125,3.2946014404296875
1432.0,0.3129476010799408,0.7615070939064026,0.3129424750804901,0.7555959224700928,0.3129476010799408,0.7615070939064026,3.27288818359375,3.285888671875
1436.0,0.3096034824848175,0.767989456653595,0.31491631269454956,0.7519422769546509,0.3096034824848175,0.767989456653595,3.2769317626953125,3.2934112548828125
1440.0,0.3099174499511719,0.7664211392402649,0.3122306168079376,0.7501635551452637,0.3099174499511719,0.7664211392402649,3.277069091796875,3.293914794921875
1444.0,0.30949652194976807,0.7670930027961731,0.3136504292488098,0.7527173161506653,0.30949652194976807,0.7670930027961731,3.26336669921875,3.270477294921875
1448.0,0.3111191987991333,0.7621114253997803,0.3154899775981903,0.7531172633171082,0.3111191987991333,0.7621114253997803,3.2774658203125,3.2864990234375
1452.0,0.30990758538246155,0.7647864818572998,0.3138955235481262,0.7559993863105774,0.30990758538246155,0.7647864818572998,3.296905517578125,3.288360595703125
1456.0,0.3135829567909241,0.766093373298645,0.31457123160362244,0.7491750121116638,0.3135829567909241,0.766093373298645,3.2730560302734375,3.2806396484375
1460.0,0.310123473405838,0.7652906179428101,0.316148966550827,0.7511468529701233,0.310123473405838,0.7652906179428101,3.27606201171875,3.2891387939453125
1464.0,0.3133147656917572,0.7675023078918457,0.31362834572792053,0.7545896172523499,0.3133147656917572,0.7675023078918457,3.2702178955078125,3.277740478515625
1468.0,0.30967503786087036,0.7659850120544434,0.31092411279678345,0.7505372762680054,0.30967503786087036,0.7659850120544434,3.261993408203125,3.259033203125
1472.0,0.31316643953323364,0.770759642124176,0.3151906430721283,0.7570387125015259,0.31316643953323364,0.770759642124176,3.281646728515625,3.286041259765625
1476.0,0.3109174072742462,0.7650342583656311,0.3138386309146881,0.7549944519996643,0.3109174072742462,0.7650342583656311,3.2822113037109375,3.270233154296875
1480.0,0.3087786138057709,0.7702789902687073,0.31357771158218384,0.7482720017433167,0.3087786138057709,0.7702789902687073,3.273681640625,3.2864227294921875
1484.0,0.31603407859802246,0.7656086087226868,0.31426572799682617,0.7548828721046448,0.31603407859802246,0.7656086087226868,3.262359619140625,3.2880096435546875
1488.0,0.3315504789352417,0.780325174331665,0.32942095398902893,0.7644456624984741,0.3315504789352417,0.780325174331665,3.2860870361328125,3.2862396240234375
1492.0,0.34678852558135986,0.7920520305633545,0.3415447175502777,0.771897554397583,0.34678852558135986,0.7920520305633545,3.2884674072265625,3.2851409912109375
1496.0,0.3703467547893524,0.7962327003479004,0.36063212156295776,0.7804897427558899,0.3703467547893524,0.7962327003479004,3.2760009765625,3.2651824951171875
1500.0,0.3871414363384247,0.7913509011268616,0.37448984384536743,0.7810794711112976,0.3871414363384247,0.7913509011268616,3.2916107177734375,3.2750396728515625
1504.0,0.3930562734603882,0.7909221649169922,0.3787476718425751,0.7787157297134399,0.3930562734603882,0.7909221649169922,3.2872314453125,3.2828216552734375
1508.0,0.39198628067970276,0.7933052182197571,0.3803965747356415,0.7766753435134888,0.39198628067970276,0.7933052182197571,3.298309326171875,3.2610015869140625
1512.0,0.3975569009780884,0.7944363355636597,0.38331305980682373,0.7784597873687744,0.3975569009780884,0.7944363355636597,3.287689208984375,3.2575531005859375
1516.0,0.39587801694869995,0.7891601324081421,0.3858601450920105,0.7738249897956848,0.39587801694869995,0.7891601324081421,3.289581298828125,3.242523193359375
1520.0,0.3854963779449463,0.7925548553466797,0.383954256772995,0.7752167582511902,0.3854963779449463,0.7925548553466797,3.2766876220703125,3.2642059326171875
1524.0,0.3845221698284149,0.7913755178451538,0.3786408007144928,0.7756252288818359,0.3845221698284149,0.7913755178451538,3.2860870361328125,3.2661285400390625
1528.0,0.389265239238739,0.7924000024795532,0.37860995531082153,0.7747242450714111,0.389265239238739,0.7924000024795532,3.292144775390625,3.253997802734375
1532.0,0.39126506447792053,0.7907867431640625,0.38197892904281616,0.774046003818512,0.39126506447792053,0.7907867431640625,3.2806243896484375,3.255523681640625
1536.0,0.3918490409851074,0.7969300150871277,0.38607102632522583,0.7721070051193237,0.3918490409851074,0.7969300150871277,3.28338623046875,3.2772369384765625
1540.0,0.39333853125572205,0.7945048809051514,0.38720306754112244,0.7735354900360107,0.39333853125572205,0.7945048809051514,3.2907562255859375,3.2441864013671875
1544.0,0.393550843000412,0.8018854260444641,0.3870225250720978,0.7771559953689575,0.393550843000412,0.8018854260444641,3.2946319580078125,3.2557525634765625
1548.0,0.3894253373146057,0.8041742444038391,0.389960378408432,0.7739552855491638,0.3894253373146057,0.8041742444038391,3.294464111328125,3.282745361328125
1552.0,0.39591553807258606,0.7905105948448181,0.39019396901130676,0.7749396562576294,0.39591553807258606,0.7905105948448181,3.2928009033203125,3.2459869384765625
1556.0,0.3943934440612793,0.7958744764328003,0.3886343240737915,0.7711138725280762,0.3943934440612793,0.7958744764328003,3.291351318359375,3.2522735595703125
1560.0,0.393282413482666,0.7980409860610962,0.3876616954803467,0.7718610167503357,0.393282413482666,0.7980409860610962,3.291900634765625,3.2681121826171875
1564.0,0.3974457085132599,0.7940290570259094,0.3897906541824341,0.7829809784889221,0.3974457085132599,0.7940290570259094,3.298187255859375,3.2460784912109375
1568.0,0.39695674180984497,0.7945085763931274,0.38816919922828674,0.7721993923187256,0.39695674180984497,0.7945085763931274,3.286956787109375,3.252655029296875
1572.0,0.3919246792793274,0.8025941848754883,0.38990333676338196,0.7719929218292236,0.3919246792793274,0.8025941848754883,3.2809906005859375,3.29266357421875
1576.0,0.39662671089172363,0.7954450845718384,0.388229638338089,0.774961531162262,0.39662671089172363,0.7954450845718384,3.2745361328125,3.260467529296875
1580.0,0.3951958119869232,0.7936720848083496,0.3897232413291931,0.777414858341217,0.3951958119869232,0.7936720848083496,3.2909088134765625,3.24896240234375
1584.0,0.3941870629787445,0.7972931265830994,0.3908602297306061,0.7776472568511963,0.3941870629787445,0.7972931265830994,3.2984466552734375,3.2750396728515625
1588.0,0.3969818353652954,0.7932499647140503,0.39109575748443604,0.7690486907958984,0.3969818353652954,0.7932499647140503,3.293121337890625,3.2689056396484375
1592.0,0.39207911491394043,0.7945536971092224,0.39000651240348816,0.7742854356765747,0.39207911491394043,0.7945536971092224,3.3056182861328125,3.269561767578125
1596.0,0.3935014307498932,0.7980477809906006,0.3902828097343445,0.7717655301094055,0.3935014307498932,0.7980477809906006,3.2949066162109375,3.2782440185546875
1600.0,0.39601728320121765,0.7889702916145325,0.3918260335922241,0.7721747756004333,0.39601728320121765,0.7889702916145325,3.29364013671875,3.2477874755859375
1604.0,0.394863486289978,0.7970167398452759,0.3917628824710846,0.7783924341201782,0.394863486289978,0.7970167398452759,3.3164215087890625,3.2568817138671875
1608.0,0.39526140689849854,0.7978841662406921,0.3892267346382141,0.7774138450622559,0.39526140689849854,0.7978841662406921,3.2958831787109375,3.2918243408203125
1612.0,0.3927782475948334,0.8010717630386353,0.38885927200317383,0.7729020118713379,0.3927782475948334,0.8010717630386353,3.2964019775390625,3.2732391357421875
1616.0,0.3937816917896271,0.8007388710975647,0.3902595341205597,0.7764744162559509,0.3937816917896271,0.8007388710975647,3.3038787841796875,3.2723388671875
1620.0,0.3941485583782196,0.7932811975479126,0.3900965750217438,0.7777931094169617,0.3941485583782196,0.7932811975479126,3.2928466796875,3.2745208740234375
1624.0,0.39658933877944946,0.7885430455207825,0.3901258111000061,0.7759490609169006,0.39658933877944946,0.7885430455207825,3.3085784912109375,3.2658843994140625
1628.0,0.39689090847969055,0.7898236513137817,0.39046064019203186,0.7785955667495728,0.39689090847969055,0.7898236513137817,3.3079986572265625,3.2582244873046875
1632.0,0.3955940306186676,0.7908908128738403,0.39221054315567017,0.7762920260429382,0.3955940306186676,0.7908908128738403,3.3127899169921875,3.259429931640625
1636.0,0.39290860295295715,0.7941134572029114,0.3930521309375763,0.7749313712120056,0.39290860295295715,0.7941134572029114,3.2969970703125,3.277587890625
1640.0,0.39372318983078003,0.7896443605422974,0.3905717432498932,0.7805912494659424,0.39372318983078003,0.7896443605422974,3.3028411865234375,3.2833251953125
1644.0,0.39559805393218994,0.7840127944946289,0.39058738946914673,0.7791406512260437,0.39559805393218994,0.7840127944946289,3.3092803955078125,3.2428436279296875
1648.0,0.3916809558868408,0.7852246761322021,0.3883216083049774,0.7794083952903748,0.3916809558868408,0.7852246761322021,3.2996368408203125,3.253753662109375
1652.0,0.393136590719223,0.7796077132225037,0.3903188407421112,0.7897353768348694,0.393136590719223,0.7796077132225037,3.3146209716796875,3.27813720703125
1656.0,0.39081093668937683,0.7831796407699585,0.39033833146095276,0.7836001515388489,0.39081093668937683,0.7831796407699585,3.313568115234375,3.2942352294921875
1660.0,0.3956037163734436,0.7799150347709656,0.3908112049102783,0.7870512008666992,0.3956037163734436,0.7799150347709656,3.30035400390625,3.252349853515625
1664.0,0.38767489790916443,0.7824039459228516,0.39046424627304077,0.7831999659538269,0.38767489790916443,0.7824039459228516,3.31536865234375,3.266815185546875
1668.0,0.39209672808647156,0.7836004495620728,0.390832781791687,0.7848777174949646,0.39209672808647156,0.7836004495620728,3.3066558837890625,3.267486572265625
1672.0,0.38979071378707886,0.7873724102973938,0.38871654868125916,0.7882375717163086,0.38979071378707886,0.7873724102973938,3.3266143798828125,3.2963104248046875
1676.0,0.39340975880622864,0.7792186141014099,0.392040491104126,0.7919006943702698,0.39340975880622864,0.7792186141014099,3.31707763671875,3.271087646484375
1680.0,0.3930698037147522,0.7812588214874268,0.39246100187301636,0.7925424575805664,0.3930698037147522,0.7812588214874268,3.32611083984375,3.2739105224609375
1684.0,0.3920578956604004,0.7790514230728149,0.39170941710472107,0.7862381935119629,0.3920578956604004,0.7790514230728149,3.32305908203125,3.261566162109375
1688.0,0.3882908225059509,0.7852147817611694,0.3890630304813385,0.7886331081390381,0.3882908225059509,0.7852147817611694,3.3262481689453125,3.2720489501953125
1692.0,0.3937367796897888,0.7751791477203369,0.38907918334007263,0.7911696434020996,0.3937367796897888,0.7751791477203369,3.3019866943359375,3.2571258544921875
1696.0,0.39500221610069275,0.7768871784210205,0.3886144161224365,0.7889781594276428,0.39500221610069275,0.7768871784210205,3.312713623046875,3.2670440673828125
1700.0,0.39123260974884033,0.7844518423080444,0.3899540603160858,0.7911322712898254,0.39123260974884033,0.7844518423080444,3.321685791015625,3.2970428466796875
1704.0,0.38807860016822815,0.783087968826294,0.3904072344303131,0.7897923588752747,0.38807860016822815,0.783087968826294,3.3215789794921875,3.2916259765625
1708.0,0.38890892267227173,0.7825489044189453,0.38935840129852295,0.7938405871391296,0.38890892267227173,0.7825489044189453,3.319061279296875,3.2823944091796875
1712.0,0.3889105021953583,0.7813585996627808,0.39214006066322327,0.7921232581138611,0.3889105021953583,0.7813585996627808,3.3197174072265625,3.291900634765625
1716.0,0.39102447032928467,0.7851337194442749,0.38842856884002686,0.7889379858970642,0.39102447032928467,0.7851337194442749,3.3111572265625,3.3039703369140625
1720.0,0.3890256881713867,0.783427357673645,0.38781481981277466,0.7884199023246765,0.3890256881713867,0.783427357673645,3.3278045654296875,3.2816009521484375
1724.0,0.38792338967323303,0.7804744243621826,0.3876613974571228,0.7850977778434753,0.38792338967323303,0.7804744243621826,3.3314666748046875,3.2890625
1728.0,0.3898818790912628,0.7810580730438232,0.3862728774547577,0.7864992022514343,0.3898818790912628,0.7810580730438232,3.3181915283203125,3.2705078125
1732.0,0.39265233278274536,0.7836691737174988,0.3887344300746918,0.7846800088882446,0.39265233278274536,0.7836691737174988,3.326324462890625,3.297119140625
1736.0,0.3874761760234833,0.7832000851631165,0.389405757188797,0.7860173583030701,0.3874761760234833,0.7832000851631165,3.315155029296875,3.2990264892578125
1740.0,0.3901726007461548,0.7823331952095032,0.3894878625869751,0.7839069366455078,0.3901726007461548,0.7823331952095032,3.328216552734375,3.297454833984375
1744.0,0.389841228723526,0.7813923358917236,0.390761137008667,0.7848554253578186,0.389841228723526,0.7813923358917236,3.3474273681640625,3.2695159912109375
1748.0,0.38776060938835144,0.781123697757721,0.3912990689277649,0.779985785484314,0.38776060938835144,0.781123697757721,3.3380584716796875,3.2778167724609375
1752.0,0.3926635682582855,0.7781740427017212,0.3910994231700897,0.7825934290885925,0.3926635682582855,0.7781740427017212,3.3382110595703125,3.291473388671875
1756.0,0.3932921290397644,0.7718181610107422,0.3882501721382141,0.7760810256004333,0.3932921290397644,0.7718181610107422,3.337188720703125,3.25201416015625
1760.0,0.39141836762428284,0.7846896648406982,0.3894420266151428,0.7756869196891785,0.39141836762428284,0.7846896648406982,3.330963134765625,3.298492431640625
1764.0,0.4038310945034027,0.7818857431411743,0.3927636742591858,0.7777330279350281,0.4038310945034027,0.7818857431411743,3.3336029052734375,3.2501983642578125
1768.0,0.4205957055091858,0.7901791334152222,0.4065224826335907,0.7819118499755859,0.4205957055091858,0.7901791334152222,3.324493408203125,3.2773895263671875
1772.0,0.44205790758132935,0.7889800667762756,0.4282456636428833,0.7794264554977417,0.44205790758132935,0.7889800667762756,3.3041839599609375,3.259918212890625
1776.0,0.46244943141937256,0.7867118120193481,0.4421461820602417,0.7767495512962341,0.46244943141937256,0.7867118120193481,3.331817626953125,3.252960205078125
1780.0,0.46840643882751465,0.7795333862304688,0.45800280570983887,0.7682440876960754,0.46840643882751465,0.7795333862304688,3.322509765625,3.239776611328125
1784.0,0.47466710209846497,0.7760239243507385,0.4556056261062622,0.7684267163276672,0.47466710209846497,0.7760239243507385,3.3220977783203125,3.224334716796875
1788.0,0.4762805104255676,0.7815568447113037,0.4613357484340668,0.7675068378448486,0.4762805104255676,0.7815568447113037,3.308746337890625,3.237274169921875
1792.0,0.47603482007980347,0.7834175229072571,0.4622756838798523,0.7734050750732422,0.47603482007980347,0.7834175229072571,3.3144378662109375,3.2195281982421875
1796.0,0.4721505343914032,0.7798479795455933,0.45819422602653503,0.778035581111908,0.4721505343914032,0.7798479795455933,3.3272247314453125,3.226470947265625
1800.0,0.46574684977531433,0.7834294438362122,0.4576120674610138,0.7784846425056458,0.46574684977531433,0.7834294438362122,3.3328704833984375,3.2346343994140625
1804.0,0.46528270840644836,0.78670334815979,0.4523611068725586,0.78286212682724,0.46528270840644836,0.78670334815979,3.3214874267578125,3.2418365478515625
1808.0,0.46770986914634705,0.7837716937065125,0.45743122696876526,0.7813999652862549,0.46770986914634705,0.7837716937065125,3.3353729248046875,3.215118408203125
1812.0,0.4686735272407532,0.7819247245788574,0.4641001224517822,0.7833586931228638,0.4686735272407532,0.7819247245788574,3.33392333984375,3.2269744873046875
1816.0,0.47130903601646423,0.7871338725090027,0.4585202932357788,0.7792232036590576,0.47130903601646423,0.7871338725090027,3.3002471923828125,3.2433013916015625
1820.0,0.469648540019989,0.7886106967926025,0.4650692045688629,0.7790518403053284,0.469648540019989,0.7886106967926025,3.334686279296875,3.252777099609375
1824.0,0.47139742970466614,0.7877440452575684,0.46262019872665405,0.7808446288108826,0.47139742970466614,0.7877440452575684,3.32708740234375,3.2387542724609375
1828.0,0.47148197889328003,0.7908197045326233,0.4651124179363251,0.7823858857154846,0.47148197889328003,0.7908197045326233,3.3205413818359375,3.233612060546875
1832.0,0.46998926997184753,0.7803098559379578,0.46263638138771057,0.7779116034507751,0.46998926997184753,0.7803098559379578,3.3135833740234375,3.219085693359375
1836.0,0.4727180302143097,0.7783210873603821,0.4663671851158142,0.7744661569595337,0.4727180302143097,0.7783210873603821,3.314117431640625,3.2373809814453125
1840.0,0.4728327989578247,0.7800931334495544,0.46100807189941406,0.7759414911270142,0.4728327989578247,0.7800931334495544,3.3025054931640625,3.2312164306640625
1844.0,0.47074419260025024,0.7800633907318115,0.4621955454349518,0.7747437953948975,0.47074419260025024,0.7800633907318115,3.29833984375,3.22357177734375
1848.0,0.47487369179725647,0.7850856184959412,0.46100619435310364,0.7723010778427124,0.47487369179725647,0.7850856184959412,3.291961669921875,3.228729248046875
1852.0,0.4746550917625427,0.7782028317451477,0.4640519618988037,0.773452877998352,0.4746550917625427,0.7782028317451477,3.3008575439453125,3.2310791015625
1856.0,0.46912682056427,0.778265118598938,0.4617907404899597,0.7750414609909058,0.46912682056427,0.778265118598938,3.2948150634765625,3.239013671875
1860.0,0.47060680389404297,0.7797330617904663,0.463888943195343,0.7690010666847229,0.47060680389404297,0.7797330617904663,3.3010406494140625,3.234100341796875
1864.0,0.4703364670276642,0.7727895975112915,0.4625820219516754,0.7712287306785583,0.4703364670276642,0.7727895975112915,3.3026885986328125,3.2249908447265625
1868.0,0.47141122817993164,0.7759604454040527,0.46329569816589355,0.774514377117157,0.47141122817993164,0.7759604454040527,3.3045806884765625,3.21612548828125
1872.0,0.4707629680633545,0.7733241319656372,0.4622030556201935,0.775264322757721,0.4707629680633545,0.7733241319656372,3.3040771484375,3.2174224853515625
1876.0,0.47172918915748596,0.7762380242347717,0.464436799287796,0.7680445313453674,0.47172918915748596,0.7762380242347717,3.3195037841796875,3.21649169921875
1880.0,0.4685976505279541,0.7789395451545715,0.4656265676021576,0.7715569734573364,0.4685976505279541,0.7789395451545715,3.3037261962890625,3.22576904296875
1884.0,0.47016069293022156,0.7762844562530518,0.46193620562553406,0.7692863345146179,0.47016069293022156,0.7762844562530518,3.29473876953125,3.21209716796875
1888.0,0.47271212935447693,0.784622848033905,0.46159273386001587,0.7706407904624939,0.47271212935447693,0.784622848033905,3.3048858642578125,3.2548828125
1892.0,0.47098907828330994,0.7775614857673645,0.46324658393859863,0.7681773900985718,0.47098907828330994,0.7775614857673645,3.2988433837890625,3.193267822265625
1896.0,0.4685589671134949,0.7783723473548889,0.462222158908844,0.7682881355285645,0.4685589671134949,0.7783723473548889,3.31353759765625,3.236541748046875
1900.0,0.47088855504989624,0.7759262323379517,0.46077439188957214,0.767621636390686,0.47088855504989624,0.7759262323379517,3.3021087646484375,3.2054443359375
1904.0,0.46710729598999023,0.7760677337646484,0.4622163772583008,0.7640666961669922,0.46710729598999023,0.7760677337646484,3.294403076171875,3.2222900390625
1908.0,0.4702601134777069,0.7763327956199646,0.4626499116420746,0.7680874466896057,0.4702601134777069,0.7763327956199646,3.3080902099609375,3.23577880859375
1912.0,0.46857738494873047,0.7778961062431335,0.4640270471572876,0.7695214152336121,0.46857738494873047,0.7778961062431335,3.3112030029296875,3.226959228515625
1916.0,0.4716933071613312,0.7693057060241699,0.4626556932926178,0.7702245712280273,0.4716933071613312,0.7693057060241699,3.2958831787109375,3.2107086181640625
1920.0,0.4728429913520813,0.7744811177253723,0.461603581905365,0.7696516513824463,0.4728429913520813,0.7744811177253723,3.309478759765625,3.206878662109375
1924.0,0.4741044342517853,0.7687603235244751,0.4631440043449402,0.7674965858459473,0.4741044342517853,0.7687603235244751,3.2940216064453125,3.2053070068359375
1928.0,0.47189435362815857,0.7772950530052185,0.46134597063064575,0.7697263360023499,0.47189435362815857,0.7772950530052185,3.317108154296875,3.2145538330078125
1932.0,0.4744473993778229,0.77522873878479,0.4607936441898346,0.7722739577293396,0.4744473993778229,0.77522873878479,3.2886962890625,3.216461181640625
1936.0,0.4745717942714691,0.774282693862915,0.46223151683807373,0.7740570902824402,0.4745717942714691,0.774282693862915,3.301055908203125,3.197174072265625
1940.0,0.47336554527282715,0.7805147171020508,0.46202078461647034,0.7656975984573364,0.47336554527282715,0.7805147171020508,3.3010711669921875,3.216400146484375
1944.0,0.4758487343788147,0.7752451300621033,0.4625760614871979,0.767332911491394,0.4758487343788147,0.7752451300621033,3.279510498046875,3.217529296875
1948.0,0.47463151812553406,0.7725291848182678,0.46230337023735046,0.7680227160453796,0.47463151812553406,0.7725291848182678,3.29571533203125,3.222869873046875
1952.0,0.47661805152893066,0.7742037177085876,0.46405619382858276,0.7686471939086914,0.47661805152893066,0.7742037177085876,3.29351806640625,3.221832275390625
1956.0,0.47257640957832336,0.7745572328567505,0.46229448914527893,0.77034592628479,0.47257640957832336,0.7745572328567505,3.286346435546875,3.2257843017578125
1960.0,0.4715432822704315,0.7759479284286499,0.4647771716117859,0.7676258087158203,0.4715432822704315,0.7759479284286499,3.289398193359375,3.2105255126953125
1964.0,0.4749241769313812,0.778092086315155,0.4636152982711792,0.770906388759613,0.4749241769313812,0.778092086315155,3.2999267578125,3.2093658447265625
1968.0,0.471247136592865,0.7764741778373718,0.4618581533432007,0.7684881687164307,0.471247136592865,0.7764741778373718,3.29461669921875,3.21319580078125
1972.0,0.4731292128562927,0.7777986526489258,0.4634038507938385,0.762031614780426,0.4731292128562927,0.7777986526489258,3.2855987548828125,3.220367431640625
1976.0,0.4720630347728729,0.7769213914871216,0.4620905816555023,0.7666011452674866,0.4720630347728729,0.7769213914871216,3.2669677734375,3.2068023681640625
1980.0,0.4713307023048401,0.7764200568199158,0.46138685941696167,0.772670328617096,0.4713307023048401,0.7764200568199158,3.2882232666015625,3.2003173828125
1984.0,0.47124025225639343,0.7731361389160156,0.46359458565711975,0.7693822979927063,0.47124025225639343,0.7731361389160156,3.2782440185546875,3.1835174560546875
1988.0,0.46971607208251953,0.7776268124580383,0.4649847149848938,0.7698081135749817,0.46971607208251953,0.7776268124580383,3.2731781005859375,3.227630615234375
1992.0,0.4730586111545563,0.7754736542701721,0.46414899826049805,0.7736373543739319,0.4730586111545563,0.7754736542701721,3.2674407958984375,3.206207275390625
1996.0,0.4722379446029663,0.7840389609336853,0.4643992781639099,0.7736018300056458,0.4722379446029663,0.7840389609336853,3.2933349609375,3.228363037109375
2000.0,0.4686379134654999,0.7743211984634399,0.4620569944381714,0.7744210958480835,0.4686379134654999,0.7743211984634399,3.27459716796875,3.19281005859375
2004.0,0.47000157833099365,0.7798386216163635,0.46199819445610046,0.7737180590629578,0.47000157833099365,0.7798386216163635,3.2728424072265625,3.2271270751953125
2008.0,0.4706028401851654,0.7846841812133789,0.46451467275619507,0.7757610082626343,0.4706028401851654,0.7846841812133789,3.2928009033203125,3.2453460693359375
2012.0,0.47330421209335327,0.7827862501144409,0.4667772948741913,0.7755112051963806,0.47330421209335327,0.7827862501144409,3.2880401611328125,3.221099853515625
2016.0,0.46438080072402954,0.7774720191955566,0.4543369710445404,0.7771231532096863,0.46438080072402954,0.7774720191955566,3.2723236083984375,3.2313690185546875
2020.0,0.4505528509616852,0.7777917981147766,0.4372466206550598,0.7872428297996521,0.4505528509616852,0.7777917981147766,3.29595947265625,3.22259521484375
2024.0,0.4301394522190094,0.7836122512817383,0.41994932293891907,0.788479208946228,0.4301394522190094,0.7836122512817383,3.2961883544921875,3.2399139404296875
2028.0,0.411476194858551,0.7913380265235901,0.39511072635650635,0.7867258787155151,0.411476194858551,0.7913380265235901,3.297149658203125,3.267669677734375
2032.0,0.39766159653663635,0.7816363573074341,0.38188666105270386,0.7831234335899353,0.39766159653663635,0.7816363573074341,3.281036376953125,3.2690277099609375
2036.0,0.38727301359176636,0.7728706002235413,0.3760868012905121,0.7769673466682434,0.38727301359176636,0.7728706002235413,3.3058319091796875,3.2584075927734375
2040.0,0.3809534013271332,0.7688121199607849,0.368515282869339,0.7722800374031067,0.3809534013271332,0.7688121199607849,3.2969818115234375,3.24688720703125
2044.0,0.37452882528305054,0.7746624946594238,0.36455148458480835,0.7715884447097778,0.37452882528305054,0.7746624946594238,3.2664031982421875,3.2715911865234375
2048.0,0.37030795216560364,0.778026819229126,0.363844096660614,0.7796958684921265,0.37030795216560364,0.778026819229126,3.2756805419921875,3.282684326171875
2052.0,0.3661416471004486,0.7814896106719971,0.3655772805213928,0.7802751064300537,0.3661416471004486,0.7814896106719971,3.264007568359375,3.2835540771484375
2056.0,0.3697354793548584,0.7730373740196228,0.3716946840286255,0.7812750339508057,0.3697354793548584,0.7730373740196228,3.278045654296875,3.26531982421875
2060.0,0.3713074326515198,0.7726024389266968,0.36959418654441833,0.7806166410446167,0.3713074326515198,0.7726024389266968,3.270843505859375,3.2516632080078125
2064.0,0.371187299489975,0.7759501338005066,0.3683003783226013,0.7779110074043274,0.371187299489975,0.7759501338005066,3.2708587646484375,3.26873779296875
2068.0,0.3683485686779022,0.7735438346862793,0.36507001519203186,0.7766193747520447,0.3683485686779022,0.7735438346862793,3.2810821533203125,3.2571868896484375
2072.0,0.36814185976982117,0.77582186460495,0.36610931158065796,0.7822821140289307,0.36814185976982117,0.77582186460495,3.2910308837890625,3.27923583984375
2076.0,0.3664657473564148,0.7725775241851807,0.36223042011260986,0.7844194769859314,0.3664657473564148,0.7725775241851807,3.2981719970703125,3.2784423828125
2080.0,0.36556172370910645,0.7703089118003845,0.36133262515068054,0.7830014824867249,0.36556172370910645,0.7703089118003845,3.3021087646484375,3.2794647216796875
2084.0,0.3683164119720459,0.7693305611610413,0.36110180616378784,0.7740229368209839,0.3683164119720459,0.7693305611610413,3.27789306640625,3.2734527587890625
2088.0,0.3682979941368103,0.7752575278282166,0.3620598316192627,0.7800731658935547,0.3682979941368103,0.7752575278282166,3.286590576171875,3.275909423828125
2092.0,0.37042292952537537,0.7733141779899597,0.3634743392467499,0.7769615650177002,0.37042292952537537,0.7733141779899597,3.28814697265625,3.28045654296875
2096.0,0.368240624666214,0.773026704788208,0.36385685205459595,0.777440071105957,0.368240624666214,0.773026704788208,3.27703857421875,3.2646942138671875
2100.0,0.36890289187431335,0.7716962695121765,0.36279284954071045,0.7779891490936279,0.36890289187431335,0.7716962695121765,3.279510498046875,3.270477294921875
2104.0,0.3668051064014435,0.7685954570770264,0.36449533700942993,0.7745731472969055,0.3668051064014435,0.7685954570770264,3.267364501953125,3.266387939453125
2108.0,0.3717184364795685,0.7716857194900513,0.3616432845592499,0.7741332650184631,0.3717184364795685,0.7716857194900513,3.249664306640625,3.259246826171875
2112.0,0.36825135350227356,0.7737920880317688,0.3638725280761719,0.7720687985420227,0.36825135350227356,0.7737920880317688,3.2668304443359375,3.291534423828125
2116.0,0.3657507002353668,0.7722083926200867,0.3628900647163391,0.7774468064308167,0.3657507002353668,0.7722083926200867,3.27874755859375,3.2692108154296875
2120.0,0.3649962842464447,0.7750042676925659,0.36580610275268555,0.7772777676582336,0.3649962842464447,0.7750042676925659,3.282806396484375,3.2872161865234375
2124.0,0.36719977855682373,0.772311806678772,0.3653483986854553,0.7781844735145569,0.36719977855682373,0.772311806678772,3.283538818359375,3.2801971435546875
2128.0,0.3653358519077301,0.7713713049888611,0.3639274835586548,0.7766958475112915,0.3653358519077301,0.7713713049888611,3.2655181884765625,3.2902984619140625
2132.0,0.3645893931388855,0.7736184000968933,0.3631856143474579,0.7772729396820068,0.3645893931388855,0.7736184000968933,3.2734222412109375,3.2847900390625
2136.0,0.36312153935432434,0.7715927958488464,0.36209824681282043,0.774957001209259,0.36312153935432434,0.7715927958488464,3.2561492919921875,3.2581024169921875
2140.0,0.360869824886322,0.769916296005249,0.36205634474754333,0.7780816555023193,0.360869824886322,0.769916296005249,3.2802886962890625,3.28887939453125
2144.0,0.3619594871997833,0.773232102394104,0.3641846776008606,0.7791661024093628,0.3619594871997833,0.773232102394104,3.274322509765625,3.28448486328125
2148.0,0.36147868633270264,0.7689308524131775,0.36080485582351685,0.7717123627662659,0.36147868633270264,0.7689308524131775,3.24609375,3.28228759765625
2152.0,0.35941454768180847,0.7697041630744934,0.362616628408432,0.7784740328788757,0.35941454768180847,0.7697041630744934,3.27349853515625,3.2977752685546875
2156.0,0.36159220337867737,0.7672280669212341,0.3620353937149048,0.780910849571228,0.36159220337867737,0.7672280669212341,3.272552490234375,3.268463134765625
2160.0,0.36286675930023193,0.7718968391418457,0.3605455756187439,0.783132016658783,0.36286675930023193,0.7718968391418457,3.271697998046875,3.27679443359375
2164.0,0.3632037937641144,0.7762188911437988,0.3587905466556549,0.7783079147338867,0.3632037937641144,0.7762188911437988,3.2801055908203125,3.30523681640625
2168.0,0.36320072412490845,0.7725335359573364,0.35990455746650696,0.7794610857963562,0.36320072412490845,0.7725335359573364,3.2652740478515625,3.2889251708984375
2172.0,0.36534246802330017,0.7614277005195618,0.36016973853111267,0.7847980260848999,0.36534246802330017,0.7614277005195618,3.3021697998046875,3.2609405517578125
2176.0,0.3628625273704529,0.7770854830741882,0.3597722053527832,0.7805946469306946,0.3628625273704529,0.7770854830741882,3.26739501953125,3.2926025390625
2180.0,0.3641139566898346,0.7729227542877197,0.3609660565853119,0.7860901355743408,0.3641139566898346,0.7729227542877197,3.2734527587890625,3.29437255859375
2184.0,0.3632771670818329,0.772333562374115,0.360881507396698,0.7801898717880249,0.3632771670818329,0.772333562374115,3.270355224609375,3.292877197265625
2188.0,0.3654053211212158,0.7731537222862244,0.35892459750175476,0.7814690470695496,0.3654053211212158,0.7731537222862244,3.280181884765625,3.2863616943359375
2192.0,0.36697062849998474,0.7673321962356567,0.3573075234889984,0.785844087600708,0.36697062849998474,0.7673321962356567,3.2903900146484375,3.276885986328125
2196.0,0.3667905032634735,0.7698931694030762,0.3596509099006653,0.7793992161750793,0.3667905032634735,0.7698931694030762,3.2667083740234375,3.268646240234375
2200.0,0.36339905858039856,0.7705888152122498,0.3592395484447479,0.7867286801338196,0.36339905858039856,0.7705888152122498,3.287628173828125,3.2768402099609375
2204.0,0.367605596780777,0.7718938589096069,0.35871100425720215,0.777185320854187,0.367605596780777,0.7718938589096069,3.269775390625,3.2826080322265625
2208.0,0.36754804849624634,0.7735267281532288,0.3585783541202545,0.7827895283699036,0.36754804849624634,0.7735267281532288,3.2717437744140625,3.2775726318359375
2212.0,0.36506015062332153,0.7766683101654053,0.3591006398200989,0.7835415005683899,0.36506015062332153,0.7766683101654053,3.281890869140625,3.2921905517578125
2216.0,0.3670622408390045,0.7725772261619568,0.3607174754142761,0.7817257642745972,0.3670622408390045,0.7725772261619568,3.2827911376953125,3.280181884765625
2220.0,0.36341381072998047,0.7769225239753723,0.3614385426044464,0.7838295698165894,0.36341381072998047,0.7769225239753723,3.27423095703125,3.2962646484375
2224.0,0.363962858915329,0.7801803350448608,0.35972002148628235,0.7787196636199951,0.363962858915329,0.7801803350448608,3.2686920166015625,3.300994873046875
2228.0,0.36404719948768616,0.7791231870651245,0.35762810707092285,0.7830777764320374,0.36404719948768616,0.7791231870651245,3.272247314453125,3.30731201171875
2232.0,0.36397141218185425,0.7760186791419983,0.35783565044403076,0.7833164930343628,0.36397141218185425,0.7760186791419983,3.279693603515625,3.292724609375
2236.0,0.36587846279144287,0.7774280309677124,0.35828694701194763,0.7798635363578796,0.36587846279144287,0.7774280309677124,3.275238037109375,3.2896270751953125
2240.0,0.3658803403377533,0.7758029699325562,0.3580411672592163,0.7845813632011414,0.3658803403377533,0.7758029699325562,3.2669830322265625,3.298553466796875
2244.0,0.36664947867393494,0.768995463848114,0.3596305847167969,0.7832337617874146,0.36664947867393494,0.768995463848114,3.2780914306640625,3.2728729248046875
2248.0,0.3668981194496155,0.776707112789154,0.35848668217658997,0.7882317304611206,0.3668981194496155,0.776707112789154,3.29150390625,3.312744140625
2252.0,0.3673747181892395,0.7718219757080078,0.3611010015010834,0.7828092575073242,0.3673747181892395,0.7718219757080078,3.2930145263671875,3.2993011474609375
2256.0,0.36750248074531555,0.7712349891662598,0.35876747965812683,0.7813414931297302,0.36750248074531555,0.7712349891662598,3.2881011962890625,3.2922210693359375
2260.0,0.36637869477272034,0.7739995121955872,0.3579891622066498,0.7880383133888245,0.36637869477272034,0.7739995121955872,3.28399658203125,3.303253173828125
2264.0,0.36495399475097656,0.7699320912361145,0.36035072803497314,0.7849291563034058,0.36495399475097656,0.7699320912361145,3.2818603515625,3.2993927001953125
2268.0,0.367042601108551,0.7696487903594971,0.35949626564979553,0.780608594417572,0.367042601108551,0.7696487903594971,3.2868194580078125,3.28887939453125
2272.0,0.37010279297828674,0.7728684544563293,0.36200183629989624,0.7821012139320374,0.37010279297828674,0.7728684544563293,3.27984619140625,3.3253631591796875
2276.0,0.36908093094825745,0.7720419764518738,0.36199280619621277,0.7856646776199341,0.36908093094825745,0.7720419764518738,3.2911224365234375,3.28662109375
2280.0,0.36948856711387634,0.7704727053642273,0.3593616485595703,0.7859437465667725,0.36948856711387634,0.7704727053642273,3.3010101318359375,3.2977447509765625
2284.0,0.3666818141937256,0.7636723518371582,0.36178597807884216,0.7847431302070618,0.3666818141937256,0.7636723518371582,3.2886199951171875,3.273040771484375
2288.0,0.36810845136642456,0.7724959850311279,0.361001580953598,0.7843343615531921,0.36810845136642456,0.7724959850311279,3.298614501953125,3.30096435546875
2292.0,0.36728760600090027,0.768848717212677,0.3621200919151306,0.7888419032096863,0.36728760600090027,0.768848717212677,3.298095703125,3.29931640625
2296.0,0.3682452142238617,0.7767114639282227,0.3603089451789856,0.7778602242469788,0.3682452142238617,0.7767114639282227,3.28717041015625,3.3197021484375
2300.0,0.36915087699890137,0.7759526371955872,0.36130648851394653,0.7852105498313904,0.36915087699890137,0.7759526371955872,3.289581298828125,3.2977294921875
2304.0,0.3666327893733978,0.7723746299743652,0.3599860668182373,0.7866218686103821,0.3666327893733978,0.7723746299743652,3.30352783203125,3.3111572265625
2308.0,0.36807942390441895,0.7694696187973022,0.35991278290748596,0.7834048867225647,0.36807942390441895,0.7694696187973022,3.2984619140625,3.294586181640625
2312.0,0.36957409977912903,0.7714065909385681,0.35904255509376526,0.7791208028793335,0.36957409977912903,0.7714065909385681,3.2830810546875,3.2988433837890625
2316.0,0.3709849417209625,0.767070472240448,0.3580644726753235,0.7777163982391357,0.3709849417209625,0.767070472240448,3.2725372314453125,3.27685546875
2320.0,0.36864736676216125,0.7654578685760498,0.3619467616081238,0.7804428339004517,0.36864736676216125,0.7654578685760498,3.289520263671875,3.296173095703125
2324.0,0.3646255135536194,0.7689274549484253,0.3617570102214813,0.782559871673584,0.3646255135536194,0.7689274549484253,3.2928466796875,3.3178558349609375
2328.0,0.3689267635345459,0.7694897055625916,0.35860949754714966,0.7791934609413147,0.3689267635345459,0.7694897055625916,3.280303955078125,3.304412841796875
2332.0,0.3674924671649933,0.7709082961082458,0.36187610030174255,0.7859522700309753,0.3674924671649933,0.7709082961082458,3.3044891357421875,3.3089141845703125
2336.0,0.36573031544685364,0.7725673913955688,0.3618210554122925,0.7788354754447937,0.36573031544685364,0.7725673913955688,3.300018310546875,3.30694580078125
2340.0,0.3679862320423126,0.7693997621536255,0.36105915904045105,0.7878062725067139,0.3679862320423126,0.7693997621536255,3.313751220703125,3.2988433837890625
2344.0,0.36603668332099915,0.7724015712738037,0.35979440808296204,0.783515453338623,0.36603668332099915,0.7724015712738037,3.299072265625,3.3111572265625
2348.0,0.3653296232223511,0.7705439925193787,0.36213287711143494,0.7808550596237183,0.3653296232223511,0.7705439925193787,3.286529541015625,3.3061676025390625
2352.0,0.3659464418888092,0.7640889883041382,0.36320608854293823,0.780415952205658,0.3659464418888092,0.7640889883041382,3.3094024658203125,3.301849365234375
2356.0,0.3651449978351593,0.7706035375595093,0.36131590604782104,0.7763437032699585,0.3651449978351593,0.7706035375595093,3.298675537109375,3.3094635009765625
2360.0,0.36440911889076233,0.7689003348350525,0.36138206720352173,0.7806254029273987,0.36440911889076233,0.7689003348350525,3.2977752685546875,3.282257080078125
2364.0,0.3651208281517029,0.7689589262008667,0.36089766025543213,0.7823285460472107,0.3651208281517029,0.7689589262008667,3.314697265625,3.28863525390625
2368.0,0.3622835874557495,0.766666829586029,0.36064839363098145,0.7814071774482727,0.3622835874557495,0.766666829586029,3.300262451171875,3.29669189453125
2372.0,0.3660602271556854,0.7722284197807312,0.36083340644836426,0.7840337753295898,0.3660602271556854,0.7722284197807312,3.310577392578125,3.3165435791015625
2376.0,0.36047306656837463,0.7712273001670837,0.3631841838359833,0.7791212797164917,0.36047306656837463,0.7712273001670837,3.30120849609375,3.30267333984375
2380.0,0.36379140615463257,0.7662913799285889,0.3600589334964752,0.7750597596168518,0.36379140615463257,0.7662913799285889,3.277587890625,3.2979278564453125
2384.0,0.36328041553497314,0.7726004719734192,0.3619471788406372,0.7777307033538818,0.36328041553497314,0.7726004719734192,3.3169097900390625,3.3187255859375
2388.0,0.3625692129135132,0.7742348909378052,0.36004769802093506,0.7783189415931702,0.3625692129135132,0.7742348909378052,3.307220458984375,3.3155975341796875
2392.0,0.3602941334247589,0.7674875855445862,0.3625679612159729,0.7769856452941895,0.3602941334247589,0.7674875855445862,3.2991180419921875,3.30108642578125
2396.0,0.36120325326919556,0.7724727392196655,0.3622351288795471,0.7774823904037476,0.36120325326919556,0.7724727392196655,3.304901123046875,3.322784423828125
2400.0,0.36123940348625183,0.7715985774993896,0.36229145526885986,0.7733606100082397,0.36123940348625183,0.7715985774993896,3.3069000244140625,3.3173675537109375
2404.0,0.36110422015190125,0.7727721333503723,0.36068859696388245,0.7790541052818298,0.36110422015190125,0.7727721333503723,3.3030242919921875,3.310394287109375
2408.0,0.36479833722114563,0.7727354168891907,0.3627944588661194,0.7745676636695862,0.36479833722114563,0.7727354168891907,3.2982940673828125,3.32525634765625
2412.0,0.3609323799610138,0.7741368412971497,0.3618209660053253,0.7766574621200562,0.3609323799610138,0.7741368412971497,3.30328369140625,3.3406982421875
2416.0,0.36235833168029785,0.7731543183326721,0.36406874656677246,0.7735119462013245,0.36235833168029785,0.7731543183326721,3.31488037109375,3.3263397216796875
2420.0,0.3643124997615814,0.7710930109024048,0.36443188786506653,0.7741426825523376,0.3643124997615814,0.7710930109024048,3.3165740966796875,3.3280029296875
2424.0,0.35998547077178955,0.7706155180931091,0.3631552457809448,0.7759511470794678,0.35998547077178955,0.7706155180931091,3.3203277587890625,3.3191680908203125
2428.0,0.36239156126976013,0.7723641395568848,0.36093631386756897,0.7751449942588806,0.36239156126976013,0.7723641395568848,3.32196044921875,3.3295745849609375
2432.0,0.3626670241355896,0.7737902402877808,0.36113303899765015,0.7742008566856384,0.3626670241355896,0.7737902402877808,3.3073272705078125,3.3433990478515625
2436.0,0.3647302985191345,0.768324077129364,0.363052636384964,0.7759870886802673,0.3647302985191345,0.768324077129364,3.3416748046875,3.3325653076171875
2440.0,0.36340266466140747,0.7730813026428223,0.36279335618019104,0.7740897536277771,0.36340266466140747,0.7730813026428223,3.330169677734375,3.3386077880859375
2444.0,0.3651319742202759,0.7767208814620972,0.3611063063144684,0.7748618125915527,0.3651319742202759,0.7767208814620972,3.3171539306640625,3.32220458984375
2448.0,0.36670541763305664,0.772923469543457,0.36275535821914673,0.7698617577552795,0.36670541763305664,0.772923469543457,3.3132781982421875,3.3459625244140625
2452.0,0.3683546185493469,0.7714780569076538,0.36056122183799744,0.7706084847450256,0.3683546185493469,0.7714780569076538,3.3162078857421875,3.3277130126953125
2456.0,0.3671407103538513,0.76884526014328,0.360772043466568,0.7727213501930237,0.3671407103538513,0.76884526014328,3.3223724365234375,3.3300933837890625
2460.0,0.3662518858909607,0.7743271589279175,0.36107441782951355,0.7687831521034241,0.3662518858909607,0.7743271589279175,3.3207855224609375,3.3564605712890625
2464.0,0.36581072211265564,0.7683727741241455,0.35989171266555786,0.7757808566093445,0.36581072211265564,0.7683727741241455,3.3235626220703125,3.3371429443359375
2468.0,0.36436155438423157,0.7738445401191711,0.36104831099510193,0.7776421904563904,0.36436155438423157,0.7738445401191711,3.3432464599609375,3.342193603515625
2472.0,0.36806628108024597,0.769954264163971,0.3583531379699707,0.7757111191749573,0.36806628108024597,0.769954264163971,3.3292694091796875,3.348388671875
2476.0,0.36526617407798767,0.7746055722236633,0.35826602578163147,0.7751142978668213,0.36526617407798767,0.7746055722236633,3.317901611328125,3.3395233154296875
2480.0,0.3663352429866791,0.7759570479393005,0.362047404050827,0.7762517929077148,0.3663352429866791,0.7759570479393005,3.343994140625,3.356475830078125
2484.0,0.3661194145679474,0.775222897529602,0.36250513792037964,0.7777647972106934,0.3661194145679474,0.775222897529602,3.326507568359375,3.3507537841796875
2488.0,0.3671259582042694,0.7753987908363342,0.3606763780117035,0.7743797898292542,0.3671259582042694,0.7753987908363342,3.31390380859375,3.3474884033203125
2492.0,0.3648868203163147,0.7736182808876038,0.36211222410202026,0.771661102771759,0.3648868203163147,0.7736182808876038,3.329132080078125,3.3543853759765625
2496.0,0.3641815185546875,0.7758895754814148,0.3598213195800781,0.7759552001953125,0.3641815185546875,0.7758895754814148,3.3342742919921875,3.3556365966796875
2500.0,0.36238181591033936,0.7735222578048706,0.36059334874153137,0.7806503772735596,0.36238181591033936,0.7735222578048706,3.33917236328125,3.3517608642578125
2504.0,0.3667180836200714,0.7718422412872314,0.36007899045944214,0.7797183990478516,0.3667180836200714,0.7718422412872314,3.3377838134765625,3.351776123046875
2508.0,0.36484014987945557,0.7734988927841187,0.3601904809474945,0.7789921164512634,0.36484014987945557,0.7734988927841187,3.3389892578125,3.353912353515625
2512.0,0.36430448293685913,0.7740562558174133,0.3591080605983734,0.7744914889335632,0.36430448293685913,0.7740562558174133,3.322845458984375,3.3499908447265625
2516.0,0.3697822391986847,0.7707195281982422,0.3646523058414459,0.7747872471809387,0.3697822391986847,0.7707195281982422,3.340423583984375,3.359771728515625
2520.0,0.3793736696243286,0.7755308747291565,0.37336936593055725,0.7762889266014099,0.3793736696243286,0.7755308747291565,3.3327789306640625,3.351348876953125
2524.0,0.3966526985168457,0.7820578813552856,0.38748419284820557,0.782972514629364,0.3966526985168457,0.7820578813552856,3.3309783935546875,3.3634796142578125
2528.0,0.4238808751106262,0.7760584354400635,0.4015219807624817,0.7826114296913147,0.4238808751106262,0.7760584354400635,3.3474578857421875,3.3220977783203125
2532.0,0.4360594153404236,0.7735611796379089,0.42117565870285034,0.7825658321380615,0.4360594153404236,0.7735611796379089,3.3299102783203125,3.3320465087890625
2536.0,0.45274433493614197,0.7756572365760803,0.43327465653419495,0.7839493155479431,0.45274433493614197,0.7756572365760803,3.346527099609375,3.3242645263671875
2540.0,0.45600610971450806,0.771213948726654,0.43691307306289673,0.7780129909515381,0.45600610971450806,0.771213948726654,3.344940185546875,3.29803466796875
2544.0,0.4613232910633087,0.7671505212783813,0.43965813517570496,0.7738853096961975,0.4613232910633087,0.7671505212783813,3.3509674072265625,3.300628662109375
2548.0,0.4551929235458374,0.7667374014854431,0.438456267118454,0.7754987478256226,0.4551929235458374,0.7667374014854431,3.3430023193359375,3.3099212646484375
2552.0,0.45672062039375305,0.7706958055496216,0.44018858671188354,0.7775607109069824,0.45672062039375305,0.7706958055496216,3.3580780029296875,3.2999267578125
2556.0,0.4478033781051636,0.760330855846405,0.43688300251960754,0.7794588804244995,0.4478033781051636,0.760330855846405,3.3411865234375,3.313018798828125
2560.0,0.4459918141365051,0.7718968391418457,0.4344952702522278,0.778176486492157,0.4459918141365051,0.7718968391418457,3.3506317138671875,3.3336334228515625
2564.0,0.4517870843410492,0.7741504311561584,0.4364565312862396,0.7858285307884216,0.4517870843410492,0.7741504311561584,3.357421875,3.3289337158203125
2568.0,0.4560435116291046,0.7698724865913391,0.4433356523513794,0.7836441993713379,0.4560435116291046,0.7698724865913391,3.356719970703125,3.31524658203125
2572.0,0.45769205689430237,0.7661987543106079,0.4377402663230896,0.7831102013587952,0.45769205689430237,0.7661987543106079,3.345916748046875,3.299530029296875
2576.0,0.456240177154541,0.7777314186096191,0.4401281177997589,0.7854722142219543,0.456240177154541,0.7777314186096191,3.3626251220703125,3.3195037841796875
2580.0,0.4557061493396759,0.7758433818817139,0.4422934055328369,0.7889649868011475,0.4557061493396759,0.7758433818817139,3.373260498046875,3.3279266357421875
2584.0,0.4565410912036896,0.7765714526176453,0.44436705112457275,0.7909303307533264,0.4565410912036896,0.7765714526176453,3.3759002685546875,3.324249267578125
2588.0,0.44864460825920105,0.7825521230697632,0.4409116208553314,0.7872748374938965,0.44864460825920105,0.7825521230697632,3.360870361328125,3.3505401611328125
2592.0,0.4521304666996002,0.7772164940834045,0.4409753382205963,0.7815685868263245,0.4521304666996002,0.7772164940834045,3.3543243408203125,3.347198486328125
2596.0,0.4528583586215973,0.7767387628555298,0.4431014358997345,0.7923047542572021,0.4528583586215973,0.7767387628555298,3.3692169189453125,3.3301239013671875
2600.0,0.4521522521972656,0.7746162414550781,0.4439724087715149,0.7874577641487122,0.4521522521972656,0.7746162414550781,3.3700714111328125,3.3215789794921875
2604.0,0.4524553418159485,0.7756273150444031,0.44410061836242676,0.7931820154190063,0.4524553418159485,0.7756273150444031,3.371002197265625,3.3068084716796875
2608.0,0.45060890913009644,0.7769167423248291,0.4426618814468384,0.7911187410354614,0.45060890913009644,0.7769167423248291,3.364654541015625,3.3427581787109375
2612.0,0.4507921040058136,0.7752245664596558,0.44272351264953613,0.7918856739997864,0.4507921040058136,0.7752245664596558,3.36126708984375,3.3263397216796875
2616.0,0.45181331038475037,0.7774021625518799,0.44368839263916016,0.7898175120353699,0.45181331038475037,0.7774021625518799,3.35760498046875,3.317230224609375
2620.0,0.4506884515285492,0.7765196561813354,0.4433385133743286,0.7889156937599182,0.4506884515285492,0.7765196561813354,3.36395263671875,3.3344573974609375
2624.0,0.45026782155036926,0.7756643295288086,0.4442840814590454,0.7932569980621338,0.45026782155036926,0.7756643295288086,3.381378173828125,3.331085205078125
2628.0,0.4496994912624359,0.777789294719696,0.44712668657302856,0.7869528532028198,0.4496994912624359,0.777789294719696,3.371185302734375,3.3421630859375
2632.0,0.4512217342853546,0.7708433866500854,0.4441740810871124,0.7892979383468628,0.4512217342853546,0.7708433866500854,3.360809326171875,3.3122406005859375
2636.0,0.45206043124198914,0.7731257081031799,0.4435497522354126,0.7889313697814941,0.45206043124198914,0.7731257081031799,3.3668060302734375,3.3255767822265625
2640.0,0.4519810080528259,0.773485541343689,0.4455636739730835,0.7888041734695435,0.4519810080528259,0.773485541343689,3.362701416015625,3.311309814453125
2644.0,0.45258447527885437,0.7768003344535828,0.4445417523384094,0.7894814610481262,0.45258447527885437,0.7768003344535828,3.373809814453125,3.32281494140625
2648.0,0.45364779233932495,0.7782148122787476,0.4449634253978729,0.7934133410453796,0.45364779233932495,0.7782148122787476,3.36749267578125,3.3415374755859375
2652.0,0.4545231759548187,0.7741239666938782,0.4443696141242981,0.788989782333374,0.4545231759548187,0.7741239666938782,3.3820037841796875,3.3134002685546875
2656.0,0.4514259696006775,0.7774733901023865,0.4464761018753052,0.7872574329376221,0.4514259696006775,0.7774733901023865,3.374267578125,3.348907470703125
2660.0,0.45048069953918457,0.7797492146492004,0.44268685579299927,0.7895323038101196,0.45048069953918457,0.7797492146492004,3.362274169921875,3.328826904296875
2664.0,0.4534616470336914,0.7798116207122803,0.44222718477249146,0.7879175543785095,0.4534616470336914,0.7798116207122803,3.380035400390625,3.34149169921875
2668.0,0.45161205530166626,0.7779363393783569,0.4410974681377411,0.784022867679596,0.45161205530166626,0.7779363393783569,3.370635986328125,3.3384857177734375
2672.0,0.4558955430984497,0.7734537720680237,0.4429122507572174,0.789304256439209,0.4558955430984497,0.7734537720680237,3.3936309814453125,3.3232421875
2676.0,0.455841600894928,0.7746325731277466,0.44297873973846436,0.7910599708557129,0.455841600894928,0.7746325731277466,3.391632080078125,3.3176422119140625
2680.0,0.4567137062549591,0.7748925685882568,0.4382834732532501,0.7856002449989319,0.4567137062549591,0.7748925685882568,3.379425048828125,3.3253021240234375
2684.0,0.4505231976509094,0.7777444124221802,0.44269534945487976,0.7860196828842163,0.4505231976509094,0.7777444124221802,3.38134765625,3.34295654296875
2688.0,0.4553530216217041,0.7695573568344116,0.44243893027305603,0.7895167469978333,0.4553530216217041,0.7695573568344116,3.378204345703125,3.301666259765625
2692.0,0.4543076753616333,0.7751848101615906,0.4429175853729248,0.7941170930862427,0.4543076753616333,0.7751848101615906,3.3871917724609375,3.3046875
2696.0,0.4532431960105896,0.773475706577301,0.4444224536418915,0.786950945854187,0.4532431960105896,0.773475706577301,3.38287353515625,3.319427490234375
2700.0,0.4489040672779083,0.7787020802497864,0.44638583064079285,0.7913686633110046,0.4489040672779083,0.7787020802497864,3.4043121337890625,3.3316497802734375
2704.0,0.44929400086402893,0.7728399634361267,0.4460587501525879,0.785051703453064,0.44929400086402893,0.7728399634361267,3.3836669921875,3.3314971923828125
2708.0,0.45015013217926025,0.7684029936790466,0.4413916766643524,0.7890477180480957,0.45015013217926025,0.7684029936790466,3.3693389892578125,3.308563232421875
2712.0,0.45334094762802124,0.7730148434638977,0.4444773197174072,0.7822496891021729,0.45334094762802124,0.7730148434638977,3.3639373779296875,3.3060150146484375
2716.0,0.45606446266174316,0.7783956527709961,0.44627082347869873,0.7860102653503418,0.45606446266174316,0.7783956527709961,3.384124755859375,3.3000030517578125
2720.0,0.4529726207256317,0.7726022005081177,0.4475475251674652,0.7853350043296814,0.4529726207256317,0.7726022005081177,3.362945556640625,3.3175811767578125
2724.0,0.4553777277469635,0.7735505104064941,0.4463871419429779,0.7855955362319946,0.4553777277469635,0.7735505104064941,3.37060546875,3.3037567138671875
2728.0,0.45462164282798767,0.7751708030700684,0.4468006193637848,0.7862984538078308,0.45462164282798767,0.7751708030700684,3.3505859375,3.2964935302734375
2732.0,0.45415329933166504,0.7738880515098572,0.44505947828292847,0.7873530983924866,0.45415329933166504,0.7738880515098572,3.36224365234375,3.299713134765625
2736.0,0.45341774821281433,0.7770044803619385,0.4465002119541168,0.7829349637031555,0.45341774821281433,0.7770044803619385,3.3686676025390625,3.3033905029296875
2740.0,0.4569249153137207,0.7736940979957581,0.4470408260822296,0.7888995409011841,0.4569249153137207,0.7736940979957581,3.381103515625,3.2859954833984375
2744.0,0.4547143578529358,0.7765381932258606,0.44546687602996826,0.787021815776825,0.4547143578529358,0.7765381932258606,3.35748291015625,3.3021392822265625
2748.0,0.4544622600078583,0.7795447707176208,0.44753745198249817,0.7856060862541199,0.4544622600078583,0.7795447707176208,3.35906982421875,3.2897186279296875
2752.0,0.45632824301719666,0.7720511555671692,0.4487645924091339,0.7837770581245422,0.45632824301719666,0.7720511555671692,3.349639892578125,3.2730712890625
2756.0,0.4553285837173462,0.7749587297439575,0.44688382744789124,0.7832714319229126,0.4553285837173462,0.7749587297439575,3.3507232666015625,3.2821807861328125
2760.0,0.45012491941452026,0.7878022789955139,0.44767308235168457,0.7864812612533569,0.45012491941452026,0.7878022789955139,3.359344482421875,3.3191375732421875
2764.0,0.4554550051689148,0.7775397896766663,0.4462726414203644,0.7875715494155884,0.4554550051689148,0.7775397896766663,3.3591461181640625,3.2910003662109375
2768.0,0.452860951423645,0.776519238948822,0.44497814774513245,0.7861176133155823,0.452860951423645,0.776519238948822,3.35455322265625,3.307098388671875
2772.0,0.4533592462539673,0.7755608558654785,0.44271156191825867,0.7819730043411255,0.4533592462539673,0.7755608558654785,3.33782958984375,3.2822113037109375
2776.0,0.4527996778488159,0.7762115597724915,0.445586621761322,0.78654944896698,0.4527996778488159,0.7762115597724915,3.3467254638671875,3.2877197265625
2780.0,0.45146995782852173,0.7742528319358826,0.446204274892807,0.7835730910301208,0.45146995782852173,0.7742528319358826,3.3611297607421875,3.29034423828125
2784.0,0.4569568932056427,0.7778686285018921,0.4468590021133423,0.7842288017272949,0.4569568932056427,0.7778686285018921,3.33502197265625,3.266082763671875
2788.0,0.45553597807884216,0.7765774130821228,0.4460810124874115,0.7850112915039062,0.45553597807884216,0.7765774130821228,3.3444671630859375,3.2904205322265625
2792.0,0.4563584327697754,0.7804478406906128,0.44307941198349,0.7845824956893921,0.4563584327697754,0.7804478406906128,3.343017578125,3.296783447265625
2796.0,0.47129252552986145,0.7837011218070984,0.4542153477668762,0.787074625492096,0.47129252552986145,0.7837011218070984,3.3552398681640625,3.2781829833984375
2800.0,0.4836226999759674,0.7854172587394714,0.46759316325187683,0.7850311398506165,0.4836226999759674,0.7854172587394714,3.345916748046875,3.2789459228515625
2804.0,0.5003503561019897,0.7831573486328125,0.4852057695388794,0.7852501273155212,0.5003503561019897,0.7831573486328125,3.3381805419921875,3.283966064453125
2808.0,0.510710597038269,0.7827518582344055,0.4978666305541992,0.7807753682136536,0.510710597038269,0.7827518582344055,3.3447113037109375,3.2890625
2812.0,0.5190433859825134,0.7851526737213135,0.49904385209083557,0.7806650400161743,0.5190433859825134,0.7851526737213135,3.3400115966796875,3.2832183837890625
2816.0,0.5218542218208313,0.7770258188247681,0.5054821968078613,0.7784491181373596,0.5218542218208313,0.7770258188247681,3.340087890625,3.2684326171875
2820.0,0.5264902114868164,0.7848823666572571,0.508963406085968,0.7808700203895569,0.5264902114868164,0.7848823666572571,3.3291778564453125,3.27362060546875
2824.0,0.5221068263053894,0.7863720655441284,0.5085143446922302,0.7799242734909058,0.5221068263053894,0.7863720655441284,3.3275604248046875,3.274871826171875
2828.0,0.5159167051315308,0.7847431898117065,0.508438229560852,0.7752407789230347,0.5159167051315308,0.7847431898117065,3.336578369140625,3.2698516845703125
2832.0,0.518429160118103,0.7877324819564819,0.5015791654586792,0.7846144437789917,0.518429160118103,0.7877324819564819,3.3408203125,3.26519775390625
2836.0,0.5193299055099487,0.7866982221603394,0.5053482055664062,0.7753923535346985,0.5193299055099487,0.7866982221603394,3.3206634521484375,3.26776123046875
2840.0,0.5193936228752136,0.7852977514266968,0.5074549317359924,0.7778473496437073,0.5193936228752136,0.7852977514266968,3.33697509765625,3.24505615234375
2844.0,0.5205658674240112,0.7821119427680969,0.5077289342880249,0.7798999547958374,0.5205658674240112,0.7821119427680969,3.3426055908203125,3.2392578125
2848.0,0.523297905921936,0.7849883437156677,0.506711483001709,0.7801181674003601,0.523297905921936,0.7849883437156677,3.2891082763671875,3.2599945068359375
2852.0,0.5223563313484192,0.7868835926055908,0.5097925066947937,0.7770150899887085,0.5223563313484192,0.7868835926055908,3.312042236328125,3.2734222412109375
2856.0,0.5182771682739258,0.7847362160682678,0.5101137161254883,0.7762983441352844,0.5182771682739258,0.7847362160682678,3.304840087890625,3.2899932861328125
2860.0,0.5230664610862732,0.7823290824890137,0.5083214640617371,0.7804399132728577,0.5230664610862732,0.7823290824890137,3.3241119384765625,3.2544708251953125
2864.0,0.5210607051849365,0.7852089405059814,0.5094131827354431,0.7780570983886719,0.5210607051849365,0.7852089405059814,3.304290771484375,3.257080078125
2868.0,0.5199976563453674,0.7816725969314575,0.5121882557868958,0.778986394405365,0.5199976563453674,0.7816725969314575,3.3089447021484375,3.2503204345703125
2872.0,0.5175357460975647,0.7835109829902649,0.5080253481864929,0.7799190878868103,0.5175357460975647,0.7835109829902649,3.314727783203125,3.254547119140625
2876.0,0.5171802043914795,0.7871562242507935,0.5076115727424622,0.7725001573562622,0.5171802043914795,0.7871562242507935,3.2940673828125,3.2640838623046875
2880.0,0.5207995772361755,0.7883051633834839,0.5098310708999634,0.7780870795249939,0.5207995772361755,0.7883051633834839,3.3052978515625,3.2728424072265625
2884.0,0.5212971568107605,0.7864176034927368,0.5107781887054443,0.7748206257820129,0.5212971568107605,0.7864176034927368,3.297149658203125,3.2639923095703125
2888.0,0.5169278383255005,0.7842198014259338,0.5110461115837097,0.7793765664100647,0.5169278383255005,0.7842198014259338,3.309478759765625,3.2569732666015625
2892.0,0.5184443593025208,0.7824193239212036,0.5150020718574524,0.7777443528175354,0.5184443593025208,0.7824193239212036,3.3116607666015625,3.247955322265625
2896.0,0.5171602368354797,0.7891846895217896,0.5133952498435974,0.7822234630584717,0.5171602368354797,0.7891846895217896,3.316192626953125,3.247894287109375
2900.0,0.5148239135742188,0.7895815372467041,0.5099011659622192,0.7767658233642578,0.5148239135742188,0.7895815372467041,3.289764404296875,3.26824951171875
2904.0,0.5153157114982605,0.7846453785896301,0.510326087474823,0.7791733741760254,0.5153157114982605,0.7846453785896301,3.291900634765625,3.257110595703125
2908.0,0.5145029425621033,0.7884581089019775,0.5123980045318604,0.7749570608139038,0.5145029425621033,0.7884581089019775,3.294586181640625,3.2445831298828125
2912.0,0.5177708268165588,0.7824779748916626,0.5093124508857727,0.7816255688667297,0.5177708268165588,0.7824779748916626,3.29669189453125,3.23681640625
2916.0,0.5169167518615723,0.7862896919250488,0.5112041234970093,0.7775893807411194,0.5169167518615723,0.7862896919250488,3.2941131591796875,3.2529144287109375
2920.0,0.518236517906189,0.781261146068573,0.5092995762825012,0.7799512147903442,0.518236517906189,0.781261146068573,3.29962158203125,3.23724365234375
2924.0,0.5169723033905029,0.7846054434776306,0.5160148739814758,0.7803237438201904,0.5169723033905029,0.7846054434776306,3.304901123046875,3.2444610595703125
2928.0,0.5163303017616272,0.7842739224433899,0.5108328461647034,0.7734183669090271,0.5163303017616272,0.7842739224433899,3.3081817626953125,3.2436065673828125
2932.0,0.5196020603179932,0.78990638256073,0.5138668417930603,0.7787169218063354,0.5196020603179932,0.78990638256073,3.310882568359375,3.2469482421875
2936.0,0.5178909301757812,0.7863417267799377,0.5082486867904663,0.7790895700454712,0.5178909301757812,0.7863417267799377,3.3092041015625,3.2496185302734375
2940.0,0.5204747319221497,0.7847896218299866,0.5094661712646484,0.7739105820655823,0.5204747319221497,0.7847896218299866,3.2987518310546875,3.238372802734375
2944.0,0.5167098641395569,0.7858585119247437,0.510155200958252,0.7766256928443909,0.5167098641395569,0.7858585119247437,3.2913360595703125,3.2679290771484375
2948.0,0.5180150866508484,0.7880309224128723,0.5064767599105835,0.7779529094696045,0.5180150866508484,0.7880309224128723,3.286163330078125,3.252288818359375
2952.0,0.5183542966842651,0.7885051965713501,0.5089194178581238,0.7774452567100525,0.5183542966842651,0.7885051965713501,3.3123321533203125,3.256988525390625
2956.0,0.5207502245903015,0.786040723323822,0.5076012015342712,0.7768120169639587,0.5207502245903015,0.786040723323822,3.2998809814453125,3.2368927001953125
2960.0,0.5205106735229492,0.7877277135848999,0.5074471831321716,0.7733985781669617,0.5205106735229492,0.7877277135848999,3.301025390625,3.26873779296875
2964.0,0.5207014679908752,0.7883131504058838,0.5034624934196472,0.7775086164474487,0.5207014679908752,0.7883131504058838,3.3148345947265625,3.2643280029296875
2968.0,0.5213980078697205,0.7822971940040588,0.5092087388038635,0.778083324432373,0.5213980078697205,0.7822971940040588,3.28961181640625,3.2601165771484375
2972.0,0.5200655460357666,0.7851272225379944,0.5060029625892639,0.775901198387146,0.5200655460357666,0.7851272225379944,3.2875213623046875,3.257354736328125
2976.0,0.5221678018569946,0.7825148701667786,0.5081472992897034,0.7759159803390503,0.5221678018569946,0.7825148701667786,3.303924560546875,3.236968994140625
2980.0,0.5221595168113708,0.7874606847763062,0.5083642601966858,0.7757390737533569,0.5221595168113708,0.7874606847763062,3.2921905517578125,3.2620849609375
2984.0,0.5213046669960022,0.7855058312416077,0.5058826208114624,0.7716913223266602,0.5213046669960022,0.7855058312416077,3.2930755615234375,3.2634429931640625
2988.0,0.5197796821594238,0.7828952074050903,0.5069936513900757,0.7771709561347961,0.5197796821594238,0.7828952074050903,3.2984466552734375,3.2555999755859375
2992.0,0.5193877816200256,0.7815811634063721,0.5081962943077087,0.7776715755462646,0.5193877816200256,0.7815811634063721,3.27728271484375,3.2459716796875
2996.0,0.5211315155029297,0.7833330631256104,0.5111216902732849,0.7805339694023132,0.5211315155029297,0.7833330631256104,3.29620361328125,3.254425048828125
3000.0,0.5226910710334778,0.7839675545692444,0.5097161531448364,0.7739521861076355,0.5226910710334778,0.7839675545692444,3.2935943603515625,3.2532806396484375
3004.0,0.5212039947509766,0.7824752330780029,0.5119017958641052,0.773923397064209,0.5212039947509766,0.7824752330780029,3.289642333984375,3.2340850830078125
3008.0,0.5194350481033325,0.7860183119773865,0.5116294622421265,0.7740992307662964,0.5194350481033325,0.7860183119773865,3.30419921875,3.2475433349609375
3012.0,0.5154322385787964,0.782861053943634,0.5143377184867859,0.7818140983581543,0.5154322385787964,0.782861053943634,3.306365966796875,3.266510009765625
3016.0,0.5198349952697754,0.7787025570869446,0.5123351216316223,0.7776373028755188,0.5198349952697754,0.7787025570869446,3.3032684326171875,3.24420166015625
3020.0,0.5180999636650085,0.7849708199501038,0.5149000287055969,0.7773086428642273,0.5180999636650085,0.7849708199501038,3.3022918701171875,3.2740020751953125
3024.0,0.5199666023254395,0.7836729288101196,0.5106894969940186,0.7786259651184082,0.5199666023254395,0.7836729288101196,3.306793212890625,3.2530670166015625
3028.0,0.5178571939468384,0.7816052436828613,0.513368546962738,0.7726404666900635,0.5178571939468384,0.7816052436828613,3.3036651611328125,3.251251220703125
3032.0,0.517124593257904,0.7814784646034241,0.5127936601638794,0.7763432860374451,0.517124593257904,0.7814784646034241,3.3077545166015625,3.25970458984375
3036.0,0.517809271812439,0.7843440175056458,0.5145444869995117,0.7725875377655029,0.517809271812439,0.7843440175056458,3.2946624755859375,3.2696990966796875
3040.0,0.5158907771110535,0.781047523021698,0.5116677284240723,0.7721748352050781,0.5158907771110535,0.781047523021698,3.3033447265625,3.26275634765625
3044.0,0.5174326300621033,0.7819148898124695,0.5117406845092773,0.7832891345024109,0.5174326300621033,0.7819148898124695,3.3325042724609375,3.279022216796875
3048.0,0.5159287452697754,0.7824900150299072,0.5150324106216431,0.7767878770828247,0.5159287452697754,0.7824900150299072,3.31634521484375,3.270111083984375
3052.0,0.518294632434845,0.777691125869751,0.5132222771644592,0.7737204432487488,0.518294632434845,0.777691125869751,3.2962799072265625,3.248870849609375
3056.0,0.5141540169715881,0.7815910577774048,0.5049839019775391,0.7756654620170593,0.5141540169715881,0.7815910577774048,3.289306640625,3.2694244384765625
3060.0,0.5087769627571106,0.78492271900177,0.4993331730365753,0.7760941386222839,0.5087769627571106,0.78492271900177,3.3051910400390625,3.274688720703125
3064.0,0.5031954646110535,0.7818250060081482,0.4891543388366699,0.7793440818786621,0.5031954646110535,0.7818250060081482,3.3041229248046875,3.2697906494140625
3068.0,0.5004059672355652,0.7788613438606262,0.4923945963382721,0.7802867293357849,0.5004059672355652,0.7788613438606262,3.3016815185546875,3.264892578125
3072.0,0.5058006644248962,0.7811515927314758,0.49566808342933655,0.7779926061630249,0.5058006644248962,0.7811515927314758,3.3016357421875,3.2823028564453125
3076.0,0.506183385848999,0.7794950604438782,0.5006003975868225,0.7722291350364685,0.506183385848999,0.7794950604438782,3.3050384521484375,3.2802734375
3080.0,0.5071927309036255,0.7846788167953491,0.5029861330986023,0.7753673195838928,0.5071927309036255,0.7846788167953491,3.30572509765625,3.2693634033203125
3084.0,0.5033338069915771,0.7847078442573547,0.49849528074264526,0.7761020660400391,0.5033338069915771,0.7847078442573547,3.2975616455078125,3.2794647216796875
3088.0,0.5054512023925781,0.7821500897407532,0.4986796975135803,0.7749511003494263,0.5054512023925781,0.7821500897407532,3.2970733642578125,3.265899658203125
3092.0,0.506351888179779,0.7820088863372803,0.49745744466781616,0.7745029926300049,0.506351888179779,0.7820088863372803,3.2996673583984375,3.2907867431640625
3096.0,0.50825434923172,0.7813130021095276,0.4967536926269531,0.7786630988121033,0.50825434923172,0.7813130021095276,3.301361083984375,3.2656707763671875
3100.0,0.5055812001228333,0.7802306413650513,0.49866998195648193,0.7772156596183777,0.5055812001228333,0.7802306413650513,3.3046417236328125,3.2696075439453125
3104.0,0.5078220963478088,0.779312789440155,0.5004276633262634,0.7832239270210266,0.5078220963478088,0.779312789440155,3.31707763671875,3.2708740234375
3108.0,0.5067865252494812,0.7763391137123108,0.49931031465530396,0.7850233912467957,0.5067865252494812,0.7763391137123108,3.3196258544921875,3.2596282958984375
3112.0,0.5157260298728943,0.7806317806243896,0.5027080178260803,0.7803351283073425,0.5157260298728943,0.7806317806243896,3.2861328125,3.2747344970703125
3116.0,0.5303919911384583,0.7848514318466187,0.5207019448280334,0.7808384299278259,0.5303919911384583,0.7848514318466187,3.2936553955078125,3.2712249755859375
3120.0,0.5494357943534851,0.7891268134117126,0.5324249863624573,0.7801417708396912,0.5494357943534851,0.7891268134117126,3.2978668212890625,3.27557373046875
3124.0,0.559338390827179,0.7806318998336792,0.5439308881759644,0.7751962542533875,0.559338390827179,0.7806318998336792,3.2779083251953125,3.2867279052734375
3128.0,0.565341591835022,0.7872947454452515,0.5510697364807129,0.7718096971511841,0.565341591835022,0.7872947454452515,3.302490234375,3.2981109619140625
3132.0,0.5660204887390137,0.7834376692771912,0.5566335320472717,0.767799973487854,0.5660204887390137,0.7834376692771912,3.3054046630859375,3.28289794921875
3136.0,0.5731956958770752,0.7781561613082886,0.5590956211090088,0.7703491449356079,0.5731956958770752,0.7781561613082886,3.285064697265625,3.2800140380859375
3140.0,0.5714808106422424,0.7800270318984985,0.5603877305984497,0.7728897929191589,0.5714808106422424,0.7800270318984985,3.28704833984375,3.2715911865234375
3144.0,0.570228099822998,0.7771409749984741,0.559320330619812,0.7743963599205017,0.570228099822998,0.7771409749984741,3.299835205078125,3.2686004638671875
3148.0,0.5655522346496582,0.7738198637962341,0.558621883392334,0.7768720984458923,0.5655522346496582,0.7738198637962341,3.28826904296875,3.2804107666015625
3152.0,0.5665018558502197,0.7771227955818176,0.5544032454490662,0.7793402671813965,0.5665018558502197,0.7771227955818176,3.3026123046875,3.2724456787109375
3156.0,0.5663883090019226,0.7772299647331238,0.5584340691566467,0.7689026594161987,0.5663883090019226,0.7772299647331238,3.280426025390625,3.2883758544921875
3160.0,0.5674407482147217,0.7791722416877747,0.5614349842071533,0.7732757329940796,0.5674407482147217,0.7791722416877747,3.2941436767578125,3.2856292724609375
3164.0,0.570715606212616,0.7760407328605652,0.5611279010772705,0.7682897448539734,0.570715606212616,0.7760407328605652,3.2835540771484375,3.2799530029296875
3168.0,0.5706747174263,0.778040885925293,0.5606948137283325,0.7697476148605347,0.5706747174263,0.778040885925293,3.2605743408203125,3.270172119140625
3172.0,0.5706954002380371,0.7784258723258972,0.5625253319740295,0.7732378244400024,0.5706954002380371,0.7784258723258972,3.2782745361328125,3.2790069580078125
3176.0,0.5737212300300598,0.7759684324264526,0.5620768666267395,0.7712202668190002,0.5737212300300598,0.7759684324264526,3.2854766845703125,3.272125244140625
3180.0,0.5712247490882874,0.7817295789718628,0.561962366104126,0.7693013548851013,0.5712247490882874,0.7817295789718628,3.27947998046875,3.2909088134765625
3184.0,0.5700277090072632,0.7804551720619202,0.5625851154327393,0.7735373377799988,0.5700277090072632,0.7804551720619202,3.2788238525390625,3.279571533203125
3188.0,0.5715075731277466,0.7730114459991455,0.5616657137870789,0.7704523205757141,0.5715075731277466,0.7730114459991455,3.2736358642578125,3.269805908203125
3192.0,0.5699992179870605,0.778077244758606,0.5601823925971985,0.7720574736595154,0.5699992179870605,0.778077244758606,3.282623291015625,3.2890167236328125
3196.0,0.5732857584953308,0.7822482585906982,0.5628327131271362,0.7690696120262146,0.5732857584953308,0.7822482585906982,3.28155517578125,3.289520263671875
3200.0,0.5737587213516235,0.7827149629592896,0.563481330871582,0.7746171355247498,0.5737587213516235,0.7827149629592896,3.2814788818359375,3.286895751953125
3204.0,0.5722993016242981,0.7761639356613159,0.5613616108894348,0.7692329287528992,0.5722993016242981,0.7761639356613159,3.2811737060546875,3.2679595947265625
3208.0,0.5743760466575623,0.7794647812843323,0.5622920393943787,0.7738569378852844,0.5743760466575623,0.7794647812843323,3.29315185546875,3.2777557373046875
3212.0,0.574303388595581,0.7806681394577026,0.5640472769737244,0.7716851234436035,0.574303388595581,0.7806681394577026,3.2840423583984375,3.2736053466796875
3216.0,0.5751262307167053,0.7829457521438599,0.5607151389122009,0.7756315469741821,0.5751262307167053,0.7829457521438599,3.299713134765625,3.2785186767578125
3220.0,0.5755208730697632,0.77892005443573,0.5668096542358398,0.7687979340553284,0.5755208730697632,0.77892005443573,3.2838287353515625,3.2670135498046875
3224.0,0.576805830001831,0.785469651222229,0.5638396143913269,0.771597683429718,0.576805830001831,0.785469651222229,3.290435791015625,3.29144287109375
3228.0,0.5751920342445374,0.7777000069618225,0.5638232827186584,0.7769875526428223,0.5751920342445374,0.7777000069618225,3.2962799072265625,3.2804107666015625
3232.0,0.5741450190544128,0.781356692314148,0.5631171464920044,0.7695338726043701,0.5741450190544128,0.781356692314148,3.2906951904296875,3.2877349853515625
3236.0,0.5725581645965576,0.7825305461883545,0.5644080638885498,0.7724356055259705,0.5725581645965576,0.7825305461883545,3.2810516357421875,3.2980499267578125
3240.0,0.57301926612854,0.7778646945953369,0.5651031732559204,0.7702222466468811,0.57301926612854,0.7778646945953369,3.282867431640625,3.259521484375
3244.0,0.5734541416168213,0.7785106897354126,0.5666484832763672,0.7675693035125732,0.5734541416168213,0.7785106897354126,3.26898193359375,3.2829132080078125
3248.0,0.578178882598877,0.7822572588920593,0.5608985424041748,0.7734329104423523,0.578178882598877,0.7822572588920593,3.2701416015625,3.2717437744140625
3252.0,0.5730502605438232,0.7813233137130737,0.561813473701477,0.771964430809021,0.5730502605438232,0.7813233137130737,3.281646728515625,3.281982421875
3256.0,0.5743905305862427,0.7745683193206787,0.5616626143455505,0.7702950239181519,0.5743905305862427,0.7745683193206787,3.2736358642578125,3.26397705078125
3260.0,0.5762262940406799,0.7789220213890076,0.5616600513458252,0.7703404426574707,0.5762262940406799,0.7789220213890076,3.2821197509765625,3.277130126953125
3264.0,0.5734884142875671,0.7798324823379517,0.5641229748725891,0.7674350142478943,0.5734884142875671,0.7798324823379517,3.2899017333984375,3.27783203125
3268.0,0.5736956596374512,0.7815729975700378,0.5637394785881042,0.77105313539505,0.5736956596374512,0.7815729975700378,3.2833099365234375,3.270599365234375
3272.0,0.5735270380973816,0.7790687680244446,0.5636979937553406,0.7740511894226074,0.5735270380973816,0.7790687680244446,3.2834625244140625,3.2806396484375
3276.0,0.5697192549705505,0.7819344997406006,0.5633580684661865,0.7725492119789124,0.5697192549705505,0.7819344997406006,3.2816619873046875,3.2861785888671875
3280.0,0.5738930702209473,0.7822784781455994,0.56370609998703,0.7719635963439941,0.5738930702209473,0.7822784781455994,3.278594970703125,3.2698211669921875
3284.0,0.5731056928634644,0.7807692885398865,0.5624295473098755,0.7703188061714172,0.5731056928634644,0.7807692885398865,3.2794952392578125,3.2823638916015625
3288.0,0.5738598704338074,0.7804824709892273,0.5622643232345581,0.768849790096283,0.5738598704338074,0.7804824709892273,3.2830810546875,3.28363037109375
3292.0,0.5729027390480042,0.7845041155815125,0.5644121766090393,0.7669075131416321,0.5729027390480042,0.7845041155815125,3.2845306396484375,3.2682647705078125
3296.0,0.5712462067604065,0.7831201553344727,0.5618669986724854,0.7675861120223999,0.5712462067604065,0.7831201553344727,3.279754638671875,3.2891387939453125
3300.0,0.573245108127594,0.782861590385437,0.5652011632919312,0.7674760818481445,0.573245108127594,0.782861590385437,3.296173095703125,3.280242919921875
3304.0,0.5724424719810486,0.7832258939743042,0.5630967617034912,0.7699010372161865,0.5724424719810486,0.7832258939743042,3.2695770263671875,3.287445068359375
3308.0,0.5739410519599915,0.7831006646156311,0.5638570785522461,0.7670033574104309,0.5739410519599915,0.7831006646156311,3.2791900634765625,3.269500732421875
3312.0,0.5715205073356628,0.782759964466095,0.5666148066520691,0.770815372467041,0.5715205073356628,0.782759964466095,3.2879180908203125,3.27618408203125
3316.0,0.5725235342979431,0.7837516665458679,0.5614351630210876,0.7682314515113831,0.5725235342979431,0.7837516665458679,3.275726318359375,3.2777862548828125
3320.0,0.5730990171432495,0.7845134735107422,0.5631958842277527,0.7717862725257874,0.5730990171432495,0.7845134735107422,3.2828216552734375,3.28143310546875
3324.0,0.5709880590438843,0.7881489992141724,0.5631749629974365,0.7717881798744202,0.5709880590438843,0.7881489992141724,3.2734527587890625,3.2994842529296875
3328.0,0.5715867877006531,0.7864780426025391,0.5621439814567566,0.7692285180091858,0.5715867877006531,0.7864780426025391,3.276275634765625,3.2708892822265625
3332.0,0.5741130113601685,0.7879891991615295,0.5599514842033386,0.7708675861358643,0.5741130113601685,0.7879891991615295,3.2918548583984375,3.2808837890625
3336.0,0.5717307329177856,0.7904574275016785,0.5647258758544922,0.7654659152030945,0.5717307329177856,0.7904574275016785,3.2712554931640625,3.2912750244140625
3340.0,0.5735516548156738,0.7846508622169495,0.5621978640556335,0.7675430178642273,0.5735516548156738,0.7846508622169495,3.2737579345703125,3.273529052734375
3344.0,0.5686441659927368,0.78912353515625,0.5653879642486572,0.768271803855896,0.5686441659927368,0.78912353515625,3.2782745361328125,3.296478271484375
3348.0,0.5699929594993591,0.7876816391944885,0.5666724443435669,0.7698612809181213,0.5699929594993591,0.7876816391944885,3.2811431884765625,3.273956298828125
3352.0,0.5781785249710083,0.7903095483779907,0.5670993328094482,0.7626786231994629,0.5781785249710083,0.7903095483779907,3.272125244140625,3.2870025634765625
3356.0,0.5899976491928101,0.7898828387260437,0.5732900500297546,0.7656446695327759,0.5899976491928101,0.7898828387260437,3.2707366943359375,3.28375244140625
3360.0,0.5951202511787415,0.7883737683296204,0.5833039283752441,0.7637173533439636,0.5951202511787415,0.7883737683296204,3.2812042236328125,3.3003082275390625
3364.0,0.6057098507881165,0.7886372208595276,0.588028609752655,0.7606939077377319,0.6057098507881165,0.7886372208595276,3.2625732421875,3.292144775390625
3368.0,0.6058052182197571,0.7882386445999146,0.5983557105064392,0.7649635076522827,0.6058052182197571,0.7882386445999146,3.308441162109375,3.2875213623046875
3372.0,0.6078066825866699,0.7840009927749634,0.5984702706336975,0.7679294943809509,0.6078066825866699,0.7840009927749634,3.29425048828125,3.2949371337890625
3376.0,0.6066099405288696,0.7866140007972717,0.5970180034637451,0.771109402179718,0.6066099405288696,0.7866140007972717,3.31646728515625,3.2729034423828125
3380.0,0.6012532114982605,0.7895433306694031,0.5967096090316772,0.758348286151886,0.6012532114982605,0.7895433306694031,3.2992401123046875,3.290771484375
3384.0,0.6059504151344299,0.7877219915390015,0.59617680311203,0.7645419239997864,0.6059504151344299,0.7877219915390015,3.2855682373046875,3.280517578125
3388.0,0.6049748063087463,0.7860042452812195,0.5962210297584534,0.7569666504859924,0.6049748063087463,0.7860042452812195,3.2639007568359375,3.2707366943359375
3392.0,0.6054609417915344,0.7877723574638367,0.5972819924354553,0.7576889991760254,0.6054609417915344,0.7877723574638367,3.2885894775390625,3.27642822265625
3396.0,0.6060147881507874,0.7884705066680908,0.5946528911590576,0.7592127323150635,0.6060147881507874,0.7884705066680908,3.2621917724609375,3.2942657470703125
3400.0,0.606020450592041,0.7834097146987915,0.5953993797302246,0.7674126625061035,0.606020450592041,0.7834097146987915,3.314788818359375,3.2664337158203125
3404.0,0.6049396395683289,0.7874447703361511,0.5970301628112793,0.7613351941108704,0.6049396395683289,0.7874447703361511,3.289703369140625,3.290802001953125
3408.0,0.6068173050880432,0.7867544889450073,0.5938428640365601,0.7595341801643372,0.6068173050880432,0.7867544889450073,3.2761383056640625,3.28570556640625
3412.0,0.6072196364402771,0.7825775146484375,0.5962380766868591,0.7572916746139526,0.6072196364402771,0.7825775146484375,3.26312255859375,3.2832183837890625
3416.0,0.6038720011711121,0.7866775393486023,0.5941261053085327,0.7601756453514099,0.6038720011711121,0.7866775393486023,3.289093017578125,3.2967529296875
3420.0,0.6052857637405396,0.7844845056533813,0.5971793532371521,0.7621285915374756,0.6052857637405396,0.7844845056533813,3.26898193359375,3.2910308837890625
3424.0,0.6027517914772034,0.7852171659469604,0.5947719216346741,0.7593469619750977,0.6027517914772034,0.7852171659469604,3.2894439697265625,3.295501708984375
3428.0,0.6059857606887817,0.7853163480758667,0.5975013375282288,0.7651209235191345,0.6059857606887817,0.7853163480758667,3.2848358154296875,3.3062286376953125
3432.0,0.6053335070610046,0.7876308560371399,0.5976729393005371,0.7629777193069458,0.6053335070610046,0.7876308560371399,3.26715087890625,3.3071441650390625
3436.0,0.6081613898277283,0.7835376858711243,0.5984541177749634,0.7673314809799194,0.6081613898277283,0.7835376858711243,3.28955078125,3.2942047119140625
3440.0,0.6086331605911255,0.7881651520729065,0.595966637134552,0.7661944627761841,0.6086331605911255,0.7881651520729065,3.270263671875,3.284454345703125
3444.0,0.6103033423423767,0.7830694317817688,0.5975390076637268,0.7614166140556335,0.6103033423423767,0.7830694317817688,3.260833740234375,3.2959136962890625
3448.0,0.6070719957351685,0.7844447493553162,0.5993411540985107,0.763111412525177,0.6070719957351685,0.7844447493553162,3.2811431884765625,3.2947845458984375
3452.0,0.6100634336471558,0.7837685346603394,0.596268355846405,0.7622618675231934,0.6100634336471558,0.7837685346603394,3.275909423828125,3.2920684814453125
3456.0,0.6083073616027832,0.7825201749801636,0.5976172089576721,0.7639394402503967,0.6083073616027832,0.7825201749801636,3.2952880859375,3.29022216796875
3460.0,0.6075413227081299,0.7799276113510132,0.5967221260070801,0.7734549045562744,0.6075413227081299,0.7799276113510132,3.2869873046875,3.297271728515625
3464.0,0.6087499856948853,0.7873458862304688,0.5983660817146301,0.7771763205528259,0.6087499856948853,0.7873458862304688,3.3102874755859375,3.3019561767578125
3468.0,0.6062641143798828,0.7805988192558289,0.5988752245903015,0.7703344821929932,0.6062641143798828,0.7805988192558289,3.2699737548828125,3.288330078125
3472.0,0.6081770062446594,0.7812315821647644,0.5963387489318848,0.7713484168052673,0.6081770062446594,0.7812315821647644,3.27850341796875,3.300689697265625
3476.0,0.6072885394096375,0.7820128202438354,0.5923267602920532,0.7676305770874023,0.6072885394096375,0.7820128202438354,3.263824462890625,3.291107177734375
3480.0,0.6084091663360596,0.7843384742736816,0.5963796377182007,0.7688727974891663,0.6084091663360596,0.7843384742736816,3.277984619140625,3.289642333984375
3484.0,0.6061437129974365,0.7794257402420044,0.5968835353851318,0.7789867520332336,0.6061437129974365,0.7794257402420044,3.2948455810546875,3.3201141357421875
3488.0,0.6095850467681885,0.7797984480857849,0.5963209271430969,0.7729707360267639,0.6095850467681885,0.7797984480857849,3.28118896484375,3.3022003173828125
3492.0,0.6073124408721924,0.7820997834205627,0.5948082208633423,0.7754094004631042,0.6073124408721924,0.7820997834205627,3.2769622802734375,3.29693603515625
3496.0,0.6078905463218689,0.7827083468437195,0.594340980052948,0.7715807557106018,0.6078905463218689,0.7827083468437195,3.2648162841796875,3.2904510498046875
3500.0,0.6059044003486633,0.7809119820594788,0.5930187106132507,0.7695738077163696,0.6059044003486633,0.7809119820594788,3.2507781982421875,3.2928924560546875
3504.0,0.6121937036514282,0.7871811389923096,0.6026506423950195,0.7774027585983276,0.6121937036514282,0.7871811389923096,3.2801666259765625,3.2948455810546875
3508.0,0.6206643581390381,0.7904203534126282,0.6125210523605347,0.7667146921157837,0.6206643581390381,0.7904203534126282,3.279144287109375,3.31591796875
3512.0,0.630872368812561,0.7872346639633179,0.6236371994018555,0.7854459881782532,0.630872368812561,0.7872346639633179,3.3170928955078125,3.3110809326171875
3516.0,0.6456586718559265,0.783102810382843,0.638054609298706,0.7837711572647095,0.6456586718559265,0.783102810382843,3.3443603515625,3.3072357177734375
3520.0,0.6633492708206177,0.7811155319213867,0.6511911153793335,0.7818044424057007,0.6633492708206177,0.7811155319213867,3.33135986328125,3.3196868896484375
3524.0,0.6655598878860474,0.7816342711448669,0.6577677130699158,0.7750365734100342,0.6655598878860474,0.7816342711448669,3.3115234375,3.310791015625
3528.0,0.6670078635215759,0.7796170711517334,0.6582680940628052,0.7796932458877563,0.6670078635215759,0.7796170711517334,3.3104705810546875,3.3078460693359375
3532.0,0.6648152470588684,0.7870098948478699,0.6621151566505432,0.7791354656219482,0.6648152470588684,0.7870098948478699,3.3211669921875,3.311798095703125
3536.0,0.6592168211936951,0.7863647937774658,0.6555782556533813,0.7780540585517883,0.6592168211936951,0.7863647937774658,3.3015289306640625,3.30267333984375
3540.0,0.6582462787628174,0.7876128554344177,0.6512961983680725,0.7805374264717102,0.6582462787628174,0.7876128554344177,3.3151397705078125,3.2963104248046875
3544.0,0.6570705771446228,0.7861952781677246,0.6504092216491699,0.7857544422149658,0.6570705771446228,0.7861952781677246,3.3434906005859375,3.3008270263671875
3548.0,0.6587231755256653,0.7863773703575134,0.6530150771141052,0.7792900800704956,0.6587231755256653,0.7863773703575134,3.338165283203125,3.31207275390625
3552.0,0.6621143221855164,0.7871580123901367,0.6522035002708435,0.7772707343101501,0.6621143221855164,0.7871580123901367,3.3319854736328125,3.3207550048828125
3556.0,0.6582832932472229,0.7847541570663452,0.6562743186950684,0.7770748734474182,0.6582832932472229,0.7847541570663452,3.3308563232421875,3.311798095703125
3560.0,0.6595869660377502,0.780555784702301,0.6528130173683167,0.7753055691719055,0.6595869660377502,0.780555784702301,3.31719970703125,3.3127593994140625
3564.0,0.6558298468589783,0.7846773266792297,0.654272198677063,0.7795136570930481,0.6558298468589783,0.7846773266792297,3.346710205078125,3.314666748046875
3568.0,0.6583830118179321,0.7871572375297546,0.6541422605514526,0.7723150849342346,0.6583830118179321,0.7871572375297546,3.3148956298828125,3.3081512451171875
3572.0,0.6574578881263733,0.7823634743690491,0.6540253162384033,0.777583122253418,0.6574578881263733,0.7823634743690491,3.34710693359375,3.3170623779296875
3576.0,0.6569821834564209,0.783394455909729,0.6526015996932983,0.7782164216041565,0.6569821834564209,0.783394455909729,3.349029541015625,3.3129730224609375
3580.0,0.657023549079895,0.7820469737052917,0.6564403176307678,0.7799265384674072,0.657023549079895,0.7820469737052917,3.3401031494140625,3.2989654541015625
3584.0,0.6581736207008362,0.781805694103241,0.6514009237289429,0.7731418013572693,0.6581736207008362,0.781805694103241,3.3202362060546875,3.319366455078125
3588.0,0.6556602120399475,0.783585786819458,0.6536308526992798,0.7739889621734619,0.6556602120399475,0.783585786819458,3.326171875,3.3065185546875
3592.0,0.6560354828834534,0.7846754789352417,0.6546076536178589,0.7758198380470276,0.6560354828834534,0.7846754789352417,3.328216552734375,3.3144683837890625
3596.0,0.6580909490585327,0.7836975455284119,0.6503912210464478,0.7752857208251953,0.6580909490585327,0.7836975455284119,3.337799072265625,3.299530029296875
3600.0,0.6579838991165161,0.7833756804466248,0.6523269414901733,0.7725183367729187,0.6579838991165161,0.7833756804466248,3.325775146484375,3.307647705078125
3604.0,0.6544042825698853,0.7832854986190796,0.6546780467033386,0.7795382738113403,0.6544042825698853,0.7832854986190796,3.3518829345703125,3.3146820068359375
3608.0,0.6561107039451599,0.7844887971878052,0.6527865529060364,0.7780187129974365,0.6561107039451599,0.7844887971878052,3.3428192138671875,3.3269805908203125
3612.0,0.6601208448410034,0.782059371471405,0.6515700817108154,0.7700731754302979,0.6601208448410034,0.782059371471405,3.3194122314453125,3.3029632568359375
3616.0,0.6594488024711609,0.780890166759491,0.6525396704673767,0.7727735638618469,0.6594488024711609,0.780890166759491,3.3455047607421875,3.31951904296875
3620.0,0.6560745239257812,0.7823326587677002,0.652256965637207,0.7680878043174744,0.6560745239257812,0.7823326587677002,3.335205078125,3.31097412109375
3624.0,0.6595513224601746,0.7789746522903442,0.6564882397651672,0.7653607726097107,0.6595513224601746,0.7789746522903442,3.3400726318359375,3.3189544677734375
3628.0,0.6575374007225037,0.7807515859603882,0.6551169753074646,0.7705018520355225,0.6575374007225037,0.7807515859603882,3.331268310546875,3.316009521484375
3632.0,0.6583512425422668,0.7792357206344604,0.6543160080909729,0.771312415599823,0.6583512425422668,0.7792357206344604,3.353302001953125,3.3211212158203125
3636.0,0.6570116877555847,0.781569242477417,0.6566637754440308,0.7657657265663147,0.6570116877555847,0.781569242477417,3.3489837646484375,3.3213958740234375
3640.0,0.65770024061203,0.7827748656272888,0.6613626480102539,0.7690370082855225,0.65770024061203,0.7827748656272888,3.3629913330078125,3.3203277587890625
3644.0,0.6582899689674377,0.7833333611488342,0.6544658541679382,0.7648096680641174,0.6582899689674377,0.7833333611488342,3.318359375,3.310546875
3648.0,0.6595351099967957,0.7837603092193604,0.6558160185813904,0.7665915489196777,0.6595351099967957,0.7837603092193604,3.3451690673828125,3.3175201416015625
3652.0,0.6601929664611816,0.7819269895553589,0.6558602452278137,0.7622120380401611,0.6601929664611816,0.7819269895553589,3.3439483642578125,3.3297119140625
3656.0,0.6595298647880554,0.7841695547103882,0.6552815437316895,0.7643160820007324,0.6595298647880554,0.7841695547103882,3.3474273681640625,3.3198394775390625
3660.0,0.6597097516059875,0.7801483869552612,0.6589101552963257,0.7696525454521179,0.6597097516059875,0.7801483869552612,3.3353424072265625,3.3285675048828125
3664.0,0.6604629755020142,0.7912737131118774,0.6551998853683472,0.7662445306777954,0.6604629755020142,0.7912737131118774,3.3446197509765625,3.326751708984375
3668.0,0.6586104035377502,0.7867186665534973,0.6555119752883911,0.7700344324111938,0.6586104035377502,0.7867186665534973,3.3665313720703125,3.321258544921875
3672.0,0.6589995622634888,0.7845674753189087,0.6554763317108154,0.7631411552429199,0.6589995622634888,0.7845674753189087,3.3312835693359375,3.31024169921875
3676.0,0.659015417098999,0.7877787947654724,0.6607588529586792,0.7721942067146301,0.659015417098999,0.7877787947654724,3.3729248046875,3.3235015869140625
3680.0,0.6587366461753845,0.787712812423706,0.6574957966804504,0.7778833508491516,0.6587366461753845,0.787712812423706,3.3680267333984375,3.3195037841796875
3684.0,0.6580935120582581,0.7942965626716614,0.6561485528945923,0.7711271047592163,0.6580935120582581,0.7942965626716614,3.35595703125,3.3218994140625
3688.0,0.6594395637512207,0.7916103601455688,0.655097246170044,0.7663664221763611,0.6594395637512207,0.7916103601455688,3.3347930908203125,3.330108642578125
3692.0,0.6591470837593079,0.7930389642715454,0.6533061265945435,0.7712584733963013,0.6591470837593079,0.7930389642715454,3.3629608154296875,3.3179779052734375
3696.0,0.6601474285125732,0.7962079644203186,0.6561743021011353,0.7675637602806091,0.6601474285125732,0.7962079644203186,3.354522705078125,3.3281402587890625
3700.0,0.6589565873146057,0.7928722500801086,0.6550129055976868,0.7669182419776917,0.6589565873146057,0.7928722500801086,3.340484619140625,3.3245849609375
3704.0,0.6589053869247437,0.7919773459434509,0.6549266576766968,0.7725293040275574,0.6589053869247437,0.7919773459434509,3.356170654296875,3.321502685546875
3708.0,0.6576402187347412,0.7934136986732483,0.6564481854438782,0.7681154012680054,0.6576402187347412,0.7934136986732483,3.3369293212890625,3.33935546875
3712.0,0.6601030826568604,0.7968475222587585,0.6574963331222534,0.7753539085388184,0.6601030826568604,0.7968475222587585,3.36016845703125,3.3280181884765625
3716.0,0.6605462431907654,0.7885304093360901,0.6570332646369934,0.7741498351097107,0.6605462431907654,0.7885304093360901,3.3583984375,3.3143768310546875
3720.0,0.6588967442512512,0.7921901345252991,0.6575219631195068,0.7784832715988159,0.6588967442512512,0.7921901345252991,3.37469482421875,3.335906982421875
3724.0,0.6608158349990845,0.7900142669677734,0.6569525599479675,0.7796594500541687,0.6608158349990845,0.7900142669677734,3.37457275390625,3.312896728515625
3728.0,0.6604452729225159,0.7944176197052002,0.6558452844619751,0.7726987600326538,0.6604452729225159,0.7944176197052002,3.3608245849609375,3.3235626220703125
3732.0,0.6617757678031921,0.7939622402191162,0.656876266002655,0.7734516859054565,0.6617757678031921,0.7939622402191162,3.3436279296875,3.325927734375
3736.0,0.6620336174964905,0.7906937599182129,0.6540878415107727,0.7740257978439331,0.6620336174964905,0.7906937599182129,3.3449859619140625,3.3218841552734375
3740.0,0.6608036756515503,0.7940868735313416,0.6550062894821167,0.7730617523193359,0.6608036756515503,0.7940868735313416,3.3516693115234375,3.3153839111328125
3744.0,0.6588652729988098,0.7970659732818604,0.6540382504463196,0.7679640650749207,0.6588652729988098,0.7970659732818604,3.3628997802734375,3.343505859375
3748.0,0.6604885458946228,0.7949972748756409,0.6592878699302673,0.7718989849090576,0.6604885458946228,0.7949972748756409,3.34429931640625,3.325164794921875
3752.0,0.6595767140388489,0.7950329780578613,0.655722439289093,0.7746113538742065,0.6595767140388489,0.7950329780578613,3.35394287109375,3.3345794677734375
3756.0,0.659984290599823,0.7947242259979248,0.655333936214447,0.7745498418807983,0.659984290599823,0.7947242259979248,3.3687896728515625,3.3331451416015625
3760.0,0.6600297689437866,0.7913728356361389,0.6544742584228516,0.7759559750556946,0.6600297689437866,0.7913728356361389,3.3746185302734375,3.3344879150390625
3764.0,0.6578365564346313,0.794898509979248,0.655584990978241,0.7732269763946533,0.6578365564346313,0.794898509979248,3.37530517578125,3.335296630859375
3768.0,0.6611253619194031,0.7898449897766113,0.6554595828056335,0.7719639539718628,0.6611253619194031,0.7898449897766113,3.381134033203125,3.320953369140625
3772.0,0.6577296853065491,0.7913317084312439,0.6577801704406738,0.7714003920555115,0.6577296853065491,0.7913317084312439,3.3694000244140625,3.3277587890625
3776.0,0.6620394587516785,0.797396719455719,0.657651424407959,0.7725769877433777,0.6620394587516785,0.797396719455719,3.3814697265625,3.33746337890625
3780.0,0.66000896692276,0.7922315001487732,0.6572100520133972,0.770946741104126,0.66000896692276,0.7922315001487732,3.3891143798828125,3.324493408203125
3784.0,0.660535991191864,0.7927776575088501,0.6546616554260254,0.7774949669837952,0.660535991191864,0.7927776575088501,3.378021240234375,3.331451416015625
3788.0,0.6615951657295227,0.7897325754165649,0.6566386818885803,0.7687373757362366,0.6615951657295227,0.7897325754165649,3.356597900390625,3.3279876708984375
3792.0,0.6618633270263672,0.790835440158844,0.6564317345619202,0.7764643430709839,0.6618633270263672,0.790835440158844,3.3778076171875,3.321441650390625
3796.0,0.660768985748291,0.7910797595977783,0.657839834690094,0.7716752886772156,0.660768985748291,0.7910797595977783,3.3682098388671875,3.3311004638671875
3800.0,0.6614651679992676,0.7939412593841553,0.6557314395904541,0.7658281922340393,0.6614651679992676,0.7939412593841553,3.35791015625,3.3326416015625
3804.0,0.661663293838501,0.7936862111091614,0.6546993851661682,0.7691599130630493,0.661663293838501,0.7936862111091614,3.358489990234375,3.324951171875
3808.0,0.6621737480163574,0.7880282998085022,0.6543452739715576,0.7696978449821472,0.6621737480163574,0.7880282998085022,3.389984130859375,3.3311614990234375
3812.0,0.6616424918174744,0.7861942052841187,0.6577032208442688,0.7678633332252502,0.6616424918174744,0.7861942052841187,3.3853912353515625,3.3250885009765625
3816.0,0.6610144972801208,0.7857685089111328,0.6570008993148804,0.760701060295105,0.6610144972801208,0.7857685089111328,3.3691558837890625,3.33966064453125
3820.0,0.6718187928199768,0.7864617705345154,0.6676908731460571,0.7723732590675354,0.6718187928199768,0.7864617705345154,3.3830718994140625,3.3325347900390625
3824.0,0.6824681162834167,0.7898709774017334,0.6773587465286255,0.7720868587493896,0.6824681162834167,0.7898709774017334,3.372802734375,3.350372314453125
3828.0,0.6953549981117249,0.7877380847930908,0.6890254616737366,0.7689880728721619,0.6953549981117249,0.7877380847930908,3.392547607421875,3.3379364013671875
3832.0,0.7018483281135559,0.785224199295044,0.6992172598838806,0.7687904834747314,0.7018483281135559,0.785224199295044,3.400177001953125,3.343353271484375
3836.0,0.7107256650924683,0.7771293520927429,0.7065771222114563,0.7632478475570679,0.7107256650924683,0.7771293520927429,3.389801025390625,3.33905029296875
3840.0,0.7130618691444397,0.7766280770301819,0.7140630483627319,0.7657628655433655,0.7130618691444397,0.7766280770301819,3.4015960693359375,3.3305816650390625
3844.0,0.7100515365600586,0.7832320928573608,0.7114415168762207,0.7632566690444946,0.7100515365600586,0.7832320928573608,3.3741912841796875,3.3362579345703125
3848.0,0.7084475159645081,0.7794562578201294,0.7067921161651611,0.768363893032074,0.7084475159645081,0.7794562578201294,3.3896331787109375,3.3212432861328125
3852.0,0.7048770785331726,0.7779452800750732,0.7013840675354004,0.7653102874755859,0.7048770785331726,0.7779452800750732,3.3845977783203125,3.340240478515625
3856.0,0.7036520838737488,0.78182053565979,0.7023760080337524,0.7697513103485107,0.7036520838737488,0.78182053565979,3.4041595458984375,3.3304290771484375
3860.0,0.7064312696456909,0.7763347625732422,0.7032198309898376,0.7697439193725586,0.7064312696456909,0.7763347625732422,3.3856658935546875,3.332489013671875
3864.0,0.7086241245269775,0.7819313406944275,0.7058002948760986,0.7708967328071594,0.7086241245269775,0.7819313406944275,3.411956787109375,3.3203582763671875
3868.0,0.7099247574806213,0.778826892375946,0.7016467452049255,0.7677542567253113,0.7099247574806213,0.778826892375946,3.3994140625,3.3299560546875
3872.0,0.708048939704895,0.7793174982070923,0.703762412071228,0.7672418355941772,0.708048939704895,0.7793174982070923,3.3773956298828125,3.3348846435546875
3876.0,0.7075413465499878,0.7759458422660828,0.7047473192214966,0.7696933746337891,0.7075413465499878,0.7759458422660828,3.3985748291015625,3.3292083740234375
3880.0,0.705212414264679,0.7801419496536255,0.7038781642913818,0.771985650062561,0.705212414264679,0.7801419496536255,3.4031219482421875,3.325653076171875
3884.0,0.7038015723228455,0.7735688090324402,0.7012676000595093,0.7647435069084167,0.7038015723228455,0.7735688090324402,3.3834228515625,3.337310791015625
3888.0,0.7044650912284851,0.7797631621360779,0.7022373080253601,0.7692342400550842,0.7044650912284851,0.7797631621360779,3.3986358642578125,3.3276214599609375
3892.0,0.7050104141235352,0.7805840969085693,0.7015949487686157,0.7668008804321289,0.7050104141235352,0.7805840969085693,3.4130401611328125,3.32659912109375
3896.0,0.705428957939148,0.7752845287322998,0.7048578262329102,0.7670547962188721,0.705428957939148,0.7752845287322998,3.3972625732421875,3.3342437744140625
3900.0,0.7036649584770203,0.7753088474273682,0.7047398686408997,0.7693032622337341,0.7036649584770203,0.7753088474273682,3.3838348388671875,3.3367462158203125
3904.0,0.7047969102859497,0.7767723202705383,0.7021478414535522,0.769971489906311,0.7047969102859497,0.7767723202705383,3.40289306640625,3.335601806640625
3908.0,0.7050583362579346,0.7771607637405396,0.7026836276054382,0.7722163200378418,0.7050583362579346,0.7771607637405396,3.404693603515625,3.3387451171875
3912.0,0.7065991163253784,0.7756270170211792,0.7059527635574341,0.7643440961837769,0.7065991163253784,0.7756270170211792,3.39483642578125,3.3151702880859375
3916.0,0.705596387386322,0.7743170857429504,0.7043508291244507,0.7680450677871704,0.705596387386322,0.7743170857429504,3.4068603515625,3.315582275390625
3920.0,0.7045014500617981,0.7781386375427246,0.7045369744300842,0.7655903100967407,0.7045014500617981,0.7781386375427246,3.3966522216796875,3.325042724609375
3924.0,0.7063608169555664,0.7737658023834229,0.7057514190673828,0.7622930407524109,0.7063608169555664,0.7737658023834229,3.3727264404296875,3.311614990234375
3928.0,0.7069615125656128,0.7726352214813232,0.7031775116920471,0.7654715776443481,0.7069615125656128,0.7726352214813232,3.402496337890625,3.3307952880859375
3932.0,0.7073603272438049,0.7754116058349609,0.7078381180763245,0.7601854801177979,0.7073603272438049,0.7754116058349609,3.3812713623046875,3.3258209228515625
3936.0,0.7068400979042053,0.7734476923942566,0.7073162794113159,0.765343964099884,0.7068400979042053,0.7734476923942566,3.3896026611328125,3.33074951171875
3940.0,0.7048846483230591,0.7754380702972412,0.7088099122047424,0.7659011483192444,0.7048846483230591,0.7754380702972412,3.3953704833984375,3.3236541748046875
3944.0,0.7078790068626404,0.7761812210083008,0.7059344053268433,0.7622086405754089,0.7078790068626404,0.7761812210083008,3.3919830322265625,3.31488037109375
3948.0,0.7087689638137817,0.7751711010932922,0.7057952880859375,0.75876384973526,0.7087689638137817,0.7751711010932922,3.3825836181640625,3.3135528564453125
3952.0,0.7092024087905884,0.7751179933547974,0.7036876082420349,0.7642738223075867,0.7092024087905884,0.7751179933547974,3.38763427734375,3.3108062744140625
3956.0,0.7088808417320251,0.7779302000999451,0.7067139148712158,0.7620538473129272,0.7088808417320251,0.7779302000999451,3.3917694091796875,3.31219482421875
3960.0,0.709191083908081,0.7712900042533875,0.7079017758369446,0.7580241560935974,0.709191083908081,0.7712900042533875,3.3902435302734375,3.319183349609375
3964.0,0.706855297088623,0.7754025459289551,0.7051814198493958,0.7618494033813477,0.706855297088623,0.7754025459289551,3.3941192626953125,3.3263092041015625
3968.0,0.7096962928771973,0.775052547454834,0.7062398791313171,0.762214720249176,0.7096962928771973,0.775052547454834,3.3850860595703125,3.3166351318359375
3972.0,0.7090229392051697,0.7752656936645508,0.7097635865211487,0.7679589986801147,0.7090229392051697,0.7752656936645508,3.3934173583984375,3.31793212890625
3976.0,0.7105911374092102,0.7747852206230164,0.7080037593841553,0.7656991481781006,0.7105911374092102,0.7747852206230164,3.3885650634765625,3.3115386962890625
3980.0,0.7079744338989258,0.7751396894454956,0.7092173099517822,0.7651493549346924,0.7079744338989258,0.7751396894454956,3.3754119873046875,3.3148956298828125
3984.0,0.7084373831748962,0.7747935056686401,0.7091048359870911,0.7631199955940247,0.7084373831748962,0.7747935056686401,3.3669586181640625,3.303985595703125
3988.0,0.7098709344863892,0.7695331573486328,0.711307168006897,0.7678080797195435,0.7098709344863892,0.7695331573486328,3.382476806640625,3.309356689453125
3992.0,0.7102674245834351,0.772067129611969,0.7086618542671204,0.7678547501564026,0.7102674245834351,0.772067129611969,3.38311767578125,3.2978973388671875
3996.0,0.7069157361984253,0.7705146670341492,0.7081727981567383,0.7672600150108337,0.7069157361984253,0.7705146670341492,3.3765869140625,3.30462646484375
4000.0,0.7106188535690308,0.7706536054611206,0.7097649574279785,0.7707419991493225,0.7106188535690308,0.7706536054611206,3.384735107421875,3.3024139404296875
4004.0,0.7091589570045471,0.7673529386520386,0.7062516212463379,0.7785553336143494,0.7091589570045471,0.7673529386520386,3.397552490234375,3.3144073486328125
4008.0,0.7067410349845886,0.7725574970245361,0.7050975561141968,0.7755848169326782,0.7067410349845886,0.7725574970245361,3.3751678466796875,3.302825927734375
4012.0,0.7024115920066833,0.7798525094985962,0.6957005858421326,0.7664823532104492,0.7024115920066833,0.7798525094985962,3.363555908203125,3.3082275390625
4016.0,0.6944435238838196,0.7621738314628601,0.6849269866943359,0.7376671433448792,0.6944435238838196,0.7621738314628601,3.3423004150390625,3.2756805419921875
4020.0,0.6919509172439575,0.7237967252731323,0.6742011904716492,0.705355703830719,0.6919509172439575,0.7237967252731323,3.2979583740234375,3.2445831298828125
4024.0,0.6912665367126465,0.6913575530052185,0.6706938743591309,0.6774022579193115,0.6912665367126465,0.6913575530052185,3.28826904296875,3.2531280517578125
4028.0,0.6846204996109009,0.6356515288352966,0.6659469604492188,0.5961962342262268,0.6846204996109009,0.6356515288352966,3.403289794921875,3.277313232421875
4032.0,0.6802018284797668,0.6672261357307434,0.6592637300491333,0.6520451307296753,0.6802018284797668,0.6672261357307434,3.1904144287109375,3.1458587646484375
4036.0,0.6687946319580078,0.7187063097953796,0.6047220826148987,1.0306166410446167,0.6687946319580078,0.7187063097953796,1.11456298828125,2.982269287109375
4040.0,,,,,,,,
4044.0,0.5082973837852478,0.8339694142341614,,,0.5082973837852478,0.8339694142341614,,1.96990966796875
4048.0,,,,,,,,
4052.0,,,,,,,,
4056.0,,,,,,,,
4060.0,,,,,,,,
4064.0,,,,,,,,
4068.0,,,,,,,,
4072.0,,,,,,,,
4076.0,,,,,,,,
4080.0,,,,,,,,
4084.0,,,,,,,,
4088.0,,,,,,,,
4092.0,,,,,,,,
4096.0,,,,,,,,
4100.0,,,,,,,,
4104.0,,,,,,,,
4108.0,0.5039727091789246,0.5599889755249023,,,0.5039727091789246,0.5599889755249023,,2.9955902099609375
4112.0,0.5129077434539795,0.50508713722229,,,0.5129077434539795,0.50508713722229,,3.0287017822265625
4116.0,0.5153711438179016,0.46187689900398254,,,0.5153711438179016,0.46187689900398254,,3.0908660888671875
4120.0,0.5206744074821472,0.4411415457725525,0.5168262124061584,0.5108584761619568,0.5206744074821472,0.4411415457725525,3.059173583984375,3.1731414794921875
4124.0,0.5169672966003418,0.4126571714878082,0.5194976925849915,0.45999324321746826,0.5169672966003418,0.4126571714878082,3.125762939453125,3.227569580078125
4128.0,0.5165826678276062,0.409074604511261,0.5147716403007507,0.42525947093963623,0.5165826678276062,0.409074604511261,3.2138519287109375,3.24029541015625
4132.0,0.5148761868476868,0.4407687485218048,0.516427755355835,0.4042256474494934,0.5148761868476868,0.4407687485218048,3.23333740234375,3.1667327880859375
4136.0,0.5177593231201172,0.4529874920845032,0.5157745480537415,0.4257279336452484,0.5177593231201172,0.4529874920845032,3.19219970703125,3.1643524169921875
4140.0,0.5164389610290527,0.4526146650314331,0.5177613496780396,0.44256502389907837,0.5164389610290527,0.4526146650314331,3.159698486328125,3.1651458740234375
4144.0,0.5138226747512817,0.44618499279022217,0.5159350037574768,0.44880515336990356,0.5138226747512817,0.44618499279022217,3.1553955078125,3.1758880615234375
4148.0,0.5161189436912537,0.43923333287239075,0.5157482624053955,0.44744715094566345,0.5161189436912537,0.43923333287239075,3.178070068359375,3.17999267578125
4152.0,0.5161353945732117,0.43669354915618896,0.5174239873886108,0.4420476257801056,0.5161353945732117,0.43669354915618896,3.1725616455078125,3.1724853515625
4156.0,0.5161897540092468,0.4301532208919525,0.5185300707817078,0.4417719841003418,0.5161897540092468,0.4301532208919525,3.17462158203125,3.180023193359375
4160.0,0.5162997841835022,0.4283334016799927,0.5187926292419434,0.4402770400047302,0.5162997841835022,0.4283334016799927,3.1811981201171875,3.1878662109375
4164.0,0.5163085460662842,0.4298628270626068,0.5211682915687561,0.4397415518760681,0.5163085460662842,0.4298628270626068,3.1623992919921875,3.20098876953125
4168.0,0.5148348808288574,0.4227103590965271,0.5199690461158752,0.4377874433994293,0.5148348808288574,0.4227103590965271,3.185577392578125,3.19036865234375
4172.0,0.5156383514404297,0.4185880720615387,0.5178382396697998,0.4362533986568451,0.5156383514404297,0.4185880720615387,3.1858673095703125,3.1967926025390625
4176.0,0.5128092765808105,0.4187770187854767,0.5181489586830139,0.43410712480545044,0.5128092765808105,0.4187770187854767,3.1916656494140625,3.217742919921875
4180.0,0.5152555704116821,0.4160952866077423,0.5169547200202942,0.4291709065437317,0.5152555704116821,0.4160952866077423,3.2110748291015625,3.2117767333984375
4184.0,0.5141424536705017,0.4152482748031616,0.5146492719650269,0.4336615204811096,0.5141424536705017,0.4152482748031616,3.2131805419921875,3.201873779296875
4188.0,0.5151662230491638,0.4143998622894287,0.5168142914772034,0.43465885519981384,0.5151662230491638,0.4143998622894287,3.2078399658203125,3.208831787109375
4192.0,0.5140650272369385,0.4148731827735901,0.5149096846580505,0.4312904179096222,0.5140650272369385,0.4148731827735901,3.203033447265625,3.21331787109375
4196.0,0.5128227472305298,0.4158162772655487,0.5151402950286865,0.42752331495285034,0.5128227472305298,0.4158162772655487,3.2024383544921875,3.2109375
4200.0,0.5125616788864136,0.41554954648017883,0.5163878798484802,0.4313426911830902,0.5125616788864136,0.41554954648017883,3.22857666015625,3.19390869140625
4204.0,0.5107068419456482,0.41516947746276855,0.5133205056190491,0.43485403060913086,0.5107068419456482,0.41516947746276855,3.2162933349609375,3.2103271484375
4208.0,0.5139109492301941,0.4156115651130676,0.5142226815223694,0.43570476770401,0.5139109492301941,0.4156115651130676,3.2246551513671875,3.20843505859375
4212.0,0.5139903426170349,0.4208982586860657,0.5117228627204895,0.43094801902770996,0.5139903426170349,0.4208982586860657,3.2118682861328125,3.196807861328125
4216.0,0.5145320296287537,0.41972512006759644,0.5148001909255981,0.44026729464530945,0.5145320296287537,0.41972512006759644,3.22955322265625,3.2091064453125
4220.0,0.513585090637207,0.4169621765613556,0.5122320055961609,0.4358736574649811,0.513585090637207,0.4169621765613556,3.204010009765625,3.2088470458984375
4224.0,0.5129202008247375,0.41962987184524536,0.5120381712913513,0.43516871333122253,0.5129202008247375,0.41962987184524536,3.2248382568359375,3.2142181396484375
4228.0,0.5145055651664734,0.4185876250267029,0.5126744508743286,0.4295738935470581,0.5145055651664734,0.4185876250267029,3.227294921875,3.1905517578125
4232.0,0.5141692757606506,0.4193943738937378,0.5126023888587952,0.43746790289878845,0.5141692757606506,0.4193943738937378,3.2338104248046875,3.1981048583984375
4236.0,0.5155313611030579,0.41864487528800964,0.5141022801399231,0.43384379148483276,0.5155313611030579,0.41864487528800964,3.231842041015625,3.2010040283203125
4240.0,0.5154986381530762,0.42412978410720825,0.5128160119056702,0.4326331913471222,0.5154986381530762,0.42412978410720825,3.2247467041015625,3.2010955810546875
4244.0,0.513603150844574,0.42015087604522705,0.5117546319961548,0.4262761175632477,0.513603150844574,0.42015087604522705,3.2096405029296875,3.199310302734375
4248.0,0.5158715844154358,0.42654186487197876,0.5150353908538818,0.4284874200820923,0.5158715844154358,0.42654186487197876,3.2184295654296875,3.2134552001953125
4252.0,0.5162772536277771,0.4227718710899353,0.5161980390548706,0.42985644936561584,0.5162772536277771,0.4227718710899353,3.2232513427734375,3.1964569091796875
4256.0,0.5160062313079834,0.4257219433784485,0.5154238939285278,0.4258078932762146,0.5160062313079834,0.4257219433784485,3.2261962890625,3.1965179443359375
4260.0,0.5152787566184998,0.42492473125457764,0.517565131187439,0.42677250504493713,0.5152787566184998,0.42492473125457764,3.246429443359375,3.195953369140625
4264.0,0.5133172869682312,0.42545783519744873,0.5168742537498474,0.43022620677948,0.5133172869682312,0.42545783519744873,3.2388458251953125,3.1942138671875
4268.0,0.515896201133728,0.42090922594070435,0.5163683295249939,0.42909976840019226,0.515896201133728,0.42090922594070435,3.228302001953125,3.1912384033203125
4272.0,0.5143916606903076,0.42204493284225464,0.5147865414619446,0.4286867082118988,0.5143916606903076,0.42204493284225464,3.2382354736328125,3.178985595703125
4276.0,0.5153182148933411,0.4228697717189789,0.5158986449241638,0.4263986647129059,0.5153182148933411,0.4228697717189789,3.22222900390625,3.1817474365234375
4280.0,0.5149819850921631,0.4230256676673889,0.5148594379425049,0.4243510961532593,0.5149819850921631,0.4230256676673889,3.2242889404296875,3.1829681396484375
4284.0,0.5142924785614014,0.43076738715171814,0.5165281891822815,0.42510783672332764,0.5142924785614014,0.43076738715171814,3.2376556396484375,3.2010650634765625
4288.0,0.5155622959136963,0.42896783351898193,0.5166401863098145,0.42365145683288574,0.5155622959136963,0.42896783351898193,3.23028564453125,3.188995361328125
4292.0,0.5145019888877869,0.42990362644195557,0.5127242207527161,0.42550235986709595,0.5145019888877869,0.42990362644195557,3.241455078125,3.1894683837890625
4296.0,0.5148807764053345,0.4244846999645233,0.5144522190093994,0.42083635926246643,0.5148807764053345,0.4244846999645233,3.2230377197265625,3.17974853515625
4300.0,0.5127434134483337,0.42638763785362244,0.5139049291610718,0.4198283553123474,0.5127434134483337,0.42638763785362244,3.20989990234375,3.1839599609375
4304.0,0.5150161385536194,0.42713233828544617,0.5138418078422546,0.42089882493019104,0.5150161385536194,0.42713233828544617,3.227081298828125,3.1847991943359375
4308.0,0.5143511891365051,0.42290860414505005,0.5151621699333191,0.4204375743865967,0.5143511891365051,0.42290860414505005,3.2384796142578125,3.1831207275390625
4312.0,0.5146089196205139,0.4245986044406891,0.513264000415802,0.41914618015289307,0.5146089196205139,0.4245986044406891,3.243682861328125,3.177734375
4316.0,0.5158950090408325,0.43203815817832947,0.516488790512085,0.41840481758117676,0.5158950090408325,0.43203815817832947,3.2321319580078125,3.1802825927734375
4320.0,0.5229846239089966,0.4385531544685364,0.5207894444465637,0.42544275522232056,0.5229846239089966,0.4385531544685364,3.213775634765625,3.168426513671875
4324.0,0.5259908437728882,0.46068692207336426,0.5231907963752747,0.4320884048938751,0.5259908437728882,0.46068692207336426,3.2085113525390625,3.18133544921875
4328.0,0.5249603986740112,0.4581681787967682,0.5229699611663818,0.43189841508865356,0.5249603986740112,0.4581681787967682,3.2049560546875,3.1694793701171875
4332.0,0.523884654045105,0.4434477984905243,0.5175958871841431,0.43579328060150146,0.523884654045105,0.4434477984905243,3.21783447265625,3.1544036865234375
4336.0,0.5188987255096436,0.44102275371551514,0.518539547920227,0.4337224066257477,0.5188987255096436,0.44102275371551514,3.22247314453125,3.1627044677734375
4340.0,0.5186539888381958,0.4397895932197571,0.5166928768157959,0.43235018849372864,0.5186539888381958,0.4397895932197571,3.2227325439453125,3.155426025390625
4344.0,0.5192810893058777,0.4403212070465088,0.5177982449531555,0.42932072281837463,0.5192810893058777,0.4403212070465088,3.216461181640625,3.173858642578125
4348.0,0.5204993486404419,0.44275525212287903,0.5164251327514648,0.4306173324584961,0.5204993486404419,0.44275525212287903,3.2093505859375,3.18072509765625
4352.0,0.5192719101905823,0.4447580575942993,0.5164786577224731,0.43416067957878113,0.5192719101905823,0.4447580575942993,3.2212677001953125,3.171539306640625
4356.0,0.5191152095794678,0.4375424385070801,0.5188605785369873,0.43473824858665466,0.5191152095794678,0.4375424385070801,3.229095458984375,3.1601104736328125
4360.0,0.5213472247123718,0.4375379979610443,0.518025279045105,0.43513649702072144,0.5213472247123718,0.4375379979610443,3.2148590087890625,3.16845703125
4364.0,0.5196136832237244,0.4362047612667084,0.5185297131538391,0.43431147933006287,0.5196136832237244,0.4362047612667084,3.222564697265625,3.1586761474609375
4368.0,0.5211922526359558,0.44093284010887146,0.5171182751655579,0.43733537197113037,0.5211922526359558,0.44093284010887146,3.2175140380859375,3.1775970458984375
4372.0,0.5202848315238953,0.4389897286891937,0.517252504825592,0.43840619921684265,0.5202848315238953,0.4389897286891937,3.220947265625,3.17279052734375
4376.0,0.5209111571311951,0.4332970678806305,0.517757773399353,0.4361460506916046,0.5209111571311951,0.4332970678806305,3.2010498046875,3.170562744140625
4380.0,0.5199188590049744,0.43437808752059937,0.5179452300071716,0.4417324662208557,0.5199188590049744,0.43437808752059937,3.231536865234375,3.1598663330078125
4384.0,0.5200138688087463,0.4340296983718872,0.5173966884613037,0.4365360736846924,0.5200138688087463,0.4340296983718872,3.2249755859375,3.1616363525390625
4388.0,0.5193967223167419,0.4409325420856476,0.5163984894752502,0.44504430890083313,0.5193967223167419,0.4409325420856476,3.223480224609375,3.160675048828125
4392.0,0.5194961428642273,0.4372454285621643,0.5161221027374268,0.43807271122932434,0.5194961428642273,0.4372454285621643,3.228515625,3.1727447509765625
4396.0,0.5185054540634155,0.43691354990005493,0.5171059370040894,0.438069611787796,0.5185054540634155,0.43691354990005493,3.2282867431640625,3.1575469970703125
4400.0,0.5205080509185791,0.4370015859603882,0.5185994505882263,0.43856027722358704,0.5205080509185791,0.4370015859603882,3.2522735595703125,3.1656494140625
4404.0,0.5199547410011292,0.4327314496040344,0.5170660018920898,0.4391557276248932,0.5199547410011292,0.4327314496040344,3.22332763671875,3.162017822265625
4408.0,0.5194345712661743,0.43799078464508057,0.5175039172172546,0.43721216917037964,0.5194345712661743,0.43799078464508057,3.2311553955078125,3.167022705078125
4412.0,0.5201279520988464,0.4344055652618408,0.5170822143554688,0.4368351101875305,0.5201279520988464,0.4344055652618408,3.2187652587890625,3.16326904296875
4416.0,0.5199169516563416,0.4346914291381836,0.5160024166107178,0.44183993339538574,0.5199169516563416,0.4346914291381836,3.23760986328125,3.1549835205078125
4420.0,0.5195636749267578,0.4338649809360504,0.5172896981239319,0.44169655442237854,0.5195636749267578,0.4338649809360504,3.246063232421875,3.1544342041015625
4424.0,0.5202828645706177,0.4362456798553467,0.5177168250083923,0.44015568494796753,0.5202828645706177,0.4362456798553467,3.2426605224609375,3.16351318359375
4428.0,0.5210615992546082,0.43496227264404297,0.5180552005767822,0.4394491910934448,0.5210615992546082,0.43496227264404297,3.2396087646484375,3.160552978515625
4432.0,0.5193166732788086,0.43683257699012756,0.5171148180961609,0.43872925639152527,0.5193166732788086,0.43683257699012756,3.2272796630859375,3.171844482421875
4436.0,0.5183254480361938,0.4355921745300293,0.5196077823638916,0.44050124287605286,0.5183254480361938,0.4355921745300293,3.244384765625,3.166748046875
4440.0,0.5181359052658081,0.43599584698677063,0.5182399749755859,0.435819149017334,0.5181359052658081,0.43599584698677063,3.25408935546875,3.1671295166015625
4444.0,0.5206613540649414,0.43032488226890564,0.5178807973861694,0.43700554966926575,0.5206613540649414,0.43032488226890564,3.25445556640625,3.1628875732421875
4448.0,0.5205783843994141,0.4348997175693512,0.5190246105194092,0.44011327624320984,0.5205783843994141,0.4348997175693512,3.2625274658203125,3.15948486328125
4452.0,0.5198831558227539,0.43849265575408936,0.517713725566864,0.4360296428203583,0.5198831558227539,0.43849265575408936,3.2469024658203125,3.181549072265625
4456.0,0.5186923742294312,0.43470844626426697,0.5174526572227478,0.434770405292511,0.5186923742294312,0.43470844626426697,3.2538604736328125,3.16375732421875
4460.0,0.5195505023002625,0.4389406442642212,0.5152574777603149,0.43792030215263367,0.5195505023002625,0.4389406442642212,3.2736968994140625,3.1759033203125
4464.0,0.5174083709716797,0.44089633226394653,0.5157111287117004,0.4364192485809326,0.5174083709716797,0.44089633226394653,3.2672271728515625,3.179901123046875
4468.0,0.519099235534668,0.4401683211326599,0.5174857378005981,0.43377432227134705,0.519099235534668,0.4401683211326599,3.256805419921875,3.1831817626953125
4472.0,0.5181748867034912,0.4398113787174225,0.5168532729148865,0.43407219648361206,0.5181748867034912,0.4398113787174225,3.2748870849609375,3.1786346435546875
4476.0,0.5195208787918091,0.444724977016449,0.517822265625,0.4347246587276459,0.5195208787918091,0.444724977016449,3.2781982421875,3.1844635009765625
4480.0,0.5207609534263611,0.43893900513648987,0.5174161791801453,0.4308798909187317,0.5207609534263611,0.43893900513648987,3.2587890625,3.184814453125
4484.0,0.5174652934074402,0.44168102741241455,0.5157018899917603,0.43313291668891907,0.5174652934074402,0.44168102741241455,3.2632293701171875,3.1661834716796875
4488.0,0.520940363407135,0.44180360436439514,0.5188105702400208,0.426272451877594,0.520940363407135,0.44180360436439514,3.263946533203125,3.1793670654296875
4492.0,0.5206321477890015,0.4453032314777374,0.5172745585441589,0.426956444978714,0.5206321477890015,0.4453032314777374,3.2598419189453125,3.1923828125
4496.0,0.5174591541290283,0.44052886962890625,0.514799177646637,0.42642512917518616,0.5174591541290283,0.44052886962890625,3.263519287109375,3.17742919921875
4500.0,0.5178298354148865,0.44202113151550293,0.5166951417922974,0.42532798647880554,0.5178298354148865,0.44202113151550293,3.2707672119140625,3.1945648193359375
4504.0,0.5209168791770935,0.44748392701148987,0.5168875455856323,0.4292653799057007,0.5209168791770935,0.44748392701148987,3.288970947265625,3.1788330078125
4508.0,0.51719069480896,0.4431333839893341,0.5144000053405762,0.42796576023101807,0.51719069480896,0.4431333839893341,3.2704315185546875,3.1809539794921875
4512.0,0.520415723323822,0.44274741411209106,0.5154849290847778,0.43012264370918274,0.520415723323822,0.44274741411209106,3.2801513671875,3.1944580078125
4516.0,0.5206944942474365,0.448384165763855,0.5152955055236816,0.4290764033794403,0.5206944942474365,0.448384165763855,3.2706451416015625,3.18756103515625
4520.0,0.5202394127845764,0.44790664315223694,0.5164417624473572,0.4284047484397888,0.5202394127845764,0.44790664315223694,3.2722625732421875,3.199066162109375
4524.0,0.51861572265625,0.44338324666023254,0.5148004293441772,0.43009135127067566,0.51861572265625,0.44338324666023254,3.2787017822265625,3.1839447021484375
4528.0,0.5225953459739685,0.4463125467300415,0.5168600082397461,0.42894700169563293,0.5225953459739685,0.4463125467300415,3.2830810546875,3.1794891357421875
4532.0,0.5187025666236877,0.4497227370738983,0.5173230171203613,0.42659738659858704,0.5187025666236877,0.4497227370738983,3.28045654296875,3.1978759765625
4536.0,0.5181968808174133,0.44708260893821716,0.5134890675544739,0.42936769127845764,0.5181968808174133,0.44708260893821716,3.2870941162109375,3.20086669921875
4540.0,0.5200235247612,0.44610142707824707,0.5175700187683105,0.43109142780303955,0.5200235247612,0.44610142707824707,3.2872467041015625,3.1967010498046875
4544.0,0.519415557384491,0.44582024216651917,0.518557071685791,0.4323683977127075,0.519415557384491,0.44582024216651917,3.290130615234375,3.1983795166015625
4548.0,0.5196529626846313,0.4503190815448761,0.5165957808494568,0.4344416856765747,0.5196529626846313,0.4503190815448761,3.2772369384765625,3.2024993896484375
4552.0,0.5192168951034546,0.44839781522750854,0.5167899131774902,0.4342597723007202,0.5192168951034546,0.44839781522750854,3.296234130859375,3.18768310546875
4556.0,0.5203142166137695,0.44904205203056335,0.5175803899765015,0.4370814263820648,0.5203142166137695,0.44904205203056335,3.2850189208984375,3.195770263671875
4560.0,0.5202381610870361,0.44667428731918335,0.5177597999572754,0.43502265214920044,0.5202381610870361,0.44667428731918335,3.30047607421875,3.194488525390625
4564.0,0.5210233330726624,0.4457450211048126,0.5164163112640381,0.44126906991004944,0.5210233330726624,0.4457450211048126,3.2899017333984375,3.1876373291015625
4568.0,0.5205504298210144,0.4389904737472534,0.5173348188400269,0.442567378282547,0.5205504298210144,0.4389904737472534,3.292510986328125,3.1870574951171875
4572.0,0.5217831134796143,0.44619816541671753,0.5171655416488647,0.43798595666885376,0.5217831134796143,0.44619816541671753,3.28289794921875,3.1870574951171875
4576.0,0.5217889547348022,0.43963608145713806,0.5159396529197693,0.43956229090690613,0.5217889547348022,0.43963608145713806,3.291473388671875,3.1820220947265625
4580.0,0.5218521356582642,0.44659489393234253,0.5180692672729492,0.44449582695961,0.5218521356582642,0.44659489393234253,3.3096466064453125,3.2020721435546875
4584.0,0.5165278315544128,0.44507285952568054,0.5162477493286133,0.44387349486351013,0.5165278315544128,0.44507285952568054,3.295745849609375,3.2306976318359375
4588.0,0.5136951208114624,0.4267093539237976,0.5087180137634277,0.4375261664390564,0.5136951208114624,0.4267093539237976,3.3106536865234375,3.2142333984375
4592.0,0.5078245401382446,0.40382787585258484,0.5020212531089783,0.4111599028110504,0.5078245401382446,0.40382787585258484,3.329498291015625,3.2316741943359375
4596.0,0.5061111450195312,0.38919153809547424,0.49533602595329285,0.3832649290561676,0.5061111450195312,0.38919153809547424,3.364959716796875,3.24957275390625
4600.0,0.4985807538032532,0.37547537684440613,0.4909593462944031,0.36426085233688354,0.4985807538032532,0.37547537684440613,3.376190185546875,3.26702880859375
4604.0,0.49759164452552795,0.34506282210350037,0.49493661522865295,0.34902769327163696,0.49759164452552795,0.34506282210350037,3.3849334716796875,3.2841796875
4608.0,0.49556252360343933,0.3251321315765381,0.49722737073898315,0.3384823501110077,0.49556252360343933,0.3251321315765381,3.388916015625,3.2756500244140625
4612.0,0.49901700019836426,0.3152456283569336,0.4966685473918915,0.32454460859298706,0.49901700019836426,0.3152456283569336,3.379730224609375,3.29150390625
4616.0,0.49738165736198425,0.3275771737098694,0.49861598014831543,0.31945744156837463,0.49738165736198425,0.3275771737098694,3.365386962890625,3.3006439208984375
4620.0,0.49787846207618713,0.3289041519165039,0.49797993898391724,0.3170856833457947,0.49787846207618713,0.3289041519165039,3.37091064453125,3.2938995361328125
4624.0,0.4955819845199585,0.3381863534450531,0.498139351606369,0.32697391510009766,0.4955819845199585,0.3381863534450531,3.37103271484375,3.298858642578125
4628.0,0.49406853318214417,0.3400437533855438,0.4987602233886719,0.33320140838623047,0.49406853318214417,0.3400437533855438,3.3762359619140625,3.281646728515625
4632.0,0.4962642192840576,0.3377315402030945,0.49914321303367615,0.333600789308548,0.4962642192840576,0.3377315402030945,3.39990234375,3.2696533203125
4636.0,0.4982060194015503,0.3348933458328247,0.4971172511577606,0.3314668834209442,0.4982060194015503,0.3348933458328247,3.380218505859375,3.272857666015625
4640.0,0.4959031939506531,0.33116400241851807,0.49917805194854736,0.32567885518074036,0.4959031939506531,0.33116400241851807,3.3919525146484375,3.293243408203125
4644.0,0.4944973886013031,0.32697489857673645,0.4965815246105194,0.33004751801490784,0.4944973886013031,0.32697489857673645,3.383880615234375,3.289794921875
4648.0,0.4935508668422699,0.3259018361568451,0.49443337321281433,0.3295515775680542,0.4935508668422699,0.3259018361568451,3.384124755859375,3.283599853515625
4652.0,0.49472323060035706,0.33130910992622375,0.49419692158699036,0.32863011956214905,0.49472323060035706,0.33130910992622375,3.378143310546875,3.2799835205078125
4656.0,0.49490833282470703,0.3252770006656647,0.49282628297805786,0.3279033303260803,0.49490833282470703,0.3252770006656647,3.3857879638671875,3.275848388671875
4660.0,0.49392813444137573,0.3284093737602234,0.49353715777397156,0.32595688104629517,0.49392813444137573,0.3284093737602234,3.3690948486328125,3.2828521728515625
4664.0,0.4950619041919708,0.32487913966178894,0.49629294872283936,0.3240874707698822,0.4950619041919708,0.32487913966178894,3.369964599609375,3.2689666748046875
4668.0,0.4949907958507538,0.3234367072582245,0.4964480996131897,0.32908955216407776,0.4949907958507538,0.3234367072582245,3.3642425537109375,3.2814788818359375
4672.0,0.4955897331237793,0.32283368706703186,0.4964769780635834,0.3281286656856537,0.4955897331237793,0.32283368706703186,3.3658294677734375,3.2852020263671875
4676.0,0.49432554841041565,0.3267365097999573,0.5006006360054016,0.3336820602416992,0.49432554841041565,0.3267365097999573,3.370819091796875,3.286773681640625
4680.0,0.4976864457130432,0.32068905234336853,0.49721798300743103,0.33268317580223083,0.4976864457130432,0.32068905234336853,3.3690338134765625,3.2706756591796875
4684.0,0.4954136312007904,0.3203490376472473,0.49901077151298523,0.33518707752227783,0.4954136312007904,0.3203490376472473,3.385498046875,3.2761077880859375
4688.0,0.49508461356163025,0.31718772649765015,0.4971095621585846,0.33753421902656555,0.49508461356163025,0.31718772649765015,3.3644256591796875,3.2837982177734375
4692.0,0.4942624270915985,0.32146304845809937,0.49768686294555664,0.3323615491390228,0.4942624270915985,0.32146304845809937,3.359405517578125,3.2793426513671875
4696.0,0.4952806234359741,0.3189985156059265,0.4963771402835846,0.3329637050628662,0.4952806234359741,0.3189985156059265,3.3537750244140625,3.2712249755859375
4700.0,0.4943036437034607,0.3161714971065521,0.49722981452941895,0.33654382824897766,0.4943036437034607,0.3161714971065521,3.346099853515625,3.2774658203125
4704.0,0.4950633645057678,0.3187166452407837,0.4958743751049042,0.3365078866481781,0.4950633645057678,0.3187166452407837,3.35015869140625,3.2655792236328125
4708.0,0.49527427554130554,0.31704002618789673,0.49565309286117554,0.3330567479133606,0.49527427554130554,0.31704002618789673,3.360137939453125,3.2664031982421875
4712.0,0.49477913975715637,0.3193904757499695,0.4967474639415741,0.33327004313468933,0.49477913975715637,0.3193904757499695,3.343505859375,3.254119873046875
4716.0,0.4946209192276001,0.3183291256427765,0.4982590675354004,0.3329342007637024,0.4946209192276001,0.3183291256427765,3.3360443115234375,3.2518157958984375
4720.0,0.49376484751701355,0.3180233836174011,0.4968984127044678,0.3319627344608307,0.49376484751701355,0.3180233836174011,3.3554229736328125,3.251220703125
4724.0,0.4952746033668518,0.3180448114871979,0.49569886922836304,0.32792362570762634,0.4952746033668518,0.3180448114871979,3.3487396240234375,3.2424468994140625
4728.0,0.4961811900138855,0.31960511207580566,0.4970317482948303,0.32774731516838074,0.4961811900138855,0.31960511207580566,3.34783935546875,3.2630462646484375
4732.0,0.49486085772514343,0.3187651038169861,0.4960564076900482,0.32913586497306824,0.49486085772514343,0.3187651038169861,3.3297119140625,3.25372314453125
4736.0,0.4938371777534485,0.3162185847759247,0.4973043203353882,0.32748663425445557,0.4938371777534485,0.3162185847759247,3.3385162353515625,3.2564239501953125
4740.0,0.493415892124176,0.3185849189758301,0.496662437915802,0.32471686601638794,0.493415892124176,0.3185849189758301,3.3411102294921875,3.2404327392578125
4744.0,0.49444207549095154,0.3198147118091583,0.4995156228542328,0.3267451822757721,0.49444207549095154,0.3198147118091583,3.3235015869140625,3.250946044921875
4748.0,0.49222275614738464,0.3160705268383026,0.498863160610199,0.3228952884674072,0.49222275614738464,0.3160705268383026,3.3326873779296875,3.2501678466796875
4752.0,0.4963376522064209,0.32001277804374695,0.4997709095478058,0.32739996910095215,0.4963376522064209,0.32001277804374695,3.3299102783203125,3.2578582763671875
4756.0,0.4948239028453827,0.3203727602958679,0.4995952844619751,0.32241520285606384,0.4948239028453827,0.3203727602958679,3.3270263671875,3.2527008056640625
4760.0,0.4940451383590698,0.32121363282203674,0.4972255527973175,0.32551902532577515,0.4940451383590698,0.32121363282203674,3.32171630859375,3.2406005859375
4764.0,0.4915623962879181,0.31894922256469727,0.49886882305145264,0.32693198323249817,0.4915623962879181,0.31894922256469727,3.3082275390625,3.246551513671875
4768.0,0.49415990710258484,0.31847140192985535,0.4963856637477875,0.32353144884109497,0.49415990710258484,0.31847140192985535,3.3037109375,3.2406463623046875
4772.0,0.49393829703330994,0.32113680243492126,0.4951634705066681,0.3264464735984802,0.49393829703330994,0.32113680243492126,3.32122802734375,3.2294921875
4776.0,0.4952056407928467,0.3203887939453125,0.4959659278392792,0.32633450627326965,0.4952056407928467,0.3203887939453125,3.3145599365234375,3.24761962890625
4780.0,0.49563339352607727,0.3177611827850342,0.4967709183692932,0.3265199661254883,0.49563339352607727,0.3177611827850342,3.315765380859375,3.233795166015625
4784.0,0.4929640293121338,0.3194684088230133,0.49483078718185425,0.3246878385543823,0.4929640293121338,0.3194684088230133,3.30279541015625,3.2247161865234375
4788.0,0.49644145369529724,0.324320524930954,0.4967140853404999,0.3281710147857666,0.49644145369529724,0.324320524930954,3.3131256103515625,3.233642578125
4792.0,0.4950319230556488,0.3224574625492096,0.4984438121318817,0.32871052622795105,0.4950319230556488,0.3224574625492096,3.31329345703125,3.2238922119140625
4796.0,0.4953642785549164,0.31983038783073425,0.4967113733291626,0.32926517724990845,0.4953642785549164,0.31983038783073425,3.3128204345703125,3.24072265625
4800.0,0.49269628524780273,0.32240763306617737,0.4945041537284851,0.32872918248176575,0.49269628524780273,0.32240763306617737,3.3023223876953125,3.2178192138671875
4804.0,0.4949879050254822,0.3221307396888733,0.49484434723854065,0.32953137159347534,0.4949879050254822,0.3221307396888733,3.2882232666015625,3.2192230224609375
4808.0,0.49375617504119873,0.3231111168861389,0.49536141753196716,0.3278540372848511,0.49375617504119873,0.3231111168861389,3.31396484375,3.2289886474609375
4812.0,0.4946587383747101,0.32453110814094543,0.4945674538612366,0.33251336216926575,0.4946587383747101,0.32453110814094543,3.3077850341796875,3.228515625
4816.0,0.4932399094104767,0.3255421817302704,0.49272236227989197,0.32875779271125793,0.4932399094104767,0.3255421817302704,3.29827880859375,3.2133026123046875
4820.0,0.49539244174957275,0.3255364000797272,0.4975739121437073,0.3339777886867523,0.49539244174957275,0.3255364000797272,3.3110198974609375,3.2103424072265625
4824.0,0.493093878030777,0.3219391405582428,0.49567654728889465,0.3349013030529022,0.493093878030777,0.3219391405582428,3.29730224609375,3.194854736328125
4828.0,0.4956429898738861,0.3302527964115143,0.4953666925430298,0.3346615731716156,0.4956429898738861,0.3302527964115143,3.288116455078125,3.2149658203125
4832.0,0.49659618735313416,0.32528156042099,0.4960976541042328,0.3324034512042999,0.49659618735313416,0.32528156042099,3.2866668701171875,3.189605712890625
4836.0,0.4958270788192749,0.32918334007263184,0.49600929021835327,0.3347926139831543,0.4958270788192749,0.32918334007263184,3.3032379150390625,3.201141357421875
4840.0,0.4935332238674164,0.332360178232193,0.4962872266769409,0.3309148848056793,0.4935332238674164,0.332360178232193,3.2798309326171875,3.2259063720703125
4844.0,0.49483123421669006,0.3320888578891754,0.4969843626022339,0.3319799602031708,0.49483123421669006,0.3320888578891754,3.2869110107421875,3.20196533203125
4848.0,0.49306172132492065,0.3320034444332123,0.497896671295166,0.33201950788497925,0.49306172132492065,0.3320034444332123,3.2880401611328125,3.190338134765625
4852.0,0.4945467412471771,0.333698570728302,0.4992736577987671,0.32975056767463684,0.4945467412471771,0.333698570728302,3.29193115234375,3.1886138916015625
4856.0,0.49532046914100647,0.332419216632843,0.49769213795661926,0.3297899067401886,0.49532046914100647,0.332419216632843,3.283966064453125,3.1709136962890625
4860.0,0.49230360984802246,0.33167555928230286,0.5001049637794495,0.3283684253692627,0.49230360984802246,0.33167555928230286,3.2735595703125,3.191619873046875
4864.0,0.4946296811103821,0.3350890576839447,0.498524934053421,0.3284142017364502,0.4946296811103821,0.3350890576839447,3.2743377685546875,3.185546875
4868.0,0.4941001534461975,0.33326083421707153,0.49892038106918335,0.32525599002838135,0.4941001534461975,0.33326083421707153,3.2854766845703125,3.181121826171875
4872.0,0.4937102496623993,0.3320145010948181,0.4990769326686859,0.3262089490890503,0.4937102496623993,0.3320145010948181,3.276947021484375,3.175994873046875
4876.0,0.49441176652908325,0.33645379543304443,0.4994394779205322,0.3284207582473755,0.49441176652908325,0.33645379543304443,3.2758331298828125,3.1894378662109375
4880.0,0.49366840720176697,0.3341085910797119,0.4999360740184784,0.3279537260532379,0.49366840720176697,0.3341085910797119,3.2720184326171875,3.1700592041015625
4884.0,0.49273037910461426,0.3352111876010895,0.5003235936164856,0.32766881585121155,0.49273037910461426,0.3352111876010895,3.2708587646484375,3.18743896484375
4888.0,0.49412092566490173,0.3366938531398773,0.5005296468734741,0.32481372356414795,0.49412092566490173,0.3366938531398773,3.2662353515625,3.1786956787109375
4892.0,0.49369069933891296,0.33606234192848206,0.5005109310150146,0.3274187445640564,0.49369069933891296,0.33606234192848206,3.2764129638671875,3.1782989501953125
4896.0,0.4941461384296417,0.3352949917316437,0.5007174611091614,0.3234063386917114,0.4941461384296417,0.3352949917316437,3.2758331298828125,3.1709747314453125
4900.0,0.4921821057796478,0.3341309726238251,0.5020036697387695,0.32607558369636536,0.4921821057796478,0.3341309726238251,3.268768310546875,3.1781768798828125
4904.0,0.4912205934524536,0.33751899003982544,0.4989490509033203,0.32695475220680237,0.4912205934524536,0.33751899003982544,3.273651123046875,3.171142578125
4908.0,0.4961722791194916,0.337770015001297,0.5002616047859192,0.32997986674308777,0.4961722791194916,0.337770015001297,3.2664337158203125,3.1667633056640625
4912.0,0.49303144216537476,0.3364659547805786,0.49986931681632996,0.3302780091762543,0.49303144216537476,0.3364659547805786,3.2672119140625,3.1731719970703125
4916.0,0.4933994710445404,0.3369394838809967,0.5006871223449707,0.32688677310943604,0.4933994710445404,0.3369394838809967,3.26739501953125,3.1655731201171875
4920.0,0.4931628108024597,0.3362409174442291,0.4992333650588989,0.3315168619155884,0.4931628108024597,0.3362409174442291,3.27581787109375,3.1512908935546875
4924.0,0.4926060438156128,0.33498382568359375,0.5016213059425354,0.3324023485183716,0.4926060438156128,0.33498382568359375,3.2669830322265625,3.1612548828125
4928.0,0.49181705713272095,0.3365228474140167,0.5010749101638794,0.3369893729686737,0.49181705713272095,0.3365228474140167,3.2397308349609375,3.1581878662109375
4932.0,0.4978250563144684,0.34963688254356384,0.4997083246707916,0.3549158275127411,0.4978250563144684,0.34963688254356384,3.249786376953125,3.142181396484375
4936.0,0.5076530575752258,0.36600157618522644,0.5090678334236145,0.37215086817741394,0.5076530575752258,0.36600157618522644,3.2221527099609375,3.1241455078125
4940.0,0.5166166424751282,0.39779412746429443,0.5173516869544983,0.38551589846611023,0.5166166424751282,0.39779412746429443,3.2269744873046875,3.131927490234375
4944.0,0.5236635804176331,0.4173235297203064,0.5220162272453308,0.3994242548942566,0.5236635804176331,0.4173235297203064,3.18817138671875,3.12640380859375
4948.0,0.5236266255378723,0.42596232891082764,0.5201849937438965,0.41238856315612793,0.5236266255378723,0.42596232891082764,3.182861328125,3.092559814453125
4952.0,0.5190805196762085,0.4234795570373535,0.5228241086006165,0.4224468171596527,0.5190805196762085,0.4234795570373535,3.2182464599609375,3.0772552490234375
4956.0,0.5244120359420776,0.4319499433040619,0.5207876563072205,0.4298267960548401,0.5244120359420776,0.4319499433040619,3.19970703125,3.0919647216796875
4960.0,0.5247620344161987,0.434369295835495,0.520826518535614,0.4296628534793854,0.5247620344161987,0.434369295835495,3.1925811767578125,3.112396240234375
4964.0,0.5203961133956909,0.4316389560699463,0.5178781747817993,0.42777085304260254,0.5203961133956909,0.4316389560699463,3.18951416015625,3.1128997802734375
4968.0,0.5228856801986694,0.42823898792266846,0.5172809362411499,0.4234429597854614,0.5228856801986694,0.42823898792266846,3.188751220703125,3.105072021484375
4972.0,0.5220416188240051,0.42714723944664,0.5189306735992432,0.42320045828819275,0.5220416188240051,0.42714723944664,3.179656982421875,3.103668212890625
4976.0,0.526842474937439,0.4293954372406006,0.5217685103416443,0.42279908061027527,0.526842474937439,0.4293954372406006,3.188812255859375,3.10205078125
4980.0,0.5225604772567749,0.434535950422287,0.5228750109672546,0.4288123846054077,0.5225604772567749,0.434535950422287,3.17425537109375,3.1023712158203125
4984.0,0.5243454575538635,0.43295222520828247,0.5205109119415283,0.42986834049224854,0.5243454575538635,0.43295222520828247,3.1729583740234375,3.1009368896484375
4988.0,0.5232919454574585,0.43617066740989685,0.5220301747322083,0.4323112368583679,0.5232919454574585,0.43617066740989685,3.17266845703125,3.084930419921875
4992.0,0.5260381102561951,0.4354163408279419,0.5223225951194763,0.4280221164226532,0.5260381102561951,0.4354163408279419,3.1656646728515625,3.081268310546875
4996.0,0.5237337946891785,0.43499624729156494,0.5214212536811829,0.43105578422546387,0.5237337946891785,0.43499624729156494,3.160980224609375,3.0837249755859375
5000.0,0.5227503776550293,0.43699994683265686,0.5219689607620239,0.4356091320514679,0.5227503776550293,0.43699994683265686,3.1688690185546875,3.092620849609375
5004.0,0.5240550637245178,0.433959037065506,0.5207940936088562,0.43630683422088623,0.5240550637245178,0.433959037065506,3.1777801513671875,3.0730743408203125
5008.0,0.5231582522392273,0.43377232551574707,0.5217649936676025,0.4335438311100006,0.5231582522392273,0.43377232551574707,3.1719818115234375,3.078369140625
5012.0,0.5236557126045227,0.42988306283950806,0.5228783488273621,0.43710222840309143,0.5236557126045227,0.42988306283950806,3.1709747314453125,3.08203125
5016.0,0.5217784643173218,0.43281489610671997,0.5230432748794556,0.43063586950302124,0.5217784643173218,0.43281489610671997,3.1685943603515625,3.0944671630859375
5020.0,0.5253043174743652,0.4266226589679718,0.5226298570632935,0.4332355558872223,0.5253043174743652,0.4266226589679718,3.1611328125,3.0628204345703125
5024.0,0.5236303210258484,0.4296627640724182,0.5203002691268921,0.4305081367492676,0.5236303210258484,0.4296627640724182,3.1578826904296875,3.0752410888671875
5028.0,0.5218744874000549,0.4261913001537323,0.521668553352356,0.4302973449230194,0.5218744874000549,0.4261913001537323,3.16241455078125,3.0777587890625
5032.0,0.5241271257400513,0.42222729325294495,0.5222914814949036,0.42872142791748047,0.5241271257400513,0.42222729325294495,3.1548004150390625,3.07269287109375
5036.0,0.5245022773742676,0.420264333486557,0.521517276763916,0.42678722739219666,0.5245022773742676,0.420264333486557,3.157501220703125,3.063690185546875
5040.0,0.5236580967903137,0.4247250258922577,0.5218673944473267,0.4259156882762909,0.5236580967903137,0.4247250258922577,3.155120849609375,3.080047607421875
5044.0,0.5248206853866577,0.4219852387905121,0.5214975476264954,0.4225614070892334,0.5248206853866577,0.4219852387905121,3.1502532958984375,3.0684814453125
5048.0,0.5250361561775208,0.42009249329566956,0.5229753851890564,0.4218537509441376,0.5250361561775208,0.42009249329566956,3.157318115234375,3.0727386474609375
5052.0,0.5248784422874451,0.42309173941612244,0.5232512354850769,0.4208255708217621,0.5248784422874451,0.42309173941612244,3.1533966064453125,3.0809173583984375
5056.0,0.5256760120391846,0.42470040917396545,0.5221582055091858,0.41898226737976074,0.5256760120391846,0.42470040917396545,3.150299072265625,3.0723724365234375
5060.0,0.5251523852348328,0.43029406666755676,0.5230213403701782,0.4215586483478546,0.5251523852348328,0.43029406666755676,3.145294189453125,3.0733489990234375
5064.0,0.523226261138916,0.4274941086769104,0.5222359299659729,0.41782501339912415,0.523226261138916,0.4274941086769104,3.145721435546875,3.0708465576171875
5068.0,0.5251909494400024,0.42503079771995544,0.5232810974121094,0.41843748092651367,0.5251909494400024,0.42503079771995544,3.1428680419921875,3.0739593505859375
5072.0,0.5249971747398376,0.4258264899253845,0.524581253528595,0.41919565200805664,0.5249971747398376,0.4258264899253845,3.15185546875,3.060211181640625
5076.0,0.5265696048736572,0.42712506651878357,0.5238865613937378,0.4193115532398224,0.5265696048736572,0.42712506651878357,3.152435302734375,3.0648193359375
5080.0,0.5272228717803955,0.4292166531085968,0.5214778184890747,0.4197782874107361,0.5272228717803955,0.4292166531085968,3.14190673828125,3.049224853515625
5084.0,0.5241916179656982,0.428765207529068,0.5233830213546753,0.4183048605918884,0.5241916179656982,0.428765207529068,3.158477783203125,3.05975341796875
5088.0,0.5258273482322693,0.429630309343338,0.5238422751426697,0.416687548160553,0.5258273482322693,0.429630309343338,3.144866943359375,3.049285888671875
5092.0,0.5267280340194702,0.4259948134422302,0.5213328003883362,0.41735491156578064,0.5267280340194702,0.4259948134422302,3.1441650390625,3.04473876953125
5096.0,0.5256915092468262,0.4267005920410156,0.5198120474815369,0.4162476062774658,0.5256915092468262,0.4267005920410156,3.138671875,3.05487060546875
5100.0,0.5188965797424316,0.407529354095459,0.5133535861968994,0.40481090545654297,0.5188965797424316,0.407529354095459,3.1649627685546875,3.072113037109375
5104.0,0.5134252905845642,0.3853271007537842,0.5076072812080383,0.38557106256484985,0.5134252905845642,0.3853271007537842,3.1797943115234375,3.1090850830078125
5108.0,0.5111308097839355,0.36639219522476196,0.5012394785881042,0.37510088086128235,0.5111308097839355,0.36639219522476196,3.1914520263671875,3.0991668701171875
5112.0,0.5097959041595459,0.3512159287929535,0.5010728240013123,0.34974405169487,0.5097959041595459,0.3512159287929535,3.17303466796875,3.1136627197265625
5116.0,0.5094154477119446,0.32847094535827637,0.506691038608551,0.324865460395813,0.5094154477119446,0.32847094535827637,3.1995697021484375,3.1156005859375
5120.0,0.5074355006217957,0.30781230330467224,0.5040957927703857,0.3044227063655853,0.5074355006217957,0.30781230330467224,3.19329833984375,3.124267578125
5124.0,0.5061845183372498,0.29980215430259705,0.5043389201164246,0.29175564646720886,0.5061845183372498,0.29980215430259705,3.2128143310546875,3.12646484375
5128.0,0.5057474970817566,0.2929650843143463,0.5037865042686462,0.2849715054035187,0.5057474970817566,0.2929650843143463,3.2066650390625,3.1171112060546875
5132.0,0.5052952766418457,0.2880675196647644,0.5012497305870056,0.2821936011314392,0.5052952766418457,0.2880675196647644,3.2110595703125,3.1230926513671875
5136.0,0.5036683678627014,0.29131773114204407,0.5041858553886414,0.2787339389324188,0.5036683678627014,0.29131773114204407,3.188079833984375,3.120452880859375
5140.0,0.5033702850341797,0.2976529002189636,0.5058106184005737,0.2852019667625427,0.5033702850341797,0.2976529002189636,3.208099365234375,3.11773681640625
5144.0,0.50254225730896,0.29553350806236267,0.5032251477241516,0.2858732342720032,0.50254225730896,0.29553350806236267,3.1937713623046875,3.1192626953125
5148.0,0.5007464289665222,0.28969794511795044,0.5054553747177124,0.2841109335422516,0.5007464289665222,0.28969794511795044,3.190521240234375,3.124786376953125
5152.0,0.5050051808357239,0.2924259901046753,0.503079891204834,0.28031712770462036,0.5050051808357239,0.2924259901046753,3.1988067626953125,3.1305694580078125
5156.0,0.5037624835968018,0.28649798035621643,0.5036503672599792,0.275838166475296,0.5037624835968018,0.28649798035621643,3.226593017578125,3.122100830078125
5160.0,0.5021786093711853,0.28304195404052734,0.5010831356048584,0.2738068699836731,0.5021786093711853,0.28304195404052734,3.2102813720703125,3.1221160888671875
5164.0,0.5036078691482544,0.2822188138961792,0.502432644367218,0.2743993103504181,0.5036078691482544,0.2822188138961792,3.2150421142578125,3.1235198974609375
5168.0,0.49958336353302,0.284794420003891,0.5010613203048706,0.26971906423568726,0.49958336353302,0.284794420003891,3.189361572265625,3.1418304443359375
5172.0,0.5026519894599915,0.28461578488349915,0.5054541230201721,0.27038830518722534,0.5026519894599915,0.28461578488349915,3.2130584716796875,3.121673583984375
5176.0,0.5018613338470459,0.2846035361289978,0.5061017870903015,0.2756817638874054,0.5018613338470459,0.2846035361289978,3.2046966552734375,3.125091552734375
5180.0,0.5025699734687805,0.2801594138145447,0.5067542195320129,0.28032779693603516,0.5025699734687805,0.2801594138145447,3.196685791015625,3.1327667236328125
5184.0,0.5018339157104492,0.28235554695129395,0.5059500932693481,0.27934277057647705,0.5018339157104492,0.28235554695129395,3.207763671875,3.129791259765625
5188.0,0.5010747313499451,0.281512588262558,0.5067631602287292,0.27480968832969666,0.5010747313499451,0.281512588262558,3.21270751953125,3.152740478515625
5192.0,0.5002011656761169,0.28069445490837097,0.5059077143669128,0.2734878361225128,0.5002011656761169,0.28069445490837097,3.2035369873046875,3.1265411376953125
5196.0,0.5005024075508118,0.27885177731513977,0.5073774456977844,0.2753433287143707,0.5005024075508118,0.27885177731513977,3.20770263671875,3.1392974853515625
5200.0,0.5016220808029175,0.2850319743156433,0.5042018294334412,0.2784477472305298,0.5016220808029175,0.2850319743156433,3.2191619873046875,3.1345672607421875
5204.0,0.5026970505714417,0.28472214937210083,0.5040759444236755,0.27376788854599,0.5026970505714417,0.28472214937210083,3.2089385986328125,3.1369781494140625
5208.0,0.49958309531211853,0.2810513377189636,0.5046037435531616,0.272096186876297,0.49958309531211853,0.2810513377189636,3.2218780517578125,3.1349945068359375
5212.0,0.5003922581672668,0.28204581141471863,0.5038818717002869,0.2705022692680359,0.5003922581672668,0.28204581141471863,3.2158203125,3.1461639404296875
5216.0,0.5006740689277649,0.2799535095691681,0.5038270354270935,0.26651179790496826,0.5006740689277649,0.2799535095691681,3.2014007568359375,3.1380615234375
5220.0,0.5000305771827698,0.2840684652328491,0.5038421750068665,0.27112409472465515,0.5000305771827698,0.2840684652328491,3.2154083251953125,3.1333465576171875
5224.0,0.5017722249031067,0.28328144550323486,0.5045973658561707,0.27021270990371704,0.5017722249031067,0.28328144550323486,3.2222137451171875,3.1401519775390625
5228.0,0.5003418326377869,0.2850930392742157,0.5025829672813416,0.2735896408557892,0.5003418326377869,0.2850930392742157,3.2204437255859375,3.1360931396484375
5232.0,0.49943429231643677,0.2819768786430359,0.5029209852218628,0.2721259295940399,0.49943429231643677,0.2819768786430359,3.213165283203125,3.1340484619140625
5236.0,0.49776536226272583,0.27925291657447815,0.5002310276031494,0.2791079878807068,0.49776536226272583,0.27925291657447815,3.2071533203125,3.1349334716796875
5240.0,0.4986562132835388,0.2844255864620209,0.5028423070907593,0.2739681899547577,0.4986562132835388,0.2844255864620209,3.2174835205078125,3.14678955078125
5244.0,0.4992150366306305,0.27740752696990967,0.504759669303894,0.27681565284729004,0.4992150366306305,0.27740752696990967,3.215545654296875,3.1523895263671875
5248.0,0.5005022287368774,0.2852347493171692,0.5042830109596252,0.2736394703388214,0.5005022287368774,0.2852347493171692,3.2082672119140625,3.156524658203125
5252.0,0.5010031461715698,0.2815508544445038,0.5046361088752747,0.2759610116481781,0.5010031461715698,0.2815508544445038,3.2164306640625,3.149810791015625
5256.0,0.499346524477005,0.2822071611881256,0.5048326849937439,0.2747993469238281,0.499346524477005,0.2822071611881256,3.2222747802734375,3.1436767578125
5260.0,0.5003427863121033,0.2779993414878845,0.507096529006958,0.2769181728363037,0.5003427863121033,0.2779993414878845,3.2193145751953125,3.1435089111328125
5264.0,0.49985530972480774,0.2820998728275299,0.5067231059074402,0.27680280804634094,0.49985530972480774,0.2820998728275299,3.2146148681640625,3.1498565673828125
5268.0,0.4980078935623169,0.2791310250759125,0.5073391199111938,0.2771061360836029,0.4980078935623169,0.2791310250759125,3.2107086181640625,3.1568603515625
5272.0,0.5025325417518616,0.28173866868019104,0.5066432356834412,0.278970867395401,0.5025325417518616,0.28173866868019104,3.2343902587890625,3.1627349853515625
5276.0,0.5002225041389465,0.2803468704223633,0.5065414309501648,0.27442577481269836,0.5002225041389465,0.2803468704223633,3.216094970703125,3.161529541015625
5280.0,0.4993455111980438,0.2809056043624878,0.5060185790061951,0.2782432436943054,0.4993455111980438,0.2809056043624878,3.2371368408203125,3.164031982421875
5284.0,0.5002751350402832,0.2755650281906128,0.5045234560966492,0.2751486599445343,0.5002751350402832,0.2755650281906128,3.2179412841796875,3.1490478515625
5288.0,0.5002220273017883,0.28373974561691284,0.502403736114502,0.2737336754798889,0.5002220273017883,0.28373974561691284,3.2357177734375,3.1636199951171875
5292.0,0.5007227659225464,0.27810341119766235,0.5020555257797241,0.2759740650653839,0.5007227659225464,0.27810341119766235,3.2231292724609375,3.150848388671875
5296.0,0.4979911148548126,0.2783749997615814,0.5023457407951355,0.2754512131214142,0.4979911148548126,0.2783749997615814,3.21051025390625,3.1594085693359375
5300.0,0.498910516500473,0.27633902430534363,0.49906179308891296,0.2733127474784851,0.498910516500473,0.27633902430534363,3.2130889892578125,3.15447998046875
5304.0,0.49728575348854065,0.278677761554718,0.5008654594421387,0.27833330631256104,0.49728575348854065,0.278677761554718,3.232025146484375,3.16314697265625
5308.0,0.4983211159706116,0.2784126102924347,0.5015740394592285,0.2780250608921051,0.4983211159706116,0.2784126102924347,3.2039031982421875,3.1847076416015625
5312.0,0.5000301599502563,0.28048738837242126,0.5003236532211304,0.27858155965805054,0.5000301599502563,0.28048738837242126,3.2257080078125,3.1664581298828125
