timestamp,x,y,l_x,l_y,r_x,r_y,pupil_l,pupil_r
0.0,0.4995276629924774,0.43540269136428833,0.49405592679977417,0.47618502378463745,0.4995276629924774,0.43540269136428833,3.1670989990234375,2.96087646484375
4.0,0.49577435851097107,0.4531283974647522,0.49786263704299927,0.48413559794425964,0.49577435851097107,0.4531283974647522,3.136993408203125,2.9669036865234375
8.0,0.5011975765228271,0.47155335545539856,0.4957561790943146,0.495566725730896,0.5011975765228271,0.47155335545539856,3.18072509765625,2.9821624755859375
12.0,0.49481338262557983,0.4686059355735779,0.4962305724620819,0.4919991195201874,0.49481338262557983,0.4686059355735779,3.18707275390625,2.98388671875
16.0,0.5001798272132874,0.4423481822013855,0.4966067373752594,0.5047910213470459,0.5001798272132874,0.4423481822013855,3.1702880859375,2.9742584228515625
20.0,0.5000832080841064,0.4569300413131714,0.4983068108558655,0.5042609572410583,0.5000832080841064,0.4569300413131714,3.17901611328125,2.9584197998046875
24.0,0.49703434109687805,0.4713003933429718,0.4962404668331146,0.5068522095680237,0.49703434109687805,0.4713003933429718,3.1618499755859375,2.99053955078125
28.0,0.4982784390449524,0.48221102356910706,0.4975775182247162,0.5025060772895813,0.4982784390449524,0.48221102356910706,3.1450347900390625,3.0110626220703125
32.0,0.49937883019447327,0.47892796993255615,0.4997895359992981,0.524169385433197,0.49937883019447327,0.47892796993255615,3.149688720703125,2.991546630859375
36.0,0.4963391423225403,0.4961528778076172,0.5017629861831665,0.5086922645568848,0.4963391423225403,0.4961528778076172,3.1455078125,3.0194549560546875
40.0,0.4985794126987457,0.48801806569099426,0.499272882938385,0.49177494645118713,0.4985794126987457,0.48801806569099426,3.1157989501953125,3.0407562255859375
44.0,0.49714431166648865,0.4627533257007599,0.49868717789649963,0.5104779601097107,0.49714431166648865,0.4627533257007599,3.147247314453125,2.961456298828125
48.0,0.49776655435562134,0.4757310748100281,0.5007914304733276,0.5135477185249329,0.49776655435562134,0.4757310748100281,3.1475830078125,2.9991455078125
52.0,0.4985477328300476,0.47730138897895813,0.501693844795227,0.5224069356918335,0.4985477328300476,0.47730138897895813,3.1380157470703125,2.9754180908203125
56.0,0.49450036883354187,0.5108364820480347,0.4997808039188385,0.5142173171043396,0.49450036883354187,0.5108364820480347,3.1562042236328125,3.03656005859375
60.0,0.4932079017162323,0.4691307544708252,0.5009185075759888,0.5416877269744873,0.4932079017162323,0.4691307544708252,3.157989501953125,2.9517364501953125
64.0,0.49475693702697754,0.5152364373207092,0.5000526309013367,0.4954134225845337,0.49475693702697754,0.5152364373207092,3.10467529296875,3.0567779541015625
68.0,0.4967951476573944,0.4910993278026581,0.4999169409275055,0.5144421458244324,0.4967951476573944,0.4910993278026581,3.1191253662109375,2.9917449951171875
72.0,0.4943036735057831,0.4944925904273987,0.49805182218551636,0.5402507185935974,0.4943036735057831,0.4944925904273987,3.1454315185546875,3.003692626953125
76.0,0.49383780360221863,0.49677860736846924,0.499321848154068,0.5245076417922974,0.49383780360221863,0.49677860736846924,3.1601715087890625,3.008514404296875
80.0,0.4944380521774292,0.499889075756073,0.5009879469871521,0.5309138894081116,0.4944380521774292,0.499889075756073,3.14031982421875,3.0119476318359375
84.0,0.49490538239479065,0.4953022003173828,0.50144362449646,0.5189652442932129,0.49490538239479065,0.4953022003173828,3.1524810791015625,3.000885009765625
88.0,0.4940304756164551,0.47137588262557983,0.5049086213111877,0.537484347820282,0.4940304756164551,0.47137588262557983,3.1500091552734375,2.952789306640625
92.0,0.49469131231307983,0.5152479410171509,0.4969722032546997,0.5031493902206421,0.49469131231307983,0.5152479410171509,3.098724365234375,3.0300750732421875
96.0,0.49414750933647156,0.49353283643722534,0.5034778714179993,0.5374687910079956,0.49414750933647156,0.49353283643722534,3.153656005859375,2.99658203125
100.0,0.4967782497406006,0.4821576774120331,0.5015167593955994,0.49338847398757935,0.4967782497406006,0.4821576774120331,3.0780181884765625,2.971038818359375
104.0,0.49526363611221313,0.48284587264060974,0.5013231039047241,0.5288574695587158,0.49526363611221313,0.48284587264060974,3.151947021484375,2.961883544921875
108.0,0.49590420722961426,0.4791845679283142,0.5023050904273987,0.5261172652244568,0.49590420722961426,0.4791845679283142,3.1313629150390625,2.9443511962890625
112.0,0.49576953053474426,0.49999725818634033,0.5025919079780579,0.5349794626235962,0.49576953053474426,0.49999725818634033,3.1480560302734375,2.9913330078125
116.0,0.49677568674087524,0.4719877243041992,0.4999257028102875,0.5292558073997498,0.49677568674087524,0.4719877243041992,3.1139373779296875,2.9374847412109375
120.0,0.49731019139289856,0.47680485248565674,0.5014379620552063,0.5361731052398682,0.49731019139289856,0.47680485248565674,3.152374267578125,2.939056396484375
124.0,0.49741438031196594,0.4720413386821747,0.5029703378677368,0.5244694352149963,0.49741438031196594,0.4720413386821747,3.1418914794921875,2.95458984375
128.0,0.4950064420700073,0.4731244146823883,0.49967941641807556,0.5004623532295227,0.4950064420700073,0.4731244146823883,3.0857391357421875,2.9483489990234375
132.0,0.4954983592033386,0.48559507727622986,0.5012789368629456,0.5317778587341309,0.4954983592033386,0.48559507727622986,3.14984130859375,2.96905517578125
136.0,0.4962034523487091,0.4729059040546417,0.5009899139404297,0.5226011276245117,0.4962034523487091,0.4729059040546417,3.1307220458984375,2.94879150390625
140.0,0.4950839579105377,0.4737311601638794,0.5028132796287537,0.5204504132270813,0.4950839579105377,0.4737311601638794,3.1242218017578125,2.9467926025390625
144.0,0.49485281109809875,0.4692639708518982,0.4994610846042633,0.5302907228469849,0.49485281109809875,0.4692639708518982,3.1421966552734375,2.9394378662109375
148.0,0.49665018916130066,0.47516340017318726,0.4976942539215088,0.5250915884971619,0.49665018916130066,0.47516340017318726,3.12896728515625,2.9373016357421875
152.0,0.4934307038784027,0.4706243574619293,0.5026004910469055,0.533065676689148,0.4934307038784027,0.4706243574619293,3.1338043212890625,2.9394989013671875
156.0,0.49255675077438354,0.4822150468826294,0.5036507248878479,0.5270782709121704,0.49255675077438354,0.4822150468826294,3.129974365234375,2.952789306640625
160.0,0.4927501082420349,0.47349342703819275,0.5029553174972534,0.5113356709480286,0.4927501082420349,0.47349342703819275,3.1023101806640625,2.9276275634765625
164.0,0.4934772253036499,0.47477489709854126,0.5013829469680786,0.516462504863739,0.4934772253036499,0.47477489709854126,3.0861358642578125,2.9190673828125
168.0,0.4933610260486603,0.491682767868042,0.5029263496398926,0.5189766883850098,0.4933610260486603,0.491682767868042,3.106201171875,2.9755096435546875
172.0,0.490517258644104,0.47523757815361023,0.5025268793106079,0.5262370705604553,0.490517258644104,0.47523757815361023,3.14422607421875,2.920379638671875
176.0,0.49056750535964966,0.4807128310203552,0.5018280744552612,0.5194599628448486,0.49056750535964966,0.4807128310203552,3.11004638671875,2.9274749755859375
180.0,0.4895913302898407,0.48666176199913025,0.5024069547653198,0.5224977135658264,0.4895913302898407,0.48666176199913025,3.0991058349609375,2.928558349609375
184.0,0.4894300103187561,0.4852294623851776,0.5024060606956482,0.5143563747406006,0.4894300103187561,0.4852294623851776,3.1053314208984375,2.928436279296875
188.0,0.4901135265827179,0.5153142809867859,0.5025238990783691,0.530134379863739,0.4901135265827179,0.5153142809867859,3.1392822265625,2.9985198974609375
192.0,0.48935288190841675,0.4846871495246887,0.5004037022590637,0.5193740725517273,0.48935288190841675,0.4846871495246887,3.1177520751953125,2.94842529296875
196.0,0.4902988374233246,0.46633604168891907,0.49988842010498047,0.4867652952671051,0.4902988374233246,0.46633604168891907,3.08856201171875,2.9359283447265625
200.0,0.49074700474739075,0.43308281898498535,0.49571940302848816,0.42631903290748596,0.49074700474739075,0.43308281898498535,3.0571441650390625,2.9510650634765625
204.0,0.4929254949092865,0.41877231001853943,0.4882671535015106,0.4022115468978882,0.4929254949092865,0.41877231001853943,3.084320068359375,2.9869842529296875
208.0,0.49552682042121887,0.40993717312812805,0.4866584241390228,0.38797375559806824,0.49552682042121887,0.40993717312812805,3.0933837890625,3.012420654296875
212.0,0.4860146641731262,0.3804647922515869,0.4921268820762634,0.37200069427490234,0.4860146641731262,0.3804647922515869,3.0901336669921875,2.985565185546875
216.0,0.484858900308609,0.3734150826931,0.496800035238266,0.3575080931186676,0.484858900308609,0.3734150826931,3.0880279541015625,2.9993438720703125
220.0,0.4849003255367279,0.3599984347820282,0.4974600076675415,0.35584351420402527,0.4849003255367279,0.3599984347820282,3.07745361328125,2.9866790771484375
224.0,0.4814610779285431,0.36078184843063354,0.49851781129837036,0.36150220036506653,0.4814610779285431,0.36078184843063354,3.0837554931640625,3.0107269287109375
228.0,0.4839094877243042,0.36716654896736145,0.5003981590270996,0.3635288178920746,0.4839094877243042,0.36716654896736145,3.080718994140625,3.0012969970703125
232.0,0.48338648676872253,0.37507694959640503,0.5004239678382874,0.3649081885814667,0.48338648676872253,0.37507694959640503,3.0688018798828125,3.0066680908203125
236.0,0.48246726393699646,0.37500980496406555,0.49710580706596375,0.3748582601547241,0.48246726393699646,0.37500980496406555,3.0670166015625,2.9954833984375
240.0,0.4809402525424957,0.36977317929267883,0.4898659288883209,0.3709658682346344,0.4809402525424957,0.36977317929267883,3.072967529296875,2.99884033203125
244.0,0.48146483302116394,0.36639854311943054,0.49661609530448914,0.36341968178749084,0.48146483302116394,0.36639854311943054,3.083526611328125,3.0021209716796875
248.0,0.48283809423446655,0.3560587465763092,0.49231722950935364,0.36437734961509705,0.48283809423446655,0.3560587465763092,3.056304931640625,2.9982757568359375
252.0,0.4840696156024933,0.361294686794281,0.49151867628097534,0.3618057072162628,0.4840696156024933,0.361294686794281,3.0843963623046875,3.00469970703125
256.0,0.48146602511405945,0.3626233637332916,0.4945940673351288,0.3622274100780487,0.48146602511405945,0.3626233637332916,3.0690460205078125,3.0138397216796875
260.0,0.4851445257663727,0.3579140305519104,0.49284669756889343,0.3591989278793335,0.4851445257663727,0.3579140305519104,3.0806427001953125,3.0147552490234375
264.0,0.4832812547683716,0.3590012192726135,0.4940093457698822,0.3631637692451477,0.4832812547683716,0.3590012192726135,3.0911712646484375,3.007080078125
268.0,0.4813341498374939,0.36219915747642517,0.4930678606033325,0.36788326501846313,0.4813341498374939,0.36219915747642517,3.08837890625,3.0092315673828125
272.0,0.4806106984615326,0.35167983174324036,0.4967184364795685,0.36758002638816833,0.4806106984615326,0.35167983174324036,3.085906982421875,3.00311279296875
276.0,0.4815598130226135,0.36233511567115784,0.4964205324649811,0.368154376745224,0.4815598130226135,0.36233511567115784,3.101837158203125,2.997344970703125
280.0,0.4796482026576996,0.3578554689884186,0.49446865916252136,0.36598631739616394,0.4796482026576996,0.3578554689884186,3.0842742919921875,2.9888153076171875
284.0,0.4808224141597748,0.3627188801765442,0.49230095744132996,0.37157219648361206,0.4808224141597748,0.3627188801765442,3.0673828125,3.0031890869140625
288.0,0.48207128047943115,0.36262086033821106,0.49347028136253357,0.36985787749290466,0.48207128047943115,0.36262086033821106,3.0741729736328125,3.00067138671875
292.0,0.4798354208469391,0.3587542772293091,0.4944759011268616,0.3754003345966339,0.4798354208469391,0.3587542772293091,3.1024017333984375,2.9993743896484375
296.0,0.4835122227668762,0.3617476224899292,0.49625545740127563,0.3633073568344116,0.4835122227668762,0.3617476224899292,3.0708160400390625,2.9967803955078125
300.0,0.48212191462516785,0.3667421042919159,0.4949929416179657,0.37035071849823,0.48212191462516785,0.3667421042919159,3.0891265869140625,2.9901275634765625
304.0,0.4820970892906189,0.3669362962245941,0.49674201011657715,0.3667057752609253,0.4820970892906189,0.3669362962245941,3.0934906005859375,2.990936279296875
308.0,0.4833352565765381,0.36099615693092346,0.49393734335899353,0.3693496882915497,0.4833352565765381,0.36099615693092346,3.069061279296875,2.9855499267578125
312.0,0.48304036259651184,0.3646308481693268,0.4941604435443878,0.3692620098590851,0.48304036259651184,0.3646308481693268,3.0963287353515625,2.983673095703125
316.0,0.4856816828250885,0.3593391478061676,0.4937900900840759,0.36651611328125,0.4856816828250885,0.3593391478061676,3.084228515625,2.9865264892578125
320.0,0.48695117235183716,0.3599487245082855,0.49190884828567505,0.3712116479873657,0.48695117235183716,0.3599487245082855,3.08123779296875,2.977935791015625
324.0,0.48715224862098694,0.3589012324810028,0.49482300877571106,0.3574577569961548,0.48715224862098694,0.3589012324810028,3.0675811767578125,2.9956207275390625
328.0,0.48474550247192383,0.35532793402671814,0.49546289443969727,0.3642156720161438,0.48474550247192383,0.35532793402671814,3.06036376953125,2.9820098876953125
332.0,0.48561543226242065,0.35400065779685974,0.49521949887275696,0.36810407042503357,0.48561543226242065,0.35400065779685974,3.0757904052734375,2.97711181640625
336.0,0.4892037808895111,0.35788628458976746,0.4932549297809601,0.3681705594062805,0.4892037808895111,0.35788628458976746,3.082733154296875,2.9827728271484375
340.0,0.4874853789806366,0.35722801089286804,0.49502891302108765,0.36215636134147644,0.4874853789806366,0.35722801089286804,3.074066162109375,2.9894256591796875
344.0,0.48976045846939087,0.35871386528015137,0.49343132972717285,0.35813775658607483,0.48976045846939087,0.35871386528015137,3.0579376220703125,2.9802093505859375
348.0,0.4907532036304474,0.36018478870391846,0.49542656540870667,0.3585391640663147,0.4907532036304474,0.36018478870391846,3.063507080078125,2.973236083984375
352.0,0.487346351146698,0.36195671558380127,0.49417534470558167,0.356881320476532,0.487346351146698,0.36195671558380127,3.067626953125,2.98028564453125
356.0,0.4879339039325714,0.35566574335098267,0.4928610622882843,0.35693126916885376,0.4879339039325714,0.35566574335098267,3.0540924072265625,2.9780731201171875
360.0,0.4856155812740326,0.3529108464717865,0.4938792288303375,0.3595368266105652,0.4856155812740326,0.3529108464717865,3.061279296875,2.964111328125
364.0,0.4884839653968811,0.35357269644737244,0.4967932105064392,0.35772034525871277,0.4884839653968811,0.35357269644737244,3.04742431640625,2.9557647705078125
368.0,0.487496942281723,0.3546294867992401,0.4940829575061798,0.35528045892715454,0.487496942281723,0.3546294867992401,3.0416107177734375,2.9673614501953125
372.0,0.48529163002967834,0.3572428226470947,0.49390122294425964,0.3556070327758789,0.48529163002967834,0.3572428226470947,3.0531768798828125,2.9613494873046875
376.0,0.4863645136356354,0.35215410590171814,0.4929182231426239,0.35862815380096436,0.4863645136356354,0.35215410590171814,3.0498199462890625,2.9597625732421875
380.0,0.4859183132648468,0.3571593463420868,0.4928916096687317,0.35662317276000977,0.4859183132648468,0.3571593463420868,3.0331878662109375,2.9567718505859375
384.0,0.48687875270843506,0.35619351267814636,0.4910482168197632,0.36163219809532166,0.48687875270843506,0.35619351267814636,3.0370330810546875,2.951934814453125
388.0,0.4842888414859772,0.3524762988090515,0.49290308356285095,0.3514476418495178,0.4842888414859772,0.3524762988090515,3.031280517578125,2.9383087158203125
392.0,0.48181045055389404,0.35241442918777466,0.49383544921875,0.35822972655296326,0.48181045055389404,0.35241442918777466,3.03106689453125,2.9440155029296875
396.0,0.4828683137893677,0.35107994079589844,0.49487313628196716,0.3577112555503845,0.4828683137893677,0.35107994079589844,3.02734375,2.932891845703125
400.0,0.48311343789100647,0.3534165322780609,0.4956303536891937,0.35601773858070374,0.48311343789100647,0.3534165322780609,3.021575927734375,2.940032958984375
404.0,0.4804593622684479,0.35429641604423523,0.4905989170074463,0.3563741147518158,0.4804593622684479,0.35429641604423523,3.0147247314453125,2.933197021484375
408.0,0.4849247932434082,0.3460010290145874,0.4916313588619232,0.36405521631240845,0.4849247932434082,0.3460010290145874,3.0231170654296875,2.9170989990234375
412.0,0.48121777176856995,0.3559260666370392,0.4942520558834076,0.3666524887084961,0.48121777176856995,0.3559260666370392,3.0129852294921875,2.93115234375
416.0,0.4811968505382538,0.35649749636650085,0.49345874786376953,0.3655886948108673,0.4811968505382538,0.35649749636650085,3.012298583984375,2.91015625
420.0,0.48552167415618896,0.3544962704181671,0.49088770151138306,0.37219998240470886,0.48552167415618896,0.3544962704181671,3.005584716796875,2.9072418212890625
424.0,0.4939168393611908,0.35729891061782837,0.4986334443092346,0.3569382131099701,0.4939168393611908,0.35729891061782837,2.989715576171875,2.9215240478515625
428.0,0.510220468044281,0.34080591797828674,0.5165088772773743,0.3467566668987274,0.510220468044281,0.34080591797828674,2.9998321533203125,2.9099578857421875
432.0,0.5199317932128906,0.3491901457309723,0.5265723466873169,0.3394392430782318,0.5199317932128906,0.3491901457309723,3.01605224609375,2.93536376953125
436.0,0.523423969745636,0.33823162317276,0.5254631638526917,0.34986382722854614,0.523423969745636,0.33823162317276,3.015228271484375,2.9044342041015625
440.0,0.5228923559188843,0.34323227405548096,0.5277438163757324,0.3334084451198578,0.5228923559188843,0.34323227405548096,3.0099945068359375,2.9157867431640625
444.0,0.5231510400772095,0.33403903245925903,0.5306766033172607,0.3310677707195282,0.5231510400772095,0.33403903245925903,3.0064239501953125,2.9063262939453125
448.0,0.5250148177146912,0.33224350214004517,0.5331892967224121,0.338226318359375,0.5250148177146912,0.33224350214004517,2.992340087890625,2.884246826171875
452.0,0.5222349762916565,0.3352588415145874,0.5272137522697449,0.33469897508621216,0.5222349762916565,0.3352588415145874,2.987640380859375,2.88153076171875
456.0,0.5177392959594727,0.33542272448539734,0.5307982563972473,0.3398055136203766,0.5177392959594727,0.33542272448539734,3.0010528564453125,2.8864898681640625
460.0,0.521001398563385,0.3353605270385742,0.5257949233055115,0.34142884612083435,0.521001398563385,0.3353605270385742,2.9893798828125,2.8867034912109375
464.0,0.5184735059738159,0.33473676443099976,0.5253472328186035,0.3462643027305603,0.5184735059738159,0.33473676443099976,2.980255126953125,2.8782806396484375
468.0,0.520962119102478,0.33059927821159363,0.5273604393005371,0.3472934663295746,0.520962119102478,0.33059927821159363,3.0103302001953125,2.86749267578125
472.0,0.5203478336334229,0.32289382815361023,0.5268161296844482,0.34033289551734924,0.5203478336334229,0.32289382815361023,2.9688873291015625,2.8647613525390625
476.0,0.5193001627922058,0.33941560983657837,0.5249265432357788,0.3421767055988312,0.5193001627922058,0.33941560983657837,2.974212646484375,2.873291015625
480.0,0.5210119485855103,0.32712602615356445,0.5259769558906555,0.34426578879356384,0.5210119485855103,0.32712602615356445,2.9938507080078125,2.8714752197265625
484.0,0.5236154198646545,0.33216649293899536,0.5275060534477234,0.3412204086780548,0.5236154198646545,0.33216649293899536,2.9850921630859375,2.874267578125
488.0,0.522771418094635,0.33719396591186523,0.5291486978530884,0.3535696566104889,0.522771418094635,0.33719396591186523,2.9780426025390625,2.85772705078125
492.0,0.5216248631477356,0.330319881439209,0.526960551738739,0.3366302251815796,0.5216248631477356,0.330319881439209,2.9586944580078125,2.86492919921875
496.0,0.5211600065231323,0.33770617842674255,0.5269181728363037,0.3433118164539337,0.5211600065231323,0.33770617842674255,2.962371826171875,2.8661651611328125
500.0,0.5215756893157959,0.331447035074234,0.5303776264190674,0.33737480640411377,0.5215756893157959,0.331447035074234,2.9611663818359375,2.85235595703125
504.0,0.5234692692756653,0.33737027645111084,0.5314558148384094,0.3414824604988098,0.5234692692756653,0.33737027645111084,2.956756591796875,2.8600616455078125
508.0,0.521065354347229,0.33848968148231506,0.5281901955604553,0.3420540392398834,0.521065354347229,0.33848968148231506,2.9644775390625,2.86492919921875
512.0,0.5232177972793579,0.3325495719909668,0.5291368365287781,0.33752673864364624,0.5232177972793579,0.3325495719909668,2.96319580078125,2.8473663330078125
516.0,0.5203491449356079,0.33845964074134827,0.5287905931472778,0.33424586057662964,0.5203491449356079,0.33845964074134827,2.9593353271484375,2.863861083984375
520.0,0.5223771929740906,0.33950376510620117,0.529689371585846,0.3369026780128479,0.5223771929740906,0.33950376510620117,2.9618988037109375,2.8558197021484375
524.0,0.5216220021247864,0.34010374546051025,0.5271673202514648,0.3344551920890808,0.5216220021247864,0.34010374546051025,2.977325439453125,2.8539581298828125
528.0,0.5208266377449036,0.3433016538619995,0.5272442698478699,0.34174486994743347,0.5208266377449036,0.3433016538619995,2.967559814453125,2.834259033203125
532.0,0.523037850856781,0.34079134464263916,0.53076171875,0.33893832564353943,0.523037850856781,0.34079134464263916,2.94720458984375,2.8522186279296875
536.0,0.5233864784240723,0.3439636528491974,0.5317596197128296,0.33726203441619873,0.5233864784240723,0.3439636528491974,2.9410247802734375,2.8433380126953125
540.0,0.524761438369751,0.3424917459487915,0.5308518409729004,0.33882763981819153,0.524761438369751,0.3424917459487915,2.9481048583984375,2.85302734375
544.0,0.5255744457244873,0.3428596258163452,0.527036190032959,0.33956968784332275,0.5255744457244873,0.3428596258163452,2.952423095703125,2.84375
548.0,0.5242465138435364,0.33241453766822815,0.5274209380149841,0.33966055512428284,0.5242465138435364,0.33241453766822815,2.9467620849609375,2.847503662109375
552.0,0.5251141786575317,0.3309552073478699,0.5286089777946472,0.3440730571746826,0.5251141786575317,0.3309552073478699,2.955047607421875,2.827362060546875
556.0,0.522739052772522,0.3289867043495178,0.5311183333396912,0.33943891525268555,0.522739052772522,0.3289867043495178,2.9638671875,2.818603515625
560.0,0.5249820351600647,0.33012115955352783,0.5309987664222717,0.3358374536037445,0.5249820351600647,0.33012115955352783,2.94927978515625,2.8225860595703125
564.0,0.5238784551620483,0.3293018341064453,0.5303073525428772,0.34159055352211,0.5238784551620483,0.3293018341064453,2.965911865234375,2.8384857177734375
568.0,0.5243805646896362,0.33002689480781555,0.529380738735199,0.33377838134765625,0.5243805646896362,0.33002689480781555,2.9322509765625,2.8285980224609375
572.0,0.5260065197944641,0.3317815661430359,0.5298861265182495,0.3345155119895935,0.5260065197944641,0.3317815661430359,2.948272705078125,2.826171875
576.0,0.5291391015052795,0.329621821641922,0.5293362736701965,0.33677372336387634,0.5291391015052795,0.329621821641922,2.9427490234375,2.830841064453125
580.0,0.5261020064353943,0.3279010057449341,0.5300273299217224,0.33638641238212585,0.5261020064353943,0.3279010057449341,2.9320831298828125,2.82049560546875
584.0,0.5268182754516602,0.33168962597846985,0.5328032374382019,0.33290934562683105,0.5268182754516602,0.33168962597846985,2.91876220703125,2.8304290771484375
588.0,0.5266419649124146,0.33310431241989136,0.5292125940322876,0.3403477370738983,0.5266419649124146,0.33310431241989136,2.928985595703125,2.8367919921875
592.0,0.5277894735336304,0.33717575669288635,0.530798614025116,0.33801963925361633,0.5277894735336304,0.33717575669288635,2.9315643310546875,2.8225555419921875
596.0,0.5282298922538757,0.3359660804271698,0.528738796710968,0.3344303369522095,0.5282298922538757,0.3359660804271698,2.932891845703125,2.8165283203125
600.0,0.5302115678787231,0.3347177803516388,0.5275272727012634,0.344135582447052,0.5302115678787231,0.3347177803516388,2.941314697265625,2.81610107421875
604.0,0.526219367980957,0.3329295814037323,0.528398334980011,0.3452334403991699,0.526219367980957,0.3329295814037323,2.940887451171875,2.823486328125
608.0,0.5282410979270935,0.33491289615631104,0.5312157869338989,0.33776870369911194,0.5282410979270935,0.33491289615631104,2.931732177734375,2.82379150390625
612.0,0.5270605087280273,0.3337050974369049,0.5279863476753235,0.3425809144973755,0.5270605087280273,0.3337050974369049,2.9317474365234375,2.8274993896484375
616.0,0.527882993221283,0.33111637830734253,0.5280871987342834,0.3410809338092804,0.527882993221283,0.33111637830734253,2.9318389892578125,2.8127288818359375
620.0,0.5270087122917175,0.3278156518936157,0.525606095790863,0.34680286049842834,0.5270087122917175,0.3278156518936157,2.944854736328125,2.815643310546875
624.0,0.5260988473892212,0.3259676396846771,0.5273202061653137,0.3494688868522644,0.5260988473892212,0.3259676396846771,2.9199981689453125,2.8300933837890625
628.0,0.5302938222885132,0.3257313370704651,0.5267122983932495,0.3383379578590393,0.5302938222885132,0.3257313370704651,2.928985595703125,2.8096160888671875
632.0,0.527685821056366,0.3267343044281006,0.5266361236572266,0.3380263149738312,0.527685821056366,0.3267343044281006,2.922027587890625,2.7890625
636.0,0.5305466055870056,0.33196160197257996,0.5284532904624939,0.3402712941169739,0.5305466055870056,0.33196160197257996,2.9115753173828125,2.805389404296875
640.0,0.5281122922897339,0.33157846331596375,0.5266516208648682,0.3416261076927185,0.5281122922897339,0.33157846331596375,2.9320526123046875,2.8104705810546875
644.0,0.5254834294319153,0.33094552159309387,0.5258933901786804,0.34422680735588074,0.5254834294319153,0.33094552159309387,2.9127044677734375,2.7982635498046875
648.0,0.5252944231033325,0.3346916437149048,0.526587963104248,0.3450097143650055,0.5252944231033325,0.3346916437149048,2.9381866455078125,2.7972412109375
652.0,0.5269505381584167,0.33200734853744507,0.5246874690055847,0.3439742624759674,0.5269505381584167,0.33200734853744507,2.9368896484375,2.8011016845703125
656.0,0.5268664956092834,0.3403222858905792,0.5251802802085876,0.34361615777015686,0.5268664956092834,0.3403222858905792,2.9109649658203125,2.800872802734375
660.0,0.5268359184265137,0.3378382921218872,0.5280469059944153,0.3411453664302826,0.5268359184265137,0.3378382921218872,2.9326171875,2.8151702880859375
664.0,0.5274784564971924,0.3445631265640259,0.5260162949562073,0.3448264002799988,0.5274784564971924,0.3445631265640259,2.9168701171875,2.816192626953125
668.0,0.5246243476867676,0.33732277154922485,0.5249422788619995,0.3402640223503113,0.5246243476867676,0.33732277154922485,2.915374755859375,2.804046630859375
672.0,0.5234280228614807,0.335470974445343,0.5265151858329773,0.3462434709072113,0.5234280228614807,0.335470974445343,2.9084625244140625,2.8115997314453125
676.0,0.5244877934455872,0.3356548249721527,0.5278699398040771,0.34701284766197205,0.5244877934455872,0.3356548249721527,2.921844482421875,2.8067474365234375
680.0,0.5300374627113342,0.3530673086643219,0.538962721824646,0.34548577666282654,0.5300374627113342,0.3530673086643219,2.90911865234375,2.815338134765625
684.0,0.5411467552185059,0.3681606352329254,0.548765242099762,0.36804577708244324,0.5411467552185059,0.3681606352329254,2.9095916748046875,2.80572509765625
688.0,0.5499913096427917,0.3798375129699707,0.5602467656135559,0.3878171741962433,0.5499913096427917,0.3798375129699707,2.9050140380859375,2.79998779296875
692.0,0.5506616234779358,0.38911712169647217,0.5648965835571289,0.3925575613975525,0.5506616234779358,0.38911712169647217,2.880950927734375,2.792938232421875
696.0,0.5506976246833801,0.39309829473495483,0.5637305378913879,0.4016588628292084,0.5506976246833801,0.39309829473495483,2.91583251953125,2.789215087890625
700.0,0.5493311882019043,0.390073299407959,0.5609872341156006,0.39788568019866943,0.5493311882019043,0.390073299407959,2.909393310546875,2.7833404541015625
704.0,0.5534077882766724,0.39253726601600647,0.5612125992774963,0.3918706476688385,0.5534077882766724,0.39253726601600647,2.8907470703125,2.7820892333984375
708.0,0.553780734539032,0.3881343901157379,0.5597496628761292,0.3965231478214264,0.553780734539032,0.3881343901157379,2.9011383056640625,2.7733001708984375
712.0,0.5551007390022278,0.39072033762931824,0.5578834414482117,0.3961564600467682,0.5551007390022278,0.39072033762931824,2.9039764404296875,2.7705535888671875
716.0,0.554847002029419,0.38674768805503845,0.5558096170425415,0.3987652361392975,0.554847002029419,0.38674768805503845,2.9110260009765625,2.7634124755859375
720.0,0.552763819694519,0.3895190954208374,0.5543700456619263,0.39776185154914856,0.552763819694519,0.3895190954208374,2.8960418701171875,2.7740936279296875
724.0,0.5538180470466614,0.3921144902706146,0.5606015920639038,0.39549392461776733,0.5538180470466614,0.3921144902706146,2.888641357421875,2.77197265625
728.0,0.5551674962043762,0.3886149227619171,0.5582314729690552,0.39443138241767883,0.5551674962043762,0.3886149227619171,2.9074249267578125,2.767974853515625
732.0,0.5548007488250732,0.38937413692474365,0.5589521527290344,0.4013288617134094,0.5548007488250732,0.38937413692474365,2.9123077392578125,2.7636566162109375
736.0,0.5524627566337585,0.3919979929924011,0.5567178130149841,0.39675506949424744,0.5524627566337585,0.3919979929924011,2.8950653076171875,2.7722320556640625
740.0,0.5540704727172852,0.39647579193115234,0.5551730990409851,0.38938668370246887,0.5540704727172852,0.39647579193115234,2.879119873046875,2.7868194580078125
744.0,0.5521824359893799,0.395267516374588,0.5590840578079224,0.4016422629356384,0.5521824359893799,0.395267516374588,2.89495849609375,2.7935028076171875
748.0,0.5527631044387817,0.3947722017765045,0.5596268773078918,0.4035971760749817,0.5527631044387817,0.3947722017765045,2.886383056640625,2.766326904296875
752.0,0.5540688633918762,0.3949969410896301,0.5576366186141968,0.3976149559020996,0.5540688633918762,0.3949969410896301,2.8873443603515625,2.776153564453125
756.0,0.5531713366508484,0.40195441246032715,0.557946503162384,0.40022480487823486,0.5531713366508484,0.40195441246032715,2.8917694091796875,2.771087646484375
760.0,0.5527169108390808,0.3983747363090515,0.5586294531822205,0.3978411853313446,0.5527169108390808,0.3983747363090515,2.9004364013671875,2.7786102294921875
764.0,0.553439736366272,0.3945537507534027,0.5584762692451477,0.39636117219924927,0.553439736366272,0.3945537507534027,2.8818206787109375,2.7706756591796875
768.0,0.5560682415962219,0.39685654640197754,0.5566275119781494,0.39936158061027527,0.5560682415962219,0.39685654640197754,2.8714141845703125,2.7796783447265625
772.0,0.5541524291038513,0.39492836594581604,0.5579603910446167,0.39923104643821716,0.5541524291038513,0.39492836594581604,2.8793182373046875,2.7703094482421875
776.0,0.5548775792121887,0.3972136080265045,0.557859480381012,0.39940208196640015,0.5548775792121887,0.3972136080265045,2.878662109375,2.753021240234375
780.0,0.554447591304779,0.39809438586235046,0.5559080243110657,0.402219295501709,0.554447591304779,0.39809438586235046,2.888885498046875,2.756805419921875
784.0,0.5549178123474121,0.3961428701877594,0.5585538744926453,0.4007626175880432,0.5549178123474121,0.3961428701877594,2.8817291259765625,2.765167236328125
788.0,0.5523174405097961,0.3972901701927185,0.5574667453765869,0.40558281540870667,0.5523174405097961,0.3972901701927185,2.8889617919921875,2.7617340087890625
792.0,0.5566590428352356,0.3942002058029175,0.5585513114929199,0.4022793471813202,0.5566590428352356,0.3942002058029175,2.8840179443359375,2.7501983642578125
796.0,0.5543938279151917,0.40325087308883667,0.5591946244239807,0.4016146957874298,0.5543938279151917,0.40325087308883667,2.886260986328125,2.770904541015625
800.0,0.5545596480369568,0.39125579595565796,0.5617789030075073,0.4016422629356384,0.5545596480369568,0.39125579595565796,2.8812713623046875,2.762115478515625
804.0,0.5542354583740234,0.4003128707408905,0.5597565770149231,0.39814308285713196,0.5542354583740234,0.4003128707408905,2.860107421875,2.761505126953125
808.0,0.5542187690734863,0.4016852378845215,0.558745265007019,0.3928026854991913,0.5542187690734863,0.4016852378845215,2.8611907958984375,2.77783203125
812.0,0.5520329475402832,0.39831921458244324,0.5572755336761475,0.4034687876701355,0.5520329475402832,0.39831921458244324,2.88482666015625,2.78118896484375
816.0,0.5526106357574463,0.39136698842048645,0.5592924952507019,0.40291649103164673,0.5526106357574463,0.39136698842048645,2.8837432861328125,2.7585601806640625
820.0,0.5527624487876892,0.4043148458003998,0.5588598251342773,0.404959499835968,0.5527624487876892,0.4043148458003998,2.888946533203125,2.7767791748046875
824.0,0.5500655174255371,0.4019262194633484,0.5596485137939453,0.3974840044975281,0.5500655174255371,0.4019262194633484,2.8803558349609375,2.791717529296875
828.0,0.5532316565513611,0.40268397331237793,0.5580042004585266,0.3919038474559784,0.5532316565513611,0.40268397331237793,2.8658599853515625,2.76690673828125
832.0,0.552983820438385,0.3981262445449829,0.5583589673042297,0.4049854576587677,0.552983820438385,0.3981262445449829,2.8964691162109375,2.773406982421875
836.0,0.5499268174171448,0.395185649394989,0.5624409914016724,0.40119534730911255,0.5499268174171448,0.395185649394989,2.8806610107421875,2.781951904296875
840.0,0.550308883190155,0.40130192041397095,0.559368371963501,0.3917165994644165,0.550308883190155,0.40130192041397095,2.8547515869140625,2.7731170654296875
844.0,0.5487098097801208,0.4018683135509491,0.5567992329597473,0.39220818877220154,0.5487098097801208,0.4018683135509491,2.862213134765625,2.7800750732421875
848.0,0.551854133605957,0.3936130702495575,0.5608298182487488,0.40023165941238403,0.551854133605957,0.3936130702495575,2.8865814208984375,2.767486572265625
852.0,0.5500325560569763,0.39985382556915283,0.5594523549079895,0.39694589376449585,0.5500325560569763,0.39985382556915283,2.873199462890625,2.77435302734375
856.0,0.5487256050109863,0.394004762172699,0.5615244507789612,0.3892105221748352,0.5487256050109863,0.394004762172699,2.874114990234375,2.7771148681640625
860.0,0.5519901514053345,0.3988335430622101,0.5577383637428284,0.39484578371047974,0.5519901514053345,0.3988335430622101,2.872955322265625,2.7622222900390625
864.0,0.552250325679779,0.39431440830230713,0.5592041015625,0.39894333481788635,0.552250325679779,0.39431440830230713,2.8837432861328125,2.7686767578125
868.0,0.5534960031509399,0.39019566774368286,0.5590983629226685,0.39621657133102417,0.5534960031509399,0.39019566774368286,2.8682708740234375,2.77862548828125
872.0,0.5531561970710754,0.3939148187637329,0.557581901550293,0.39861106872558594,0.5531561970710754,0.3939148187637329,2.8813629150390625,2.7565765380859375
876.0,0.5505948662757874,0.39444366097450256,0.5604656934738159,0.39384886622428894,0.5505948662757874,0.39444366097450256,2.878448486328125,2.7724456787109375
880.0,0.5551525950431824,0.39494556188583374,0.5567565560340881,0.396454781293869,0.5551525950431824,0.39494556188583374,2.87908935546875,2.7728424072265625
884.0,0.5532795190811157,0.4024766683578491,0.5585470199584961,0.39866670966148376,0.5532795190811157,0.4024766683578491,2.8816680908203125,2.79620361328125
888.0,0.5524048805236816,0.39412498474121094,0.5593963265419006,0.3953864276409149,0.5524048805236816,0.39412498474121094,2.880706787109375,2.780914306640625
892.0,0.5568901300430298,0.3949928879737854,0.558846116065979,0.40524014830589294,0.5568901300430298,0.3949928879737854,2.8824310302734375,2.7663726806640625
896.0,0.5578835010528564,0.39631742238998413,0.5616883039474487,0.3950742483139038,0.5578835010528564,0.39631742238998413,2.8883056640625,2.783111572265625
900.0,0.5569435954093933,0.3904670178890228,0.5578219294548035,0.39429205656051636,0.5569435954093933,0.3904670178890228,2.860198974609375,2.7733154296875
904.0,0.5567184686660767,0.3895438313484192,0.5577316880226135,0.3944269120693207,0.5567184686660767,0.3895438313484192,2.8728485107421875,2.7802886962890625
908.0,0.5563291311264038,0.3859582543373108,0.5605708956718445,0.3867960274219513,0.5563291311264038,0.3859582543373108,2.86358642578125,2.782012939453125
912.0,0.5591713786125183,0.3899756968021393,0.5616329908370972,0.386912077665329,0.5591713786125183,0.3899756968021393,2.8871612548828125,2.7860260009765625
916.0,0.563970148563385,0.38544121384620667,0.5686606168746948,0.3913649320602417,0.563970148563385,0.38544121384620667,2.8765716552734375,2.7941741943359375
920.0,0.5897084474563599,0.38480618596076965,0.5943298935890198,0.3871702551841736,0.5897084474563599,0.38480618596076965,2.909149169921875,2.7965545654296875
924.0,0.6081965565681458,0.3784361481666565,0.6065261363983154,0.3789350986480713,0.6081965565681458,0.3784361481666565,2.9261627197265625,2.810821533203125
928.0,0.6234133839607239,0.36857283115386963,0.6272841095924377,0.3705572783946991,0.6234133839607239,0.36857283115386963,2.937591552734375,2.8063507080078125
932.0,0.6357895731925964,0.36741766333580017,0.6382592916488647,0.3664480447769165,0.6357895731925964,0.36741766333580017,2.9109039306640625,2.8118133544921875
936.0,0.647129237651825,0.3593727946281433,0.6446303129196167,0.36626875400543213,0.647129237651825,0.3593727946281433,2.9322967529296875,2.7973785400390625
940.0,0.645834743976593,0.3521328568458557,0.6488025784492493,0.35975244641304016,0.645834743976593,0.3521328568458557,2.927093505859375,2.786712646484375
944.0,0.642284631729126,0.3523200452327728,0.6440339684486389,0.37145161628723145,0.642284631729126,0.3523200452327728,2.941741943359375,2.779510498046875
948.0,0.6388301849365234,0.3526996076107025,0.6436734795570374,0.36416658759117126,0.6388301849365234,0.3526996076107025,2.9487762451171875,2.776763916015625
952.0,0.6385266184806824,0.3626127541065216,0.6408867239952087,0.3612614572048187,0.6385266184806824,0.3626127541065216,2.95635986328125,2.786041259765625
956.0,0.6365593671798706,0.3612556755542755,0.6447950005531311,0.35820576548576355,0.6365593671798706,0.3612556755542755,2.9553070068359375,2.8023681640625
960.0,0.6378603577613831,0.3650732934474945,0.6453792452812195,0.35855478048324585,0.6378603577613831,0.3650732934474945,2.947357177734375,2.8261871337890625
964.0,0.6359548568725586,0.35813385248184204,0.6433760523796082,0.36514103412628174,0.6359548568725586,0.35813385248184204,2.9625244140625,2.798614501953125
968.0,0.6379199028015137,0.36226749420166016,0.6450954675674438,0.3601611852645874,0.6379199028015137,0.36226749420166016,2.9476776123046875,2.79681396484375
972.0,0.6381056308746338,0.3581251800060272,0.6466564536094666,0.36286741495132446,0.6381056308746338,0.3581251800060272,2.957061767578125,2.8111724853515625
976.0,0.6385452747344971,0.35702502727508545,0.6445292234420776,0.3599901795387268,0.6385452747344971,0.35702502727508545,2.9425048828125,2.808258056640625
980.0,0.6402714252471924,0.36066871881484985,0.6449930667877197,0.35655665397644043,0.6402714252471924,0.36066871881484985,2.9333343505859375,2.8160400390625
984.0,0.6386764645576477,0.35875824093818665,0.6457377672195435,0.36795902252197266,0.6386764645576477,0.35875824093818665,2.9505615234375,2.808563232421875
988.0,0.6377725601196289,0.36126601696014404,0.6429351568222046,0.3632602095603943,0.6377725601196289,0.36126601696014404,2.940155029296875,2.81890869140625
992.0,0.641350269317627,0.3564929664134979,0.6470491886138916,0.357523113489151,0.641350269317627,0.3564929664134979,2.9353485107421875,2.7978363037109375
996.0,0.6411847472190857,0.3592268228530884,0.6420720219612122,0.3574243485927582,0.6411847472190857,0.3592268228530884,2.955657958984375,2.8160858154296875
1000.0,0.6403761506080627,0.36446136236190796,0.6447765231132507,0.35625597834587097,0.6403761506080627,0.36446136236190796,2.9548492431640625,2.8177337646484375
1004.0,0.6438041925430298,0.36052316427230835,0.6434503793716431,0.36010465025901794,0.6438041925430298,0.36052316427230835,2.9289703369140625,2.8223876953125
1008.0,0.6434062123298645,0.361907422542572,0.6435855627059937,0.3589804172515869,0.6434062123298645,0.361907422542572,2.953704833984375,2.8109588623046875
1012.0,0.6412684321403503,0.3561451733112335,0.6450324654579163,0.35358113050460815,0.6412684321403503,0.3561451733112335,2.9355316162109375,2.8106842041015625
1016.0,0.6399503350257874,0.35917577147483826,0.6442376375198364,0.3603741228580475,0.6399503350257874,0.35917577147483826,2.938690185546875,2.8315582275390625
1020.0,0.6411135792732239,0.35638806223869324,0.644209623336792,0.36512765288352966,0.6411135792732239,0.35638806223869324,2.974578857421875,2.826690673828125
1024.0,0.6428313851356506,0.3491981029510498,0.6457973122596741,0.3621579110622406,0.6428313851356506,0.3491981029510498,2.9727630615234375,2.7931671142578125
1028.0,0.6424564123153687,0.3568383455276489,0.6452581286430359,0.36166903376579285,0.6424564123153687,0.3568383455276489,2.9499664306640625,2.812286376953125
1032.0,0.6426398754119873,0.3512158989906311,0.6478286981582642,0.35823264718055725,0.6426398754119873,0.3512158989906311,2.9562835693359375,2.8174285888671875
1036.0,0.6427481174468994,0.35448509454727173,0.6448460817337036,0.36124229431152344,0.6427481174468994,0.35448509454727173,2.9578094482421875,2.81146240234375
1040.0,0.6437028646469116,0.35399988293647766,0.6435032486915588,0.3546006381511688,0.6437028646469116,0.35399988293647766,2.94482421875,2.8222503662109375
1044.0,0.6445068717002869,0.3520697057247162,0.64418625831604,0.36517733335494995,0.6445068717002869,0.3520697057247162,2.970672607421875,2.80670166015625
1048.0,0.6421406269073486,0.35526159405708313,0.6462230682373047,0.3582468628883362,0.6421406269073486,0.35526159405708313,2.976837158203125,2.811309814453125
1052.0,0.6444529294967651,0.34897857904434204,0.6448261141777039,0.3659161925315857,0.6444529294967651,0.34897857904434204,2.97528076171875,2.8200836181640625
1056.0,0.6436697840690613,0.3550351560115814,0.6443061828613281,0.36373481154441833,0.6436697840690613,0.3550351560115814,2.981842041015625,2.818572998046875
1060.0,0.6408853530883789,0.35725560784339905,0.6413528919219971,0.367180734872818,0.6408853530883789,0.35725560784339905,2.96307373046875,2.8135833740234375
1064.0,0.6435515880584717,0.35006505250930786,0.6464429497718811,0.3593442738056183,0.6435515880584717,0.35006505250930786,2.9745635986328125,2.818572998046875
1068.0,0.6457609534263611,0.34788814187049866,0.643066942691803,0.3625262975692749,0.6457609534263611,0.34788814187049866,2.9809112548828125,2.82012939453125
1072.0,0.6416642665863037,0.354463666677475,0.6451432108879089,0.3614174723625183,0.6416642665863037,0.354463666677475,2.9686126708984375,2.8265533447265625
1076.0,0.6408179998397827,0.34737756848335266,0.6426875591278076,0.35899439454078674,0.6408179998397827,0.34737756848335266,2.9689178466796875,2.8058929443359375
1080.0,0.6436781883239746,0.35359683632850647,0.6432427763938904,0.3613792061805725,0.6436781883239746,0.35359683632850647,2.9785614013671875,2.8475189208984375
1084.0,0.6416348814964294,0.3451513648033142,0.6420372128486633,0.36601880192756653,0.6416348814964294,0.3451513648033142,2.9643707275390625,2.8355560302734375
1088.0,0.6407257318496704,0.35752856731414795,0.6454309821128845,0.3623509109020233,0.6407257318496704,0.35752856731414795,2.988067626953125,2.8383941650390625
1092.0,0.6397557258605957,0.3576844334602356,0.647515594959259,0.36272090673446655,0.6397557258605957,0.3576844334602356,2.990020751953125,2.843048095703125
1096.0,0.6412292718887329,0.35235852003097534,0.6465699076652527,0.3587218225002289,0.6412292718887329,0.35235852003097534,2.9683074951171875,2.845489501953125
1100.0,0.6420514583587646,0.35182029008865356,0.6451717615127563,0.3544946014881134,0.6420514583587646,0.35182029008865356,2.9903564453125,2.8455810546875
1104.0,0.6419447660446167,0.35281094908714294,0.6451818346977234,0.3596673309803009,0.6419447660446167,0.35281094908714294,2.973236083984375,2.833526611328125
1108.0,0.6408292055130005,0.35076892375946045,0.6428108215332031,0.35841748118400574,0.6408292055130005,0.35076892375946045,2.9755096435546875,2.840057373046875
1112.0,0.6439059972763062,0.34499475359916687,0.6470395922660828,0.3544486463069916,0.6439059972763062,0.34499475359916687,2.97113037109375,2.844879150390625
1116.0,0.6465142369270325,0.33158019185066223,0.6485358476638794,0.33859705924987793,0.6465142369270325,0.33158019185066223,2.99713134765625,2.849517822265625
1120.0,0.6535482406616211,0.3145061433315277,0.6470815539360046,0.3242773115634918,0.6535482406616211,0.3145061433315277,2.98681640625,2.8543243408203125
1124.0,0.6540908813476562,0.3117501735687256,0.6490132212638855,0.316379189491272,0.6540908813476562,0.3117501735687256,3.0016326904296875,2.8590850830078125
1128.0,0.6512437462806702,0.30803778767585754,0.6511029005050659,0.31595858931541443,0.6512437462806702,0.30803778767585754,3.009765625,2.860565185546875
1132.0,0.6482081413269043,0.30128297209739685,0.6526229381561279,0.3020011782646179,0.6482081413269043,0.30128297209739685,2.9841156005859375,2.872833251953125
1136.0,0.6493772864341736,0.3009943962097168,0.6524890065193176,0.29369646310806274,0.6493772864341736,0.3009943962097168,2.9840545654296875,2.8597869873046875
1140.0,0.649674654006958,0.2969072163105011,0.6501476764678955,0.29719415307044983,0.649674654006958,0.2969072163105011,2.9813995361328125,2.8637847900390625
1144.0,0.6476054191589355,0.30367109179496765,0.6506699323654175,0.3002868890762329,0.6476054191589355,0.30367109179496765,2.975982666015625,2.859344482421875
1148.0,0.6503317952156067,0.3014454245567322,0.649211049079895,0.302802175283432,0.6503317952156067,0.3014454245567322,2.9902191162109375,2.86199951171875
1152.0,0.6529083847999573,0.2965356707572937,0.6523898839950562,0.3131196200847626,0.6529083847999573,0.2965356707572937,2.988739013671875,2.863616943359375
1156.0,0.6474287509918213,0.3032979667186737,0.6480603218078613,0.30748993158340454,0.6474287509918213,0.3032979667186737,3.004058837890625,2.8576812744140625
1160.0,0.6489410400390625,0.3007153570652008,0.6508859992027283,0.30792105197906494,0.6489410400390625,0.3007153570652008,3.0208740234375,2.86090087890625
1164.0,0.6515340805053711,0.29605531692504883,0.6478441953659058,0.3052305579185486,0.6515340805053711,0.29605531692504883,3.0070953369140625,2.864776611328125
1168.0,0.6527693271636963,0.3002282977104187,0.6488131880760193,0.3116662800312042,0.6527693271636963,0.3002282977104187,2.995452880859375,2.8632659912109375
1172.0,0.65169358253479,0.2988978624343872,0.6486066579818726,0.3069828152656555,0.65169358253479,0.2988978624343872,3.0137786865234375,2.877716064453125
1176.0,0.6500303149223328,0.3020649552345276,0.647321343421936,0.31126829981803894,0.6500303149223328,0.3020649552345276,3.0101165771484375,2.86627197265625
1180.0,0.649832546710968,0.301103800535202,0.6508380770683289,0.3034065067768097,0.649832546710968,0.301103800535202,3.00384521484375,2.8818359375
1184.0,0.6530194878578186,0.30097541213035583,0.6508505940437317,0.31038424372673035,0.6530194878578186,0.30097541213035583,3.016632080078125,2.8826141357421875
1188.0,0.6507270932197571,0.29766932129859924,0.6503661274909973,0.30901625752449036,0.6507270932197571,0.29766932129859924,3.0004425048828125,2.861907958984375
1192.0,0.6507449746131897,0.29362279176712036,0.6509354710578918,0.31131917238235474,0.6507449746131897,0.29362279176712036,3.005706787109375,2.858612060546875
1196.0,0.651112973690033,0.29662570357322693,0.6473757028579712,0.30778923630714417,0.651112973690033,0.29662570357322693,3.005767822265625,2.867156982421875
1200.0,0.6498430371284485,0.29461443424224854,0.6476534008979797,0.3076091408729553,0.6498430371284485,0.29461443424224854,3.0060577392578125,2.849334716796875
1204.0,0.6490422487258911,0.2958398759365082,0.6509544253349304,0.3114915192127228,0.6490422487258911,0.2958398759365082,3.007232666015625,2.8603057861328125
1208.0,0.6516606211662292,0.2972724437713623,0.6491801142692566,0.3049849271774292,0.6516606211662292,0.2972724437713623,2.9947509765625,2.8703460693359375
1212.0,0.6490269303321838,0.29405677318573,0.6516464352607727,0.31001219153404236,0.6490269303321838,0.29405677318573,3.012237548828125,2.8754730224609375
1216.0,0.6472910046577454,0.29946956038475037,0.6508445143699646,0.3064517378807068,0.6472910046577454,0.29946956038475037,3.004241943359375,2.8708038330078125
1220.0,0.6492729783058167,0.29364603757858276,0.6486793756484985,0.3041384518146515,0.6492729783058167,0.29364603757858276,2.9954833984375,2.8579559326171875
1224.0,0.6510401368141174,0.2923462688922882,0.6503121256828308,0.30646106600761414,0.6510401368141174,0.2923462688922882,2.988006591796875,2.86083984375
1228.0,0.649330735206604,0.2963269054889679,0.6475943922996521,0.3028210401535034,0.649330735206604,0.2963269054889679,2.9894256591796875,2.8717803955078125
1232.0,0.6452093720436096,0.29290834069252014,0.6450037360191345,0.2925257086753845,0.6452093720436096,0.29290834069252014,3.009063720703125,2.887054443359375
1236.0,0.6454154253005981,0.2780919075012207,0.6402764320373535,0.28054359555244446,0.6454154253005981,0.2780919075012207,2.9957427978515625,2.8743743896484375
1240.0,0.6402016878128052,0.266959011554718,0.6388072967529297,0.27357912063598633,0.6402016878128052,0.266959011554718,3.0194549560546875,2.8763885498046875
1244.0,0.6390503644943237,0.2661469876766205,0.6396037936210632,0.27651888132095337,0.6390503644943237,0.2661469876766205,3.018463134765625,2.878173828125
1248.0,0.6416675448417664,0.262296199798584,0.6447746753692627,0.27016088366508484,0.6416675448417664,0.262296199798584,3.0083770751953125,2.8968048095703125
1252.0,0.6386184692382812,0.27042272686958313,0.643243670463562,0.2758912146091461,0.6386184692382812,0.27042272686958313,3.0106964111328125,2.87847900390625
1256.0,0.639900803565979,0.27078062295913696,0.6401498317718506,0.2839405834674835,0.639900803565979,0.27078062295913696,3.00958251953125,2.8884124755859375
1260.0,0.6406528353691101,0.2734150290489197,0.6406911611557007,0.2818424105644226,0.6406528353691101,0.2734150290489197,2.993011474609375,2.8715057373046875
1264.0,0.642022967338562,0.276817262172699,0.6413798928260803,0.2772273123264313,0.642022967338562,0.276817262172699,3.002349853515625,2.876129150390625
1268.0,0.6402807831764221,0.27650362253189087,0.6422125697135925,0.27657264471054077,0.6402807831764221,0.27650362253189087,3.0080718994140625,2.8717498779296875
1272.0,0.6395295858383179,0.27584269642829895,0.6440397500991821,0.2716275453567505,0.6395295858383179,0.27584269642829895,3.0023956298828125,2.906890869140625
1276.0,0.6412519216537476,0.27060529589653015,0.6421394944190979,0.27740204334259033,0.6412519216537476,0.27060529589653015,2.9967041015625,2.877410888671875
1280.0,0.6391445994377136,0.2740233242511749,0.6417050361633301,0.2742585837841034,0.6391445994377136,0.2740233242511749,3.0050506591796875,2.8852081298828125
1284.0,0.6409427523612976,0.26981350779533386,0.6423299908638,0.27703961730003357,0.6409427523612976,0.26981350779533386,3.01287841796875,2.8947906494140625
1288.0,0.644387423992157,0.27429282665252686,0.6420883536338806,0.27544060349464417,0.644387423992157,0.27429282665252686,2.990875244140625,2.893768310546875
1292.0,0.6398500204086304,0.2726406157016754,0.6440123915672302,0.27248886227607727,0.6398500204086304,0.2726406157016754,2.9805450439453125,2.8887786865234375
1296.0,0.6407073736190796,0.27222639322280884,0.6412417888641357,0.27370643615722656,0.6407073736190796,0.27222639322280884,2.9759063720703125,2.884765625
1300.0,0.6359219551086426,0.26855698227882385,0.6425650119781494,0.27375638484954834,0.6359219551086426,0.26855698227882385,2.9907684326171875,2.8892669677734375
1304.0,0.6372631192207336,0.2665344774723053,0.6425644159317017,0.268260657787323,0.6372631192207336,0.2665344774723053,2.98779296875,2.8816070556640625
1308.0,0.638385534286499,0.2713273763656616,0.6404494643211365,0.2714293301105499,0.638385534286499,0.2713273763656616,2.998291015625,2.8774871826171875
1312.0,0.6396161913871765,0.27016308903694153,0.6421493291854858,0.27663132548332214,0.6396161913871765,0.27016308903694153,2.9994659423828125,2.8880157470703125
1316.0,0.6400398015975952,0.26952260732650757,0.6398125290870667,0.27645760774612427,0.6400398015975952,0.26952260732650757,2.9963226318359375,2.87640380859375
1320.0,0.6384454369544983,0.2680969536304474,0.6417666673660278,0.2675977349281311,0.6384454369544983,0.2680969536304474,2.998077392578125,2.874542236328125
1324.0,0.6391680240631104,0.2659262716770172,0.6439937353134155,0.2778850793838501,0.6391680240631104,0.2659262716770172,2.974151611328125,2.889251708984375
1328.0,0.6377379298210144,0.2680523693561554,0.6427451968193054,0.28524428606033325,0.6377379298210144,0.2680523693561554,2.9968109130859375,2.893157958984375
1332.0,0.6350635886192322,0.2701883018016815,0.6425057053565979,0.2748640775680542,0.6350635886192322,0.2701883018016815,2.99176025390625,2.8838958740234375
1336.0,0.6393653750419617,0.2642952501773834,0.6404404640197754,0.2817293107509613,0.6393653750419617,0.2642952501773834,3.0114288330078125,2.878814697265625
1340.0,0.6410305500030518,0.2610040605068207,0.6455734372138977,0.28119292855262756,0.6410305500030518,0.2610040605068207,3.0008544921875,2.8697357177734375
1344.0,0.6387790441513062,0.26052534580230713,0.642396867275238,0.2804645299911499,0.6387790441513062,0.26052534580230713,2.9935455322265625,2.866455078125
1348.0,0.6388183832168579,0.2623728811740875,0.6446277499198914,0.27753275632858276,0.6388183832168579,0.2623728811740875,2.988128662109375,2.8762359619140625
1352.0,0.6373565196990967,0.2603355944156647,0.6413201093673706,0.2808096408843994,0.6373565196990967,0.2603355944156647,3.00994873046875,2.8590850830078125
1356.0,0.6416195631027222,0.2694123685359955,0.6451026797294617,0.2753729820251465,0.6416195631027222,0.2694123685359955,3.0007476806640625,2.880767822265625
1360.0,0.637508749961853,0.26535162329673767,0.6450349688529968,0.27844107151031494,0.637508749961853,0.26535162329673767,2.9824066162109375,2.866790771484375
1364.0,0.6370632648468018,0.26594075560569763,0.6463543176651001,0.2785720229148865,0.6370632648468018,0.26594075560569763,2.9789581298828125,2.8898468017578125
1368.0,0.6393650770187378,0.27061837911605835,0.6456713676452637,0.2781289219856262,0.6393650770187378,0.27061837911605835,2.9932098388671875,2.86712646484375
1372.0,0.6409356594085693,0.26754334568977356,0.6444944739341736,0.2767496407032013,0.6409356594085693,0.26754334568977356,2.98565673828125,2.877227783203125
1376.0,0.6380704045295715,0.27366480231285095,0.6435075998306274,0.2798583209514618,0.6380704045295715,0.27366480231285095,3.006744384765625,2.8774871826171875
1380.0,0.641817569732666,0.2675599455833435,0.6422229409217834,0.2773107588291168,0.641817569732666,0.2675599455833435,3.0014495849609375,2.866973876953125
1384.0,0.6399812698364258,0.2708391845226288,0.6452223658561707,0.2751823365688324,0.6399812698364258,0.2708391845226288,2.978118896484375,2.868682861328125
1388.0,0.6409099102020264,0.27056634426116943,0.6461454629898071,0.27653539180755615,0.6409099102020264,0.27056634426116943,2.9799346923828125,2.886260986328125
1392.0,0.6420308947563171,0.2707166373729706,0.6449190974235535,0.2813121974468231,0.6420308947563171,0.2707166373729706,3.003814697265625,2.8704681396484375
1396.0,0.6390693187713623,0.2698594331741333,0.6464855670928955,0.2736023962497711,0.6390693187713623,0.2698594331741333,2.9849700927734375,2.87579345703125
1400.0,0.6431160569190979,0.2639741003513336,0.6483375430107117,0.27333134412765503,0.6431160569190979,0.2639741003513336,2.965423583984375,2.8659210205078125
1404.0,0.6402790546417236,0.2719621956348419,0.6426191926002502,0.2741949260234833,0.6402790546417236,0.2719621956348419,2.9852447509765625,2.87127685546875
1408.0,0.6434651613235474,0.27057674527168274,0.6444575786590576,0.2762351930141449,0.6434651613235474,0.27057674527168274,2.9832763671875,2.8621978759765625
1412.0,0.6439899206161499,0.27460670471191406,0.6451088786125183,0.2740306258201599,0.6439899206161499,0.27460670471191406,2.9785308837890625,2.876495361328125
1416.0,0.6427820324897766,0.2704928517341614,0.6425873041152954,0.27298519015312195,0.6427820324897766,0.2704928517341614,2.9862518310546875,2.8654632568359375
1420.0,0.6448594927787781,0.26796865463256836,0.6447351574897766,0.27339184284210205,0.6448594927787781,0.26796865463256836,2.981658935546875,2.873779296875
1424.0,0.6446809768676758,0.267968088388443,0.6439290046691895,0.2758672833442688,0.6446809768676758,0.267968088388443,2.9781951904296875,2.8648681640625
1428.0,0.6425957679748535,0.27149659395217896,0.643879234790802,0.27285897731781006,0.6425957679748535,0.27149659395217896,2.9705963134765625,2.87994384765625
1432.0,0.6444063782691956,0.26997652649879456,0.6395536661148071,0.2772060036659241,0.6444063782691956,0.26997652649879456,2.96044921875,2.854583740234375
1436.0,0.646591305732727,0.2675699293613434,0.6431474685668945,0.2734966576099396,0.646591305732727,0.2675699293613434,2.9811248779296875,2.8673248291015625
1440.0,0.6437061429023743,0.26906532049179077,0.6426888704299927,0.2779031991958618,0.6437061429023743,0.26906532049179077,2.973846435546875,2.873809814453125
1444.0,0.641669750213623,0.2678448259830475,0.6442678570747375,0.2773277163505554,0.641669750213623,0.2678448259830475,2.9611968994140625,2.857696533203125
1448.0,0.6436005234718323,0.266874223947525,0.6394833326339722,0.27901691198349,0.6436005234718323,0.266874223947525,2.9859771728515625,2.8650360107421875
1452.0,0.6418910026550293,0.26695892214775085,0.6419562697410583,0.28298965096473694,0.6418910026550293,0.26695892214775085,2.9789581298828125,2.8676300048828125
1456.0,0.6416885256767273,0.27285462617874146,0.6407477855682373,0.27888023853302,0.6416885256767273,0.27285462617874146,2.9708709716796875,2.8562164306640625
1460.0,0.6425746083259583,0.2750735282897949,0.6423117518424988,0.2719604969024658,0.6425746083259583,0.2750735282897949,2.967315673828125,2.8551788330078125
1464.0,0.639454185962677,0.2750732898712158,0.6405956745147705,0.270986407995224,0.639454185962677,0.2750732898712158,2.954620361328125,2.8732452392578125
1468.0,0.6398767828941345,0.26834380626678467,0.6390185952186584,0.27026301622390747,0.6398767828941345,0.26834380626678467,2.9396209716796875,2.8511810302734375
1472.0,0.6375370621681213,0.27247732877731323,0.6433618068695068,0.2733801603317261,0.6375370621681213,0.27247732877731323,2.9666748046875,2.8541717529296875
1476.0,0.6370313167572021,0.275038480758667,0.6389946341514587,0.26636040210723877,0.6370313167572021,0.275038480758667,2.9464569091796875,2.8593597412109375
1480.0,0.6389273405075073,0.26841703057289124,0.6418948769569397,0.2681647539138794,0.6389273405075073,0.26841703057289124,2.95599365234375,2.8497467041015625
1484.0,0.6381484270095825,0.27531421184539795,0.6408256888389587,0.26810282468795776,0.6381484270095825,0.27531421184539795,2.934600830078125,2.859893798828125
1488.0,0.636745810508728,0.2762586176395416,0.6425120830535889,0.27679958939552307,0.636745810508728,0.2762586176395416,2.966766357421875,2.845489501953125
1492.0,0.6384239792823792,0.2721883952617645,0.64090496301651,0.2703791856765747,0.6384239792823792,0.2721883952617645,2.961700439453125,2.8558807373046875
1496.0,0.6367707252502441,0.27208375930786133,0.6409392952919006,0.2764902412891388,0.6367707252502441,0.27208375930786133,2.9584808349609375,2.8509674072265625
1500.0,0.6359517574310303,0.2703234851360321,0.6421582698822021,0.27033716440200806,0.6359517574310303,0.2703234851360321,2.9503021240234375,2.8524627685546875
1504.0,0.6367712616920471,0.27050894498825073,0.6440280079841614,0.2782825529575348,0.6367712616920471,0.27050894498825073,2.9612884521484375,2.8559417724609375
1508.0,0.6367325782775879,0.2727968096733093,0.6435905694961548,0.2780868709087372,0.6367325782775879,0.2727968096733093,2.9741363525390625,2.84991455078125
1512.0,0.6395561099052429,0.2708696722984314,0.6401580572128296,0.27609458565711975,0.6395561099052429,0.2708696722984314,2.9580078125,2.83734130859375
1516.0,0.6402795910835266,0.2747427821159363,0.644158124923706,0.2720964848995209,0.6402795910835266,0.2747427821159363,2.9536895751953125,2.8655853271484375
1520.0,0.6391298770904541,0.2724343240261078,0.6416508555412292,0.27569591999053955,0.6391298770904541,0.2724343240261078,2.951171875,2.836151123046875
1524.0,0.6385278105735779,0.2733147442340851,0.6409249901771545,0.2753313481807709,0.6385278105735779,0.2733147442340851,2.9677734375,2.83905029296875
1528.0,0.6395590305328369,0.27280277013778687,0.6432662010192871,0.2689719796180725,0.6395590305328369,0.27280277013778687,2.953826904296875,2.850982666015625
1532.0,0.6400771737098694,0.26918739080429077,0.6435100436210632,0.27666914463043213,0.6400771737098694,0.26918739080429077,2.95379638671875,2.8424224853515625
1536.0,0.6409651637077332,0.25954052805900574,0.6437153220176697,0.2705909311771393,0.6409651637077332,0.25954052805900574,2.9556427001953125,2.8382568359375
1540.0,0.6414398550987244,0.26973000168800354,0.6392940878868103,0.2775464355945587,0.6414398550987244,0.26973000168800354,2.9500579833984375,2.8352508544921875
1544.0,0.6406448483467102,0.2673015296459198,0.6438716053962708,0.28012940287590027,0.6406448483467102,0.2673015296459198,2.95257568359375,2.8388824462890625
1548.0,0.6448168754577637,0.2646182179450989,0.6387939453125,0.2639160752296448,0.6448168754577637,0.2646182179450989,2.9338531494140625,2.844818115234375
1552.0,0.6428675651550293,0.2718707323074341,0.6429170966148376,0.27550244331359863,0.6428675651550293,0.2718707323074341,2.949737548828125,2.845489501953125
1556.0,0.6462438106536865,0.27045738697052,0.6399398446083069,0.27330443263053894,0.6462438106536865,0.27045738697052,2.9572906494140625,2.855682373046875
1560.0,0.6438857913017273,0.2702951729297638,0.6402454972267151,0.27590247988700867,0.6438857913017273,0.2702951729297638,2.9636077880859375,2.837890625
1564.0,0.6438456773757935,0.2694615125656128,0.6375358700752258,0.2805979251861572,0.6438456773757935,0.2694615125656128,2.950836181640625,2.8335113525390625
1568.0,0.6432890892028809,0.267816960811615,0.6395474672317505,0.2778662443161011,0.6432890892028809,0.267816960811615,2.9397125244140625,2.8419952392578125
1572.0,0.6449664235115051,0.2659505009651184,0.6362688541412354,0.2786831259727478,0.6449664235115051,0.2659505009651184,2.937957763671875,2.8369293212890625
1576.0,0.6456051468849182,0.2703332304954529,0.6394986510276794,0.2728331387042999,0.6456051468849182,0.2703332304954529,2.9505767822265625,2.8473968505859375
1580.0,0.6449375152587891,0.2668960690498352,0.6402761340141296,0.2746836245059967,0.6449375152587891,0.2668960690498352,2.9459228515625,2.840240478515625
1584.0,0.6435434222221375,0.26673927903175354,0.6396130919456482,0.27828049659729004,0.6435434222221375,0.26673927903175354,2.9411468505859375,2.846221923828125
1588.0,0.6446658372879028,0.2723395526409149,0.6415573358535767,0.2769886255264282,0.6446658372879028,0.2723395526409149,2.945709228515625,2.8332061767578125
1592.0,0.6473098993301392,0.26967376470565796,0.6475178003311157,0.2731460928916931,0.6473098993301392,0.26967376470565796,2.9462432861328125,2.8509979248046875
1596.0,0.6584288477897644,0.2670775055885315,0.6606858968734741,0.26905208826065063,0.6584288477897644,0.2670775055885315,2.9556732177734375,2.8564453125
1600.0,0.6669396162033081,0.26743051409721375,0.6730847358703613,0.2805962562561035,0.6669396162033081,0.26743051409721375,2.9464111328125,2.84063720703125
1604.0,0.6701003313064575,0.26531168818473816,0.6778456568717957,0.28010526299476624,0.6701003313064575,0.26531168818473816,2.9598388671875,2.8337249755859375
1608.0,0.6741349697113037,0.2620558440685272,0.6726466417312622,0.2841911017894745,0.6741349697113037,0.2620558440685272,2.9710235595703125,2.8343353271484375
1612.0,0.6670853495597839,0.2629525661468506,0.6738885641098022,0.2747301459312439,0.6670853495597839,0.2629525661468506,2.956085205078125,2.8331756591796875
1616.0,0.6633514165878296,0.26411598920822144,0.6707459092140198,0.2776331305503845,0.6633514165878296,0.26411598920822144,2.943878173828125,2.83721923828125
1620.0,0.6656522750854492,0.2630680203437805,0.6709958910942078,0.2738800048828125,0.6656522750854492,0.2630680203437805,2.95892333984375,2.8367462158203125
1624.0,0.6626288294792175,0.26034945249557495,0.6686805486679077,0.2781085968017578,0.6626288294792175,0.26034945249557495,2.941925048828125,2.8439788818359375
1628.0,0.664243757724762,0.27088671922683716,0.6682992577552795,0.27040743827819824,0.664243757724762,0.27088671922683716,2.9529876708984375,2.8335418701171875
1632.0,0.6666086912155151,0.2647467255592346,0.6705405116081238,0.2767481803894043,0.6666086912155151,0.2647467255592346,2.940277099609375,2.83172607421875
1636.0,0.6664613485336304,0.2625786066055298,0.6717187762260437,0.27683189511299133,0.6664613485336304,0.2625786066055298,2.940826416015625,2.8361358642578125
1640.0,0.6642909049987793,0.2655308246612549,0.669399619102478,0.27610692381858826,0.6642909049987793,0.2655308246612549,2.93505859375,2.8334197998046875
1644.0,0.6666940450668335,0.2617306709289551,0.6718681454658508,0.2743370234966278,0.6666940450668335,0.2617306709289551,2.9325408935546875,2.845916748046875
1648.0,0.6678237318992615,0.26718419790267944,0.671586275100708,0.2736673653125763,0.6678237318992615,0.26718419790267944,2.9462738037109375,2.832916259765625
1652.0,0.6674659848213196,0.2655544579029083,0.6735396385192871,0.2777469754219055,0.6674659848213196,0.2655544579029083,2.93890380859375,2.840179443359375
1656.0,0.6654130220413208,0.2650579810142517,0.6725672483444214,0.2780788242816925,0.6654130220413208,0.2650579810142517,2.9473724365234375,2.8397064208984375
1660.0,0.6687257289886475,0.2671017348766327,0.6703054904937744,0.27650678157806396,0.6687257289886475,0.2671017348766327,2.9456329345703125,2.8221435546875
1664.0,0.6675258278846741,0.26023414731025696,0.6703437566757202,0.27834248542785645,0.6675258278846741,0.26023414731025696,2.958587646484375,2.8397064208984375
1668.0,0.6680918335914612,0.26426923274993896,0.6704263091087341,0.27936437726020813,0.6680918335914612,0.26426923274993896,2.936614990234375,2.8190460205078125
1672.0,0.6682406067848206,0.26312583684921265,0.6708884835243225,0.2776833772659302,0.6682406067848206,0.26312583684921265,2.9333038330078125,2.8246002197265625
1676.0,0.6678504347801208,0.2655695378780365,0.6678351759910583,0.2823900580406189,0.6678504347801208,0.2655695378780365,2.9420928955078125,2.8444671630859375
1680.0,0.6701818704605103,0.26406896114349365,0.6704415082931519,0.2760166823863983,0.6701818704605103,0.26406896114349365,2.947174072265625,2.8162689208984375
1684.0,0.6678909063339233,0.2663405239582062,0.6699151396751404,0.2781795263290405,0.6678909063339233,0.2663405239582062,2.954437255859375,2.830657958984375
1688.0,0.6692084074020386,0.2649255692958832,0.6701108813285828,0.2732023298740387,0.6692084074020386,0.2649255692958832,2.9485626220703125,2.837432861328125
1692.0,0.6697953939437866,0.26627790927886963,0.6689072847366333,0.2763989269733429,0.6697953939437866,0.26627790927886963,2.940460205078125,2.845947265625
1696.0,0.6689043641090393,0.2689163088798523,0.6703864932060242,0.2748418152332306,0.6689043641090393,0.2689163088798523,2.9419097900390625,2.8289031982421875
1700.0,0.6683642268180847,0.27043208479881287,0.6697730422019958,0.27136099338531494,0.6683642268180847,0.27043208479881287,2.9484100341796875,2.84454345703125
1704.0,0.6697863936424255,0.26341956853866577,0.6707421541213989,0.27144655585289,0.6697863936424255,0.26341956853866577,2.95184326171875,2.828887939453125
1708.0,0.6661786437034607,0.2640262544155121,0.6696551442146301,0.2750466763973236,0.6661786437034607,0.2640262544155121,2.9358062744140625,2.8289642333984375
1712.0,0.6687309145927429,0.2685379385948181,0.6698898673057556,0.2804027199745178,0.6687309145927429,0.2685379385948181,2.9559478759765625,2.828125
1716.0,0.6703688502311707,0.26887747645378113,0.6708447337150574,0.2709144949913025,0.6703688502311707,0.26887747645378113,2.9344635009765625,2.847320556640625
1720.0,0.6700245141983032,0.2665233612060547,0.6730560064315796,0.27499282360076904,0.6700245141983032,0.2665233612060547,2.949310302734375,2.8323974609375
1724.0,0.6721580624580383,0.2627415657043457,0.6755127310752869,0.27302342653274536,0.6721580624580383,0.2627415657043457,2.941436767578125,2.8225555419921875
1728.0,0.6715214848518372,0.26459798216819763,0.6715065836906433,0.27675843238830566,0.6715214848518372,0.26459798216819763,2.942047119140625,2.830474853515625
1732.0,0.6723312735557556,0.26797646284103394,0.6732755303382874,0.2791813611984253,0.6723312735557556,0.26797646284103394,2.9409027099609375,2.83551025390625
1736.0,0.6723871231079102,0.2679131031036377,0.6735823750495911,0.2763662338256836,0.6723871231079102,0.2679131031036377,2.9481964111328125,2.8362579345703125
1740.0,0.6717503666877747,0.26767921447753906,0.6732571721076965,0.27615970373153687,0.6717503666877747,0.26767921447753906,2.9366912841796875,2.831298828125
1744.0,0.6726312637329102,0.26413002610206604,0.6718196868896484,0.2723310589790344,0.6726312637329102,0.26413002610206604,2.9445037841796875,2.844879150390625
1748.0,0.6732478141784668,0.2681492865085602,0.6717695593833923,0.26973581314086914,0.6732478141784668,0.2681492865085602,2.948455810546875,2.8350067138671875
1752.0,0.6694329977035522,0.2688179612159729,0.6724794507026672,0.2758062183856964,0.6694329977035522,0.2688179612159729,2.9342803955078125,2.83892822265625
1756.0,0.6696640253067017,0.26678192615509033,0.6715825200080872,0.27413812279701233,0.6696640253067017,0.26678192615509033,2.947906494140625,2.8320465087890625
1760.0,0.668129563331604,0.27022024989128113,0.6721532344818115,0.26871320605278015,0.668129563331604,0.27022024989128113,2.9351043701171875,2.8558807373046875
1764.0,0.6687366962432861,0.26693522930145264,0.6712539792060852,0.26628509163856506,0.6687366962432861,0.26693522930145264,2.9387359619140625,2.84014892578125
1768.0,0.6705499887466431,0.26531705260276794,0.6720755100250244,0.26926007866859436,0.6705499887466431,0.26531705260276794,2.935638427734375,2.8228302001953125
1772.0,0.6688006520271301,0.2618098258972168,0.6703110933303833,0.26951271295547485,0.6688006520271301,0.2618098258972168,2.9375762939453125,2.826141357421875
1776.0,0.6707298159599304,0.2694365084171295,0.6683931946754456,0.2724127769470215,0.6707298159599304,0.2694365084171295,2.918060302734375,2.8290252685546875
1780.0,0.6684237718582153,0.2695973217487335,0.6685658097267151,0.2750430405139923,0.6684237718582153,0.2695973217487335,2.9600982666015625,2.8242340087890625
1784.0,0.6724576354026794,0.26750367879867554,0.67130446434021,0.27262675762176514,0.6724576354026794,0.26750367879867554,2.9416351318359375,2.8290863037109375
1788.0,0.6694296002388,0.26695138216018677,0.6730493307113647,0.269695907831192,0.6694296002388,0.26695138216018677,2.9402008056640625,2.853515625
1792.0,0.6706796884536743,0.26479077339172363,0.6704450845718384,0.27366766333580017,0.6706796884536743,0.26479077339172363,2.941558837890625,2.8319244384765625
1796.0,0.6709153056144714,0.26828500628471375,0.6692687273025513,0.2762811779975891,0.6709153056144714,0.26828500628471375,2.940673828125,2.8361053466796875
1800.0,0.6707566380500793,0.2676989734172821,0.6691455841064453,0.2715030610561371,0.6707566380500793,0.2676989734172821,2.9449310302734375,2.8301544189453125
1804.0,0.6714457273483276,0.26322001218795776,0.6688231229782104,0.27533379197120667,0.6714457273483276,0.26322001218795776,2.939697265625,2.8350982666015625
1808.0,0.6727927923202515,0.264957994222641,0.6714705228805542,0.2759537398815155,0.6727927923202515,0.264957994222641,2.946441650390625,2.8484344482421875
1812.0,0.6703423857688904,0.2669242322444916,0.6724740266799927,0.2728005349636078,0.6703423857688904,0.2669242322444916,2.9412841796875,2.8356170654296875
1816.0,0.670200765132904,0.2659517526626587,0.6731472611427307,0.27277371287345886,0.670200765132904,0.2659517526626587,2.926422119140625,2.8305511474609375
1820.0,0.6727933287620544,0.2685902714729309,0.6683100461959839,0.27358847856521606,0.6727933287620544,0.2685902714729309,2.9416046142578125,2.8387451171875
1824.0,0.6737986207008362,0.2714860141277313,0.6694750189781189,0.2781114876270294,0.6737986207008362,0.2714860141277313,2.942901611328125,2.84521484375
1828.0,0.6637929677963257,0.2814858853816986,0.6656538248062134,0.2898317873477936,0.6637929677963257,0.2814858853816986,2.95196533203125,2.85711669921875
1832.0,0.6585051417350769,0.29263371229171753,0.6626201272010803,0.30278560519218445,0.6585051417350769,0.29263371229171753,2.93310546875,2.837799072265625
1836.0,0.653875470161438,0.3115668296813965,0.6605619192123413,0.31677550077438354,0.653875470161438,0.3115668296813965,2.9356842041015625,2.837066650390625
1840.0,0.6581255197525024,0.315449059009552,0.6622434854507446,0.3215253949165344,0.6581255197525024,0.315449059009552,2.935546875,2.8394012451171875
1844.0,0.6621078848838806,0.31173092126846313,0.6616612672805786,0.3182496726512909,0.6621078848838806,0.31173092126846313,2.94091796875,2.8438873291015625
1848.0,0.663165271282196,0.30699560046195984,0.6630212664604187,0.29895371198654175,0.663165271282196,0.30699560046195984,2.9390869140625,2.820953369140625
1852.0,0.66307133436203,0.3005651831626892,0.6611685752868652,0.30065569281578064,0.66307133436203,0.3005651831626892,2.9404449462890625,2.8090972900390625
1856.0,0.663298487663269,0.306350976228714,0.6627407073974609,0.3015124201774597,0.663298487663269,0.306350976228714,2.9380645751953125,2.835693359375
1860.0,0.6620698571205139,0.30547386407852173,0.6619449853897095,0.3039686381816864,0.6620698571205139,0.30547386407852173,2.915618896484375,2.845458984375
1864.0,0.6606037020683289,0.3049646317958832,0.661871075630188,0.3040257394313812,0.6606037020683289,0.3049646317958832,2.9362030029296875,2.8272552490234375
1868.0,0.6624133586883545,0.30753451585769653,0.6621508002281189,0.3053910434246063,0.6624133586883545,0.30753451585769653,2.925933837890625,2.8305511474609375
1872.0,0.6624593734741211,0.3054768741130829,0.6614701151847839,0.31355029344558716,0.6624593734741211,0.3054768741130829,2.9512176513671875,2.8401336669921875
1876.0,0.659989595413208,0.2983299791812897,0.6602603793144226,0.31501176953315735,0.659989595413208,0.2983299791812897,2.928619384765625,2.823974609375
1880.0,0.6607333421707153,0.30961403250694275,0.6608805060386658,0.31060585379600525,0.6607333421707153,0.30961403250694275,2.944976806640625,2.828582763671875
1884.0,0.6604786515235901,0.30540937185287476,0.6619150638580322,0.3074968159198761,0.6604786515235901,0.30540937185287476,2.94049072265625,2.82794189453125
1888.0,0.6622558832168579,0.30417367815971375,0.6633026599884033,0.3042856752872467,0.6622558832168579,0.30417367815971375,2.929656982421875,2.828338623046875
1892.0,0.6615999937057495,0.302866667509079,0.6639293432235718,0.31501322984695435,0.6615999937057495,0.302866667509079,2.9383392333984375,2.818115234375
1896.0,0.6610027551651001,0.2998841106891632,0.662011981010437,0.3174382746219635,0.6610027551651001,0.2998841106891632,2.96173095703125,2.8225250244140625
1900.0,0.6621904373168945,0.29932835698127747,0.6613644957542419,0.3101889193058014,0.6621904373168945,0.29932835698127747,2.9304046630859375,2.8213958740234375
1904.0,0.6607703566551208,0.2979098856449127,0.6590105295181274,0.31572622060775757,0.6607703566551208,0.2979098856449127,2.9476776123046875,2.821044921875
1908.0,0.6609287261962891,0.29898157715797424,0.662813663482666,0.315117210149765,0.6609287261962891,0.29898157715797424,2.9380645751953125,2.8354644775390625
1912.0,0.6618983149528503,0.2995411455631256,0.6627422571182251,0.31558671593666077,0.6618983149528503,0.2995411455631256,2.9583282470703125,2.8312835693359375
1916.0,0.6609352827072144,0.3046236038208008,0.6578437089920044,0.3198450207710266,0.6609352827072144,0.3046236038208008,2.9708251953125,2.8393096923828125
1920.0,0.6614313125610352,0.29973310232162476,0.6604219675064087,0.31261739134788513,0.6614313125610352,0.29973310232162476,2.945281982421875,2.838623046875
1924.0,0.6601628065109253,0.3044002950191498,0.6617573499679565,0.3169032633304596,0.6601628065109253,0.3044002950191498,2.943328857421875,2.837890625
1928.0,0.6618362069129944,0.30077970027923584,0.6634542346000671,0.3166467547416687,0.6618362069129944,0.30077970027923584,2.9540863037109375,2.8188018798828125
1932.0,0.6612579822540283,0.2999837398529053,0.6647153496742249,0.31862595677375793,0.6612579822540283,0.2999837398529053,2.953857421875,2.83795166015625
1936.0,0.6600618958473206,0.30450281500816345,0.6578779220581055,0.31969866156578064,0.6600618958473206,0.30450281500816345,2.953094482421875,2.8383026123046875
1940.0,0.6633346080780029,0.3114933371543884,0.661551833152771,0.31249725818634033,0.6633346080780029,0.3114933371543884,2.9471893310546875,2.8578338623046875
1944.0,0.6609166860580444,0.3046356737613678,0.6616268157958984,0.3176428973674774,0.6609166860580444,0.3046356737613678,2.9727020263671875,2.8305206298828125
1948.0,0.6621231436729431,0.3041686713695526,0.6630947589874268,0.31855642795562744,0.6621231436729431,0.3041686713695526,2.9498748779296875,2.8399658203125
1952.0,0.6626902222633362,0.3041224777698517,0.6628333926200867,0.3172692060470581,0.6626902222633362,0.3041224777698517,2.9589385986328125,2.8372802734375
1956.0,0.6634922623634338,0.3051494359970093,0.6623364090919495,0.32013946771621704,0.6634922623634338,0.3051494359970093,2.9612884521484375,2.8428192138671875
1960.0,0.6606093049049377,0.3024939298629761,0.663908839225769,0.3230239748954773,0.6606093049049377,0.3024939298629761,2.9579010009765625,2.8434600830078125
1964.0,0.6607871055603027,0.3095526695251465,0.6625214219093323,0.31734001636505127,0.6607871055603027,0.3095526695251465,2.966522216796875,2.8545684814453125
1968.0,0.660078763961792,0.30149632692337036,0.6631454229354858,0.3162703514099121,0.660078763961792,0.30149632692337036,2.9571990966796875,2.840972900390625
1972.0,0.6584025025367737,0.309312105178833,0.662807285785675,0.3152235448360443,0.6584025025367737,0.309312105178833,2.9618682861328125,2.847625732421875
1976.0,0.6610301733016968,0.3056263327598572,0.6609638929367065,0.31582000851631165,0.6610301733016968,0.3056263327598572,2.9652862548828125,2.84295654296875
1980.0,0.6603684425354004,0.3071275055408478,0.6614665389060974,0.31329548358917236,0.6603684425354004,0.3071275055408478,2.9490203857421875,2.8364410400390625
1984.0,0.6597049832344055,0.306631863117218,0.6605754494667053,0.3147963881492615,0.6597049832344055,0.306631863117218,2.95330810546875,2.8469085693359375
1988.0,0.661588728427887,0.3036375045776367,0.6660358309745789,0.313134104013443,0.661588728427887,0.3036375045776367,2.9474334716796875,2.84539794921875
1992.0,0.6590172052383423,0.298602819442749,0.6607760190963745,0.3151715099811554,0.6590172052383423,0.298602819442749,2.962005615234375,2.8384552001953125
1996.0,0.6595852971076965,0.3087092638015747,0.663932740688324,0.3150155544281006,0.6595852971076965,0.3087092638015747,2.953521728515625,2.8515777587890625
2000.0,0.6579684019088745,0.3114848732948303,0.661733865737915,0.3158147931098938,0.6579684019088745,0.3114848732948303,2.9649810791015625,2.8428802490234375
2004.0,0.6595230102539062,0.30739840865135193,0.6591672301292419,0.3129357397556305,0.6595230102539062,0.30739840865135193,2.95709228515625,2.83843994140625
2008.0,0.6601723432540894,0.31075066328048706,0.6581251621246338,0.3135250210762024,0.6601723432540894,0.31075066328048706,2.9563446044921875,2.8481292724609375
2012.0,0.6597163677215576,0.3188660740852356,0.662624180316925,0.3254847228527069,0.6597163677215576,0.3188660740852356,2.96337890625,2.8481292724609375
2016.0,0.6605934500694275,0.34239456057548523,0.6675947904586792,0.3450540006160736,0.6605934500694275,0.34239456057548523,2.919708251953125,2.844482421875
2020.0,0.66412353515625,0.37998390197753906,0.6697152853012085,0.37745213508605957,0.66412353515625,0.37998390197753906,2.924957275390625,2.834442138671875
2024.0,0.6632702946662903,0.39913684129714966,0.675645112991333,0.4044252932071686,0.6632702946662903,0.39913684129714966,2.9106292724609375,2.812408447265625
2028.0,0.6612405180931091,0.406762957572937,0.673940122127533,0.41470271348953247,0.6612405180931091,0.406762957572937,2.9132080078125,2.79364013671875
2032.0,0.6596589088439941,0.41628900170326233,0.67299884557724,0.4216040074825287,0.6596589088439941,0.41628900170326233,2.9087677001953125,2.7936553955078125
2036.0,0.6610924005508423,0.4233354926109314,0.6681384444236755,0.4237135648727417,0.6610924005508423,0.4233354926109314,2.9134063720703125,2.8162384033203125
2040.0,0.6628677845001221,0.4238695800304413,0.6623199582099915,0.4112032651901245,0.6628677845001221,0.4238695800304413,2.890625,2.8074951171875
2044.0,0.6660297513008118,0.40657752752304077,0.662676990032196,0.4158223271369934,0.6660297513008118,0.40657752752304077,2.9221649169921875,2.80364990234375
2048.0,0.6630464196205139,0.4043393135070801,0.658359944820404,0.4138137996196747,0.6630464196205139,0.4043393135070801,2.920440673828125,2.8044586181640625
2052.0,0.666069746017456,0.40949252247810364,0.6648786664009094,0.4163103699684143,0.666069746017456,0.40949252247810364,2.9081573486328125,2.804901123046875
2056.0,0.6644151210784912,0.407632440328598,0.6637429594993591,0.41619956493377686,0.6644151210784912,0.407632440328598,2.916900634765625,2.817901611328125
2060.0,0.6650140285491943,0.4051993191242218,0.6680062413215637,0.41997623443603516,0.6650140285491943,0.4051993191242218,2.92120361328125,2.8043365478515625
2064.0,0.662460446357727,0.40834301710128784,0.664035975933075,0.4218922257423401,0.662460446357727,0.40834301710128784,2.9298553466796875,2.809295654296875
2068.0,0.6630514860153198,0.4122530221939087,0.664420485496521,0.42832934856414795,0.6630514860153198,0.4122530221939087,2.943939208984375,2.8186492919921875
2072.0,0.6597041487693787,0.4177895188331604,0.6662201285362244,0.4243476390838623,0.6597041487693787,0.4177895188331604,2.9171295166015625,2.8135223388671875
2076.0,0.6641692519187927,0.4139355421066284,0.6645670533180237,0.42360761761665344,0.6641692519187927,0.4139355421066284,2.91180419921875,2.814727783203125
2080.0,0.6611489653587341,0.41729554533958435,0.6662449240684509,0.42893120646476746,0.6611489653587341,0.41729554533958435,2.9375152587890625,2.8125762939453125
2084.0,0.6633303165435791,0.420097291469574,0.6627240777015686,0.4260275959968567,0.6633303165435791,0.420097291469574,2.932525634765625,2.81170654296875
2088.0,0.6607934236526489,0.4183262884616852,0.6665629148483276,0.4173804819583893,0.6607934236526489,0.4183262884616852,2.91583251953125,2.8199462890625
2092.0,0.6621445417404175,0.42190906405448914,0.6636806726455688,0.42621228098869324,0.6621445417404175,0.42190906405448914,2.920928955078125,2.8123321533203125
2096.0,0.6614426970481873,0.4227753281593323,0.6635729074478149,0.4315015971660614,0.6614426970481873,0.4227753281593323,2.9502105712890625,2.825042724609375
2100.0,0.664432942867279,0.41626670956611633,0.6628714799880981,0.43048763275146484,0.664432942867279,0.41626670956611633,2.953369140625,2.811187744140625
2104.0,0.6640774607658386,0.4204828143119812,0.6677280068397522,0.42883479595184326,0.6640774607658386,0.4204828143119812,2.926910400390625,2.817291259765625
2108.0,0.6654390692710876,0.4185986816883087,0.6633467674255371,0.4236803650856018,0.6654390692710876,0.4185986816883087,2.922332763671875,2.8137054443359375
2112.0,0.661919116973877,0.4205574095249176,0.6648139953613281,0.42386868596076965,0.661919116973877,0.4205574095249176,2.9244384765625,2.8210296630859375
2116.0,0.6643850207328796,0.42431217432022095,0.6681209206581116,0.42434725165367126,0.6643850207328796,0.42431217432022095,2.9373931884765625,2.8310089111328125
2120.0,0.6681000590324402,0.42092061042785645,0.6627698540687561,0.4318701922893524,0.6681000590324402,0.42092061042785645,2.927764892578125,2.8130340576171875
2124.0,0.6685829162597656,0.4234994053840637,0.6659022569656372,0.42863941192626953,0.6685829162597656,0.4234994053840637,2.9360809326171875,2.80645751953125
2128.0,0.6634750366210938,0.42387789487838745,0.6632195115089417,0.4369341731071472,0.6634750366210938,0.42387789487838745,2.9418487548828125,2.8271331787109375
2132.0,0.66840660572052,0.42418667674064636,0.6646769642829895,0.42779722809791565,0.66840660572052,0.42418667674064636,2.92913818359375,2.824615478515625
2136.0,0.6657836437225342,0.4230499565601349,0.6666349172592163,0.4245108366012573,0.6657836437225342,0.4230499565601349,2.9366455078125,2.8169403076171875
2140.0,0.6659407019615173,0.422863245010376,0.6651954054832458,0.4214329719543457,0.6659407019615173,0.422863245010376,2.924560546875,2.83148193359375
2144.0,0.6659384369850159,0.424611896276474,0.6632561683654785,0.4322778880596161,0.6659384369850159,0.424611896276474,2.95220947265625,2.824615478515625
2148.0,0.6657805442810059,0.42665812373161316,0.6630927324295044,0.42962831258773804,0.6657805442810059,0.42665812373161316,2.93157958984375,2.8179473876953125
2152.0,0.6666199564933777,0.420759916305542,0.6656332612037659,0.4277709424495697,0.6666199564933777,0.420759916305542,2.9529571533203125,2.8132171630859375
2156.0,0.6646900773048401,0.4258025586605072,0.6635178923606873,0.42825955152511597,0.6646900773048401,0.4258025586605072,2.9355621337890625,2.8302001953125
2160.0,0.6637054681777954,0.4230380058288574,0.6643333435058594,0.435311496257782,0.6637054681777954,0.4230380058288574,2.9518585205078125,2.821380615234375
2164.0,0.667995274066925,0.42640388011932373,0.6634796261787415,0.4321390986442566,0.667995274066925,0.42640388011932373,2.9340972900390625,2.8157196044921875
2168.0,0.665786623954773,0.42104509472846985,0.6653712391853333,0.43139493465423584,0.665786623954773,0.42104509472846985,2.9475555419921875,2.82373046875
2172.0,0.6650630831718445,0.42416080832481384,0.6681341528892517,0.434283971786499,0.6650630831718445,0.42416080832481384,2.9431304931640625,2.8358612060546875
2176.0,0.6654890179634094,0.42573124170303345,0.6641096472740173,0.4272601008415222,0.6654890179634094,0.42573124170303345,2.9160614013671875,2.8326416015625
2180.0,0.664974570274353,0.4191008508205414,0.6601795554161072,0.4328800141811371,0.664974570274353,0.4191008508205414,2.947784423828125,2.7843017578125
2184.0,0.6647382974624634,0.42396703362464905,0.6638234853744507,0.4222896993160248,0.6647382974624634,0.42396703362464905,2.939117431640625,2.834747314453125
2188.0,0.6672329902648926,0.4252498745918274,0.6633192300796509,0.42586010694503784,0.6672329902648926,0.4252498745918274,2.947723388671875,2.8292083740234375
2192.0,0.6661762595176697,0.4274732768535614,0.6647400856018066,0.4330311715602875,0.6661762595176697,0.4274732768535614,2.935516357421875,2.828399658203125
2196.0,0.6657181978225708,0.41947805881500244,0.6654664874076843,0.4336022138595581,0.6657181978225708,0.41947805881500244,2.9637451171875,2.8144378662109375
2200.0,0.6643136739730835,0.4229758083820343,0.6649598479270935,0.4279119670391083,0.6643136739730835,0.4229758083820343,2.9472198486328125,2.8247222900390625
2204.0,0.6659416556358337,0.4256068468093872,0.6665858030319214,0.4218348264694214,0.6659416556358337,0.4256068468093872,2.9421539306640625,2.82330322265625
2208.0,0.6661552786827087,0.425757497549057,0.6642693877220154,0.4294317960739136,0.6661552786827087,0.425757497549057,2.9567108154296875,2.8298187255859375
2212.0,0.6661034822463989,0.42142432928085327,0.6644517183303833,0.4310835003852844,0.6661034822463989,0.42142432928085327,2.9501190185546875,2.8113861083984375
2216.0,0.6671814918518066,0.4158993363380432,0.6654804944992065,0.4322153925895691,0.6671814918518066,0.4158993363380432,2.9419403076171875,2.8306427001953125
2220.0,0.6657938957214355,0.41653183102607727,0.6635341048240662,0.42476293444633484,0.6657938957214355,0.41653183102607727,2.9369354248046875,2.82391357421875
2224.0,0.6650592088699341,0.4244074821472168,0.6642433404922485,0.42267343401908875,0.6650592088699341,0.4244074821472168,2.9508209228515625,2.8258056640625
2228.0,0.667580246925354,0.42161545157432556,0.6661515235900879,0.42452460527420044,0.667580246925354,0.42161545157432556,2.9418182373046875,2.8242950439453125
2232.0,0.6642366647720337,0.42148101329803467,0.664889395236969,0.43013739585876465,0.6642366647720337,0.42148101329803467,2.9405517578125,2.817596435546875
2236.0,0.663684606552124,0.41846662759780884,0.666408121585846,0.42393743991851807,0.663684606552124,0.41846662759780884,2.95556640625,2.8284759521484375
2240.0,0.6624347567558289,0.4229673743247986,0.6664557456970215,0.42727890610694885,0.6624347567558289,0.4229673743247986,2.9490509033203125,2.8459625244140625
2244.0,0.6636027097702026,0.4238414168357849,0.6642794609069824,0.4230125844478607,0.6636027097702026,0.4238414168357849,2.93341064453125,2.83135986328125
2248.0,0.6631022095680237,0.42386364936828613,0.6673898696899414,0.4209866225719452,0.6631022095680237,0.42386364936828613,2.926116943359375,2.8413848876953125
2252.0,0.6634742617607117,0.4190399646759033,0.6651284098625183,0.42521050572395325,0.6634742617607117,0.4190399646759033,2.94512939453125,2.840057373046875
2256.0,0.66389399766922,0.4228050410747528,0.6630433797836304,0.4267035722732544,0.66389399766922,0.4228050410747528,2.9491119384765625,2.8306427001953125
2260.0,0.6616469621658325,0.4226166903972626,0.6659236550331116,0.4261244535446167,0.6616469621658325,0.4226166903972626,2.96197509765625,2.833343505859375
2264.0,0.6602272391319275,0.42165693640708923,0.6663594245910645,0.4279709756374359,0.6602272391319275,0.42165693640708923,2.9493560791015625,2.84521484375
2268.0,0.663646399974823,0.4188765585422516,0.6625286340713501,0.42259877920150757,0.663646399974823,0.4188765585422516,2.9302215576171875,2.847930908203125
2272.0,0.6610280871391296,0.41955599188804626,0.6676203012466431,0.42536661028862,0.6610280871391296,0.41955599188804626,2.9604644775390625,2.8352813720703125
2276.0,0.6599429249763489,0.42254024744033813,0.6674852967262268,0.4225929081439972,0.6599429249763489,0.42254024744033813,2.9530029296875,2.8509521484375
2280.0,0.6627039313316345,0.42029619216918945,0.6622532606124878,0.42614659667015076,0.6627039313316345,0.42029619216918945,2.96661376953125,2.8561859130859375
2284.0,0.6591857075691223,0.4239640533924103,0.6637352705001831,0.4287809133529663,0.6591857075691223,0.4239640533924103,2.968017578125,2.84161376953125
2288.0,0.6582273244857788,0.42775413393974304,0.6673111915588379,0.4271788001060486,0.6582273244857788,0.42775413393974304,2.958831787109375,2.8638153076171875
2292.0,0.6624783277511597,0.42896971106529236,0.6631460785865784,0.41889914870262146,0.6624783277511597,0.42896971106529236,2.948974609375,2.86712646484375
2296.0,0.664177656173706,0.42558714747428894,0.6719632744789124,0.42022454738616943,0.664177656173706,0.42558714747428894,2.965179443359375,2.856414794921875
2300.0,0.6796903610229492,0.4179280996322632,0.6799195408821106,0.4089122712612152,0.6796903610229492,0.4179280996322632,2.93743896484375,2.851715087890625
2304.0,0.690268337726593,0.42092427611351013,0.6890556216239929,0.40868711471557617,0.690268337726593,0.42092427611351013,2.9304656982421875,2.868316650390625
2308.0,0.6883266568183899,0.42044344544410706,0.6935310959815979,0.413224995136261,0.6883266568183899,0.42044344544410706,2.9498138427734375,2.8407135009765625
2312.0,0.6847997903823853,0.4192681610584259,0.6877267956733704,0.4169336259365082,0.6847997903823853,0.4192681610584259,2.9370880126953125,2.8478240966796875
2316.0,0.684005618095398,0.4173571765422821,0.6836205124855042,0.41159340739250183,0.684005618095398,0.4173571765422821,2.9224853515625,2.8522796630859375
2320.0,0.679108738899231,0.4143662452697754,0.686352014541626,0.4112548232078552,0.679108738899231,0.4143662452697754,2.9620513916015625,2.8432159423828125
2324.0,0.6813119649887085,0.4205690324306488,0.6806855797767639,0.4107777774333954,0.6813119649887085,0.4205690324306488,2.9383697509765625,2.859344482421875
2328.0,0.6832237839698792,0.42340531945228577,0.6794476509094238,0.4169272184371948,0.6832237839698792,0.42340531945228577,2.9398193359375,2.860504150390625
2332.0,0.6819618344306946,0.4197896122932434,0.6814237236976624,0.411760151386261,0.6819618344306946,0.4197896122932434,2.93560791015625,2.855010986328125
2336.0,0.6828412413597107,0.4127209782600403,0.6818716526031494,0.4057168960571289,0.6828412413597107,0.4127209782600403,2.931793212890625,2.86077880859375
2340.0,0.6807340979576111,0.42098164558410645,0.6868738532066345,0.4078405499458313,0.6807340979576111,0.42098164558410645,2.929718017578125,2.8558197021484375
2344.0,0.6817134618759155,0.41697025299072266,0.6811754703521729,0.41587820649147034,0.6817134618759155,0.41697025299072266,2.950653076171875,2.85137939453125
2348.0,0.6818345189094543,0.4232611656188965,0.6830345392227173,0.40886273980140686,0.6818345189094543,0.4232611656188965,2.9442291259765625,2.8566741943359375
2352.0,0.6789711713790894,0.4123134911060333,0.6792635321617126,0.40800589323043823,0.6789711713790894,0.4123134911060333,2.9361419677734375,2.85552978515625
2356.0,0.6816461086273193,0.42186909914016724,0.6829102039337158,0.41564249992370605,0.6816461086273193,0.42186909914016724,2.9286346435546875,2.8658905029296875
2360.0,0.6830618381500244,0.41830405592918396,0.6840547919273376,0.41832175850868225,0.6830618381500244,0.41830405592918396,2.9338836669921875,2.8680572509765625
2364.0,0.6831908822059631,0.41387325525283813,0.6826618313789368,0.4109443426132202,0.6831908822059631,0.41387325525283813,2.9397430419921875,2.84112548828125
2368.0,0.684617817401886,0.4186488389968872,0.6826657652854919,0.40736913681030273,0.684617817401886,0.4186488389968872,2.9354705810546875,2.8580322265625
2372.0,0.6829777956008911,0.41035932302474976,0.6847583055496216,0.41657549142837524,0.6829777956008911,0.41035932302474976,2.9506683349609375,2.842529296875
2376.0,0.6810691356658936,0.4193253517150879,0.6848104000091553,0.41082102060317993,0.6810691356658936,0.4193253517150879,2.9369049072265625,2.844207763671875
2380.0,0.6815224289894104,0.41465362906455994,0.6813199520111084,0.4141274094581604,0.6815224289894104,0.41465362906455994,2.9669952392578125,2.85186767578125
2384.0,0.6802520751953125,0.41667068004608154,0.6819608211517334,0.4103395342826843,0.6802520751953125,0.41667068004608154,2.957183837890625,2.8500518798828125
2388.0,0.6813838481903076,0.4187205731868744,0.6834669709205627,0.41477662324905396,0.6813838481903076,0.4187205731868744,2.9527740478515625,2.8563690185546875
2392.0,0.6816438436508179,0.41920900344848633,0.6811742186546326,0.419793963432312,0.6816438436508179,0.41920900344848633,2.9559326171875,2.862091064453125
2396.0,0.6836656332015991,0.41600969433784485,0.6803172826766968,0.4197520911693573,0.6836656332015991,0.41600969433784485,2.9723968505859375,2.8567047119140625
2400.0,0.6809327006340027,0.4157215356826782,0.6792256832122803,0.4198230504989624,0.6809327006340027,0.4157215356826782,2.9394989013671875,2.851837158203125
2404.0,0.6813802123069763,0.4142322838306427,0.6818620562553406,0.4187546372413635,0.6813802123069763,0.4142322838306427,2.9568634033203125,2.851837158203125
2408.0,0.6802674531936646,0.4211401045322418,0.6788005232810974,0.42646071314811707,0.6802674531936646,0.4211401045322418,2.96429443359375,2.861419677734375
2412.0,0.6794697642326355,0.4129093885421753,0.6842505931854248,0.41129037737846375,0.6794697642326355,0.4129093885421753,2.9304962158203125,2.839935302734375
2416.0,0.6820451021194458,0.4110872447490692,0.6808815002441406,0.41885992884635925,0.6820451021194458,0.4110872447490692,2.9500732421875,2.84393310546875
2420.0,0.6782976388931274,0.4088588058948517,0.6785702705383301,0.41947707533836365,0.6782976388931274,0.4088588058948517,2.970947265625,2.8447113037109375
2424.0,0.6847686171531677,0.4094683527946472,0.681621789932251,0.4194183945655823,0.6847686171531677,0.4094683527946472,2.951904296875,2.8248291015625
2428.0,0.6811400055885315,0.4063619077205658,0.6810942888259888,0.42281574010849,0.6811400055885315,0.4063619077205658,2.9542388916015625,2.839385986328125
2432.0,0.680159866809845,0.4087567627429962,0.6817284822463989,0.4251563251018524,0.680159866809845,0.4087567627429962,2.9555816650390625,2.8327178955078125
2436.0,0.6805029511451721,0.4118261933326721,0.6804816722869873,0.4292148947715759,0.6805029511451721,0.4118261933326721,2.972564697265625,2.8422393798828125
2440.0,0.6793560981750488,0.40576744079589844,0.6826370358467102,0.4249613583087921,0.6793560981750488,0.40576744079589844,2.955474853515625,2.814727783203125
2444.0,0.6789308190345764,0.41184890270233154,0.6838061809539795,0.4232898950576782,0.6789308190345764,0.41184890270233154,2.96356201171875,2.8333282470703125
2448.0,0.6805307865142822,0.4113684296607971,0.6791419982910156,0.43004730343818665,0.6805307865142822,0.4113684296607971,2.9747161865234375,2.824798583984375
2452.0,0.6787229180335999,0.4027990400791168,0.6845447421073914,0.4144028425216675,0.6787229180335999,0.4027990400791168,2.9556427001953125,2.8282470703125
2456.0,0.6791691780090332,0.40833306312561035,0.6799986958503723,0.4236948490142822,0.6791691780090332,0.40833306312561035,2.96026611328125,2.8438873291015625
2460.0,0.6787967085838318,0.4107089042663574,0.6811527609825134,0.427362859249115,0.6787967085838318,0.4107089042663574,2.9514312744140625,2.8269500732421875
2464.0,0.6759415864944458,0.414605051279068,0.6816926002502441,0.42693981528282166,0.6759415864944458,0.414605051279068,2.9789276123046875,2.85125732421875
2468.0,0.6791729927062988,0.4158729612827301,0.6822594404220581,0.4254293739795685,0.6791729927062988,0.4158729612827301,2.9709625244140625,2.8419952392578125
2472.0,0.6794984340667725,0.4198172986507416,0.6802864074707031,0.4227927029132843,0.6794984340667725,0.4198172986507416,2.9579010009765625,2.846466064453125
2476.0,0.6771232485771179,0.4204194247722626,0.6847409605979919,0.4202524423599243,0.6771232485771179,0.4204194247722626,2.95367431640625,2.86065673828125
2480.0,0.6756682395935059,0.4148936867713928,0.6792967915534973,0.42050257325172424,0.6756682395935059,0.4148936867713928,2.95391845703125,2.8527984619140625
2484.0,0.677539050579071,0.41490015387535095,0.6834185719490051,0.42295601963996887,0.677539050579071,0.41490015387535095,2.9593963623046875,2.85540771484375
2488.0,0.6788703799247742,0.4150168001651764,0.6854515075683594,0.4166758954524994,0.6788703799247742,0.4150168001651764,2.9499053955078125,2.8423004150390625
2492.0,0.6796295642852783,0.4205954372882843,0.6792678236961365,0.42539820075035095,0.6796295642852783,0.4205954372882843,2.945281982421875,2.82147216796875
2496.0,0.677855372428894,0.4112621247768402,0.681961178779602,0.4127538502216339,0.677855372428894,0.4112621247768402,2.9456787109375,2.8284454345703125
2500.0,0.6780632734298706,0.4208768606185913,0.6801490187644958,0.41698890924453735,0.6780632734298706,0.4208768606185913,2.9578094482421875,2.857879638671875
2504.0,0.6786928176879883,0.4176337718963623,0.6790119409561157,0.4248093366622925,0.6786928176879883,0.4176337718963623,2.96893310546875,2.8624114990234375
2508.0,0.678705632686615,0.4120098352432251,0.6822609305381775,0.4157122075557709,0.678705632686615,0.4120098352432251,2.9495849609375,2.83062744140625
2512.0,0.6793413758277893,0.4134783446788788,0.6791669130325317,0.4241712987422943,0.6793413758277893,0.4134783446788788,2.953033447265625,2.8352813720703125
2516.0,0.6813423037528992,0.40971115231513977,0.6814154982566833,0.4224185645580292,0.6813423037528992,0.40971115231513977,2.9494171142578125,2.831451416015625
2520.0,0.6775444149971008,0.41823768615722656,0.6799404621124268,0.41954687237739563,0.6775444149971008,0.41823768615722656,2.938720703125,2.857757568359375
2524.0,0.6821652054786682,0.41151663661003113,0.6819243431091309,0.4175778031349182,0.6821652054786682,0.41151663661003113,2.952056884765625,2.83966064453125
2528.0,0.6793797016143799,0.40713706612586975,0.6797543168067932,0.421715646982193,0.6793797016143799,0.40713706612586975,2.943511962890625,2.8413543701171875
2532.0,0.6799871921539307,0.4125489592552185,0.6809868812561035,0.4258861243724823,0.6799871921539307,0.4125489592552185,2.9553070068359375,2.8289794921875
2536.0,0.6769117712974548,0.41718825697898865,0.6793498992919922,0.42152485251426697,0.6769117712974548,0.41718825697898865,2.9410552978515625,2.8439483642578125
2540.0,0.6791439056396484,0.408958375453949,0.682033360004425,0.41830751299858093,0.6791439056396484,0.408958375453949,2.944732666015625,2.8201751708984375
2544.0,0.6806849837303162,0.41204410791397095,0.6832637786865234,0.41460317373275757,0.6806849837303162,0.41204410791397095,2.927703857421875,2.8256988525390625
2548.0,0.6778562664985657,0.4070242941379547,0.6812039017677307,0.4182535707950592,0.6778562664985657,0.4070242941379547,2.9201812744140625,2.8243560791015625
2552.0,0.6825656890869141,0.41032856702804565,0.6821959614753723,0.41342684626579285,0.6825656890869141,0.41032856702804565,2.9283905029296875,2.8352508544921875
2556.0,0.6792810559272766,0.41255199909210205,0.6817994713783264,0.4213787913322449,0.6792810559272766,0.41255199909210205,2.9416046142578125,2.8347320556640625
2560.0,0.6785099506378174,0.4156273305416107,0.6797609925270081,0.4234201908111572,0.6785099506378174,0.4156273305416107,2.93304443359375,2.844940185546875
2564.0,0.6647568941116333,0.4143202602863312,0.6657773852348328,0.4306063652038574,0.6647568941116333,0.4143202602863312,2.946197509765625,2.832305908203125
2568.0,0.6433247327804565,0.42245158553123474,0.6473320126533508,0.430950403213501,0.6433247327804565,0.42245158553123474,2.962921142578125,2.8677825927734375
2572.0,0.6326991319656372,0.4045708179473877,0.6291046142578125,0.429077684879303,0.6326991319656372,0.4045708179473877,2.9585113525390625,2.852813720703125
2576.0,0.634513258934021,0.4052443206310272,0.6274518966674805,0.4043208658695221,0.634513258934021,0.4052443206310272,2.91680908203125,2.8366546630859375
2580.0,0.6347400546073914,0.4097534716129303,0.6314563751220703,0.40314391255378723,0.6347400546073914,0.4097534716129303,2.9255218505859375,2.8597869873046875
2584.0,0.6400340795516968,0.40664049983024597,0.6345109939575195,0.41865482926368713,0.6400340795516968,0.40664049983024597,2.9361114501953125,2.8499298095703125
2588.0,0.6409194469451904,0.4093622863292694,0.6403010487556458,0.42231693863868713,0.6409194469451904,0.4093622863292694,2.9391632080078125,2.8596343994140625
2592.0,0.6419898867607117,0.4095989763736725,0.6420009136199951,0.41897162795066833,0.6419898867607117,0.4095989763736725,2.9420928955078125,2.854034423828125
2596.0,0.643538773059845,0.4112313687801361,0.6425907015800476,0.41827917098999023,0.643538773059845,0.4112313687801361,2.948486328125,2.8527069091796875
2600.0,0.6432265639305115,0.40938153862953186,0.6397407650947571,0.4201652407646179,0.6432265639305115,0.40938153862953186,2.9457244873046875,2.8678741455078125
2604.0,0.641892671585083,0.4106670618057251,0.6418775320053101,0.42208537459373474,0.641892671585083,0.4106670618057251,2.937225341796875,2.8630218505859375
2608.0,0.6424788236618042,0.4087437391281128,0.6405367851257324,0.4193801283836365,0.6424788236618042,0.4087437391281128,2.9576416015625,2.8625946044921875
2612.0,0.64328533411026,0.4100283086299896,0.6384312510490417,0.41710349917411804,0.64328533411026,0.4100283086299896,2.9317626953125,2.8602142333984375
2616.0,0.6412925720214844,0.4046209752559662,0.6386391520500183,0.4246550500392914,0.6412925720214844,0.4046209752559662,2.9512176513671875,2.8372039794921875
2620.0,0.6438737511634827,0.4128206670284271,0.63873291015625,0.41847631335258484,0.6438737511634827,0.4128206670284271,2.93505859375,2.8685455322265625
2624.0,0.6400107145309448,0.4105115234851837,0.6414837837219238,0.42894256114959717,0.6400107145309448,0.4105115234851837,2.95770263671875,2.853271484375
2628.0,0.6400265097618103,0.40665361285209656,0.6351512670516968,0.4272385239601135,0.6400265097618103,0.40665361285209656,2.9676666259765625,2.842071533203125
2632.0,0.6376675963401794,0.41131526231765747,0.6381884813308716,0.42404985427856445,0.6376675963401794,0.41131526231765747,2.935943603515625,2.8556671142578125
2636.0,0.6386049389839172,0.41299381852149963,0.6386090517044067,0.423880010843277,0.6386049389839172,0.41299381852149963,2.93756103515625,2.8432769775390625
2640.0,0.6400489807128906,0.4101574420928955,0.632519006729126,0.42420557141304016,0.6400489807128906,0.4101574420928955,2.968841552734375,2.849822998046875
2644.0,0.6380372047424316,0.41282469034194946,0.6366651058197021,0.42688003182411194,0.6380372047424316,0.41282469034194946,2.960784912109375,2.8515167236328125
2648.0,0.6403230428695679,0.4094303846359253,0.6382272839546204,0.4227657914161682,0.6403230428695679,0.4094303846359253,2.938629150390625,2.8459014892578125
2652.0,0.638918936252594,0.4182436466217041,0.6375360488891602,0.42955437302589417,0.638918936252594,0.4182436466217041,2.9444580078125,2.8549957275390625
2656.0,0.6386414766311646,0.4120141565799713,0.6388872861862183,0.42025628685951233,0.6386414766311646,0.4120141565799713,2.93524169921875,2.8487548828125
2660.0,0.6374166011810303,0.41409075260162354,0.637723445892334,0.42145130038261414,0.6374166011810303,0.41409075260162354,2.93719482421875,2.8627471923828125
2664.0,0.6352344751358032,0.4135897755622864,0.6360230445861816,0.42135733366012573,0.6352344751358032,0.4135897755622864,2.9469451904296875,2.8513641357421875
2668.0,0.6364250183105469,0.41777074337005615,0.6381741762161255,0.41072842478752136,0.6364250183105469,0.41777074337005615,2.94683837890625,2.8585662841796875
2672.0,0.635033130645752,0.42098695039749146,0.6391875743865967,0.4114438593387604,0.635033130645752,0.42098695039749146,2.91790771484375,2.858245849609375
2676.0,0.6367121934890747,0.41201746463775635,0.6389390230178833,0.4236484467983246,0.6367121934890747,0.41201746463775635,2.959686279296875,2.851837158203125
2680.0,0.6331921219825745,0.4228188693523407,0.6371071934700012,0.4265848398208618,0.6331921219825745,0.4228188693523407,2.9552001953125,2.8656005859375
2684.0,0.6382304430007935,0.41624096035957336,0.638274610042572,0.41760146617889404,0.6382304430007935,0.41624096035957336,2.9402923583984375,2.859222412109375
2688.0,0.6365289092063904,0.4171660244464874,0.6374608278274536,0.4222949743270874,0.6365289092063904,0.4171660244464874,2.963836669921875,2.844879150390625
2692.0,0.6311461329460144,0.41447538137435913,0.6268658638000488,0.42003732919692993,0.6311461329460144,0.41447538137435913,2.95428466796875,2.84747314453125
2696.0,0.6109415888786316,0.43012991547584534,0.6067836880683899,0.4299071133136749,0.6109415888786316,0.43012991547584534,2.9256439208984375,2.8554229736328125
2700.0,0.5741598010063171,0.4688050150871277,0.5692117810249329,0.5024701356887817,0.5741598010063171,0.4688050150871277,2.979522705078125,2.8518829345703125
2704.0,0.535220742225647,0.5103153586387634,0.5402776002883911,0.530144214630127,0.535220742225647,0.5103153586387634,2.9596099853515625,2.8696746826171875
2708.0,0.502557098865509,0.571916937828064,0.509612500667572,0.5776022672653198,0.502557098865509,0.571916937828064,2.942657470703125,2.9086761474609375
2712.0,0.46451541781425476,0.6170355081558228,0.4790993332862854,0.6003800630569458,0.46451541781425476,0.6170355081558228,2.921295166015625,2.9140625
2716.0,0.4281330704689026,0.6491370797157288,0.44765639305114746,0.6467655897140503,0.4281330704689026,0.6491370797157288,2.9246673583984375,2.90283203125
2720.0,0.4007298946380615,0.6689931750297546,0.41637709736824036,0.6874216794967651,0.4007298946380615,0.6689931750297546,2.920196533203125,2.914581298828125
2724.0,0.36562854051589966,0.7053941488265991,0.384906530380249,0.7115398645401001,0.36562854051589966,0.7053941488265991,2.8980712890625,2.9138946533203125
2728.0,0.3534063398838043,0.7220327854156494,0.3645085394382477,0.7138869762420654,0.3534063398838043,0.7220327854156494,2.917694091796875,2.9284515380859375
2732.0,0.3304811120033264,0.7209176421165466,0.34795790910720825,0.7073932886123657,0.3304811120033264,0.7209176421165466,2.8778839111328125,2.942138671875
2736.0,0.32620903849601746,0.7208918333053589,0.3442562222480774,0.7132341265678406,0.32620903849601746,0.7208918333053589,2.9229583740234375,2.931488037109375
2740.0,0.32733190059661865,0.7314863204956055,0.3411617577075958,0.7244192957878113,0.32733190059661865,0.7314863204956055,2.9192352294921875,2.9677734375
2744.0,0.3314457833766937,0.7251818776130676,0.34353572130203247,0.7237945199012756,0.3314457833766937,0.7251818776130676,2.9272613525390625,2.9636383056640625
2748.0,0.33351632952690125,0.7126067876815796,0.34392428398132324,0.7313335537910461,0.33351632952690125,0.7126067876815796,2.9552459716796875,2.9400634765625
2752.0,0.3364667296409607,0.7210298180580139,0.34079697728157043,0.7238505482673645,0.3364667296409607,0.7210298180580139,2.9039154052734375,2.9244537353515625
2756.0,0.3342067003250122,0.7319357395172119,0.34035825729370117,0.725805938243866,0.3342067003250122,0.7319357395172119,2.9127349853515625,2.9464111328125
2760.0,0.33589377999305725,0.7244949340820312,0.33831942081451416,0.7332965135574341,0.33589377999305725,0.7244949340820312,2.91033935546875,2.9214935302734375
2764.0,0.3328990340232849,0.7231349945068359,0.3372338116168976,0.7250944375991821,0.3328990340232849,0.7231349945068359,2.894866943359375,2.9264678955078125
2768.0,0.33670708537101746,0.7198010683059692,0.3338022530078888,0.7293189167976379,0.33670708537101746,0.7198010683059692,2.9031219482421875,2.90594482421875
2772.0,0.3380710780620575,0.7319542169570923,0.33329397439956665,0.7323076725006104,0.3380710780620575,0.7319542169570923,2.9062652587890625,2.9247283935546875
2776.0,0.33496832847595215,0.7288433909416199,0.3330884277820587,0.7318766713142395,0.33496832847595215,0.7288433909416199,2.90380859375,2.9346771240234375
2780.0,0.33392077684402466,0.7231239080429077,0.3333171308040619,0.7410674691200256,0.33392077684402466,0.7231239080429077,2.9116058349609375,2.91717529296875
2784.0,0.3379645347595215,0.730631411075592,0.3364852964878082,0.7199806571006775,0.3379645347595215,0.730631411075592,2.8704376220703125,2.9357452392578125
2788.0,0.3336901068687439,0.7301842570304871,0.33395129442214966,0.7347387671470642,0.3336901068687439,0.7301842570304871,2.914825439453125,2.930084228515625
2792.0,0.3374742269515991,0.7265393733978271,0.33111655712127686,0.7347358465194702,0.3374742269515991,0.7265393733978271,2.8920745849609375,2.9307098388671875
2796.0,0.33359295129776,0.7311618328094482,0.33300313353538513,0.7317368388175964,0.33359295129776,0.7311618328094482,2.906890869140625,2.9316558837890625
2800.0,0.33348381519317627,0.7250775694847107,0.3317074179649353,0.7435694336891174,0.33348381519317627,0.7250775694847107,2.9180450439453125,2.924835205078125
2804.0,0.33356523513793945,0.7357673048973083,0.33209678530693054,0.7428895831108093,0.33356523513793945,0.7357673048973083,2.908538818359375,2.9480743408203125
2808.0,0.33330848813056946,0.7305883169174194,0.33173519372940063,0.7343981862068176,0.33330848813056946,0.7305883169174194,2.889404296875,2.9257659912109375
2812.0,0.3339521586894989,0.7295252084732056,0.33597251772880554,0.7348697781562805,0.3339521586894989,0.7295252084732056,2.8948974609375,2.94439697265625
2816.0,0.33637720346450806,0.73899906873703,0.33395305275917053,0.7316591143608093,0.33637720346450806,0.73899906873703,2.9084014892578125,2.9385833740234375
2820.0,0.33602234721183777,0.7350271940231323,0.3347807824611664,0.734265148639679,0.33602234721183777,0.7350271940231323,2.891876220703125,2.942291259765625
2824.0,0.33541202545166016,0.7334378957748413,0.3331122100353241,0.7297951579093933,0.33541202545166016,0.7334378957748413,2.8787078857421875,2.9361419677734375
2828.0,0.3347019851207733,0.7358548045158386,0.334102064371109,0.7322224378585815,0.3347019851207733,0.7358548045158386,2.874420166015625,2.923095703125
2832.0,0.3342526853084564,0.7333292961120605,0.3368757367134094,0.7365151643753052,0.3342526853084564,0.7333292961120605,2.895050048828125,2.94500732421875
2836.0,0.33690840005874634,0.7364716529846191,0.33233577013015747,0.7402433156967163,0.33690840005874634,0.7364716529846191,2.904083251953125,2.933807373046875
2840.0,0.3342270255088806,0.7350985407829285,0.3360443711280823,0.7301713228225708,0.3342270255088806,0.7350985407829285,2.8903350830078125,2.9260406494140625
2844.0,0.33426523208618164,0.7281758785247803,0.33461418747901917,0.7331974506378174,0.33426523208618164,0.7281758785247803,2.90582275390625,2.919281005859375
2848.0,0.3377886414527893,0.7272018790245056,0.33513328433036804,0.7352370023727417,0.3377886414527893,0.7272018790245056,2.8828582763671875,2.90692138671875
2852.0,0.32488149404525757,0.7310819625854492,0.32897424697875977,0.737631618976593,0.32488149404525757,0.7310819625854492,2.8710784912109375,2.9268341064453125
2856.0,0.30667704343795776,0.7372922897338867,0.30936747789382935,0.7557798624038696,0.30667704343795776,0.7372922897338867,2.9150543212890625,2.93194580078125
2860.0,0.28546828031539917,0.7628177404403687,0.27789220213890076,0.7711949348449707,0.28546828031539917,0.7628177404403687,2.9115753173828125,2.9384765625
2864.0,0.25633886456489563,0.7801021337509155,0.2605879604816437,0.7865374088287354,0.25633886456489563,0.7801021337509155,2.945831298828125,2.9550628662109375
2868.0,0.2454785704612732,0.7796704769134521,0.25806036591529846,0.7790206074714661,0.2454785704612732,0.7796704769134521,2.9298858642578125,2.9380645751953125
2872.0,0.2489042729139328,0.7807285785675049,0.2585064172744751,0.773428201675415,0.2489042729139328,0.7807285785675049,2.9146728515625,2.9364471435546875
2876.0,0.25800660252571106,0.7711013555526733,0.2675829529762268,0.7718057036399841,0.25800660252571106,0.7711013555526733,2.9151153564453125,2.922760009765625
2880.0,0.25907671451568604,0.758475124835968,0.27066516876220703,0.7759309411048889,0.25907671451568604,0.758475124835968,2.9152984619140625,2.9051361083984375
2884.0,0.2661490738391876,0.7659755945205688,0.27308380603790283,0.7810253500938416,0.2661490738391876,0.7659755945205688,2.940673828125,2.941192626953125
2888.0,0.2675184905529022,0.7630702257156372,0.2677029073238373,0.7720248103141785,0.2675184905529022,0.7630702257156372,2.9271392822265625,2.931427001953125
2892.0,0.25891679525375366,0.7668609619140625,0.2675146162509918,0.780168354511261,0.25891679525375366,0.7668609619140625,2.920654296875,2.9240264892578125
2896.0,0.25782233476638794,0.7608412504196167,0.27207085490226746,0.7758999466896057,0.25782233476638794,0.7608412504196167,2.9284820556640625,2.9237518310546875
2900.0,0.2628370225429535,0.7661424875259399,0.2690303325653076,0.7754665613174438,0.2628370225429535,0.7661424875259399,2.91082763671875,2.9136810302734375
2904.0,0.260432630777359,0.7631573677062988,0.27082493901252747,0.7795747518539429,0.260432630777359,0.7631573677062988,2.9297943115234375,2.927825927734375
2908.0,0.2595973610877991,0.757800817489624,0.26586756110191345,0.7686008810997009,0.2595973610877991,0.757800817489624,2.9313507080078125,2.9095306396484375
2912.0,0.2609202563762665,0.770061194896698,0.2671399712562561,0.776218056678772,0.2609202563762665,0.770061194896698,2.928314208984375,2.9309539794921875
2916.0,0.25548943877220154,0.7611528635025024,0.2685035169124603,0.7742619514465332,0.25548943877220154,0.7611528635025024,2.92901611328125,2.922454833984375
2920.0,0.2604762613773346,0.7637723088264465,0.2672399878501892,0.7723702192306519,0.2604762613773346,0.7637723088264465,2.9103546142578125,2.9201202392578125
2924.0,0.258739173412323,0.7671133875846863,0.26767203211784363,0.7739779949188232,0.258739173412323,0.7671133875846863,2.9344635009765625,2.9266357421875
2928.0,0.26143550872802734,0.7685319781303406,0.26077455282211304,0.771902322769165,0.26143550872802734,0.7685319781303406,2.92181396484375,2.912811279296875
2932.0,0.260932594537735,0.7689237594604492,0.26366907358169556,0.766248881816864,0.260932594537735,0.7689237594604492,2.9168853759765625,2.91571044921875
2936.0,0.2631687819957733,0.7604709267616272,0.26726531982421875,0.7774997353553772,0.2631687819957733,0.7604709267616272,2.937652587890625,2.9111328125
2940.0,0.26243749260902405,0.7667096853256226,0.26359662413597107,0.7785953283309937,0.26243749260902405,0.7667096853256226,2.9291229248046875,2.9224700927734375
2944.0,0.26057782769203186,0.7636333703994751,0.264498233795166,0.7760114669799805,0.26057782769203186,0.7636333703994751,2.942779541015625,2.92779541015625
2948.0,0.2612995207309723,0.767520546913147,0.26524072885513306,0.7743992209434509,0.2612995207309723,0.767520546913147,2.9332122802734375,2.9194793701171875
2952.0,0.2598499357700348,0.7636458277702332,0.2627445459365845,0.7777391672134399,0.2598499357700348,0.7636458277702332,2.9341888427734375,2.9261322021484375
2956.0,0.2650473713874817,0.7618861198425293,0.2652530372142792,0.7724758386611938,0.2650473713874817,0.7618861198425293,2.919281005859375,2.9184417724609375
2960.0,0.26135721802711487,0.7657736539840698,0.2650924324989319,0.7724063396453857,0.26135721802711487,0.7657736539840698,2.931732177734375,2.9081268310546875
2964.0,0.2615167200565338,0.7681226134300232,0.2649284899234772,0.7738138437271118,0.2615167200565338,0.7681226134300232,2.9347686767578125,2.9300537109375
2968.0,0.2644633650779724,0.7594752907752991,0.26348641514778137,0.7822531461715698,0.2644633650779724,0.7594752907752991,2.9690093994140625,2.913360595703125
2972.0,0.26464521884918213,0.7628387212753296,0.2650124132633209,0.7775857448577881,0.26464521884918213,0.7628387212753296,2.9501953125,2.911407470703125
2976.0,0.2597949206829071,0.7623792290687561,0.26775792241096497,0.7798811197280884,0.2597949206829071,0.7623792290687561,2.9340972900390625,2.915069580078125
2980.0,0.26268526911735535,0.7678042650222778,0.2654191553592682,0.7709549069404602,0.26268526911735535,0.7678042650222778,2.948944091796875,2.921142578125
2984.0,0.2652759552001953,0.7715623378753662,0.26511621475219727,0.7718027234077454,0.2652759552001953,0.7715623378753662,2.929962158203125,2.9201507568359375
2988.0,0.2640477418899536,0.7679151892662048,0.2688395380973816,0.7804006934165955,0.2640477418899536,0.7679151892662048,2.94378662109375,2.92608642578125
2992.0,0.26468056440353394,0.7629719376564026,0.2671333849430084,0.7751864790916443,0.26468056440353394,0.7629719376564026,2.944671630859375,2.9036102294921875
2996.0,0.2626365125179291,0.7655957341194153,0.2644849717617035,0.7775023579597473,0.2626365125179291,0.7655957341194153,2.9529266357421875,2.9030609130859375
3000.0,0.26300108432769775,0.7641916871070862,0.2642039954662323,0.773973822593689,0.26300108432769775,0.7641916871070862,2.94384765625,2.91693115234375
3004.0,0.26352256536483765,0.7649679780006409,0.26707202196121216,0.7783500552177429,0.26352256536483765,0.7649679780006409,2.9349365234375,2.923187255859375
3008.0,0.2598736882209778,0.7660205364227295,0.26329749822616577,0.7789069414138794,0.2598736882209778,0.7660205364227295,2.9428253173828125,2.9019775390625
3012.0,0.2596016228199005,0.7602119445800781,0.26501625776290894,0.7731794118881226,0.2596016228199005,0.7602119445800781,2.9444732666015625,2.9095001220703125
3016.0,0.261456698179245,0.7706127166748047,0.2655031979084015,0.774507462978363,0.261456698179245,0.7706127166748047,2.949615478515625,2.9212646484375
3020.0,0.2651002109050751,0.7700612545013428,0.2637348473072052,0.7729155421257019,0.2651002109050751,0.7700612545013428,2.9397735595703125,2.923187255859375
3024.0,0.26038098335266113,0.761721670627594,0.26687532663345337,0.7783721685409546,0.26038098335266113,0.761721670627594,2.9398345947265625,2.9233245849609375
3028.0,0.2649212181568146,0.7718532681465149,0.26455384492874146,0.7757886648178101,0.2649212181568146,0.7718532681465149,2.9214019775390625,2.9109649658203125
3032.0,0.26147428154945374,0.7685766220092773,0.26459115743637085,0.7770563960075378,0.26147428154945374,0.7685766220092773,2.94970703125,2.9193572998046875
3036.0,0.26490694284439087,0.7761709094047546,0.26599249243736267,0.7656665444374084,0.26490694284439087,0.7761709094047546,2.9464569091796875,2.9244842529296875
3040.0,0.26294225454330444,0.7731561064720154,0.2641938328742981,0.7771227359771729,0.26294225454330444,0.7731561064720154,2.9411163330078125,2.92498779296875
3044.0,0.26026520133018494,0.7680500745773315,0.2662093937397003,0.7790711522102356,0.26026520133018494,0.7680500745773315,2.944488525390625,2.9144134521484375
3048.0,0.2617279589176178,0.7675488591194153,0.26519444584846497,0.7741588354110718,0.2617279589176178,0.7675488591194153,2.9430999755859375,2.9313812255859375
3052.0,0.26362207531929016,0.7698686718940735,0.26177331805229187,0.7708830833435059,0.26362207531929016,0.7698686718940735,2.937164306640625,2.908111572265625
3056.0,0.2612917125225067,0.7695848345756531,0.2640676200389862,0.7793851494789124,0.2612917125225067,0.7695848345756531,2.9477691650390625,2.9152679443359375
3060.0,0.26106762886047363,0.7705138921737671,0.26462697982788086,0.7774832248687744,0.26106762886047363,0.7705138921737671,2.9688262939453125,2.9130706787109375
3064.0,0.26311320066452026,0.7742806077003479,0.2634773850440979,0.7780650854110718,0.26311320066452026,0.7742806077003479,2.940704345703125,2.915252685546875
3068.0,0.2594280540943146,0.7698910236358643,0.2610930800437927,0.7804004549980164,0.2594280540943146,0.7698910236358643,2.9519500732421875,2.9092864990234375
3072.0,0.26164907217025757,0.7760968804359436,0.2628058195114136,0.7678651809692383,0.26164907217025757,0.7760968804359436,2.94256591796875,2.92596435546875
3076.0,0.26466771960258484,0.7729489803314209,0.2653936445713043,0.7783161401748657,0.26466771960258484,0.7729489803314209,2.965240478515625,2.9207305908203125
3080.0,0.265079528093338,0.7755092978477478,0.26501336693763733,0.7695174217224121,0.265079528093338,0.7755092978477478,2.934600830078125,2.9257965087890625
3084.0,0.2633074223995209,0.7776654362678528,0.26153671741485596,0.77555251121521,0.2633074223995209,0.7776654362678528,2.9445037841796875,2.91925048828125
3088.0,0.25967830419540405,0.7746238112449646,0.26430609822273254,0.7760703563690186,0.25967830419540405,0.7746238112449646,2.9308319091796875,2.9124755859375
3092.0,0.258538156747818,0.7719148993492126,0.26606065034866333,0.771657407283783,0.258538156747818,0.7719148993492126,2.93353271484375,2.9218292236328125
3096.0,0.26169553399086,0.7768034338951111,0.2677391767501831,0.7835566401481628,0.26169553399086,0.7768034338951111,2.931915283203125,2.919189453125
3100.0,0.2595292925834656,0.7690937519073486,0.2661253809928894,0.7738873362541199,0.2595292925834656,0.7690937519073486,2.9394683837890625,2.9125518798828125
3104.0,0.26155927777290344,0.7717593908309937,0.2649829089641571,0.7757661938667297,0.26155927777290344,0.7717593908309937,2.9553985595703125,2.90447998046875
3108.0,0.26054269075393677,0.7737647294998169,0.2665332853794098,0.7733265161514282,0.26054269075393677,0.7737647294998169,2.9443359375,2.9204254150390625
3112.0,0.2702105939388275,0.7758150696754456,0.2707177698612213,0.7795140147209167,0.2702105939388275,0.7758150696754456,2.9588775634765625,2.9157257080078125
3116.0,0.28127169609069824,0.7778902053833008,0.2751985490322113,0.7756069898605347,0.28127169609069824,0.7778902053833008,2.931610107421875,2.9333038330078125
3120.0,0.2964405417442322,0.7756706476211548,0.2932831048965454,0.776820719242096,0.2964405417442322,0.7756706476211548,2.94439697265625,2.9335784912109375
3124.0,0.30894753336906433,0.7774562239646912,0.31303051114082336,0.7710767984390259,0.30894753336906433,0.7774562239646912,2.9312896728515625,2.9448089599609375
3128.0,0.3144751489162445,0.7738649845123291,0.31845393776893616,0.7704209089279175,0.3144751489162445,0.7738649845123291,2.9139251708984375,2.937713623046875
3132.0,0.32080763578414917,0.770474910736084,0.3221287727355957,0.7721743583679199,0.32080763578414917,0.770474910736084,2.932342529296875,2.925384521484375
3136.0,0.33351853489875793,0.774283766746521,0.3328346014022827,0.775509238243103,0.33351853489875793,0.774283766746521,2.9388275146484375,2.9222259521484375
3140.0,0.34487268328666687,0.7760921716690063,0.3438465893268585,0.7741207480430603,0.34487268328666687,0.7760921716690063,2.92608642578125,2.9165802001953125
3144.0,0.34436336159706116,0.7763305902481079,0.34358838200569153,0.7707224488258362,0.34436336159706116,0.7763305902481079,2.9371337890625,2.9201202392578125
3148.0,0.34029123187065125,0.7700386643409729,0.3405416011810303,0.7711817026138306,0.34029123187065125,0.7700386643409729,2.9243927001953125,2.93536376953125
3152.0,0.3373568058013916,0.7664909958839417,0.3343310058116913,0.7751006484031677,0.3373568058013916,0.7664909958839417,2.9513702392578125,2.915283203125
3156.0,0.32814887166023254,0.7692548036575317,0.33734720945358276,0.7641870379447937,0.32814887166023254,0.7692548036575317,2.9111175537109375,2.9060211181640625
3160.0,0.3366365134716034,0.7764306664466858,0.3380080759525299,0.7724121809005737,0.3366365134716034,0.7764306664466858,2.94427490234375,2.909881591796875
3164.0,0.33758488297462463,0.7794595956802368,0.33736559748649597,0.7788164019584656,0.33758488297462463,0.7794595956802368,2.92730712890625,2.90692138671875
3168.0,0.3363197445869446,0.7791810631752014,0.3378238379955292,0.7716966271400452,0.3363197445869446,0.7791810631752014,2.9287567138671875,2.9089813232421875
3172.0,0.3354284167289734,0.7834516763687134,0.3363073468208313,0.7701151967048645,0.3354284167289734,0.7834516763687134,2.9292449951171875,2.915679931640625
3176.0,0.3388265073299408,0.7733114957809448,0.3325093984603882,0.7786754965782166,0.3388265073299408,0.7733114957809448,2.93536376953125,2.9061279296875
3180.0,0.3350219130516052,0.7715342044830322,0.3357069790363312,0.7746134400367737,0.3350219130516052,0.7715342044830322,2.925048828125,2.91046142578125
3184.0,0.33672666549682617,0.7702280879020691,0.3338870108127594,0.7692041993141174,0.33672666549682617,0.7702280879020691,2.9190673828125,2.9035797119140625
3188.0,0.33603543043136597,0.7838584184646606,0.3337995707988739,0.7776696085929871,0.33603543043136597,0.7838584184646606,2.9327239990234375,2.914276123046875
3192.0,0.333941787481308,0.7722740173339844,0.3369857966899872,0.783100426197052,0.333941787481308,0.7722740173339844,2.9449920654296875,2.9102783203125
3196.0,0.3374745547771454,0.7724674940109253,0.3357258141040802,0.7829669713973999,0.3374745547771454,0.7724674940109253,2.9407806396484375,2.9091033935546875
3200.0,0.33552086353302,0.7694004774093628,0.33472728729248047,0.7729800939559937,0.33552086353302,0.7694004774093628,2.9186248779296875,2.90771484375
3204.0,0.3354027569293976,0.7677408456802368,0.33856555819511414,0.7799532413482666,0.3354027569293976,0.7677408456802368,2.931884765625,2.899200439453125
3208.0,0.33578523993492126,0.7717047333717346,0.341930091381073,0.7680925130844116,0.33578523993492126,0.7717047333717346,2.938812255859375,2.892333984375
3212.0,0.3361718952655792,0.7767009735107422,0.33973270654678345,0.7790687084197998,0.3361718952655792,0.7767009735107422,2.950958251953125,2.8990631103515625
3216.0,0.3380942642688751,0.7832475900650024,0.335184782743454,0.777715802192688,0.3380942642688751,0.7832475900650024,2.937103271484375,2.9265594482421875
3220.0,0.3352465033531189,0.7758059501647949,0.33617475628852844,0.7755255699157715,0.3352465033531189,0.7758059501647949,2.9438629150390625,2.906219482421875
3224.0,0.3363070487976074,0.7701756954193115,0.3380712866783142,0.7731176614761353,0.3363070487976074,0.7701756954193115,2.9372100830078125,2.891021728515625
3228.0,0.335175096988678,0.7774438858032227,0.3366718590259552,0.7787728309631348,0.335175096988678,0.7774438858032227,2.9373626708984375,2.9091644287109375
3232.0,0.33490893244743347,0.7763631343841553,0.3395441472530365,0.7786220908164978,0.33490893244743347,0.7763631343841553,2.9411163330078125,2.9026031494140625
3236.0,0.3371487259864807,0.7810685634613037,0.3368721306324005,0.7764652371406555,0.3371487259864807,0.7810685634613037,2.9194488525390625,2.9314422607421875
3240.0,0.3343169093132019,0.7707196474075317,0.33745458722114563,0.774825394153595,0.3343169093132019,0.7707196474075317,2.9278411865234375,2.895294189453125
3244.0,0.33623772859573364,0.7796511054039001,0.337449312210083,0.7682451009750366,0.33623772859573364,0.7796511054039001,2.9100799560546875,2.914459228515625
3248.0,0.3351038992404938,0.7734773755073547,0.3415968120098114,0.7720010280609131,0.3351038992404938,0.7734773755073547,2.9202880859375,2.8886566162109375
3252.0,0.33691152930259705,0.7793087363243103,0.34160611033439636,0.7778558731079102,0.33691152930259705,0.7793087363243103,2.9536285400390625,2.9137420654296875
3256.0,0.3367488980293274,0.7755879759788513,0.3396342098712921,0.7760896682739258,0.3367488980293274,0.7755879759788513,2.9600830078125,2.9033203125
3260.0,0.33081021904945374,0.7695056796073914,0.3431166708469391,0.771793007850647,0.33081021904945374,0.7695056796073914,2.9424896240234375,2.897430419921875
3264.0,0.3356509208679199,0.7750815749168396,0.34465253353118896,0.7764724493026733,0.3356509208679199,0.7750815749168396,2.94091796875,2.9043426513671875
3268.0,0.3333563804626465,0.7722684741020203,0.3419339656829834,0.7765184044837952,0.3333563804626465,0.7722684741020203,2.927886962890625,2.8899688720703125
3272.0,0.3372877538204193,0.7709599733352661,0.3412650525569916,0.7764668464660645,0.3372877538204193,0.7709599733352661,2.9392547607421875,2.9134674072265625
3276.0,0.3382761478424072,0.7754998207092285,0.339726984500885,0.7729040384292603,0.3382761478424072,0.7754998207092285,2.926116943359375,2.89276123046875
3280.0,0.33611202239990234,0.7663934826850891,0.3420473039150238,0.780656635761261,0.33611202239990234,0.7663934826850891,2.9428863525390625,2.9047393798828125
3284.0,0.3371017575263977,0.7775803208351135,0.34051743149757385,0.7740788459777832,0.3371017575263977,0.7775803208351135,2.927215576171875,2.89776611328125
3288.0,0.3368149697780609,0.7782506942749023,0.3421609699726105,0.7774399518966675,0.3368149697780609,0.7782506942749023,2.9427947998046875,2.9242706298828125
3292.0,0.33737775683403015,0.7755066156387329,0.34282585978507996,0.7807178497314453,0.33737775683403015,0.7755066156387329,2.9463653564453125,2.92742919921875
3296.0,0.3355395793914795,0.7725088596343994,0.34334415197372437,0.7723057866096497,0.3355395793914795,0.7725088596343994,2.9368743896484375,2.902923583984375
3300.0,0.33787986636161804,0.7688639163970947,0.340837299823761,0.777897834777832,0.33787986636161804,0.7688639163970947,2.939910888671875,2.9042510986328125
3304.0,0.33727142214775085,0.7764791250228882,0.3394763767719269,0.7739893794059753,0.33727142214775085,0.7764791250228882,2.930511474609375,2.9008636474609375
3308.0,0.33753055334091187,0.7643728852272034,0.34278616309165955,0.7801740765571594,0.33753055334091187,0.7643728852272034,2.9494171142578125,2.885162353515625
3312.0,0.33245545625686646,0.7671257853507996,0.3398970067501068,0.7709465622901917,0.33245545625686646,0.7671257853507996,2.928314208984375,2.883453369140625
3316.0,0.3377249538898468,0.7702308893203735,0.3376203179359436,0.7685542702674866,0.3377249538898468,0.7702308893203735,2.9341888427734375,2.920196533203125
3320.0,0.3395812511444092,0.773590087890625,0.3448645770549774,0.7692404985427856,0.3395812511444092,0.773590087890625,2.9308013916015625,2.8953094482421875
3324.0,0.35546261072158813,0.775025486946106,0.35374200344085693,0.7794048190116882,0.35546261072158813,0.775025486946106,2.95477294921875,2.895050048828125
3328.0,0.36292651295661926,0.7825623750686646,0.36358681321144104,0.7772907018661499,0.36292651295661926,0.7825623750686646,2.94000244140625,2.901947021484375
3332.0,0.37037333846092224,0.7842282652854919,0.3761744797229767,0.7625714540481567,0.37037333846092224,0.7842282652854919,2.9212646484375,2.9044647216796875
3336.0,0.3685184419155121,0.7749254703521729,0.37372344732284546,0.7714514136314392,0.3685184419155121,0.7749254703521729,2.9048919677734375,2.8890838623046875
3340.0,0.3655814528465271,0.7699689865112305,0.3770580291748047,0.7702083587646484,0.3655814528465271,0.7699689865112305,2.917633056640625,2.88421630859375
3344.0,0.3613409101963043,0.7756186723709106,0.37322208285331726,0.7623074054718018,0.3613409101963043,0.7756186723709106,2.91705322265625,2.8968048095703125
3348.0,0.35974252223968506,0.7749285101890564,0.3736908733844757,0.7730949521064758,0.35974252223968506,0.7749285101890564,2.945709228515625,2.8904876708984375
3352.0,0.3614896237850189,0.7819087505340576,0.37105488777160645,0.7686997652053833,0.3614896237850189,0.7819087505340576,2.9176483154296875,2.9065093994140625
3356.0,0.3640015125274658,0.7705231308937073,0.36784759163856506,0.7732225656509399,0.3640015125274658,0.7705231308937073,2.9542083740234375,2.8900299072265625
3360.0,0.36425676941871643,0.7727289199829102,0.3691512942314148,0.7645969390869141,0.36425676941871643,0.7727289199829102,2.90606689453125,2.884979248046875
3364.0,0.3620033860206604,0.7722148895263672,0.3690735697746277,0.7746436595916748,0.3620033860206604,0.7722148895263672,2.9227447509765625,2.87432861328125
3368.0,0.3652011454105377,0.7742412090301514,0.37353089451789856,0.7664337754249573,0.3652011454105377,0.7742412090301514,2.932342529296875,2.8905029296875
3372.0,0.36327850818634033,0.7659910917282104,0.37110525369644165,0.7749041318893433,0.36327850818634033,0.7659910917282104,2.9420166015625,2.8775787353515625
3376.0,0.3654918074607849,0.7707245945930481,0.3739555776119232,0.7783582210540771,0.3654918074607849,0.7707245945930481,2.942138671875,2.8772735595703125
3380.0,0.3639530837535858,0.7787677645683289,0.3748573362827301,0.7676951289176941,0.3639530837535858,0.7787677645683289,2.907867431640625,2.901123046875
3384.0,0.36412912607192993,0.7739220261573792,0.3724636435508728,0.7678326964378357,0.36412912607192993,0.7739220261573792,2.9066925048828125,2.88702392578125
3388.0,0.36602291464805603,0.7685351371765137,0.37087488174438477,0.7679588794708252,0.36602291464805603,0.7685351371765137,2.9077606201171875,2.890838623046875
3392.0,0.36692014336586,0.7775866389274597,0.3721126616001129,0.7669664621353149,0.36692014336586,0.7775866389274597,2.918731689453125,2.88372802734375
3396.0,0.36479848623275757,0.7712772488594055,0.37349846959114075,0.7720226049423218,0.36479848623275757,0.7712772488594055,2.9342041015625,2.894500732421875
3400.0,0.36531955003738403,0.775861918926239,0.3690796196460724,0.7792977094650269,0.36531955003738403,0.775861918926239,2.9195404052734375,2.8861846923828125
3404.0,0.3635835349559784,0.7808790802955627,0.3734160363674164,0.7690902948379517,0.3635835349559784,0.7808790802955627,2.8991241455078125,2.90106201171875
3408.0,0.36763718724250793,0.7785306572914124,0.37280037999153137,0.7754980325698853,0.36763718724250793,0.7785306572914124,2.919525146484375,2.9042205810546875
3412.0,0.3681161403656006,0.7774493098258972,0.37631019949913025,0.7797001004219055,0.3681161403656006,0.7774493098258972,2.9451141357421875,2.8907928466796875
3416.0,0.3698764741420746,0.7717164754867554,0.37299761176109314,0.7779572010040283,0.3698764741420746,0.7717164754867554,2.9449462890625,2.8813934326171875
3420.0,0.3678230345249176,0.7799574732780457,0.3710215389728546,0.7665143013000488,0.3678230345249176,0.7799574732780457,2.898956298828125,2.8953399658203125
3424.0,0.368892103433609,0.7717511653900146,0.3689758777618408,0.7660071849822998,0.368892103433609,0.7717511653900146,2.901824951171875,2.8833770751953125
3428.0,0.3691246211528778,0.7818542718887329,0.3695196509361267,0.7754131555557251,0.3691246211528778,0.7818542718887329,2.9432220458984375,2.91778564453125
3432.0,0.3700026571750641,0.7825673818588257,0.37227100133895874,0.7793185114860535,0.3700026571750641,0.7825673818588257,2.93115234375,2.8988800048828125
3436.0,0.3659135699272156,0.7746963500976562,0.37323275208473206,0.7784357070922852,0.3659135699272156,0.7746963500976562,2.9220123291015625,2.8961181640625
3440.0,0.3704914152622223,0.7713545560836792,0.3718099594116211,0.7780916690826416,0.3704914152622223,0.7713545560836792,2.9412841796875,2.8791656494140625
3444.0,0.3706810176372528,0.7726041674613953,0.3725579082965851,0.7687374949455261,0.3706810176372528,0.7726041674613953,2.9407806396484375,2.91943359375
3448.0,0.370938777923584,0.7731451392173767,0.3695574998855591,0.7761482000350952,0.370938777923584,0.7731451392173767,2.946258544921875,2.88238525390625
3452.0,0.3713204562664032,0.7778269052505493,0.37104561924934387,0.7731771469116211,0.3713204562664032,0.7778269052505493,2.9191741943359375,2.8860626220703125
3456.0,0.3701702952384949,0.7726211547851562,0.3718700706958771,0.7796350717544556,0.3701702952384949,0.7726211547851562,2.917999267578125,2.89227294921875
3460.0,0.37000787258148193,0.77318274974823,0.36905765533447266,0.7664777636528015,0.37000787258148193,0.77318274974823,2.916290283203125,2.88055419921875
3464.0,0.3690086901187897,0.7769063711166382,0.3713168799877167,0.7754006385803223,0.3690086901187897,0.7769063711166382,2.927276611328125,2.9093475341796875
3468.0,0.3723466694355011,0.7761057615280151,0.3676873743534088,0.778448224067688,0.3723466694355011,0.7761057615280151,2.917327880859375,2.8909912109375
3472.0,0.36825644969940186,0.7740045189857483,0.36949339509010315,0.7743434309959412,0.36825644969940186,0.7740045189857483,2.9364013671875,2.903228759765625
3476.0,0.36774420738220215,0.7800605297088623,0.37000858783721924,0.77923184633255,0.36774420738220215,0.7800605297088623,2.9326629638671875,2.900421142578125
3480.0,0.3714282810688019,0.7750045657157898,0.3799170255661011,0.7795270085334778,0.3714282810688019,0.7750045657157898,2.9495391845703125,2.89715576171875
3484.0,0.38923799991607666,0.7801894545555115,0.3935171365737915,0.7781782150268555,0.38923799991607666,0.7801894545555115,2.9302978515625,2.917633056640625
3488.0,0.3929971158504486,0.7779872417449951,0.3994119465351105,0.7780977487564087,0.3929971158504486,0.7779872417449951,2.93768310546875,2.897186279296875
3492.0,0.3948575258255005,0.7761697769165039,0.3999136984348297,0.7835614085197449,0.3948575258255005,0.7761697769165039,2.957672119140625,2.90228271484375
3496.0,0.393875390291214,0.7729949951171875,0.4015342593193054,0.7673701047897339,0.393875390291214,0.7729949951171875,2.92572021484375,2.8773651123046875
3500.0,0.3892708122730255,0.7751350402832031,0.39539268612861633,0.7648066282272339,0.3892708122730255,0.7751350402832031,2.9232635498046875,2.8959808349609375
3504.0,0.39304518699645996,0.7735610604286194,0.397295743227005,0.7680839896202087,0.39304518699645996,0.7735610604286194,2.945556640625,2.8884735107421875
3508.0,0.39333799481391907,0.7787372469902039,0.39412006735801697,0.7699561715126038,0.39333799481391907,0.7787372469902039,2.94476318359375,2.90142822265625
3512.0,0.3887234330177307,0.7752547860145569,0.3932074308395386,0.7750137448310852,0.3887234330177307,0.7752547860145569,2.936614990234375,2.8870849609375
3516.0,0.39164552092552185,0.7728286385536194,0.38992899656295776,0.7722885012626648,0.39164552092552185,0.7728286385536194,2.9338836669921875,2.887115478515625
3520.0,0.3909551203250885,0.7792251110076904,0.39306992292404175,0.7681705355644226,0.3909551203250885,0.7792251110076904,2.897064208984375,2.9030303955078125
3524.0,0.3912542164325714,0.7821997404098511,0.39703914523124695,0.7700050473213196,0.3912542164325714,0.7821997404098511,2.910858154296875,2.893951416015625
3528.0,0.39319318532943726,0.7854254841804504,0.39280492067337036,0.766663670539856,0.39319318532943726,0.7854254841804504,2.92254638671875,2.922454833984375
3532.0,0.3945434093475342,0.7783949971199036,0.3951726257801056,0.7685193419456482,0.3945434093475342,0.7783949971199036,2.9268798828125,2.899658203125
3536.0,0.38878101110458374,0.7779526114463806,0.3999745845794678,0.7728836536407471,0.38878101110458374,0.7779526114463806,2.918487548828125,2.8768768310546875
3540.0,0.39260968565940857,0.7776010036468506,0.39289796352386475,0.7677823305130005,0.39260968565940857,0.7776010036468506,2.9248046875,2.904815673828125
3544.0,0.3947521448135376,0.7678479552268982,0.39426085352897644,0.7793128490447998,0.3947521448135376,0.7678479552268982,2.9478302001953125,2.8752593994140625
3548.0,0.39032837748527527,0.7840418219566345,0.3970949053764343,0.7650750875473022,0.39032837748527527,0.7840418219566345,2.932464599609375,2.91473388671875
3552.0,0.390720009803772,0.7758232355117798,0.39869382977485657,0.7806121110916138,0.390720009803772,0.7758232355117798,2.95025634765625,2.9125823974609375
3556.0,0.3877280056476593,0.7751756906509399,0.4019239544868469,0.7752068638801575,0.3877280056476593,0.7751756906509399,2.964385986328125,2.8951416015625
3560.0,0.3928365111351013,0.7787987589836121,0.39646583795547485,0.7634183764457703,0.3928365111351013,0.7787987589836121,2.9276580810546875,2.90032958984375
3564.0,0.3897268772125244,0.7853402495384216,0.3932039737701416,0.7746306657791138,0.3897268772125244,0.7853402495384216,2.9629669189453125,2.9060211181640625
3568.0,0.387748122215271,0.788349986076355,0.3998580873012543,0.7781597971916199,0.387748122215271,0.788349986076355,2.9359588623046875,2.9209747314453125
3572.0,0.39077576994895935,0.7792602777481079,0.39713573455810547,0.7759929299354553,0.39077576994895935,0.7792602777481079,2.9365081787109375,2.90985107421875
3576.0,0.3905956447124481,0.7781098484992981,0.3930448591709137,0.7779541015625,0.3905956447124481,0.7781098484992981,2.9664154052734375,2.8838958740234375
3580.0,0.3906424343585968,0.7755096554756165,0.39635396003723145,0.7696194648742676,0.3906424343585968,0.7755096554756165,2.9477081298828125,2.9125518798828125
3584.0,0.3856770396232605,0.7779795527458191,0.397660493850708,0.7771605849266052,0.3856770396232605,0.7779795527458191,2.948028564453125,2.9136199951171875
3588.0,0.3921581506729126,0.7790562510490417,0.39790865778923035,0.7800573110580444,0.3921581506729126,0.7790562510490417,2.9735870361328125,2.9082489013671875
3592.0,0.3903515338897705,0.781726598739624,0.39774250984191895,0.7792803645133972,0.3903515338897705,0.781726598739624,2.95458984375,2.9143829345703125
3596.0,0.39050647616386414,0.7830591797828674,0.3960969150066376,0.7625290751457214,0.39050647616386414,0.7830591797828674,2.91583251953125,2.913604736328125
3600.0,0.3866259753704071,0.779556393623352,0.39559224247932434,0.7757577896118164,0.3866259753704071,0.779556393623352,2.96502685546875,2.892822265625
3604.0,0.3886018395423889,0.7820940017700195,0.39527568221092224,0.7731425762176514,0.3886018395423889,0.7820940017700195,2.953094482421875,2.913848876953125
3608.0,0.3915935754776001,0.7804177403450012,0.39814630150794983,0.7668412923812866,0.3915935754776001,0.7804177403450012,2.941162109375,2.912017822265625
3612.0,0.38688743114471436,0.7842600345611572,0.4015602767467499,0.7694941759109497,0.38688743114471436,0.7842600345611572,2.92626953125,2.925506591796875
3616.0,0.3878941833972931,0.7804410457611084,0.3920300602912903,0.7680714726448059,0.3878941833972931,0.7804410457611084,2.9575347900390625,2.90924072265625
3620.0,0.3891429901123047,0.780906081199646,0.396658718585968,0.76705002784729,0.3891429901123047,0.780906081199646,2.93426513671875,2.9080657958984375
3624.0,0.3878544270992279,0.7744984030723572,0.39717161655426025,0.7715243697166443,0.3878544270992279,0.7744984030723572,2.9398193359375,2.9222412109375
3628.0,0.389202356338501,0.7825567722320557,0.4001660943031311,0.7729912400245667,0.389202356338501,0.7825567722320557,2.9461212158203125,2.914093017578125
3632.0,0.3884267508983612,0.7769176959991455,0.3939821124076843,0.7730751633644104,0.3884267508983612,0.7769176959991455,2.960540771484375,2.9069366455078125
3636.0,0.38770371675491333,0.7760533690452576,0.39752334356307983,0.7783945798873901,0.38770371675491333,0.7760533690452576,2.9615325927734375,2.89794921875
3640.0,0.3888244330883026,0.7780064344406128,0.39906564354896545,0.773105263710022,0.3888244330883026,0.7780064344406128,2.96282958984375,2.92266845703125
3644.0,0.3918892443180084,0.7787041068077087,0.3939800262451172,0.7747995853424072,0.3918892443180084,0.7787041068077087,2.9721221923828125,2.8973846435546875
3648.0,0.3905603885650635,0.7759416103363037,0.3958175480365753,0.780685544013977,0.3905603885650635,0.7759416103363037,2.9816131591796875,2.9242401123046875
3652.0,0.392903596162796,0.7829728722572327,0.3944784998893738,0.773723304271698,0.392903596162796,0.7829728722572327,2.9523773193359375,2.933807373046875
3656.0,0.386760413646698,0.7771233916282654,0.39482060074806213,0.7757400274276733,0.386760413646698,0.7771233916282654,2.9641571044921875,2.9311981201171875
3660.0,0.39175015687942505,0.7797224521636963,0.397240549325943,0.7743228077888489,0.39175015687942505,0.7797224521636963,2.9538116455078125,2.9050750732421875
3664.0,0.38588303327560425,0.7753179669380188,0.3937584161758423,0.7763245105743408,0.38588303327560425,0.7753179669380188,2.9539031982421875,2.89190673828125
3668.0,0.38823625445365906,0.7770190834999084,0.397909551858902,0.7746981978416443,0.38823625445365906,0.7770190834999084,2.9680328369140625,2.9306488037109375
3672.0,0.3903457522392273,0.7753838896751404,0.3948393166065216,0.7765283584594727,0.3903457522392273,0.7753838896751404,2.9725341796875,2.9276123046875
3676.0,0.3881833553314209,0.7736517786979675,0.396261066198349,0.7717247009277344,0.3881833553314209,0.7736517786979675,2.9414825439453125,2.9042510986328125
3680.0,0.38937216997146606,0.782500147819519,0.3966957628726959,0.7788309454917908,0.38937216997146606,0.782500147819519,2.96307373046875,2.927764892578125
3684.0,0.38690534234046936,0.7804462909698486,0.3939921259880066,0.7707259058952332,0.38690534234046936,0.7804462909698486,2.96337890625,2.9251251220703125
3688.0,0.390743225812912,0.7768054604530334,0.3942442536354065,0.7750819325447083,0.390743225812912,0.7768054604530334,2.9479827880859375,2.9147796630859375
3692.0,0.3898204267024994,0.7788036465644836,0.3971621096134186,0.7726208567619324,0.3898204267024994,0.7788036465644836,2.9489288330078125,2.9067840576171875
3696.0,0.3857499957084656,0.7806233167648315,0.3991990089416504,0.7797818779945374,0.3857499957084656,0.7806233167648315,2.9740753173828125,2.9349212646484375
3700.0,0.3948391377925873,0.7743656635284424,0.3989247977733612,0.7698521018028259,0.3948391377925873,0.7743656635284424,2.9620208740234375,2.94207763671875
3704.0,0.3871247470378876,0.7776893973350525,0.3975473642349243,0.7716224193572998,0.3871247470378876,0.7776893973350525,2.9710845947265625,2.922210693359375
3708.0,0.3911418616771698,0.7820123434066772,0.3942958116531372,0.7748444080352783,0.3911418616771698,0.7820123434066772,2.9484405517578125,2.9447784423828125
3712.0,0.3836139142513275,0.7753334045410156,0.3923761248588562,0.7741474509239197,0.3836139142513275,0.7753334045410156,2.96307373046875,2.929229736328125
3716.0,0.38073256611824036,0.7766202092170715,0.3883837163448334,0.7823461294174194,0.38073256611824036,0.7766202092170715,3.0032958984375,2.910888671875
3720.0,0.3801024854183197,0.776703417301178,0.384318470954895,0.7767802476882935,0.3801024854183197,0.776703417301178,2.99298095703125,2.924346923828125
3724.0,0.37662672996520996,0.7829293012619019,0.39039406180381775,0.776146411895752,0.37662672996520996,0.7829293012619019,2.98126220703125,2.9309844970703125
3728.0,0.3814879357814789,0.7821831703186035,0.3846947252750397,0.7805214524269104,0.3814879357814789,0.7821831703186035,2.9978179931640625,2.9394989013671875
3732.0,0.38038280606269836,0.7793789505958557,0.3899643123149872,0.7766461968421936,0.38038280606269836,0.7793789505958557,2.9927215576171875,2.9324188232421875
3736.0,0.3865804672241211,0.7830115556716919,0.39015433192253113,0.7807193994522095,0.3865804672241211,0.7830115556716919,2.9875030517578125,2.930877685546875
3740.0,0.381110817193985,0.783466100692749,0.387281596660614,0.7732763886451721,0.381110817193985,0.783466100692749,2.951202392578125,2.93402099609375
3744.0,0.3849629759788513,0.7789216637611389,0.39074578881263733,0.779500424861908,0.3849629759788513,0.7789216637611389,2.99749755859375,2.9274749755859375
3748.0,0.38033413887023926,0.7862335443496704,0.39262714982032776,0.777505099773407,0.38033413887023926,0.7862335443496704,2.991241455078125,2.956695556640625
3752.0,0.38339951634407043,0.7723235487937927,0.39126792550086975,0.7739829421043396,0.38339951634407043,0.7723235487937927,2.977020263671875,2.8980865478515625
3756.0,0.3811313807964325,0.7837305665016174,0.3857554793357849,0.773611843585968,0.3811313807964325,0.7837305665016174,2.9635772705078125,2.9566497802734375
3760.0,0.3806249499320984,0.7745535373687744,0.3917798399925232,0.7669761776924133,0.3806249499320984,0.7745535373687744,2.9652862548828125,2.9271087646484375
3764.0,0.3817109763622284,0.7807626724243164,0.39190444350242615,0.7793249487876892,0.3817109763622284,0.7807626724243164,2.9898529052734375,2.934356689453125
3768.0,0.38208165764808655,0.7787744998931885,0.39274734258651733,0.7834569215774536,0.38208165764808655,0.7787744998931885,2.9941558837890625,2.9478302001953125
3772.0,0.3850519359111786,0.7733712792396545,0.3863522410392761,0.7786139845848083,0.3850519359111786,0.7733712792396545,2.95916748046875,2.91571044921875
3776.0,0.38202470541000366,0.7831735014915466,0.3935236930847168,0.7774972915649414,0.38202470541000366,0.7831735014915466,2.98931884765625,2.9524993896484375
3780.0,0.38476479053497314,0.7791199684143066,0.3927174210548401,0.7791056036949158,0.38476479053497314,0.7791199684143066,2.9808197021484375,2.9352874755859375
3784.0,0.38331982493400574,0.7874516844749451,0.38718125224113464,0.7737841010093689,0.38331982493400574,0.7874516844749451,2.98516845703125,2.9426727294921875
3788.0,0.37912026047706604,0.7787526845932007,0.3889569342136383,0.7744981646537781,0.37912026047706604,0.7787526845932007,2.980224609375,2.9510955810546875
3792.0,0.38136109709739685,0.7849510908126831,0.39072945713996887,0.7805711627006531,0.38136109709739685,0.7849510908126831,2.9857635498046875,2.9463043212890625
3796.0,0.379507452249527,0.7831946015357971,0.38778895139694214,0.7807953357696533,0.379507452249527,0.7831946015357971,2.980682373046875,2.9430694580078125
3800.0,0.38178372383117676,0.7795654535293579,0.3917979598045349,0.7752565741539001,0.38178372383117676,0.7795654535293579,2.97503662109375,2.9244232177734375
3804.0,0.38133832812309265,0.784264087677002,0.3895328938961029,0.776129424571991,0.38133832812309265,0.784264087677002,2.962738037109375,2.9341888427734375
3808.0,0.38377073407173157,0.7872722148895264,0.38645225763320923,0.7791913151741028,0.38377073407173157,0.7872722148895264,2.98663330078125,2.945220947265625
3812.0,0.3795270323753357,0.7876615524291992,0.39024817943573,0.7786340117454529,0.3795270323753357,0.7876615524291992,2.9831695556640625,2.9513397216796875
3816.0,0.37915322184562683,0.7769975066184998,0.3896465599536896,0.7906811833381653,0.37915322184562683,0.7769975066184998,3.0003662109375,2.9317626953125
3820.0,0.3826304078102112,0.7831799387931824,0.39427557587623596,0.7727086544036865,0.3826304078102112,0.7831799387931824,2.9704742431640625,2.950103759765625
3824.0,0.3797394037246704,0.7783353328704834,0.3931002616882324,0.771607518196106,0.3797394037246704,0.7783353328704834,2.9818115234375,2.93426513671875
3828.0,0.38381028175354004,0.7870160341262817,0.39015644788742065,0.7776578068733215,0.38381028175354004,0.7870160341262817,2.965240478515625,2.9573211669921875
3832.0,0.379316508769989,0.7878787517547607,0.3903937041759491,0.7740727066993713,0.379316508769989,0.7878787517547607,2.972442626953125,2.9653778076171875
3836.0,0.3810611665248871,0.7875229716300964,0.3935673236846924,0.7855229377746582,0.3810611665248871,0.7875229716300964,2.9983062744140625,2.958465576171875
3840.0,0.38331180810928345,0.7837139368057251,0.38595151901245117,0.7846605777740479,0.38331180810928345,0.7837139368057251,2.9880523681640625,2.9517822265625
3844.0,0.38209477066993713,0.7848895788192749,0.3918028771877289,0.7781989574432373,0.38209477066993713,0.7848895788192749,2.96923828125,2.967254638671875
3848.0,0.38279563188552856,0.7835505604743958,0.3919028043746948,0.7794238924980164,0.38279563188552856,0.7835505604743958,2.9758453369140625,2.9522705078125
3852.0,0.38182225823402405,0.7806076407432556,0.3857533037662506,0.7817206978797913,0.38182225823402405,0.7806076407432556,2.9891815185546875,2.9364166259765625
3856.0,0.382855623960495,0.7804684042930603,0.39036306738853455,0.773463249206543,0.382855623960495,0.7804684042930603,2.9947967529296875,2.9473419189453125
3860.0,0.3803187608718872,0.7822167873382568,0.3881163001060486,0.7810181975364685,0.3803187608718872,0.7822167873382568,2.995697021484375,2.9454193115234375
3864.0,0.3838426470756531,0.7792394757270813,0.390967458486557,0.7838248610496521,0.3838426470756531,0.7792394757270813,3.0058746337890625,2.9493560791015625
3868.0,0.3812989592552185,0.7816094160079956,0.38753563165664673,0.7808944582939148,0.3812989592552185,0.7816094160079956,2.9690399169921875,2.95513916015625
3872.0,0.3819262385368347,0.784283459186554,0.39165014028549194,0.7833088636398315,0.3819262385368347,0.784283459186554,2.9940185546875,2.94342041015625
3876.0,0.380389004945755,0.7820696234703064,0.3884589672088623,0.7929636240005493,0.380389004945755,0.7820696234703064,3.004608154296875,2.9394073486328125
3880.0,0.3808300495147705,0.78075110912323,0.3911990523338318,0.7659043073654175,0.3808300495147705,0.78075110912323,2.9934234619140625,2.9434051513671875
3884.0,0.38051867485046387,0.7881163358688354,0.3890833258628845,0.774524986743927,0.38051867485046387,0.7881163358688354,2.969940185546875,2.949127197265625
3888.0,0.3825222849845886,0.7843620181083679,0.39251789450645447,0.7780256271362305,0.3825222849845886,0.7843620181083679,2.9871978759765625,2.9663848876953125
3892.0,0.382542222738266,0.7834752202033997,0.3874843418598175,0.7739359736442566,0.382542222738266,0.7834752202033997,2.9803924560546875,2.9492034912109375
3896.0,0.37852340936660767,0.7853230834007263,0.3858739733695984,0.7776748538017273,0.37852340936660767,0.7853230834007263,3.0029449462890625,2.959991455078125
3900.0,0.3826892375946045,0.7833946347236633,0.3908112049102783,0.7793259620666504,0.3826892375946045,0.7833946347236633,2.973388671875,2.944732666015625
3904.0,0.3792492747306824,0.7834373116493225,0.3916729688644409,0.7804407477378845,0.3792492747306824,0.7834373116493225,2.9921875,2.9512939453125
3908.0,0.3842881917953491,0.7812474966049194,0.38931676745414734,0.7834343314170837,0.3842881917953491,0.7812474966049194,3.0106353759765625,2.95550537109375
3912.0,0.3823966383934021,0.787399411201477,0.38913390040397644,0.7733931541442871,0.3823966383934021,0.787399411201477,3.010589599609375,2.9679107666015625
3916.0,0.3809800148010254,0.7913070917129517,0.38845860958099365,0.7782188057899475,0.3809800148010254,0.7913070917129517,2.9918212890625,2.948486328125
3920.0,0.37845712900161743,0.7847164273262024,0.3892185688018799,0.7780706286430359,0.37845712900161743,0.7847164273262024,2.9941253662109375,2.9576568603515625
3924.0,0.38353461027145386,0.7859344482421875,0.39065447449684143,0.7809914946556091,0.38353461027145386,0.7859344482421875,3.00286865234375,2.96405029296875
3928.0,0.3850468099117279,0.7892872095108032,0.3889314532279968,0.7754049301147461,0.3850468099117279,0.7892872095108032,2.9993896484375,2.9606781005859375
3932.0,0.38087889552116394,0.7873443365097046,0.3905888795852661,0.7793409824371338,0.38087889552116394,0.7873443365097046,3.00384521484375,2.9624481201171875
3936.0,0.38286882638931274,0.7901197671890259,0.39122241735458374,0.7794621586799622,0.38286882638931274,0.7901197671890259,3.0192413330078125,2.9815521240234375
3940.0,0.3792194724082947,0.7798230051994324,0.38874661922454834,0.7878541946411133,0.3792194724082947,0.7798230051994324,3.0273895263671875,2.9505615234375
3944.0,0.38241663575172424,0.7860107421875,0.3934187591075897,0.7884178161621094,0.38241663575172424,0.7860107421875,3.0109710693359375,2.960296630859375
3948.0,0.3829503059387207,0.7777958512306213,0.3870801329612732,0.7821778655052185,0.3829503059387207,0.7777958512306213,2.9999847412109375,2.957244873046875
3952.0,0.3801189959049225,0.7857370376586914,0.3896750807762146,0.7751704454421997,0.3801189959049225,0.7857370376586914,3.007232666015625,2.946685791015625
3956.0,0.38306543231010437,0.783285915851593,0.39137184619903564,0.7760221362113953,0.38306543231010437,0.783285915851593,3.0096282958984375,2.962890625
3960.0,0.3782956600189209,0.7933119535446167,0.3913702368736267,0.7728438973426819,0.3782956600189209,0.7933119535446167,2.979461669921875,2.974090576171875
3964.0,0.3795689344406128,0.7836950421333313,0.38955292105674744,0.779079258441925,0.3795689344406128,0.7836950421333313,2.9996795654296875,2.9764404296875
3968.0,0.3802194893360138,0.7805113792419434,0.39144808053970337,0.7775053977966309,0.3802194893360138,0.7805113792419434,3.01202392578125,2.9455718994140625
3972.0,0.38412466645240784,0.7741599082946777,0.38587215542793274,0.786325216293335,0.38412466645240784,0.7741599082946777,3.0257720947265625,2.949676513671875
3976.0,0.3809458315372467,0.7828728556632996,0.3853689134120941,0.7805561423301697,0.3809458315372467,0.7828728556632996,3.0130462646484375,2.967315673828125
3980.0,0.3797288239002228,0.7868185043334961,0.386812299489975,0.7840803861618042,0.3797288239002228,0.7868185043334961,3.01434326171875,2.9615936279296875
3984.0,0.3798234760761261,0.7762983441352844,0.3909839987754822,0.7790400981903076,0.3798234760761261,0.7762983441352844,3.0009918212890625,2.955474853515625
3988.0,0.3795556426048279,0.7880772948265076,0.3912733495235443,0.7807254791259766,0.3795556426048279,0.7880772948265076,3.0063629150390625,2.97760009765625
3992.0,0.3810517191886902,0.7816795110702515,0.3888394236564636,0.786911129951477,0.3810517191886902,0.7816795110702515,3.011810302734375,2.9513397216796875
3996.0,0.3842453956604004,0.7848310470581055,0.3879720866680145,0.7758729457855225,0.3842453956604004,0.7848310470581055,3.0060882568359375,2.9732818603515625
4000.0,0.4047471880912781,0.7870100736618042,0.40069568157196045,0.7808158993721008,0.4047471880912781,0.7870100736618042,3.0365447998046875,2.9662017822265625
4004.0,0.4193839132785797,0.7902249097824097,0.42207834124565125,0.7883115410804749,0.4193839132785797,0.7902249097824097,3.0077056884765625,2.974700927734375
4008.0,0.4386681616306305,0.7795987129211426,0.4407457709312439,0.7732670903205872,0.4386681616306305,0.7795987129211426,2.99114990234375,2.9568939208984375
4012.0,0.44476810097694397,0.7691892981529236,0.45163971185684204,0.7685251235961914,0.44476810097694397,0.7691892981529236,2.9976654052734375,2.9608612060546875
4016.0,0.441446989774704,0.7706727385520935,0.4555283486843109,0.7759340405464172,0.441446989774704,0.7706727385520935,3.017974853515625,2.9309234619140625
4020.0,0.43950116634368896,0.7752269506454468,0.4480595886707306,0.769608199596405,0.43950116634368896,0.7752269506454468,2.992279052734375,2.9574127197265625
4024.0,0.43831151723861694,0.7776139974594116,0.44498410820961,0.761484682559967,0.43831151723861694,0.7776139974594116,2.9797821044921875,2.959259033203125
4028.0,0.4335966408252716,0.7790836095809937,0.4395768940448761,0.7719438672065735,0.4335966408252716,0.7790836095809937,3.0032958984375,2.970550537109375
4032.0,0.4345780611038208,0.7795260548591614,0.4416813850402832,0.7699223160743713,0.4345780611038208,0.7795260548591614,2.9984588623046875,2.965057373046875
4036.0,0.4339812994003296,0.7774976491928101,0.4401790201663971,0.7717261910438538,0.4339812994003296,0.7774976491928101,3.019500732421875,2.95477294921875
4040.0,0.4347955286502838,0.7797436118125916,0.44101086258888245,0.7791155576705933,0.4347955286502838,0.7797436118125916,3.023590087890625,2.97119140625
4044.0,0.4377114176750183,0.763775110244751,0.4395526647567749,0.7783031463623047,0.4377114176750183,0.763775110244751,3.020782470703125,2.9248504638671875
4048.0,0.434567928314209,0.7745883464813232,0.44078531861305237,0.7694849967956543,0.434567928314209,0.7745883464813232,3.0022125244140625,2.961334228515625
4052.0,0.44021183252334595,0.7773144841194153,0.44207215309143066,0.7712755799293518,0.44021183252334595,0.7773144841194153,3.0067138671875,2.947357177734375
4056.0,0.44027021527290344,0.7816592454910278,0.4423980712890625,0.7706772089004517,0.44027021527290344,0.7816592454910278,2.9876861572265625,2.9749755859375
4060.0,0.4382770359516144,0.7812739014625549,0.4423656761646271,0.7650302648544312,0.4382770359516144,0.7812739014625549,2.9854583740234375,2.96466064453125
4064.0,0.44337740540504456,0.7694499492645264,0.4410465657711029,0.770333468914032,0.44337740540504456,0.7694499492645264,3.0153350830078125,2.9417572021484375
4068.0,0.44079849123954773,0.7675883173942566,0.44034573435783386,0.7725878953933716,0.44079849123954773,0.7675883173942566,3.0052642822265625,2.930633544921875
4072.0,0.4404173791408539,0.780465841293335,0.44420671463012695,0.7640820741653442,0.4404173791408539,0.780465841293335,2.9822998046875,2.937408447265625
4076.0,0.4390014111995697,0.7765002846717834,0.4426679313182831,0.7742223143577576,0.4390014111995697,0.7765002846717834,3.0032196044921875,2.9605560302734375
4080.0,0.44120389223098755,0.7759531140327454,0.44521403312683105,0.7664507031440735,0.44120389223098755,0.7759531140327454,2.9844970703125,2.94403076171875
4084.0,0.4402204155921936,0.7747122049331665,0.4475724697113037,0.7675086259841919,0.4402204155921936,0.7747122049331665,3.008880615234375,2.9537506103515625
4088.0,0.4419006407260895,0.7763538360595703,0.44562238454818726,0.7697489261627197,0.4419006407260895,0.7763538360595703,2.989105224609375,2.9556884765625
4092.0,0.4384673535823822,0.774378776550293,0.44635483622550964,0.771308422088623,0.4384673535823822,0.774378776550293,3.0195465087890625,2.9596710205078125
4096.0,0.4421653747558594,0.7809968590736389,0.4472562372684479,0.771478533744812,0.4421653747558594,0.7809968590736389,3.0059356689453125,2.9635162353515625
4100.0,0.4434663951396942,0.7682778835296631,0.446685791015625,0.7753720283508301,0.4434663951396942,0.7682778835296631,3.0003204345703125,2.9387359619140625
4104.0,0.4401426911354065,0.7786328196525574,0.4508090317249298,0.7695220708847046,0.4401426911354065,0.7786328196525574,2.9989166259765625,2.9677276611328125
4108.0,0.4392086863517761,0.7719802260398865,0.44733965396881104,0.7762218713760376,0.4392086863517761,0.7719802260398865,3.0093841552734375,2.95843505859375
4112.0,0.44241589307785034,0.7726112008094788,0.44918522238731384,0.7709704637527466,0.44241589307785034,0.7726112008094788,2.98486328125,2.957550048828125
4116.0,0.4399368464946747,0.7829954624176025,0.4453512132167816,0.775958240032196,0.4399368464946747,0.7829954624176025,3.003814697265625,2.97454833984375
4120.0,0.4408409297466278,0.7799856662750244,0.44922953844070435,0.77555912733078,0.4408409297466278,0.7799856662750244,2.9936676025390625,2.9639892578125
4124.0,0.4404401183128357,0.7688502073287964,0.4489158093929291,0.7746683359146118,0.4404401183128357,0.7688502073287964,2.994140625,2.9438629150390625
4128.0,0.4369402229785919,0.784650444984436,0.44630172848701477,0.7685254812240601,0.4369402229785919,0.784650444984436,2.9814453125,2.98095703125
4132.0,0.43947163224220276,0.7789028286933899,0.4472086727619171,0.77437424659729,0.43947163224220276,0.7789028286933899,3.0032806396484375,2.9764862060546875
4136.0,0.4387872517108917,0.7758285999298096,0.4463113248348236,0.7668433785438538,0.4387872517108917,0.7758285999298096,2.98565673828125,2.9354248046875
4140.0,0.43812626600265503,0.7715849876403809,0.44648507237434387,0.7742524147033691,0.43812626600265503,0.7715849876403809,2.998992919921875,2.92901611328125
4144.0,0.43769118189811707,0.7769010663032532,0.44910863041877747,0.7772015333175659,0.43769118189811707,0.7769010663032532,3.006805419921875,2.953857421875
4148.0,0.43817511200904846,0.779716968536377,0.4506808817386627,0.7720034122467041,0.43817511200904846,0.779716968536377,2.9859161376953125,2.9520263671875
4152.0,0.4343878924846649,0.7872744202613831,0.44458505511283875,0.7768710851669312,0.4343878924846649,0.7872744202613831,2.99420166015625,2.992095947265625
4156.0,0.4381715953350067,0.782900333404541,0.44636791944503784,0.7734395265579224,0.4381715953350067,0.782900333404541,2.9915313720703125,2.9583587646484375
4160.0,0.4410702586174011,0.7754207849502563,0.4441145956516266,0.7754340171813965,0.4410702586174011,0.7754207849502563,2.986175537109375,2.9489288330078125
4164.0,0.4386154115200043,0.7878656387329102,0.450023889541626,0.7658430933952332,0.4386154115200043,0.7878656387329102,2.983367919921875,2.951324462890625
4168.0,0.4374443292617798,0.7811791896820068,0.44748541712760925,0.7771591544151306,0.4374443292617798,0.7811791896820068,3.0024566650390625,2.9722900390625
4172.0,0.4353541135787964,0.7772589325904846,0.4472758173942566,0.7799260020256042,0.4353541135787964,0.7772589325904846,3.0067138671875,2.953460693359375
4176.0,0.44656991958618164,0.782917320728302,0.45207104086875916,0.7740623354911804,0.44656991958618164,0.782917320728302,2.9957275390625,2.9558868408203125
4180.0,0.45499080419540405,0.7658068537712097,0.4648178219795227,0.7691859602928162,0.45499080419540405,0.7658068537712097,2.9943389892578125,2.9337615966796875
4184.0,0.46448105573654175,0.7684813141822815,0.470210462808609,0.7602229714393616,0.46448105573654175,0.7684813141822815,2.9908447265625,2.93048095703125
4188.0,0.4657815396785736,0.7580510377883911,0.4702581465244293,0.771301805973053,0.4657815396785736,0.7580510377883911,3.010772705078125,2.91632080078125
4192.0,0.46035531163215637,0.7680688500404358,0.4688413143157959,0.7696895599365234,0.46035531163215637,0.7680688500404358,3.005157470703125,2.942718505859375
4196.0,0.46130862832069397,0.7578752636909485,0.46967098116874695,0.7716124653816223,0.46130862832069397,0.7578752636909485,3.023681640625,2.910247802734375
4200.0,0.4606590270996094,0.7605205178260803,0.46772435307502747,0.7735432982444763,0.4606590270996094,0.7605205178260803,3.0156402587890625,2.9211273193359375
4204.0,0.45849668979644775,0.7669713497161865,0.466075599193573,0.7603569626808167,0.45849668979644775,0.7669713497161865,2.9986724853515625,2.9374237060546875
4208.0,0.46401911973953247,0.7596444487571716,0.4633233845233917,0.7606767416000366,0.46401911973953247,0.7596444487571716,2.9906158447265625,2.9186248779296875
4212.0,0.45721325278282166,0.7735687494277954,0.4657305181026459,0.7718942761421204,0.45721325278282166,0.7735687494277954,3.0300750732421875,2.9741363525390625
4216.0,0.4649322032928467,0.7612496018409729,0.46471932530403137,0.760298490524292,0.4649322032928467,0.7612496018409729,2.993682861328125,2.9049835205078125
4220.0,0.4596993029117584,0.7665936350822449,0.46524500846862793,0.7670779228210449,0.4596993029117584,0.7665936350822449,2.996063232421875,2.9217376708984375
4224.0,0.46313703060150146,0.7586265206336975,0.46811291575431824,0.7746781706809998,0.46313703060150146,0.7586265206336975,3.005767822265625,2.9028472900390625
4228.0,0.46183550357818604,0.7685562968254089,0.46677735447883606,0.7666373252868652,0.46183550357818604,0.7685562968254089,3.0038299560546875,2.93988037109375
4232.0,0.4635410010814667,0.7629827857017517,0.46455416083335876,0.7742844820022583,0.4635410010814667,0.7629827857017517,3.020233154296875,2.92303466796875
4236.0,0.46056652069091797,0.759162187576294,0.46576228737831116,0.7685527801513672,0.46056652069091797,0.759162187576294,3.0100860595703125,2.925933837890625
4240.0,0.4580049216747284,0.7704533934593201,0.46814149618148804,0.761572539806366,0.4580049216747284,0.7704533934593201,2.999755859375,2.9424285888671875
4244.0,0.4591222405433655,0.7607694268226624,0.47061657905578613,0.7723261713981628,0.4591222405433655,0.7607694268226624,3.0005645751953125,2.9232177734375
4248.0,0.4593203067779541,0.7632099986076355,0.4696764349937439,0.763684868812561,0.4593203067779541,0.7632099986076355,2.9861602783203125,2.937652587890625
4252.0,0.46116605401039124,0.7635277509689331,0.46689534187316895,0.7646191716194153,0.46116605401039124,0.7635277509689331,2.98675537109375,2.9338531494140625
4256.0,0.46250563859939575,0.7621709108352661,0.47017019987106323,0.7647860050201416,0.46250563859939575,0.7621709108352661,2.9865570068359375,2.9369354248046875
4260.0,0.45907190442085266,0.7589146494865417,0.46566376090049744,0.7622665762901306,0.45907190442085266,0.7589146494865417,3.0135498046875,2.9219512939453125
4264.0,0.45481669902801514,0.7687215805053711,0.4667361080646515,0.7627307772636414,0.45481669902801514,0.7687215805053711,3.0149993896484375,2.9555816650390625
4268.0,0.4605080783367157,0.7628236413002014,0.46577340364456177,0.7701076865196228,0.4605080783367157,0.7628236413002014,3.00048828125,2.933013916015625
4272.0,0.4579281210899353,0.7630643248558044,0.46730443835258484,0.7601118683815002,0.4579281210899353,0.7630643248558044,3.000396728515625,2.935791015625
4276.0,0.46056997776031494,0.7655733823776245,0.4701134264469147,0.7662514448165894,0.46056997776031494,0.7655733823776245,3.0100555419921875,2.9443817138671875
4280.0,0.4571065306663513,0.7741270661354065,0.46357741951942444,0.7757468223571777,0.4571065306663513,0.7741270661354065,2.9984130859375,2.9719390869140625
4284.0,0.4585287570953369,0.7609399557113647,0.4706936478614807,0.7642245888710022,0.4585287570953369,0.7609399557113647,2.97576904296875,2.9254150390625
4288.0,0.4571390748023987,0.7723636627197266,0.47114402055740356,0.7688763737678528,0.4571390748023987,0.7723636627197266,3.0148773193359375,2.949005126953125
4292.0,0.45399442315101624,0.7749179005622864,0.4640289843082428,0.7699612975120544,0.45399442315101624,0.7749179005622864,3.0118560791015625,2.952880859375
4296.0,0.45820099115371704,0.7707675099372864,0.4636823236942291,0.7644233107566833,0.45820099115371704,0.7707675099372864,3.00250244140625,2.94085693359375
4300.0,0.4550565183162689,0.7684779763221741,0.46576476097106934,0.7675408720970154,0.4550565183162689,0.7684779763221741,3.01141357421875,2.9245452880859375
4304.0,0.45942819118499756,0.7623405456542969,0.4655289947986603,0.766711950302124,0.45942819118499756,0.7623405456542969,2.993377685546875,2.9350738525390625
4308.0,0.4548870325088501,0.7651093006134033,0.4661266803741455,0.7686403393745422,0.4548870325088501,0.7651093006134033,3.0033111572265625,2.933746337890625
4312.0,0.45621734857559204,0.7614947557449341,0.4646471440792084,0.7692102193832397,0.45621734857559204,0.7614947557449341,3.0088653564453125,2.9459228515625
4316.0,0.4594598412513733,0.7621409296989441,0.4687780439853668,0.7650357484817505,0.4594598412513733,0.7621409296989441,3.008758544921875,2.9340362548828125
4320.0,0.45872175693511963,0.7653577327728271,0.46909070014953613,0.770520031452179,0.45872175693511963,0.7653577327728271,2.997039794921875,2.9529266357421875
4324.0,0.45359429717063904,0.7725341320037842,0.4649018347263336,0.7626027464866638,0.45359429717063904,0.7725341320037842,3.0089569091796875,2.944610595703125
4328.0,0.45461606979370117,0.7712924480438232,0.46610453724861145,0.765655517578125,0.45461606979370117,0.7712924480438232,3.027801513671875,2.9706878662109375
4332.0,0.4588487446308136,0.7637699246406555,0.46613597869873047,0.7684072852134705,0.4588487446308136,0.7637699246406555,3.0008697509765625,2.9267578125
4336.0,0.4578915536403656,0.7672407031059265,0.46536949276924133,0.7633180022239685,0.4578915536403656,0.7672407031059265,2.9885711669921875,2.9465179443359375
4340.0,0.46258053183555603,0.7580628395080566,0.46706196665763855,0.7614306211471558,0.46258053183555603,0.7580628395080566,3.0114898681640625,2.9457550048828125
4344.0,0.45859986543655396,0.7700623869895935,0.4664210081100464,0.7664234042167664,0.45859986543655396,0.7700623869895935,3.0212860107421875,2.961090087890625
4348.0,0.46053799986839294,0.7645271420478821,0.4691082537174225,0.769335925579071,0.46053799986839294,0.7645271420478821,3.0220794677734375,2.948455810546875
4352.0,0.4608254134654999,0.7641289830207825,0.4684705138206482,0.7610266208648682,0.4608254134654999,0.7641289830207825,3.00445556640625,2.933013916015625
4356.0,0.462891161441803,0.7627466320991516,0.4651651382446289,0.7567643523216248,0.462891161441803,0.7627466320991516,3.0022125244140625,2.951171875
4360.0,0.45938581228256226,0.7649414539337158,0.46755534410476685,0.7665380835533142,0.45938581228256226,0.7649414539337158,3.0197906494140625,2.9484405517578125
4364.0,0.4629473388195038,0.7624322175979614,0.4699309766292572,0.7645163536071777,0.4629473388195038,0.7624322175979614,3.022735595703125,2.944976806640625
4368.0,0.4626520276069641,0.7676400542259216,0.47097012400627136,0.7617223262786865,0.4626520276069641,0.7676400542259216,2.999114990234375,2.957305908203125
4372.0,0.45900842547416687,0.7727881073951721,0.46954286098480225,0.7582564353942871,0.45900842547416687,0.7727881073951721,3.009063720703125,2.967559814453125
4376.0,0.45688027143478394,0.7664911150932312,0.4730318784713745,0.7602513432502747,0.45688027143478394,0.7664911150932312,3.0089263916015625,2.94879150390625
4380.0,0.4625864624977112,0.7701122760772705,0.4675072729587555,0.762296199798584,0.4625864624977112,0.7701122760772705,3.0068359375,2.9472198486328125
4384.0,0.4591761529445648,0.7711315751075745,0.4686112403869629,0.7615242004394531,0.4591761529445648,0.7711315751075745,3.00592041015625,2.962921142578125
4388.0,0.46118441224098206,0.7641429305076599,0.4701656401157379,0.7713373303413391,0.46118441224098206,0.7641429305076599,3.028717041015625,2.9630126953125
4392.0,0.4608860909938812,0.7665776610374451,0.47046777606010437,0.7715279459953308,0.4608860909938812,0.7665776610374451,3.0150299072265625,2.9623565673828125
4396.0,0.4574953317642212,0.7647388577461243,0.4699031710624695,0.7708101868629456,0.4574953317642212,0.7647388577461243,3.0174560546875,2.9436187744140625
4400.0,0.4612303078174591,0.7623324990272522,0.4684016704559326,0.7700424194335938,0.4612303078174591,0.7623324990272522,3.00830078125,2.9494171142578125
4404.0,0.45972245931625366,0.7753888964653015,0.46961715817451477,0.7709258794784546,0.45972245931625366,0.7753888964653015,3.025360107421875,2.9590911865234375
4408.0,0.4609256982803345,0.7718393206596375,0.46501192450523376,0.7689415812492371,0.4609256982803345,0.7718393206596375,3.02789306640625,2.970703125
4412.0,0.4574316143989563,0.7713720798492432,0.47268572449684143,0.7681970596313477,0.4574316143989563,0.7713720798492432,3.040191650390625,2.9803466796875
4416.0,0.4615989625453949,0.7662069201469421,0.4681091904640198,0.770877480506897,0.4615989625453949,0.7662069201469421,3.0236663818359375,2.9683990478515625
4420.0,0.4568801522254944,0.7719173431396484,0.4689826965332031,0.7668083906173706,0.4568801522254944,0.7719173431396484,3.01568603515625,2.9821929931640625
4424.0,0.4595378339290619,0.7650727033615112,0.46697747707366943,0.7630261778831482,0.4595378339290619,0.7650727033615112,3.010467529296875,2.9559326171875
4428.0,0.46147677302360535,0.7629767060279846,0.4700624644756317,0.7718700766563416,0.46147677302360535,0.7629767060279846,3.0154266357421875,2.9355010986328125
4432.0,0.45802900195121765,0.7666774988174438,0.4693151116371155,0.77486652135849,0.45802900195121765,0.7666774988174438,3.018524169921875,2.9585418701171875
4436.0,0.4579722583293915,0.7693950533866882,0.46906936168670654,0.7667529582977295,0.4579722583293915,0.7693950533866882,3.0107421875,2.9664306640625
4440.0,0.4606003165245056,0.7632340788841248,0.46757182478904724,0.7728077173233032,0.4606003165245056,0.7632340788841248,3.018341064453125,2.9606475830078125
4444.0,0.45581966638565063,0.7701222896575928,0.46748217940330505,0.7704379558563232,0.45581966638565063,0.7701222896575928,3.016265869140625,2.9647216796875
4448.0,0.46184346079826355,0.76823890209198,0.46794822812080383,0.7709034085273743,0.46184346079826355,0.76823890209198,3.0285186767578125,2.9598236083984375
4452.0,0.4594464898109436,0.7714802026748657,0.467149555683136,0.7668086290359497,0.4594464898109436,0.7714802026748657,3.01544189453125,2.9866790771484375
4456.0,0.45759066939353943,0.7710753083229065,0.4680359661579132,0.7665611505508423,0.45759066939353943,0.7710753083229065,3.023651123046875,2.965179443359375
4460.0,0.4616547226905823,0.7681673765182495,0.47159573435783386,0.7708497643470764,0.4616547226905823,0.7681673765182495,3.0478973388671875,2.9599151611328125
4464.0,0.45915424823760986,0.7692810297012329,0.467142254114151,0.7652592062950134,0.45915424823760986,0.7692810297012329,3.013031005859375,2.9687042236328125
4468.0,0.4550146162509918,0.7687369585037231,0.4690271317958832,0.7704344987869263,0.4550146162509918,0.7687369585037231,3.0281982421875,2.9676666259765625
4472.0,0.45960599184036255,0.7675673365592957,0.4695119559764862,0.7768827080726624,0.45960599184036255,0.7675673365592957,3.0358428955078125,2.9575042724609375
4476.0,0.4600599706172943,0.7677779793739319,0.4709213078022003,0.7631548643112183,0.4600599706172943,0.7677779793739319,3.0191650390625,2.9625396728515625
4480.0,0.45874324440956116,0.7653462290763855,0.4720630645751953,0.772742509841919,0.45874324440956116,0.7653462290763855,3.0096893310546875,2.9517822265625
4484.0,0.45825183391571045,0.7599258422851562,0.46655991673469543,0.7665407061576843,0.45825183391571045,0.7599258422851562,2.9995269775390625,2.9397735595703125
4488.0,0.4584580361843109,0.7717027068138123,0.47040054202079773,0.7698850631713867,0.4584580361843109,0.7717027068138123,3.0215606689453125,2.9899749755859375
4492.0,0.45817163586616516,0.7678236961364746,0.47246330976486206,0.768752932548523,0.45817163586616516,0.7678236961364746,3.028564453125,2.9841156005859375
4496.0,0.45717936754226685,0.7782665491104126,0.46999019384384155,0.7769702672958374,0.45717936754226685,0.7782665491104126,3.0329437255859375,2.9891815185546875
4500.0,0.458477258682251,0.7702727913856506,0.46977758407592773,0.7714696526527405,0.458477258682251,0.7702727913856506,3.0361328125,2.9742584228515625
4504.0,0.4548238217830658,0.7640376687049866,0.46746009588241577,0.762531578540802,0.4548238217830658,0.7640376687049866,2.9990234375,2.958465576171875
4508.0,0.4591518044471741,0.7690413594245911,0.4646488428115845,0.7710567712783813,0.4591518044471741,0.7690413594245911,3.0283050537109375,2.96295166015625
4512.0,0.46019360423088074,0.7652644515037537,0.4718547761440277,0.7664482593536377,0.46019360423088074,0.7652644515037537,3.031402587890625,2.957672119140625
4516.0,0.4590563178062439,0.7673131227493286,0.4672444760799408,0.7694472670555115,0.4590563178062439,0.7673131227493286,3.0290069580078125,2.95513916015625
4520.0,0.4594668745994568,0.7704620957374573,0.4668917655944824,0.770989179611206,0.4594668745994568,0.7704620957374573,3.030853271484375,2.9798431396484375
4524.0,0.4554717540740967,0.7754337191581726,0.466332346200943,0.7767596244812012,0.4554717540740967,0.7754337191581726,3.0268707275390625,2.988616943359375
4528.0,0.46103227138519287,0.7702320218086243,0.4682708978652954,0.768932580947876,0.46103227138519287,0.7702320218086243,3.0269317626953125,2.964508056640625
4532.0,0.4577489197254181,0.7674343585968018,0.4664074182510376,0.7705357074737549,0.4577489197254181,0.7674343585968018,3.02764892578125,2.948028564453125
4536.0,0.4542488157749176,0.773021399974823,0.4688640832901001,0.7681183815002441,0.4542488157749176,0.773021399974823,3.009429931640625,2.97503662109375
4540.0,0.45709124207496643,0.7691554427146912,0.4658986032009125,0.7682510018348694,0.45709124207496643,0.7691554427146912,3.0223388671875,2.9539947509765625
4544.0,0.4603893458843231,0.7747607827186584,0.4679258167743683,0.7621492743492126,0.4603893458843231,0.7747607827186584,3.0191802978515625,2.9707489013671875
4548.0,0.45479539036750793,0.773930013179779,0.4645068645477295,0.7641409635543823,0.45479539036750793,0.773930013179779,3.0198516845703125,2.9688873291015625
4552.0,0.4570785462856293,0.7701038718223572,0.46383270621299744,0.7688608765602112,0.4570785462856293,0.7701038718223572,3.017974853515625,2.979827880859375
4556.0,0.4610816240310669,0.7694303393363953,0.46624845266342163,0.7630216479301453,0.4610816240310669,0.7694303393363953,3.0280609130859375,2.959014892578125
4560.0,0.4601961374282837,0.7691935300827026,0.46575483679771423,0.7648123502731323,0.4601961374282837,0.7691935300827026,3.0279388427734375,2.9620819091796875
4564.0,0.4595823585987091,0.7698239684104919,0.46809250116348267,0.7703923583030701,0.4595823585987091,0.7698239684104919,3.030975341796875,2.9483795166015625
4568.0,0.45778828859329224,0.7778878808021545,0.4654563367366791,0.7711614966392517,0.45778828859329224,0.7778878808021545,3.0424041748046875,2.993011474609375
4572.0,0.45811036229133606,0.7758272290229797,0.46780598163604736,0.7673586010932922,0.45811036229133606,0.7758272290229797,3.0251922607421875,2.9868621826171875
4576.0,0.4578210413455963,0.7659928798675537,0.468269020318985,0.7722667455673218,0.4578210413455963,0.7659928798675537,3.044219970703125,2.97064208984375
4580.0,0.4607878029346466,0.760360062122345,0.46369001269340515,0.7635232210159302,0.4607878029346466,0.760360062122345,3.026702880859375,2.9533538818359375
4584.0,0.4615940749645233,0.7636874914169312,0.4620283544063568,0.775131106376648,0.4615940749645233,0.7636874914169312,3.0115203857421875,2.946075439453125
4588.0,0.45659616589546204,0.7727612257003784,0.46655282378196716,0.7674642205238342,0.45659616589546204,0.7727612257003784,3.0445709228515625,2.9782562255859375
4592.0,0.4607264995574951,0.7592790126800537,0.4711582064628601,0.7677236795425415,0.4607264995574951,0.7592790126800537,3.0390777587890625,2.9409027099609375
4596.0,0.4613882601261139,0.7655493021011353,0.4645327627658844,0.7700034976005554,0.4613882601261139,0.7655493021011353,3.032257080078125,2.9515838623046875
4600.0,0.46284133195877075,0.7692072987556458,0.46621790528297424,0.7675098180770874,0.46284133195877075,0.7692072987556458,3.0203094482421875,2.94232177734375
4604.0,0.4581812024116516,0.7621030807495117,0.4640487730503082,0.7617905735969543,0.4581812024116516,0.7621030807495117,3.015411376953125,2.9385833740234375
4608.0,0.46261581778526306,0.7763797044754028,0.4664336144924164,0.7695237994194031,0.46261581778526306,0.7763797044754028,3.043487548828125,2.9601593017578125
4612.0,0.45943453907966614,0.7678304314613342,0.46877235174179077,0.7693291306495667,0.45943453907966614,0.7678304314613342,3.031402587890625,2.9486541748046875
4616.0,0.4609422981739044,0.7682047486305237,0.4655739963054657,0.7534753680229187,0.4609422981739044,0.7682047486305237,3.0098419189453125,2.9567108154296875
4620.0,0.45776888728141785,0.774070143699646,0.4648679494857788,0.7635226249694824,0.45776888728141785,0.774070143699646,3.007476806640625,2.9576416015625
4624.0,0.45962896943092346,0.7768296003341675,0.4679667055606842,0.7679528594017029,0.45962896943092346,0.7768296003341675,3.0224151611328125,2.953521728515625
4628.0,0.4586503207683563,0.7685900330543518,0.46296390891075134,0.7629218697547913,0.4586503207683563,0.7685900330543518,3.0094451904296875,2.9313812255859375
4632.0,0.46508800983428955,0.7685864567756653,0.47322988510131836,0.7573148012161255,0.46508800983428955,0.7685864567756653,3.0111236572265625,2.948944091796875
4636.0,0.4792385995388031,0.7714102268218994,0.4822149872779846,0.7657415270805359,0.4792385995388031,0.7714102268218994,3.0218658447265625,2.9507598876953125
4640.0,0.49563923478126526,0.7765373587608337,0.4983493387699127,0.7643382549285889,0.49563923478126526,0.7765373587608337,2.999420166015625,2.9625701904296875
4644.0,0.5141441226005554,0.767970621585846,0.5139736533164978,0.7640547752380371,0.5141441226005554,0.767970621585846,3.0420989990234375,2.96331787109375
4648.0,0.5332538485527039,0.7682287693023682,0.5366484522819519,0.7654895186424255,0.5332538485527039,0.7682287693023682,3.04241943359375,2.93707275390625
4652.0,0.5436751246452332,0.7572817206382751,0.5546925663948059,0.7696154117584229,0.5436751246452332,0.7572817206382751,3.06341552734375,2.9238739013671875
4656.0,0.5547271370887756,0.7570403814315796,0.5697529911994934,0.7729550004005432,0.5547271370887756,0.7570403814315796,3.0660247802734375,2.9073944091796875
4660.0,0.5561297535896301,0.7604058384895325,0.5695222616195679,0.7762349843978882,0.5561297535896301,0.7604058384895325,3.0806884765625,2.920654296875
4664.0,0.5537546277046204,0.7581630945205688,0.5711854100227356,0.7680917978286743,0.5537546277046204,0.7581630945205688,3.0503387451171875,2.9108734130859375
4668.0,0.550204873085022,0.755905032157898,0.5550791025161743,0.7670183777809143,0.550204873085022,0.755905032157898,3.066650390625,2.913055419921875
4672.0,0.5483399033546448,0.7512767314910889,0.5583239793777466,0.7633072137832642,0.5483399033546448,0.7512767314910889,3.067779541015625,2.8978271484375
4676.0,0.5485666990280151,0.7600432634353638,0.5585668683052063,0.7620874643325806,0.5485666990280151,0.7600432634353638,3.0645751953125,2.92059326171875
4680.0,0.5463826656341553,0.754510223865509,0.5576221942901611,0.7698439359664917,0.5463826656341553,0.754510223865509,3.0631103515625,2.89813232421875
4684.0,0.5483812689781189,0.7616524696350098,0.5596452951431274,0.7662975788116455,0.5483812689781189,0.7616524696350098,3.0545501708984375,2.91912841796875
4688.0,0.5501489043235779,0.7492645978927612,0.5591877102851868,0.7659363746643066,0.5501489043235779,0.7492645978927612,3.042999267578125,2.8895263671875
4692.0,0.5491207242012024,0.7568599581718445,0.5580316185951233,0.7642183899879456,0.5491207242012024,0.7568599581718445,3.0526275634765625,2.8900299072265625
4696.0,0.5531768202781677,0.7528496384620667,0.5539447665214539,0.7629621028900146,0.5531768202781677,0.7528496384620667,3.040557861328125,2.897796630859375
4700.0,0.5527073740959167,0.751089870929718,0.5593553781509399,0.7632501125335693,0.5527073740959167,0.751089870929718,3.05987548828125,2.890960693359375
4704.0,0.5505452156066895,0.7577853202819824,0.5570009350776672,0.7634695768356323,0.5505452156066895,0.7577853202819824,3.05499267578125,2.9123992919921875
4708.0,0.5541956424713135,0.7610211372375488,0.5587795972824097,0.7682440280914307,0.5541956424713135,0.7610211372375488,3.0367889404296875,2.91558837890625
4712.0,0.5516711473464966,0.758496105670929,0.5576640963554382,0.7637405395507812,0.5516711473464966,0.758496105670929,3.030181884765625,2.8994293212890625
4716.0,0.5551853179931641,0.7579235434532166,0.5600087642669678,0.7649540305137634,0.5551853179931641,0.7579235434532166,3.03143310546875,2.9015960693359375
4720.0,0.5530776381492615,0.7565759420394897,0.5597249865531921,0.7678457498550415,0.5530776381492615,0.7565759420394897,3.0278167724609375,2.904144287109375
4724.0,0.5529820919036865,0.7534551620483398,0.558506429195404,0.7669371366500854,0.5529820919036865,0.7534551620483398,3.0362701416015625,2.8911590576171875
4728.0,0.5548470616340637,0.7561994194984436,0.562667965888977,0.7675605416297913,0.5548470616340637,0.7561994194984436,3.0405731201171875,2.880828857421875
4732.0,0.5525573492050171,0.7601284384727478,0.5648828744888306,0.7679368257522583,0.5525573492050171,0.7601284384727478,3.0380401611328125,2.892333984375
4736.0,0.5507198572158813,0.7663954496383667,0.5596691370010376,0.7704697251319885,0.5507198572158813,0.7663954496383667,3.0501556396484375,2.9165496826171875
4740.0,0.552580714225769,0.7607232332229614,0.5627012848854065,0.7749082446098328,0.552580714225769,0.7607232332229614,3.0511474609375,2.8885040283203125
4744.0,0.5516551733016968,0.7570445537567139,0.56306391954422,0.7695992588996887,0.5516551733016968,0.7570445537567139,3.007537841796875,2.8957977294921875
4748.0,0.5512340664863586,0.7562394142150879,0.562096893787384,0.7705644965171814,0.5512340664863586,0.7562394142150879,3.0429534912109375,2.8870086669921875
4752.0,0.5522744059562683,0.7606544494628906,0.5637181997299194,0.7652385234832764,0.5522744059562683,0.7606544494628906,3.0115203857421875,2.9084014892578125
4756.0,0.5509219765663147,0.7585271000862122,0.5609506368637085,0.7658965587615967,0.5509219765663147,0.7585271000862122,3.0283355712890625,2.8895721435546875
4760.0,0.5489684343338013,0.7554107308387756,0.5590595006942749,0.7673239707946777,0.5489684343338013,0.7554107308387756,3.032562255859375,2.906494140625
4764.0,0.5534014701843262,0.7572272419929504,0.5606147646903992,0.7670899629592896,0.5534014701843262,0.7572272419929504,3.0131988525390625,2.895111083984375
4768.0,0.5526785254478455,0.7558788061141968,0.559117317199707,0.7627589702606201,0.5526785254478455,0.7558788061141968,3.014617919921875,2.8802947998046875
4772.0,0.5530954599380493,0.7514820098876953,0.5591201186180115,0.7691980004310608,0.5530954599380493,0.7514820098876953,3.0016021728515625,2.8746185302734375
4776.0,0.5526304244995117,0.7629209160804749,0.56120765209198,0.7652037739753723,0.5526304244995117,0.7629209160804749,3.0182037353515625,2.880157470703125
4780.0,0.5521264672279358,0.7577453255653381,0.5643467307090759,0.7703268527984619,0.5521264672279358,0.7577453255653381,3.02117919921875,2.8733062744140625
4784.0,0.5511046648025513,0.7645677328109741,0.5613799095153809,0.7696767449378967,0.5511046648025513,0.7645677328109741,3.00531005859375,2.890380859375
4788.0,0.5542786717414856,0.755915641784668,0.5596356987953186,0.7561476826667786,0.5542786717414856,0.755915641784668,3.005584716796875,2.8720245361328125
4792.0,0.5533662438392639,0.7570456266403198,0.5638390183448792,0.7709659337997437,0.5533662438392639,0.7570456266403198,3.020263671875,2.87530517578125
4796.0,0.5518162250518799,0.7622156143188477,0.5574355125427246,0.769962728023529,0.5518162250518799,0.7622156143188477,3.017791748046875,2.89453125
4800.0,0.5479207634925842,0.760284960269928,0.5578209161758423,0.7676215171813965,0.5479207634925842,0.760284960269928,3.0039825439453125,2.9123992919921875
4804.0,0.5524398684501648,0.7527424693107605,0.5587731599807739,0.7607811093330383,0.5524398684501648,0.7527424693107605,3.010650634765625,2.870269775390625
4808.0,0.5554547905921936,0.754743754863739,0.5615078210830688,0.7701275944709778,0.5554547905921936,0.754743754863739,3.018585205078125,2.8760833740234375
4812.0,0.5519220232963562,0.7594805955886841,0.5588840246200562,0.7693879008293152,0.5519220232963562,0.7594805955886841,2.9915618896484375,2.8816375732421875
4816.0,0.5508496761322021,0.7564533948898315,0.561127245426178,0.7680980563163757,0.5508496761322021,0.7564533948898315,3.0163421630859375,2.8865966796875
4820.0,0.5534974932670593,0.7542228102684021,0.5575305819511414,0.7561243772506714,0.5534974932670593,0.7542228102684021,2.9749298095703125,2.8687744140625
4824.0,0.5529933571815491,0.7627334594726562,0.5616384148597717,0.7651862502098083,0.5529933571815491,0.7627334594726562,3.0150146484375,2.8597564697265625
4828.0,0.5546427369117737,0.752081036567688,0.5594838857650757,0.7638571262359619,0.5546427369117737,0.752081036567688,2.9954681396484375,2.8669586181640625
4832.0,0.5559109449386597,0.7542574405670166,0.5614456534385681,0.7563838958740234,0.5559109449386597,0.7542574405670166,2.9938201904296875,2.8694915771484375
4836.0,0.5547118186950684,0.7597942352294922,0.5636078119277954,0.7601138949394226,0.5547118186950684,0.7597942352294922,2.9858551025390625,2.8776092529296875
4840.0,0.5560032725334167,0.7605741024017334,0.5632922649383545,0.7632303833961487,0.5560032725334167,0.7605741024017334,3.0034027099609375,2.8691558837890625
4844.0,0.5541621446609497,0.7588238716125488,0.5661278367042542,0.7671149969100952,0.5541621446609497,0.7588238716125488,3.0118865966796875,2.8806915283203125
4848.0,0.5570637583732605,0.7473602890968323,0.5610898733139038,0.765364944934845,0.5570637583732605,0.7473602890968323,3.0144500732421875,2.8288116455078125
4852.0,0.5560716390609741,0.7558662295341492,0.5594222545623779,0.7618929743766785,0.5560716390609741,0.7558662295341492,2.977264404296875,2.8550262451171875
4856.0,0.5578920245170593,0.7594662308692932,0.5633307695388794,0.7598885297775269,0.5578920245170593,0.7594662308692932,2.992645263671875,2.8738250732421875
4860.0,0.5533316731452942,0.7645581960678101,0.5594325065612793,0.7562547326087952,0.5533316731452942,0.7645581960678101,2.9957275390625,2.8692626953125
4864.0,0.5590012669563293,0.7529074549674988,0.5598077774047852,0.7651323080062866,0.5590012669563293,0.7529074549674988,2.98980712890625,2.85479736328125
4868.0,0.5536098480224609,0.7529707551002502,0.5624287128448486,0.7645443677902222,0.5536098480224609,0.7529707551002502,2.9860687255859375,2.8472900390625
4872.0,0.5542798638343811,0.753646969795227,0.5658864974975586,0.7717794179916382,0.5542798638343811,0.753646969795227,3.0159149169921875,2.8546905517578125
4876.0,0.5552465319633484,0.7482588291168213,0.5607383251190186,0.7637239694595337,0.5552465319633484,0.7482588291168213,3.0019989013671875,2.844512939453125
4880.0,0.5530769228935242,0.7560725212097168,0.5611473917961121,0.7696632146835327,0.5530769228935242,0.7560725212097168,3.0035247802734375,2.8763580322265625
4884.0,0.5599218010902405,0.7537451386451721,0.5652623772621155,0.7702701687812805,0.5599218010902405,0.7537451386451721,2.98773193359375,2.85675048828125
4888.0,0.5650089979171753,0.7559859752655029,0.5725105404853821,0.7559779286384583,0.5650089979171753,0.7559859752655029,3.001800537109375,2.8704071044921875
4892.0,0.58317631483078,0.7683160901069641,0.5877798199653625,0.7639224529266357,0.58317631483078,0.7683160901069641,3.00762939453125,2.880035400390625
4896.0,0.5834011435508728,0.7615315914154053,0.5907565951347351,0.7642766237258911,0.5834011435508728,0.7615315914154053,3.00799560546875,2.8739471435546875
4900.0,0.5839323401451111,0.7540543079376221,0.5933135747909546,0.7704902291297913,0.5839323401451111,0.7540543079376221,3.006683349609375,2.8396453857421875
4904.0,0.5747582316398621,0.7605201601982117,0.5834885835647583,0.7623787522315979,0.5747582316398621,0.7605201601982117,3.0053558349609375,2.8643646240234375
4908.0,0.574146568775177,0.7572330832481384,0.581365168094635,0.7640606760978699,0.574146568775177,0.7572330832481384,3.005523681640625,2.871124267578125
4912.0,0.577217161655426,0.7573182582855225,0.5809325575828552,0.7612892389297485,0.577217161655426,0.7573182582855225,3.0083465576171875,2.861602783203125
4916.0,0.5737229585647583,0.7587688565254211,0.583575963973999,0.7624724507331848,0.5737229585647583,0.7587688565254211,3.01116943359375,2.8524169921875
4920.0,0.5756231546401978,0.7574061751365662,0.5825081467628479,0.7552298307418823,0.5756231546401978,0.7574061751365662,2.9976043701171875,2.869598388671875
4924.0,0.5755869746208191,0.7578366994857788,0.5804744958877563,0.7702480554580688,0.5755869746208191,0.7578366994857788,3.0088043212890625,2.851318359375
4928.0,0.5720170736312866,0.7676061391830444,0.5811598896980286,0.7656887769699097,0.5720170736312866,0.7676061391830444,2.9973907470703125,2.8819427490234375
4932.0,0.5729847550392151,0.7557423114776611,0.5813761353492737,0.7594143152236938,0.5729847550392151,0.7557423114776611,2.960296630859375,2.8439178466796875
4936.0,0.5687485337257385,0.7587946057319641,0.5782047510147095,0.7656818628311157,0.5687485337257385,0.7587946057319641,2.9836273193359375,2.8661651611328125
4940.0,0.5785778164863586,0.7597681283950806,0.5836228728294373,0.7696576714515686,0.5785778164863586,0.7597681283950806,3.0086212158203125,2.8571319580078125
4944.0,0.570063054561615,0.7588278651237488,0.5799902081489563,0.7650920748710632,0.570063054561615,0.7588278651237488,2.9976654052734375,2.877471923828125
4948.0,0.5746898651123047,0.7568330764770508,0.5792054533958435,0.769329845905304,0.5746898651123047,0.7568330764770508,3.03546142578125,2.859100341796875
4952.0,0.574621856212616,0.7560795545578003,0.5835468769073486,0.7741968035697937,0.574621856212616,0.7560795545578003,2.98944091796875,2.8716888427734375
4956.0,0.574503481388092,0.758640468120575,0.5816183686256409,0.7663565874099731,0.574503481388092,0.758640468120575,2.97979736328125,2.8618621826171875
4960.0,0.5720570683479309,0.765131413936615,0.5823720097541809,0.7568114399909973,0.5720570683479309,0.765131413936615,3.00201416015625,2.86627197265625
4964.0,0.5767202973365784,0.7527116537094116,0.580886960029602,0.7547235488891602,0.5767202973365784,0.7527116537094116,2.9766845703125,2.8504180908203125
4968.0,0.5708906054496765,0.7575997114181519,0.5815078616142273,0.7630970478057861,0.5708906054496765,0.7575997114181519,2.9976806640625,2.85943603515625
4972.0,0.5769023895263672,0.7613909244537354,0.580720841884613,0.7643342614173889,0.5769023895263672,0.7613909244537354,3.0028533935546875,2.883697509765625
4976.0,0.5732752084732056,0.7581814527511597,0.578151524066925,0.7675523161888123,0.5732752084732056,0.7581814527511597,3.0062713623046875,2.85784912109375
4980.0,0.5762483477592468,0.7540897727012634,0.5811472535133362,0.7618749141693115,0.5762483477592468,0.7540897727012634,2.994964599609375,2.8475799560546875
4984.0,0.5783936381340027,0.7591014504432678,0.5809639096260071,0.7667915225028992,0.5783936381340027,0.7591014504432678,3.003021240234375,2.8592987060546875
4988.0,0.5724153518676758,0.7591607570648193,0.5784384608268738,0.7640857696533203,0.5724153518676758,0.7591607570648193,3.0036468505859375,2.85882568359375
4992.0,0.5735976099967957,0.7517050504684448,0.5809258818626404,0.7582720518112183,0.5735976099967957,0.7517050504684448,2.9781341552734375,2.8609466552734375
4996.0,0.5757948756217957,0.7544770836830139,0.5809077024459839,0.7552187442779541,0.5757948756217957,0.7544770836830139,2.98114013671875,2.8445892333984375
5000.0,0.5694332718849182,0.757366418838501,0.5835335850715637,0.7578976154327393,0.5694332718849182,0.757366418838501,2.9825592041015625,2.85650634765625
5004.0,0.5767416954040527,0.7541391849517822,0.5809433460235596,0.7618499398231506,0.5767416954040527,0.7541391849517822,2.996734619140625,2.854583740234375
5008.0,0.5728830695152283,0.7632320523262024,0.5850868225097656,0.7725232243537903,0.5728830695152283,0.7632320523262024,2.99371337890625,2.8692474365234375
5012.0,0.5763832330703735,0.759222149848938,0.5856608152389526,0.773003339767456,0.5763832330703735,0.759222149848938,3.01092529296875,2.857330322265625
5016.0,0.5758872628211975,0.7581515312194824,0.5831289291381836,0.7639455199241638,0.5758872628211975,0.7581515312194824,3.0008392333984375,2.87786865234375
5020.0,0.5704594254493713,0.7565202713012695,0.5804012417793274,0.7693763971328735,0.5704594254493713,0.7565202713012695,2.9875640869140625,2.866790771484375
5024.0,0.5746874809265137,0.7553750276565552,0.5869938731193542,0.7678917646408081,0.5746874809265137,0.7553750276565552,3.0243988037109375,2.8473052978515625
5028.0,0.5722640156745911,0.7563641667366028,0.5837752223014832,0.7584623098373413,0.5722640156745911,0.7563641667366028,2.998321533203125,2.861907958984375
5032.0,0.5755201578140259,0.7522140145301819,0.5838302969932556,0.7584550976753235,0.5755201578140259,0.7522140145301819,2.9819793701171875,2.8513641357421875
5036.0,0.5740035772323608,0.7516123056411743,0.5808119177818298,0.7574594020843506,0.5740035772323608,0.7516123056411743,2.997650146484375,2.8634185791015625
5040.0,0.5764123201370239,0.7555661797523499,0.5810086131095886,0.7627023458480835,0.5764123201370239,0.7555661797523499,2.9970245361328125,2.8872528076171875
5044.0,0.5730099678039551,0.7575823068618774,0.5870656967163086,0.7576115727424622,0.5730099678039551,0.7575823068618774,2.9566192626953125,2.874267578125
5048.0,0.5728210806846619,0.7538022994995117,0.578654408454895,0.7560673356056213,0.5728210806846619,0.7538022994995117,2.9940948486328125,2.8465728759765625
5052.0,0.5730677247047424,0.7575272917747498,0.580829918384552,0.7581993937492371,0.5730677247047424,0.7575272917747498,2.970489501953125,2.867828369140625
5056.0,0.5710171461105347,0.7542803287506104,0.5828052163124084,0.7670513987541199,0.5710171461105347,0.7542803287506104,2.9957122802734375,2.8816986083984375
5060.0,0.576130747795105,0.7580564022064209,0.5840225219726562,0.761699378490448,0.576130747795105,0.7580564022064209,2.96856689453125,2.8528900146484375
5064.0,0.5752606391906738,0.7521885633468628,0.5814793109893799,0.7663847208023071,0.5752606391906738,0.7521885633468628,2.972625732421875,2.8464202880859375
5068.0,0.5767161846160889,0.7511578798294067,0.5790178179740906,0.7649399042129517,0.5767161846160889,0.7511578798294067,2.96893310546875,2.852508544921875
5072.0,0.5738840103149414,0.7509357333183289,0.5784769654273987,0.7632793188095093,0.5738840103149414,0.7509357333183289,2.979278564453125,2.859893798828125
5076.0,0.5754624605178833,0.747494101524353,0.5828185677528381,0.7666399478912354,0.5754624605178833,0.747494101524353,2.9740753173828125,2.8638153076171875
5080.0,0.5753790736198425,0.751770555973053,0.5835369825363159,0.7673426866531372,0.5753790736198425,0.751770555973053,2.99371337890625,2.85321044921875
5084.0,0.5753279328346252,0.7545501589775085,0.5831422209739685,0.7629637122154236,0.5753279328346252,0.7545501589775085,2.973052978515625,2.8618927001953125
5088.0,0.5767780542373657,0.7539010643959045,0.5778419971466064,0.7644234299659729,0.5767780542373657,0.7539010643959045,2.985107421875,2.8643951416015625
5092.0,0.5731703042984009,0.7564963102340698,0.5837686061859131,0.7581374645233154,0.5731703042984009,0.7564963102340698,2.9630889892578125,2.869781494140625
5096.0,0.5772489309310913,0.7556667923927307,0.5774058103561401,0.7658593058586121,0.5772489309310913,0.7556667923927307,2.9758148193359375,2.849578857421875
5100.0,0.5771085023880005,0.7624239325523376,0.580167829990387,0.7654129266738892,0.5771085023880005,0.7624239325523376,3.0017242431640625,2.8834228515625
5104.0,0.5828747749328613,0.7566354274749756,0.5795286297798157,0.7726783156394958,0.5828747749328613,0.7566354274749756,2.9865875244140625,2.8567962646484375
5108.0,0.5780492424964905,0.7583364844322205,0.5795523524284363,0.7664027810096741,0.5780492424964905,0.7583364844322205,2.97735595703125,2.850311279296875
5112.0,0.5808262228965759,0.762847363948822,0.5788702368736267,0.7661393284797668,0.5808262228965759,0.762847363948822,2.99261474609375,2.8707733154296875
5116.0,0.5804786086082458,0.7583065629005432,0.5793653726577759,0.7704668045043945,0.5804786086082458,0.7583065629005432,3.0097808837890625,2.856048583984375
5120.0,0.5792155265808105,0.7632254362106323,0.5808166861534119,0.7615647912025452,0.5792155265808105,0.7632254362106323,2.982421875,2.8592681884765625
5124.0,0.5755366683006287,0.757429838180542,0.5824456810951233,0.7684282064437866,0.5755366683006287,0.757429838180542,2.999755859375,2.8657073974609375
5128.0,0.5774229168891907,0.7623811960220337,0.5837388634681702,0.7648377418518066,0.5774229168891907,0.7623811960220337,2.98040771484375,2.8703765869140625
5132.0,0.5779937505722046,0.7628874182701111,0.5811235904693604,0.7640030384063721,0.5779937505722046,0.7628874182701111,2.99017333984375,2.879608154296875
5136.0,0.576115608215332,0.7520496845245361,0.5814481377601624,0.7599931359291077,0.576115608215332,0.7520496845245361,2.9748992919921875,2.8421478271484375
5140.0,0.5757266283035278,0.7534028887748718,0.5864791870117188,0.7672643661499023,0.5757266283035278,0.7534028887748718,2.9852294921875,2.84600830078125
5144.0,0.5728994011878967,0.7593238353729248,0.5833444595336914,0.7622890472412109,0.5728994011878967,0.7593238353729248,2.973297119140625,2.8669891357421875
5148.0,0.5720000267028809,0.7542101740837097,0.5844821929931641,0.7595723867416382,0.5720000267028809,0.7542101740837097,2.9648590087890625,2.8643798828125
5152.0,0.5770014524459839,0.7605562210083008,0.5795827507972717,0.7654001116752625,0.5770014524459839,0.7605562210083008,2.9767608642578125,2.8585357666015625
5156.0,0.572396457195282,0.7659932971000671,0.5860573649406433,0.7732008099555969,0.572396457195282,0.7659932971000671,3.0091705322265625,2.8579254150390625
5160.0,0.5742436051368713,0.7594413161277771,0.5839137434959412,0.7616032958030701,0.5742436051368713,0.7594413161277771,2.9660186767578125,2.8629913330078125
5164.0,0.5743774175643921,0.7522596120834351,0.581360399723053,0.7612706422805786,0.5743774175643921,0.7522596120834351,2.9782257080078125,2.8510894775390625
5168.0,0.5750473141670227,0.7603815793991089,0.5804905295372009,0.7664370536804199,0.5750473141670227,0.7603815793991089,2.9785919189453125,2.8734283447265625
5172.0,0.5781582593917847,0.7449964284896851,0.5777265429496765,0.7679247856140137,0.5781582593917847,0.7449964284896851,2.9626922607421875,2.857421875
5176.0,0.5760248899459839,0.7559819221496582,0.5743463039398193,0.7622256875038147,0.5760248899459839,0.7559819221496582,2.9570159912109375,2.8597259521484375
5180.0,0.5660936236381531,0.7544609904289246,0.5675734281539917,0.7669023275375366,0.5660936236381531,0.7544609904289246,2.97357177734375,2.856689453125
5184.0,0.5597637891769409,0.7632690668106079,0.5627037286758423,0.7756441235542297,0.5597637891769409,0.7632690668106079,2.98016357421875,2.871429443359375
5188.0,0.5602537393569946,0.7630051970481873,0.5625205039978027,0.7649232149124146,0.5602537393569946,0.7630051970481873,2.9469451904296875,2.860626220703125
5192.0,0.5619661211967468,0.7707467675209045,0.564730703830719,0.7685251235961914,0.5619661211967468,0.7707467675209045,2.9772491455078125,2.870269775390625
5196.0,0.5626594424247742,0.7654082775115967,0.570456862449646,0.7732765078544617,0.5626594424247742,0.7654082775115967,2.9707794189453125,2.87860107421875
5200.0,0.5620110630989075,0.7550917863845825,0.568971574306488,0.769513726234436,0.5620110630989075,0.7550917863845825,2.9612884521484375,2.84722900390625
5204.0,0.5633960366249084,0.7636880278587341,0.5684303641319275,0.7734338045120239,0.5633960366249084,0.7636880278587341,2.96051025390625,2.857818603515625
5208.0,0.5610732436180115,0.7576315999031067,0.5719491839408875,0.7677882313728333,0.5610732436180115,0.7576315999031067,2.9498291015625,2.8453369140625
5212.0,0.561211347579956,0.7632383704185486,0.5646746754646301,0.7681671977043152,0.561211347579956,0.7632383704185486,2.9689483642578125,2.8472137451171875
5216.0,0.5630801320075989,0.7584016919136047,0.5708594918251038,0.7596657276153564,0.5630801320075989,0.7584016919136047,2.933685302734375,2.85858154296875
5220.0,0.5610771179199219,0.770456850528717,0.5654811859130859,0.7607055306434631,0.5610771179199219,0.770456850528717,2.9457550048828125,2.90130615234375
5224.0,0.5604194402694702,0.7669574618339539,0.5670823454856873,0.7603863477706909,0.5604194402694702,0.7669574618339539,2.9571075439453125,2.862335205078125
5228.0,0.5599046349525452,0.7570797801017761,0.5676613450050354,0.7710173726081848,0.5599046349525452,0.7570797801017761,2.9624481201171875,2.852996826171875
5232.0,0.5634472370147705,0.7624507546424866,0.561778724193573,0.763676106929779,0.5634472370147705,0.7624507546424866,2.95361328125,2.8582305908203125
5236.0,0.5592252016067505,0.757100522518158,0.5666748881340027,0.7659658193588257,0.5592252016067505,0.757100522518158,2.9495697021484375,2.847412109375
5240.0,0.5606307983398438,0.7647671103477478,0.5661634802818298,0.7713655829429626,0.5606307983398438,0.7647671103477478,2.961761474609375,2.8671417236328125
5244.0,0.564867377281189,0.7608593106269836,0.5670307874679565,0.7701528668403625,0.564867377281189,0.7608593106269836,2.9661865234375,2.853057861328125
5248.0,0.5602371096611023,0.7572635412216187,0.5641874670982361,0.7685924768447876,0.5602371096611023,0.7572635412216187,2.9708709716796875,2.83935546875
5252.0,0.5592624545097351,0.758327305316925,0.5661947131156921,0.7646970748901367,0.5592624545097351,0.758327305316925,2.9478302001953125,2.865386962890625
5256.0,0.5629910826683044,0.7610393762588501,0.5678746104240417,0.769941508769989,0.5629910826683044,0.7610393762588501,2.9524078369140625,2.84564208984375
5260.0,0.5631338357925415,0.7571278214454651,0.5636568665504456,0.7695966958999634,0.5631338357925415,0.7571278214454651,2.962646484375,2.8577880859375
5264.0,0.5628570318222046,0.7582003474235535,0.5665934085845947,0.7681923508644104,0.5628570318222046,0.7582003474235535,2.95361328125,2.84539794921875
5268.0,0.5629191994667053,0.7546602487564087,0.5638495087623596,0.7696694135665894,0.5629191994667053,0.7546602487564087,2.9574737548828125,2.846466064453125
5272.0,0.5611324906349182,0.7567282915115356,0.5636700391769409,0.7682928442955017,0.5611324906349182,0.7567282915115356,2.9474639892578125,2.8624725341796875
5276.0,0.5646498203277588,0.759087085723877,0.5649996399879456,0.7690762877464294,0.5646498203277588,0.759087085723877,2.9541473388671875,2.8583984375
5280.0,0.5667906999588013,0.757433295249939,0.5651278495788574,0.7699450254440308,0.5667906999588013,0.757433295249939,2.9549560546875,2.836151123046875
5284.0,0.565298855304718,0.7558342814445496,0.5677534937858582,0.768739640712738,0.565298855304718,0.7558342814445496,2.9607391357421875,2.850921630859375
5288.0,0.5654509663581848,0.7628287076950073,0.5690158009529114,0.7660034894943237,0.5654509663581848,0.7628287076950073,2.9351043701171875,2.848358154296875
5292.0,0.5630291700363159,0.7571485042572021,0.5665889978408813,0.7670436501502991,0.5630291700363159,0.7571485042572021,2.94146728515625,2.8448944091796875
5296.0,0.5653560757637024,0.7657184600830078,0.5678557753562927,0.7682924270629883,0.5653560757637024,0.7657184600830078,2.9451904296875,2.8387603759765625
5300.0,0.5629774928092957,0.7621344327926636,0.5646939277648926,0.7625911235809326,0.5629774928092957,0.7621344327926636,2.94659423828125,2.852264404296875
5304.0,0.5678195953369141,0.7585796117782593,0.5710217356681824,0.7622644901275635,0.5678195953369141,0.7585796117782593,2.9422607421875,2.838226318359375
5308.0,0.5622085332870483,0.7658053636550903,0.5636519193649292,0.7766291499137878,0.5622085332870483,0.7658053636550903,2.988983154296875,2.8543243408203125
5312.0,0.5650439858436584,0.7583698630332947,0.5664982199668884,0.775157630443573,0.5650439858436584,0.7583698630332947,2.971038818359375,2.839324951171875
5316.0,0.5644403100013733,0.7638137936592102,0.56623774766922,0.7642782926559448,0.5644403100013733,0.7638137936592102,2.9293212890625,2.84051513671875
5320.0,0.5660439133644104,0.7600377202033997,0.5705693960189819,0.7774825692176819,0.5660439133644104,0.7600377202033997,2.974456787109375,2.8446044921875
5324.0,0.5644875168800354,0.7672210931777954,0.5647115707397461,0.7695918083190918,0.5644875168800354,0.7672210931777954,2.9455413818359375,2.8690643310546875
5328.0,0.5619784593582153,0.7612573504447937,0.5683639049530029,0.7670561075210571,0.5619784593582153,0.7612573504447937,2.9449310302734375,2.8492584228515625
5332.0,0.5638704895973206,0.7633697390556335,0.5632480978965759,0.7617201209068298,0.5638704895973206,0.7633697390556335,2.9621124267578125,2.844482421875
5336.0,0.5642112493515015,0.756191074848175,0.5653126835823059,0.7657465934753418,0.5642112493515015,0.756191074848175,2.9376068115234375,2.8484344482421875
5340.0,0.5628330111503601,0.7533630132675171,0.562586784362793,0.7663023471832275,0.5628330111503601,0.7533630132675171,2.9368743896484375,2.83441162109375
5344.0,0.563263475894928,0.7529152631759644,0.5665788054466248,0.7670102119445801,0.563263475894928,0.7529152631759644,2.942962646484375,2.8372650146484375
5348.0,0.5622965693473816,0.760606050491333,0.567579984664917,0.7618931531906128,0.5622965693473816,0.760606050491333,2.9560089111328125,2.8568878173828125
5352.0,0.5702903866767883,0.7571950554847717,0.5704928636550903,0.7710195183753967,0.5702903866767883,0.7571950554847717,2.9463348388671875,2.837493896484375
5356.0,0.5889344215393066,0.7638819217681885,0.5815576314926147,0.7707434296607971,0.5889344215393066,0.7638819217681885,2.973724365234375,2.8692169189453125
5360.0,0.6066386103630066,0.7727493643760681,0.6073579788208008,0.7765536308288574,0.6066386103630066,0.7727493643760681,2.9734954833984375,2.8677978515625
5364.0,0.6182458996772766,0.7719616293907166,0.6269954442977905,0.7796374559402466,0.6182458996772766,0.7719616293907166,2.991668701171875,2.876922607421875
5368.0,0.6365694999694824,0.7610855102539062,0.6352314949035645,0.778892457485199,0.6365694999694824,0.7610855102539062,2.9830474853515625,2.8627166748046875
5372.0,0.6378911137580872,0.7635099291801453,0.6380627751350403,0.7762302160263062,0.6378911137580872,0.7635099291801453,2.97259521484375,2.835968017578125
5376.0,0.6304139494895935,0.757082998752594,0.6337776184082031,0.7795825600624084,0.6304139494895935,0.757082998752594,2.9619293212890625,2.8371124267578125
5380.0,0.6202510595321655,0.7581048607826233,0.6294238567352295,0.7741729617118835,0.6202510595321655,0.7581048607826233,2.9742584228515625,2.8448638916015625
5384.0,0.6242217421531677,0.7631663084030151,0.6240764856338501,0.7663114070892334,0.6242217421531677,0.7631663084030151,2.9656524658203125,2.8611907958984375
5388.0,0.6244058012962341,0.7570211887359619,0.6249812841415405,0.765129029750824,0.6244058012962341,0.7570211887359619,2.9857025146484375,2.8323516845703125
5392.0,0.6212431788444519,0.769105076789856,0.6237258315086365,0.7670361995697021,0.6212431788444519,0.769105076789856,2.971435546875,2.867523193359375
5396.0,0.6241704225540161,0.7645976543426514,0.6277577877044678,0.7707443237304688,0.6241704225540161,0.7645976543426514,2.962005615234375,2.8591766357421875
5400.0,0.6289429068565369,0.7627678513526917,0.6300755739212036,0.7691120505332947,0.6289429068565369,0.7627678513526917,2.962860107421875,2.85748291015625
5404.0,0.624319314956665,0.7641692161560059,0.6284958720207214,0.7783379554748535,0.624319314956665,0.7641692161560059,2.975921630859375,2.8633880615234375
5408.0,0.6225515604019165,0.757499635219574,0.6315958499908447,0.7686906456947327,0.6225515604019165,0.757499635219574,2.9669952392578125,2.82647705078125
5412.0,0.6268768310546875,0.7609023451805115,0.6318212151527405,0.7770437002182007,0.6268768310546875,0.7609023451805115,2.967376708984375,2.854034423828125
5416.0,0.6281923055648804,0.7655858397483826,0.6297279596328735,0.7784203290939331,0.6281923055648804,0.7655858397483826,2.9943695068359375,2.8727874755859375
5420.0,0.6253840923309326,0.7618287801742554,0.6293113231658936,0.7767642140388489,0.6253840923309326,0.7618287801742554,2.9838714599609375,2.834869384765625
5424.0,0.6248059272766113,0.7682663202285767,0.631919801235199,0.770748496055603,0.6248059272766113,0.7682663202285767,2.983184814453125,2.8582763671875
5428.0,0.6265591382980347,0.7661166191101074,0.6297275424003601,0.7732139229774475,0.6265591382980347,0.7661166191101074,2.973846435546875,2.8730621337890625
5432.0,0.6279839873313904,0.7593645453453064,0.6280472874641418,0.7749136090278625,0.6279839873313904,0.7593645453453064,2.97845458984375,2.829010009765625
5436.0,0.6234644651412964,0.7634735703468323,0.6342061161994934,0.7735215425491333,0.6234644651412964,0.7634735703468323,2.979644775390625,2.835479736328125
5440.0,0.6223880052566528,0.7529464960098267,0.6303992867469788,0.7777161598205566,0.6223880052566528,0.7529464960098267,3.0026092529296875,2.8303070068359375
5444.0,0.6245294809341431,0.7619612812995911,0.6296433806419373,0.7781873345375061,0.6245294809341431,0.7619612812995911,2.978912353515625,2.8315582275390625
5448.0,0.6269676685333252,0.7613515257835388,0.631598949432373,0.7779021859169006,0.6269676685333252,0.7613515257835388,2.9796142578125,2.8514862060546875
5452.0,0.6247292757034302,0.7722963690757751,0.6306783556938171,0.7738849520683289,0.6247292757034302,0.7722963690757751,2.9762115478515625,2.8656463623046875
5456.0,0.6261195540428162,0.7666140794754028,0.633532702922821,0.775114893913269,0.6261195540428162,0.7666140794754028,2.96734619140625,2.847442626953125
5460.0,0.6267328262329102,0.7594088912010193,0.629339337348938,0.7852203845977783,0.6267328262329102,0.7594088912010193,2.9905853271484375,2.850311279296875
5464.0,0.6226562857627869,0.760696291923523,0.6324173212051392,0.7732135653495789,0.6226562857627869,0.760696291923523,2.9720001220703125,2.8408355712890625
5468.0,0.6267280578613281,0.7615823149681091,0.6311134099960327,0.7715805768966675,0.6267280578613281,0.7615823149681091,2.9816131591796875,2.8448028564453125
5472.0,0.6277127861976624,0.760877251625061,0.6337311863899231,0.7770954966545105,0.6277127861976624,0.760877251625061,2.9710540771484375,2.8503875732421875
5476.0,0.6274182200431824,0.7675581574440002,0.6293750405311584,0.7790047526359558,0.6274182200431824,0.7675581574440002,2.9922332763671875,2.860626220703125
5480.0,0.623312771320343,0.7648687362670898,0.630391001701355,0.7834217548370361,0.623312771320343,0.7648687362670898,2.9974365234375,2.845062255859375
5484.0,0.6227917671203613,0.7601006031036377,0.6303876042366028,0.7888291478157043,0.6227917671203613,0.7601006031036377,3.0041351318359375,2.8533477783203125
5488.0,0.6254698038101196,0.7565189003944397,0.6327999234199524,0.7698684930801392,0.6254698038101196,0.7565189003944397,2.9885711669921875,2.8465576171875
5492.0,0.6229026913642883,0.7587856650352478,0.6314154267311096,0.7697991132736206,0.6229026913642883,0.7587856650352478,2.981903076171875,2.8484344482421875
5496.0,0.6253039240837097,0.7655478715896606,0.6331596374511719,0.7763371467590332,0.6253039240837097,0.7655478715896606,2.99359130859375,2.8480224609375
5500.0,0.625798761844635,0.7666246294975281,0.6273233294487,0.7735802531242371,0.625798761844635,0.7666246294975281,2.993927001953125,2.85662841796875
5504.0,0.6307410001754761,0.7690370082855225,0.6267712712287903,0.777991771697998,0.6307410001754761,0.7690370082855225,2.9976348876953125,2.8455810546875
5508.0,0.6246033310890198,0.7644433975219727,0.6302124261856079,0.7802894115447998,0.6246033310890198,0.7644433975219727,2.973724365234375,2.842010498046875
5512.0,0.6231136322021484,0.767128050327301,0.6314412951469421,0.7710573673248291,0.6231136322021484,0.767128050327301,2.962493896484375,2.8675079345703125
5516.0,0.6249813437461853,0.7632710933685303,0.6321487426757812,0.7777284383773804,0.6249813437461853,0.7632710933685303,2.98834228515625,2.8317718505859375
5520.0,0.630398690700531,0.7654860019683838,0.6316215991973877,0.7763919830322266,0.630398690700531,0.7654860019683838,2.9862823486328125,2.8641815185546875
5524.0,0.628848671913147,0.7607294917106628,0.6306028366088867,0.7769165635108948,0.628848671913147,0.7607294917106628,3.009857177734375,2.84832763671875
5528.0,0.6256883144378662,0.7690519690513611,0.6312109231948853,0.7736066579818726,0.6256883144378662,0.7690519690513611,2.9878997802734375,2.864105224609375
5532.0,0.624914824962616,0.7658745050430298,0.6307839155197144,0.7827895879745483,0.624914824962616,0.7658745050430298,3.0162506103515625,2.860565185546875
5536.0,0.6264050602912903,0.768129825592041,0.6301798224449158,0.7722303867340088,0.6264050602912903,0.768129825592041,2.9949951171875,2.8631591796875
5540.0,0.6266652345657349,0.767179548740387,0.6317398548126221,0.7800431251525879,0.6266652345657349,0.767179548740387,2.9821624755859375,2.8575592041015625
5544.0,0.6246048808097839,0.7681701183319092,0.629773736000061,0.7751634120941162,0.6246048808097839,0.7681701183319092,2.9882354736328125,2.8662567138671875
5548.0,0.626973032951355,0.761550784111023,0.6269011497497559,0.7769139409065247,0.626973032951355,0.761550784111023,3.007080078125,2.856903076171875
5552.0,0.6233278512954712,0.7664039731025696,0.6287849545478821,0.7755870223045349,0.6233278512954712,0.7664039731025696,2.9905548095703125,2.8529052734375
5556.0,0.6232334971427917,0.761954128742218,0.6340445280075073,0.7785715460777283,0.6232334971427917,0.761954128742218,2.992279052734375,2.8578338623046875
5560.0,0.6260491609573364,0.768941342830658,0.6312607526779175,0.7754760384559631,0.6260491609573364,0.768941342830658,3.007049560546875,2.8486480712890625
5564.0,0.6230161190032959,0.7682043313980103,0.634012758731842,0.7763804793357849,0.6230161190032959,0.7682043313980103,2.9828948974609375,2.8599090576171875
5568.0,0.6253307461738586,0.7671576142311096,0.6318972110748291,0.7766789793968201,0.6253307461738586,0.7671576142311096,2.9911651611328125,2.847076416015625
5572.0,0.6207572221755981,0.7601721286773682,0.6291172504425049,0.7777109742164612,0.6207572221755981,0.7601721286773682,3.0037384033203125,2.8397979736328125
5576.0,0.6221811175346375,0.7701402306556702,0.6286294460296631,0.7817397117614746,0.6221811175346375,0.7701402306556702,3.0196990966796875,2.8577423095703125
5580.0,0.6229313611984253,0.7721406817436218,0.6327263712882996,0.7787145376205444,0.6229313611984253,0.7721406817436218,2.99432373046875,2.869537353515625
5584.0,0.6178566813468933,0.7725815773010254,0.6332367658615112,0.7679069638252258,0.6178566813468933,0.7725815773010254,2.99365234375,2.8721771240234375
5588.0,0.6218172907829285,0.7663267850875854,0.633729100227356,0.7795329093933105,0.6218172907829285,0.7663267850875854,3.005950927734375,2.8640899658203125
5592.0,0.6252257227897644,0.770876407623291,0.6306963562965393,0.774124026298523,0.6252257227897644,0.770876407623291,3.026092529296875,2.861572265625
5596.0,0.6221659779548645,0.7699376940727234,0.6344162821769714,0.779476523399353,0.6221659779548645,0.7699376940727234,3.0158538818359375,2.861236572265625
5600.0,0.6213710308074951,0.7677685618400574,0.6308626532554626,0.7769898772239685,0.6213710308074951,0.7677685618400574,3.00897216796875,2.8846435546875
5604.0,0.6249338388442993,0.7635891437530518,0.634465754032135,0.7722698450088501,0.6249338388442993,0.7635891437530518,2.999908447265625,2.8562164306640625
5608.0,0.6230204701423645,0.773435115814209,0.6291822195053101,0.7746531367301941,0.6230204701423645,0.773435115814209,3.0099334716796875,2.86395263671875
5612.0,0.6230382919311523,0.7648820877075195,0.6279933452606201,0.7755317687988281,0.6230382919311523,0.7648820877075195,3.0074920654296875,2.8472900390625
5616.0,0.6251800060272217,0.7632983922958374,0.6245308518409729,0.7793545722961426,0.6251800060272217,0.7632983922958374,3.0155792236328125,2.864013671875
5620.0,0.6256850957870483,0.7632458806037903,0.6286831498146057,0.7734346389770508,0.6256850957870483,0.7632458806037903,3.002593994140625,2.8550872802734375
5624.0,0.6258082985877991,0.7717940807342529,0.6278521418571472,0.7763368487358093,0.6258082985877991,0.7717940807342529,3.008758544921875,2.892578125
5628.0,0.6252291798591614,0.7603515982627869,0.6288216710090637,0.7821893692016602,0.6252291798591614,0.7603515982627869,3.0218505859375,2.863372802734375
5632.0,0.6258795261383057,0.7621086239814758,0.6276729702949524,0.7828830480575562,0.6258795261383057,0.7621086239814758,3.01739501953125,2.8623046875
5636.0,0.6270585656166077,0.758181631565094,0.6306900382041931,0.7806743383407593,0.6270585656166077,0.758181631565094,3.00445556640625,2.854217529296875
5640.0,0.6299015283584595,0.7703329920768738,0.63319993019104,0.7741415500640869,0.6299015283584595,0.7703329920768738,3.00347900390625,2.8810272216796875
5644.0,0.6254799365997314,0.7673805356025696,0.6300005316734314,0.7769854068756104,0.6254799365997314,0.7673805356025696,3.0147857666015625,2.863861083984375
5648.0,0.6301406621932983,0.7639255523681641,0.6347204446792603,0.7764339447021484,0.6301406621932983,0.7639255523681641,3.0068359375,2.8564300537109375
5652.0,0.6349334120750427,0.7721934914588928,0.6413371562957764,0.7762758731842041,0.6349334120750427,0.7721934914588928,3.0149688720703125,2.8865814208984375
5656.0,0.6524322628974915,0.7781081199645996,0.6654563546180725,0.7727027535438538,0.6524322628974915,0.7781081199645996,3.0112762451171875,2.89398193359375
5660.0,0.6648200154304504,0.7732088565826416,0.6754129528999329,0.7758141756057739,0.6648200154304504,0.7732088565826416,3.0230560302734375,2.8925018310546875
5664.0,0.675239086151123,0.7765743732452393,0.6822737455368042,0.7793311476707458,0.675239086151123,0.7765743732452393,3.0262908935546875,2.9115142822265625
5668.0,0.6789519786834717,0.7714995741844177,0.6850753426551819,0.7758895754814148,0.6789519786834717,0.7714995741844177,3.0396575927734375,2.8888702392578125
5672.0,0.6787808537483215,0.7749133706092834,0.687285840511322,0.7749852538108826,0.6787808537483215,0.7749133706092834,3.0092620849609375,2.91156005859375
5676.0,0.6741398572921753,0.7782180309295654,0.6905278563499451,0.7820291519165039,0.6741398572921753,0.7782180309295654,3.0318756103515625,2.9133758544921875
5680.0,0.6756222248077393,0.774159848690033,0.6832647323608398,0.777681291103363,0.6756222248077393,0.774159848690033,3.0275726318359375,2.8845062255859375
5684.0,0.673004150390625,0.7744563221931458,0.6785810589790344,0.776238203048706,0.673004150390625,0.7744563221931458,3.015960693359375,2.8952178955078125
5688.0,0.6719257831573486,0.7702312469482422,0.6836553812026978,0.7804276347160339,0.6719257831573486,0.7702312469482422,3.0114288330078125,2.8915863037109375
5692.0,0.6746392846107483,0.7740243673324585,0.6822789311408997,0.775421142578125,0.6746392846107483,0.7740243673324585,3.02178955078125,2.9009552001953125
5696.0,0.6702978610992432,0.77496737241745,0.6807789206504822,0.7789990305900574,0.6702978610992432,0.77496737241745,3.0144805908203125,2.9095306396484375
5700.0,0.6702476143836975,0.7724626064300537,0.6789963841438293,0.7761693596839905,0.6702476143836975,0.7724626064300537,3.0142059326171875,2.9044647216796875
5704.0,0.6747722029685974,0.7690728902816772,0.6830066442489624,0.7757869362831116,0.6747722029685974,0.7690728902816772,3.018096923828125,2.9068450927734375
5708.0,0.6736356616020203,0.7694491147994995,0.6839187145233154,0.7747849822044373,0.6736356616020203,0.7694491147994995,2.9915618896484375,2.8881988525390625
5712.0,0.6729748249053955,0.7688573598861694,0.6802978515625,0.7760348916053772,0.6729748249053955,0.7688573598861694,3.019775390625,2.8966217041015625
5716.0,0.6730491518974304,0.7747982740402222,0.6825751066207886,0.7750657796859741,0.6730491518974304,0.7747982740402222,3.0124053955078125,2.9040374755859375
5720.0,0.6739861369132996,0.7716124057769775,0.6835101246833801,0.7748756408691406,0.6739861369132996,0.7716124057769775,3.0076446533203125,2.8970947265625
5724.0,0.6740864515304565,0.7733393907546997,0.6794961094856262,0.7791900038719177,0.6740864515304565,0.7733393907546997,3.02362060546875,2.8983154296875
5728.0,0.675632655620575,0.7682525515556335,0.6805817484855652,0.7795981764793396,0.675632655620575,0.7682525515556335,3.0294189453125,2.8834228515625
5732.0,0.6771463751792908,0.7700750827789307,0.6825186610221863,0.7743585109710693,0.6771463751792908,0.7700750827789307,3.0232086181640625,2.8874359130859375
5736.0,0.6738808751106262,0.7759669423103333,0.6825109720230103,0.7780916690826416,0.6738808751106262,0.7759669423103333,3.0141448974609375,2.8955535888671875
5740.0,0.6744267344474792,0.7763890027999878,0.6803865432739258,0.7780570983886719,0.6744267344474792,0.7763890027999878,3.0150604248046875,2.9112548828125
5744.0,0.6740751266479492,0.7742660641670227,0.6793537735939026,0.7789070010185242,0.6740751266479492,0.7742660641670227,3.02410888671875,2.895751953125
5748.0,0.6743549108505249,0.7792199850082397,0.6823673844337463,0.774965763092041,0.6743549108505249,0.7792199850082397,3.0251617431640625,2.908660888671875
5752.0,0.6768640279769897,0.7763839960098267,0.6825998425483704,0.7758262753486633,0.6768640279769897,0.7763839960098267,3.0115203857421875,2.9114227294921875
5756.0,0.6753048300743103,0.7695138454437256,0.6822240352630615,0.7741650342941284,0.6753048300743103,0.7695138454437256,3.021759033203125,2.895172119140625
5760.0,0.6782911419868469,0.7706525325775146,0.6830156445503235,0.7659980654716492,0.6782911419868469,0.7706525325775146,3.0139312744140625,2.883056640625
5764.0,0.6761916279792786,0.7722837924957275,0.6806460618972778,0.7766380906105042,0.6761916279792786,0.7722837924957275,3.028961181640625,2.903350830078125
5768.0,0.6772725582122803,0.771316647529602,0.6816801428794861,0.7742486000061035,0.6772725582122803,0.771316647529602,3.024261474609375,2.890777587890625
5772.0,0.6754617691040039,0.7717797160148621,0.680141031742096,0.7693970203399658,0.6754617691040039,0.7717797160148621,3.0043792724609375,2.9029693603515625
5776.0,0.6778643131256104,0.7767536044120789,0.6819588541984558,0.7788258194923401,0.6778643131256104,0.7767536044120789,3.01177978515625,2.8958892822265625
5780.0,0.6815370321273804,0.7693284153938293,0.6825540661811829,0.77390456199646,0.6815370321273804,0.7693284153938293,3.00396728515625,2.8905029296875
5784.0,0.6763432025909424,0.7766624689102173,0.6789758205413818,0.7820423245429993,0.6763432025909424,0.7766624689102173,3.00592041015625,2.890869140625
5788.0,0.6782596707344055,0.7804499268531799,0.6831363439559937,0.7711535692214966,0.6782596707344055,0.7804499268531799,2.9929962158203125,2.907257080078125
5792.0,0.6775006651878357,0.7688455581665039,0.6823480725288391,0.7754830121994019,0.6775006651878357,0.7688455581665039,3.01165771484375,2.8781280517578125
5796.0,0.6801651120185852,0.7735272645950317,0.6815343499183655,0.7752912640571594,0.6801651120185852,0.7735272645950317,3.0238800048828125,2.8889617919921875
5800.0,0.6778047680854797,0.7758334279060364,0.6818848252296448,0.780718982219696,0.6778047680854797,0.7758334279060364,3.02001953125,2.8752593994140625
5804.0,0.6753872036933899,0.7809708118438721,0.682314932346344,0.7752552628517151,0.6753872036933899,0.7809708118438721,3.0051422119140625,2.8871917724609375
5808.0,0.6779919266700745,0.7742130160331726,0.6811825633049011,0.7767590880393982,0.6779919266700745,0.7742130160331726,2.993865966796875,2.9105377197265625
5812.0,0.6775978803634644,0.7743124961853027,0.6792416572570801,0.7790238857269287,0.6775978803634644,0.7743124961853027,2.9969329833984375,2.8906707763671875
5816.0,0.6770983934402466,0.7722704410552979,0.6768301129341125,0.7817690372467041,0.6770983934402466,0.7722704410552979,3.01507568359375,2.868011474609375
5820.0,0.674622118473053,0.7737613916397095,0.684333860874176,0.7747015357017517,0.674622118473053,0.7737613916397095,3.0074920654296875,2.8712158203125
5824.0,0.6732648611068726,0.7728012800216675,0.6806833148002625,0.7746843695640564,0.6732648611068726,0.7728012800216675,2.994232177734375,2.880126953125
5828.0,0.6765449643135071,0.7665097117424011,0.6812556982040405,0.7715523838996887,0.6765449643135071,0.7665097117424011,2.998748779296875,2.8718109130859375
5832.0,0.6840310096740723,0.786199688911438,0.6836708188056946,0.7763450145721436,0.6840310096740723,0.786199688911438,3.0020599365234375,2.916168212890625
5836.0,0.6923065781593323,0.7679258584976196,0.6954641342163086,0.7741284966468811,0.6923065781593323,0.7679258584976196,3.0153045654296875,2.891448974609375
5840.0,0.698146402835846,0.7691313624382019,0.7048458456993103,0.7774149179458618,0.698146402835846,0.7691313624382019,3.0192718505859375,2.890655517578125
5844.0,0.7032331824302673,0.7766579985618591,0.7103651762008667,0.7801085710525513,0.7032331824302673,0.7766579985618591,2.99749755859375,2.9013519287109375
5848.0,0.6992849707603455,0.7758257985115051,0.7046350240707397,0.7742224931716919,0.6992849707603455,0.7758257985115051,3.0233917236328125,2.8959503173828125
5852.0,0.6968483924865723,0.7823275327682495,0.7061025500297546,0.7751262784004211,0.6968483924865723,0.7823275327682495,3.0151519775390625,2.912353515625
5856.0,0.6954944729804993,0.7867398262023926,0.703502357006073,0.7765387892723083,0.6954944729804993,0.7867398262023926,3.01507568359375,2.910308837890625
5860.0,0.6952915787696838,0.7782180905342102,0.7026752829551697,0.7804955840110779,0.6952915787696838,0.7782180905342102,3.0201263427734375,2.8927001953125
5864.0,0.6977992653846741,0.7822903990745544,0.6958361268043518,0.7799978852272034,0.6977992653846741,0.7822903990745544,3.0196380615234375,2.90191650390625
5868.0,0.6966798305511475,0.7727825045585632,0.698638379573822,0.7709434628486633,0.6966798305511475,0.7727825045585632,3.0092315673828125,2.9085235595703125
5872.0,0.6996458172798157,0.7815846800804138,0.7016045451164246,0.7856215238571167,0.6996458172798157,0.7815846800804138,3.02215576171875,2.9076385498046875
5876.0,0.6996427774429321,0.7789437770843506,0.7013868093490601,0.7833873629570007,0.6996427774429321,0.7789437770843506,3.01849365234375,2.8813018798828125
5880.0,0.6967503428459167,0.7767881155014038,0.7017302513122559,0.7805936336517334,0.6967503428459167,0.7767881155014038,3.0271453857421875,2.8804473876953125
5884.0,0.7007065415382385,0.7800071835517883,0.7003108859062195,0.773012638092041,0.7007065415382385,0.7800071835517883,3.0111236572265625,2.891143798828125
5888.0,0.697604238986969,0.7821765542030334,0.700309157371521,0.7701184153556824,0.697604238986969,0.7821765542030334,3.004608154296875,2.8870849609375
5892.0,0.6971613168716431,0.7773164510726929,0.7003573179244995,0.7832131385803223,0.6971613168716431,0.7773164510726929,3.0165252685546875,2.886505126953125
5896.0,0.6980895400047302,0.7800058126449585,0.7012600302696228,0.7789954543113708,0.6980895400047302,0.7800058126449585,3.0336761474609375,2.879486083984375
5900.0,0.6986542344093323,0.7822011709213257,0.7015002369880676,0.772961437702179,0.6986542344093323,0.7822011709213257,2.992156982421875,2.907196044921875
5904.0,0.6986199021339417,0.7846872806549072,0.7004695534706116,0.782923698425293,0.6986199021339417,0.7846872806549072,3.0200042724609375,2.88800048828125
5908.0,0.6978170275688171,0.7745662331581116,0.699674665927887,0.7781856656074524,0.6978170275688171,0.7745662331581116,3.0139007568359375,2.892822265625
5912.0,0.6985268592834473,0.7753282189369202,0.6994678378105164,0.7761319279670715,0.6985268592834473,0.7753282189369202,3.0191650390625,2.88079833984375
5916.0,0.6960174441337585,0.7773680090904236,0.6948390603065491,0.7826712727546692,0.6960174441337585,0.7773680090904236,3.0385284423828125,2.896087646484375
5920.0,0.6807089447975159,0.7756320238113403,0.6803168654441833,0.7808821201324463,0.6807089447975159,0.7756320238113403,3.0267181396484375,2.880706787109375
5924.0,0.6624218821525574,0.7698265314102173,0.6707233786582947,0.7798715233802795,0.6624218821525574,0.7698265314102173,3.0162200927734375,2.8549041748046875
5928.0,0.6586004495620728,0.7713942527770996,0.6621716618537903,0.7801204323768616,0.6586004495620728,0.7713942527770996,3.0091400146484375,2.8828125
5932.0,0.657285213470459,0.7749356031417847,0.6573677659034729,0.7773357033729553,0.657285213470459,0.7749356031417847,3.0233612060546875,2.8765869140625
5936.0,0.659268319606781,0.7806421518325806,0.661746084690094,0.7733964920043945,0.659268319606781,0.7806421518325806,3.018798828125,2.903106689453125
5940.0,0.6642193794250488,0.7660269737243652,0.6690718531608582,0.7711348533630371,0.6642193794250488,0.7660269737243652,3.0097808837890625,2.8829193115234375
5944.0,0.6646743416786194,0.7703717350959778,0.6731303334236145,0.7742529511451721,0.6646743416786194,0.7703717350959778,3.01904296875,2.8883209228515625
5948.0,0.667060375213623,0.7731950879096985,0.6719639301300049,0.7826757431030273,0.667060375213623,0.7731950879096985,3.0068511962890625,2.9073333740234375
5952.0,0.6635777950286865,0.7737448811531067,0.6712024807929993,0.7777119278907776,0.6635777950286865,0.7737448811531067,3.0170135498046875,2.8928985595703125
5956.0,0.6649196743965149,0.7755553126335144,0.6679010987281799,0.7809963822364807,0.6649196743965149,0.7755553126335144,3.033111572265625,2.8905181884765625
5960.0,0.6634149551391602,0.7732141613960266,0.6641558408737183,0.7843242883682251,0.6634149551391602,0.7732141613960266,3.0305633544921875,2.8684844970703125
5964.0,0.6651458740234375,0.7791832089424133,0.6694967746734619,0.775280237197876,0.6651458740234375,0.7791832089424133,3.0143585205078125,2.8953399658203125
5968.0,0.6651481986045837,0.7749645113945007,0.6673625111579895,0.7816790342330933,0.6651481986045837,0.7749645113945007,3.0121917724609375,2.8881072998046875
5972.0,0.6643623113632202,0.7761837244033813,0.6671780347824097,0.7774330973625183,0.6643623113632202,0.7761837244033813,3.01300048828125,2.8972625732421875
5976.0,0.6666260361671448,0.779319703578949,0.6683109402656555,0.7777630090713501,0.6666260361671448,0.779319703578949,3.0160064697265625,2.8953094482421875
5980.0,0.6658854484558105,0.7829385995864868,0.664355993270874,0.7819530367851257,0.6658854484558105,0.7829385995864868,3.0183258056640625,2.891387939453125
5984.0,0.6639617681503296,0.7710798382759094,0.6669132709503174,0.777733325958252,0.6639617681503296,0.7710798382759094,3.0200653076171875,2.87646484375
5988.0,0.6632691621780396,0.7793093919754028,0.6664378046989441,0.778802216053009,0.6632691621780396,0.7793093919754028,3.040557861328125,2.9137725830078125
5992.0,0.6662923693656921,0.7836076617240906,0.6655861735343933,0.78419029712677,0.6662923693656921,0.7836076617240906,3.011474609375,2.90655517578125
5996.0,0.6635139584541321,0.7796759605407715,0.666266918182373,0.7816493511199951,0.6635139584541321,0.7796759605407715,3.01824951171875,2.881805419921875
6000.0,0.6596249938011169,0.7738494873046875,0.6676661372184753,0.7794607281684875,0.6596249938011169,0.7738494873046875,3.0261993408203125,2.8818511962890625
6004.0,0.6634038686752319,0.7792412042617798,0.6672871708869934,0.779087245464325,0.6634038686752319,0.7792412042617798,3.027679443359375,2.8889617919921875
6008.0,0.6620409488677979,0.7796093225479126,0.664577841758728,0.7750101089477539,0.6620409488677979,0.7796093225479126,3.01849365234375,2.9003753662109375
6012.0,0.6651861071586609,0.7760176062583923,0.6656221151351929,0.7809048295021057,0.6651861071586609,0.7760176062583923,3.01666259765625,2.8951416015625
6016.0,0.6587687730789185,0.7806251645088196,0.6633231043815613,0.7865818738937378,0.6587687730789185,0.7806251645088196,3.0372161865234375,2.9136810302734375
6020.0,0.6604802012443542,0.7784487009048462,0.6677412390708923,0.7775158286094666,0.6604802012443542,0.7784487009048462,3.01995849609375,2.8928070068359375
6024.0,0.6599745750427246,0.7787569165229797,0.6664512753486633,0.784454345703125,0.6599745750427246,0.7787569165229797,3.0123291015625,2.8813018798828125
6028.0,0.6585008502006531,0.7754382491111755,0.6660147905349731,0.780590295791626,0.6585008502006531,0.7754382491111755,3.01312255859375,2.889617919921875
6032.0,0.6599565148353577,0.7835111021995544,0.6713753938674927,0.7842192053794861,0.6599565148353577,0.7835111021995544,3.0161895751953125,2.9121551513671875
6036.0,0.6603600978851318,0.780142605304718,0.6671187877655029,0.7790513038635254,0.6603600978851318,0.780142605304718,3.0023193359375,2.897796630859375
6040.0,0.6594395041465759,0.7815535068511963,0.6655569076538086,0.778796374797821,0.6594395041465759,0.7815535068511963,3.0220794677734375,2.9190673828125
6044.0,0.6575853228569031,0.7788133025169373,0.6637864112854004,0.7784572243690491,0.6575853228569031,0.7788133025169373,3.0269775390625,2.89398193359375
6048.0,0.6568564176559448,0.7813248038291931,0.6619974970817566,0.7757095098495483,0.6568564176559448,0.7813248038291931,3.0068206787109375,2.923248291015625
6052.0,0.6554591059684753,0.7800344824790955,0.6650237441062927,0.7863550186157227,0.6554591059684753,0.7800344824790955,3.029815673828125,2.8883209228515625
6056.0,0.6587797403335571,0.7825482487678528,0.6675198674201965,0.7755898237228394,0.6587797403335571,0.7825482487678528,3.023345947265625,2.8937530517578125
6060.0,0.6567335724830627,0.7797250747680664,0.6714839935302734,0.7714126110076904,0.6567335724830627,0.7797250747680664,3.0190887451171875,2.9124755859375
6064.0,0.6558088064193726,0.7787800431251526,0.6644318103790283,0.7871863842010498,0.6558088064193726,0.7787800431251526,3.0319976806640625,2.9153900146484375
6068.0,0.6577035188674927,0.7871707081794739,0.6685267686843872,0.7815086245536804,0.6577035188674927,0.7871707081794739,3.0211944580078125,2.915191650390625
6072.0,0.6566384434700012,0.7849602103233337,0.6655124425888062,0.776106595993042,0.6566384434700012,0.7849602103233337,3.0312347412109375,2.9117279052734375
6076.0,0.6604664921760559,0.7817937731742859,0.6646440625190735,0.7794040441513062,0.6604664921760559,0.7817937731742859,3.024658203125,2.8979339599609375
6080.0,0.6582201719284058,0.7897287011146545,0.6663236021995544,0.7835022807121277,0.6582201719284058,0.7897287011146545,3.0391998291015625,2.918975830078125
6084.0,0.6526685357093811,0.7779812216758728,0.6655966639518738,0.7811935544013977,0.6526685357093811,0.7779812216758728,3.0284423828125,2.9113311767578125
6088.0,0.648709774017334,0.7811235189437866,0.6548097133636475,0.7816617488861084,0.648709774017334,0.7811235189437866,3.0424041748046875,2.910736083984375
6092.0,0.6406528353691101,0.7815299034118652,0.6392335295677185,0.7857800126075745,0.6406528353691101,0.7815299034118652,3.0388946533203125,2.913665771484375
6096.0,0.6163691878318787,0.7749836444854736,0.6207994818687439,0.7803282141685486,0.6163691878318787,0.7749836444854736,3.0331573486328125,2.9047393798828125
6100.0,0.6142253875732422,0.7755879163742065,0.6205158829689026,0.7804802060127258,0.6142253875732422,0.7755879163742065,3.056365966796875,2.8967742919921875
6104.0,0.6195639967918396,0.7825392484664917,0.624141275882721,0.7797350883483887,0.6195639967918396,0.7825392484664917,3.04510498046875,2.9340972900390625
6108.0,0.6241177320480347,0.7795794010162354,0.632334291934967,0.7855793833732605,0.6241177320480347,0.7795794010162354,3.0384368896484375,2.9228515625
6112.0,0.62702476978302,0.7759197354316711,0.6345071196556091,0.7822834849357605,0.62702476978302,0.7759197354316711,3.050323486328125,2.9145965576171875
6116.0,0.6297943592071533,0.781650185585022,0.6340569257736206,0.7897018790245056,0.6297943592071533,0.781650185585022,3.04144287109375,2.9217529296875
6120.0,0.630251407623291,0.7773409485816956,0.6350833177566528,0.7874637842178345,0.630251407623291,0.7773409485816956,3.0401458740234375,2.90960693359375
6124.0,0.6285500526428223,0.7770151495933533,0.6300062537193298,0.7812891602516174,0.6285500526428223,0.7770151495933533,3.0496826171875,2.9120941162109375
6128.0,0.6282406449317932,0.7698875069618225,0.6339532732963562,0.7882788181304932,0.6282406449317932,0.7698875069618225,3.0395050048828125,2.9084320068359375
6132.0,0.6307213306427002,0.7787254452705383,0.6345566511154175,0.7846362590789795,0.6307213306427002,0.7787254452705383,3.0489044189453125,2.9188079833984375
6136.0,0.6271222829818726,0.7819150686264038,0.6340303421020508,0.7861851453781128,0.6271222829818726,0.7819150686264038,3.0401763916015625,2.9249420166015625
6140.0,0.6283570528030396,0.7791998386383057,0.6314045786857605,0.7855253219604492,0.6283570528030396,0.7791998386383057,3.0477447509765625,2.9272003173828125
6144.0,0.6230913400650024,0.7760818600654602,0.63309645652771,0.782625675201416,0.6230913400650024,0.7760818600654602,3.05572509765625,2.9149322509765625
6148.0,0.6284357309341431,0.7839574813842773,0.6291847229003906,0.7849365472793579,0.6284357309341431,0.7839574813842773,3.051910400390625,2.92047119140625
6152.0,0.6261884570121765,0.7816663384437561,0.634261429309845,0.78288733959198,0.6261884570121765,0.7816663384437561,3.043731689453125,2.9313507080078125
6156.0,0.6274542212486267,0.7824194431304932,0.634950578212738,0.7835276126861572,0.6274542212486267,0.7824194431304932,3.0501556396484375,2.92431640625
6160.0,0.6263867020606995,0.7769634127616882,0.629966676235199,0.7911068201065063,0.6263867020606995,0.7769634127616882,3.0519866943359375,2.92926025390625
6164.0,0.622281551361084,0.7888851165771484,0.6322561502456665,0.7883687019348145,0.622281551361084,0.7888851165771484,3.0623626708984375,2.93182373046875
6168.0,0.6297341585159302,0.7848133444786072,0.6326713562011719,0.7804227471351624,0.6297341585159302,0.7848133444786072,3.06646728515625,2.9569854736328125
6172.0,0.6289622187614441,0.7807474136352539,0.6310902833938599,0.7765861749649048,0.6289622187614441,0.7807474136352539,3.069091796875,2.934722900390625
6176.0,0.6303575038909912,0.784550666809082,0.6321383714675903,0.7841745615005493,0.6303575038909912,0.784550666809082,3.0540771484375,2.94317626953125
6180.0,0.6261892318725586,0.7859851121902466,0.6312898993492126,0.7808586955070496,0.6261892318725586,0.7859851121902466,3.0733642578125,2.944610595703125
6184.0,0.6295008659362793,0.7790736556053162,0.6302168965339661,0.7886199355125427,0.6295008659362793,0.7790736556053162,3.075653076171875,2.9290618896484375
6188.0,0.6277012228965759,0.7788970470428467,0.6323536038398743,0.7833647131919861,0.6277012228965759,0.7788970470428467,3.0727691650390625,2.945953369140625
6192.0,0.6300622820854187,0.7786417007446289,0.6316547393798828,0.7779364585876465,0.6300622820854187,0.7786417007446289,3.051849365234375,2.934783935546875
6196.0,0.6253918409347534,0.7810180187225342,0.6354403495788574,0.7817896008491516,0.6253918409347534,0.7810180187225342,3.06732177734375,2.957611083984375
6200.0,0.6226011514663696,0.7827861309051514,0.630940854549408,0.783907413482666,0.6226011514663696,0.7827861309051514,3.0641632080078125,2.9532623291015625
6204.0,0.6303861737251282,0.7822185754776001,0.6308883428573608,0.7845590114593506,0.6303861737251282,0.7822185754776001,3.0671844482421875,2.9522247314453125
6208.0,0.6289987564086914,0.7773629426956177,0.6301553249359131,0.7785441875457764,0.6289987564086914,0.7773629426956177,3.0758209228515625,2.93450927734375
6212.0,0.6266393661499023,0.7795507907867432,0.6268444657325745,0.7904236316680908,0.6266393661499023,0.7795507907867432,3.092529296875,2.963348388671875
6216.0,0.6246205568313599,0.7824232578277588,0.6294667720794678,0.7882046103477478,0.6246205568313599,0.7824232578277588,3.0769195556640625,2.955352783203125
6220.0,0.6265935897827148,0.7790141701698303,0.6284804940223694,0.7849681377410889,0.6265935897827148,0.7790141701698303,3.0819854736328125,2.9611053466796875
6224.0,0.6272253394126892,0.7833558917045593,0.6298502087593079,0.7841971516609192,0.6272253394126892,0.7833558917045593,3.0897064208984375,2.9727783203125
6228.0,0.6253069639205933,0.7871875762939453,0.6276271343231201,0.7809293866157532,0.6253069639205933,0.7871875762939453,3.071014404296875,2.96435546875
6232.0,0.6274951696395874,0.7892701029777527,0.6314672827720642,0.7840160727500916,0.6274951696395874,0.7892701029777527,3.08184814453125,2.9693603515625
6236.0,0.6256902813911438,0.7801081538200378,0.6293820738792419,0.7883926630020142,0.6256902813911438,0.7801081538200378,3.0918426513671875,2.9642333984375
6240.0,0.6256566643714905,0.7796286344528198,0.6296384930610657,0.7849392294883728,0.6256566643714905,0.7796286344528198,3.080657958984375,2.962127685546875
6244.0,0.629698634147644,0.7815451622009277,0.6335293054580688,0.7885292768478394,0.629698634147644,0.7815451622009277,3.1047515869140625,2.9724273681640625
6248.0,0.6265677809715271,0.7833094000816345,0.6317381858825684,0.7803599238395691,0.6265677809715271,0.7833094000816345,3.10498046875,2.9760589599609375
6252.0,0.6251474022865295,0.7829998135566711,0.6266235113143921,0.7883750796318054,0.6251474022865295,0.7829998135566711,3.0838165283203125,2.9899444580078125
6256.0,0.6285111904144287,0.7826024293899536,0.6274218559265137,0.7920780777931213,0.6285111904144287,0.7826024293899536,3.1103515625,2.97467041015625
6260.0,0.6281163096427917,0.7798264622688293,0.6329971551895142,0.7835820317268372,0.6281163096427917,0.7798264622688293,3.0933380126953125,2.985565185546875
6264.0,0.6235738396644592,0.7848516702651978,0.6292030811309814,0.7840796709060669,0.6235738396644592,0.7848516702651978,3.0950469970703125,2.970733642578125
6268.0,0.6270811557769775,0.784939169883728,0.6272227764129639,0.7845516800880432,0.6270811557769775,0.784939169883728,3.0877838134765625,2.9728240966796875
6272.0,0.6285355687141418,0.7895010113716125,0.630624532699585,0.786281406879425,0.6285355687141418,0.7895010113716125,3.09832763671875,2.9560699462890625
6276.0,0.6266384720802307,0.7785695791244507,0.6257354021072388,0.7892860174179077,0.6266384720802307,0.7785695791244507,3.1074066162109375,2.9779510498046875
6280.0,0.6247109174728394,0.7902847528457642,0.6291679739952087,0.7855409979820251,0.6247109174728394,0.7902847528457642,3.0955810546875,2.989288330078125
6284.0,0.6270403265953064,0.7902877330780029,0.6295145750045776,0.7785444855690002,0.6270403265953064,0.7902877330780029,3.0724029541015625,2.9782562255859375
6288.0,0.6251311302185059,0.7831320762634277,0.6283612847328186,0.782575249671936,0.6251311302185059,0.7831320762634277,3.0828399658203125,2.9790802001953125
6292.0,0.6277585625648499,0.7804321050643921,0.6284952759742737,0.7847862243652344,0.6277585625648499,0.7804321050643921,3.0927886962890625,2.970672607421875
6296.0,0.6239356398582458,0.7803048491477966,0.6304345726966858,0.7834348082542419,0.6239356398582458,0.7803048491477966,3.0929718017578125,2.984954833984375
6300.0,0.6242771148681641,0.7859126925468445,0.6300049424171448,0.7879670858383179,0.6242771148681641,0.7859126925468445,3.100341796875,2.974945068359375
6304.0,0.6263431310653687,0.7838829755783081,0.6275352239608765,0.7902368903160095,0.6263431310653687,0.7838829755783081,3.1149444580078125,2.982330322265625
6308.0,0.6239678263664246,0.7857367992401123,0.6290505528450012,0.7857309579849243,0.6239678263664246,0.7857367992401123,3.0956573486328125,2.9766998291015625
6312.0,0.6263641119003296,0.7826974391937256,0.6255179047584534,0.7826281189918518,0.6263641119003296,0.7826974391937256,3.1103668212890625,2.9859466552734375
6316.0,0.6324816942214966,0.7876089811325073,0.6310369968414307,0.7877709269523621,0.6324816942214966,0.7876089811325073,3.10186767578125,2.9788360595703125
6320.0,0.6458877325057983,0.7851097583770752,0.6448935270309448,0.7853553295135498,0.6458877325057983,0.7851097583770752,3.1191253662109375,2.987701416015625
6324.0,0.6569209098815918,0.7929190397262573,0.6684406995773315,0.7813000082969666,0.6569209098815918,0.7929190397262573,3.0984954833984375,3.011322021484375
6328.0,0.6663191318511963,0.7873641848564148,0.681438684463501,0.783095121383667,0.6663191318511963,0.7873641848564148,3.0932159423828125,3.008941650390625
6332.0,0.6768597364425659,0.7815143465995789,0.6844426393508911,0.7764261960983276,0.6768597364425659,0.7815143465995789,3.1011505126953125,3.00531005859375
6336.0,0.6785008311271667,0.7826634049415588,0.6807853579521179,0.7806914448738098,0.6785008311271667,0.7826634049415588,3.11492919921875,2.9970855712890625
6340.0,0.6753665804862976,0.7862930297851562,0.6811768412590027,0.7835023999214172,0.6753665804862976,0.7862930297851562,3.114654541015625,2.995849609375
6344.0,0.6767421960830688,0.7818657755851746,0.6783677935600281,0.7786030769348145,0.6767421960830688,0.7818657755851746,3.11383056640625,2.996856689453125
6348.0,0.671859860420227,0.7864965796470642,0.6729075908660889,0.7800657153129578,0.671859860420227,0.7864965796470642,3.1147613525390625,2.9956817626953125
6352.0,0.6688538789749146,0.7950627207756042,0.6724330186843872,0.7840083241462708,0.6688538789749146,0.7950627207756042,3.1141815185546875,3.017608642578125
6356.0,0.6744973063468933,0.7817125916481018,0.670243501663208,0.777678370475769,0.6744973063468933,0.7817125916481018,3.11029052734375,2.9817047119140625
6360.0,0.6716440320014954,0.7838308215141296,0.6745768189430237,0.7833045125007629,0.6716440320014954,0.7838308215141296,3.1169891357421875,3.00396728515625
6364.0,0.6706862449645996,0.7877056002616882,0.6773446798324585,0.7763208746910095,0.6706862449645996,0.7877056002616882,3.117645263671875,3.0034332275390625
6368.0,0.6732189059257507,0.7845126390457153,0.6761156320571899,0.7808840870857239,0.6732189059257507,0.7845126390457153,3.1139984130859375,2.9967193603515625
6372.0,0.6700846552848816,0.7838547229766846,0.6772035956382751,0.7771078944206238,0.6700846552848816,0.7838547229766846,3.1175537109375,2.9954681396484375
6376.0,0.672658383846283,0.7888664603233337,0.6769101619720459,0.7800002694129944,0.672658383846283,0.7888664603233337,3.0885467529296875,2.9903717041015625
6380.0,0.6710454225540161,0.7876796722412109,0.6720436811447144,0.7841278910636902,0.6710454225540161,0.7876796722412109,3.1264801025390625,3.0174102783203125
6384.0,0.6695008277893066,0.7813243865966797,0.6759170293807983,0.7823070287704468,0.6695008277893066,0.7813243865966797,3.09478759765625,2.99072265625
6388.0,0.6747109293937683,0.7862488627433777,0.675451934337616,0.7775655388832092,0.6747109293937683,0.7862488627433777,3.101043701171875,2.9918060302734375
6392.0,0.6718508005142212,0.7903912663459778,0.6764038801193237,0.7753415107727051,0.6718508005142212,0.7903912663459778,3.0938720703125,3.01397705078125
6396.0,0.6741190552711487,0.7838616967201233,0.6738645434379578,0.778413712978363,0.6741190552711487,0.7838616967201233,3.1204071044921875,2.989715576171875
6400.0,0.6704431176185608,0.7884324789047241,0.675087571144104,0.7831045985221863,0.6704431176185608,0.7884324789047241,3.1128997802734375,3.009796142578125
6404.0,0.6747151017189026,0.7801904082298279,0.6729596257209778,0.7804115414619446,0.6747151017189026,0.7801904082298279,3.104156494140625,2.9979095458984375
6408.0,0.6733765602111816,0.7889643907546997,0.6761383414268494,0.7833527326583862,0.6733765602111816,0.7889643907546997,3.10919189453125,2.9911041259765625
6412.0,0.6713188290596008,0.7840757369995117,0.6774076223373413,0.7717501521110535,0.6713188290596008,0.7840757369995117,3.097259521484375,3.0011749267578125
6416.0,0.6736891269683838,0.7856854200363159,0.6777307391166687,0.7837046980857849,0.6736891269683838,0.7856854200363159,3.1043548583984375,2.99310302734375
6420.0,0.6707150936126709,0.7883013486862183,0.6748387813568115,0.7890467047691345,0.6707150936126709,0.7883013486862183,3.1192626953125,2.992034912109375
6424.0,0.67474365234375,0.7832431197166443,0.6769465208053589,0.7831084728240967,0.67474365234375,0.7832431197166443,3.1017303466796875,2.996612548828125
6428.0,0.6707230806350708,0.7829614281654358,0.6809494495391846,0.7776598930358887,0.6707230806350708,0.7829614281654358,3.1087188720703125,2.99322509765625
6432.0,0.6752368211746216,0.7828324437141418,0.6779454946517944,0.7799105644226074,0.6752368211746216,0.7828324437141418,3.114501953125,3.0070037841796875
6436.0,0.6697954535484314,0.7825015187263489,0.674755871295929,0.7848618030548096,0.6697954535484314,0.7825015187263489,3.1244964599609375,2.9969635009765625
6440.0,0.6694159507751465,0.7882057428359985,0.6747105121612549,0.782984733581543,0.6694159507751465,0.7882057428359985,3.1093597412109375,3.0144500732421875
6444.0,0.6708480715751648,0.7841652035713196,0.6807147264480591,0.7758986949920654,0.6708480715751648,0.7841652035713196,3.111083984375,2.990692138671875
6448.0,0.6676322817802429,0.7868419289588928,0.679219663143158,0.7762944102287292,0.6676322817802429,0.7868419289588928,3.11138916015625,3.008575439453125
6452.0,0.6654523611068726,0.7890990972518921,0.6781375408172607,0.7847620844841003,0.6654523611068726,0.7890990972518921,3.1361846923828125,3.013702392578125
6456.0,0.6714292764663696,0.7919974327087402,0.6829538345336914,0.7798221111297607,0.6714292764663696,0.7919974327087402,3.1326751708984375,3.0066680908203125
6460.0,0.6850204467773438,0.794512927532196,0.6887885928153992,0.7842302918434143,0.6850204467773438,0.794512927532196,3.1267547607421875,3.0215301513671875
6464.0,0.7005711793899536,0.790987491607666,0.7029496431350708,0.7805219888687134,0.7005711793899536,0.790987491607666,3.1354217529296875,3.0178070068359375
6468.0,0.7104191184043884,0.7789220809936523,0.7262818217277527,0.7758067846298218,0.7104191184043884,0.7789220809936523,3.11724853515625,3.0301361083984375
6472.0,0.7143467664718628,0.7767481803894043,0.7298882007598877,0.7801651358604431,0.7143467664718628,0.7767481803894043,3.1225128173828125,3.0218505859375
6476.0,0.7097013592720032,0.7800130248069763,0.7222467064857483,0.7819492220878601,0.7097013592720032,0.7800130248069763,3.1347198486328125,3.0242156982421875
6480.0,0.7083292603492737,0.7824389934539795,0.7181063890457153,0.7788114547729492,0.7083292603492737,0.7824389934539795,3.14312744140625,3.0051116943359375
6484.0,0.7048162817955017,0.7735165953636169,0.7178753614425659,0.7725228667259216,0.7048162817955017,0.7735165953636169,3.11279296875,3.02130126953125
6488.0,0.7049676775932312,0.7820338606834412,0.7127139568328857,0.7777738571166992,0.7049676775932312,0.7820338606834412,3.125152587890625,3.0130462646484375
6492.0,0.7020924687385559,0.7812359929084778,0.709892749786377,0.774054229259491,0.7020924687385559,0.7812359929084778,3.1222686767578125,3.027374267578125
6496.0,0.7029101848602295,0.7777935266494751,0.7120150923728943,0.7798459529876709,0.7029101848602295,0.7777935266494751,3.1224365234375,3.021148681640625
6500.0,0.7025273442268372,0.7810806035995483,0.7127899527549744,0.776816725730896,0.7025273442268372,0.7810806035995483,3.1210479736328125,3.011871337890625
6504.0,0.7014369964599609,0.7809131741523743,0.7096182703971863,0.7785104513168335,0.7014369964599609,0.7809131741523743,3.1277618408203125,3.0075836181640625
6508.0,0.7034899592399597,0.7815467715263367,0.7129774689674377,0.7819084525108337,0.7034899592399597,0.7815467715263367,3.1170654296875,3.021728515625
6512.0,0.7053686380386353,0.7798864245414734,0.714464545249939,0.7757325768470764,0.7053686380386353,0.7798864245414734,3.117523193359375,2.9999542236328125
6516.0,0.703755259513855,0.7911821007728577,0.7119511961936951,0.7790384292602539,0.703755259513855,0.7911821007728577,3.1298675537109375,3.0130615234375
6520.0,0.7070784568786621,0.7805829644203186,0.7151694297790527,0.768162190914154,0.7070784568786621,0.7805829644203186,3.09698486328125,3.0059967041015625
6524.0,0.7069682478904724,0.7810686230659485,0.7161409854888916,0.7764642834663391,0.7069682478904724,0.7810686230659485,3.103118896484375,3.0111541748046875
6528.0,0.705223798751831,0.7762442827224731,0.7128686904907227,0.7811756730079651,0.705223798751831,0.7762442827224731,3.11798095703125,3.003753662109375
6532.0,0.7078838348388672,0.7812036275863647,0.7132792472839355,0.7703172564506531,0.7078838348388672,0.7812036275863647,3.1182403564453125,3.0146636962890625
6536.0,0.7074848413467407,0.7785760164260864,0.7186408638954163,0.786104679107666,0.7074848413467407,0.7785760164260864,3.1414642333984375,3.008056640625
6540.0,0.7080777287483215,0.7787742614746094,0.7120143175125122,0.7761629819869995,0.7080777287483215,0.7787742614746094,3.115570068359375,2.9962615966796875
6544.0,0.7071512937545776,0.7808413505554199,0.7122126221656799,0.7809103727340698,0.7071512937545776,0.7808413505554199,3.120086669921875,2.9940032958984375
6548.0,0.7077556848526001,0.7775949239730835,0.7137002348899841,0.7812727093696594,0.7077556848526001,0.7775949239730835,3.1126251220703125,2.9906005859375
6552.0,0.7098073363304138,0.7771978974342346,0.7143577337265015,0.7821958661079407,0.7098073363304138,0.7771978974342346,3.1118011474609375,3.001068115234375
6556.0,0.709221601486206,0.782014787197113,0.7144648432731628,0.7778575420379639,0.709221601486206,0.782014787197113,3.1244964599609375,3.00262451171875
6560.0,0.7065565586090088,0.780888020992279,0.7159125804901123,0.7756232619285583,0.7065565586090088,0.780888020992279,3.0973052978515625,3.014495849609375
6564.0,0.7048145532608032,0.7788625955581665,0.7129250764846802,0.7710140347480774,0.7048145532608032,0.7788625955581665,3.0989990234375,3.0098724365234375
6568.0,0.7075669169425964,0.7717717885971069,0.713963508605957,0.7847487926483154,0.7075669169425964,0.7717717885971069,3.1240997314453125,2.9918212890625
6572.0,0.7085191011428833,0.7789732813835144,0.7117962837219238,0.775972306728363,0.7085191011428833,0.7789732813835144,3.10736083984375,3.00665283203125
6576.0,0.7071857452392578,0.772648811340332,0.7141945958137512,0.7738792300224304,0.7071857452392578,0.772648811340332,3.11297607421875,2.987548828125
6580.0,0.7066603302955627,0.7762982249259949,0.7128279209136963,0.7773839235305786,0.7066603302955627,0.7762982249259949,3.1169891357421875,3.0046844482421875
6584.0,0.7073965072631836,0.7718225717544556,0.7152649164199829,0.7740547060966492,0.7073965072631836,0.7718225717544556,3.0997314453125,2.9915924072265625
6588.0,0.7081989645957947,0.7790095210075378,0.7161813974380493,0.7708566784858704,0.7081989645957947,0.7790095210075378,3.1067657470703125,2.9880828857421875
6592.0,0.7073469161987305,0.7783095240592957,0.7135375738143921,0.7730821371078491,0.7073469161987305,0.7783095240592957,3.1049346923828125,2.9928741455078125
6596.0,0.7093285918235779,0.7752669453620911,0.7143832445144653,0.7741534113883972,0.7093285918235779,0.7752669453620911,3.110321044921875,2.982391357421875
6600.0,0.7083600163459778,0.7780409455299377,0.7144639492034912,0.7744982838630676,0.7083600163459778,0.7780409455299377,3.1063232421875,2.988525390625
6604.0,0.7111778855323792,0.7845798134803772,0.7134588360786438,0.7767025232315063,0.7111778855323792,0.7845798134803772,3.115997314453125,3.0083160400390625
6608.0,0.7095516324043274,0.7794303894042969,0.7145955562591553,0.7748686671257019,0.7095516324043274,0.7794303894042969,3.0991058349609375,2.990570068359375
6612.0,0.710225522518158,0.7868485450744629,0.7138450145721436,0.7789335250854492,0.710225522518158,0.7868485450744629,3.1235809326171875,3.0024871826171875
6616.0,0.7096267938613892,0.7807451486587524,0.7163038849830627,0.7744574546813965,0.7096267938613892,0.7807451486587524,3.0910797119140625,3.0087432861328125
6620.0,0.705839991569519,0.777506947517395,0.7169193029403687,0.776667058467865,0.705839991569519,0.777506947517395,3.111114501953125,2.986175537109375
6624.0,0.7062237858772278,0.7822818160057068,0.7120826244354248,0.7785317301750183,0.7062237858772278,0.7822818160057068,3.119781494140625,2.99688720703125
6628.0,0.709052324295044,0.7779696583747864,0.7112941741943359,0.7808571457862854,0.709052324295044,0.7779696583747864,3.120697021484375,2.99725341796875
6632.0,0.7085462212562561,0.7695521712303162,0.7136567831039429,0.7687016725540161,0.7085462212562561,0.7695521712303162,3.10418701171875,2.977630615234375
6636.0,0.7076565623283386,0.7822597026824951,0.7114066481590271,0.7683061957359314,0.7076565623283386,0.7822597026824951,3.095001220703125,3.004425048828125
6640.0,0.703826367855072,0.7853524684906006,0.7149516940116882,0.7781293988227844,0.703826367855072,0.7853524684906006,3.09967041015625,2.9973907470703125
6644.0,0.7080731987953186,0.7821310758590698,0.7156493067741394,0.7797527313232422,0.7080731987953186,0.7821310758590698,3.0893707275390625,3.005462646484375
6648.0,0.7047340869903564,0.7851155400276184,0.7163362503051758,0.7706813812255859,0.7047340869903564,0.7851155400276184,3.11590576171875,2.998321533203125
6652.0,0.7069125175476074,0.7787352204322815,0.7145456671714783,0.77528315782547,0.7069125175476074,0.7787352204322815,3.0973052978515625,2.991912841796875
6656.0,0.7035034894943237,0.7860352396965027,0.7181809544563293,0.7777707576751709,0.7035034894943237,0.7860352396965027,3.1125946044921875,2.9998931884765625
6660.0,0.705700159072876,0.7768008708953857,0.7151308655738831,0.7794439196586609,0.705700159072876,0.7768008708953857,3.0895538330078125,2.98956298828125
6664.0,0.7050973176956177,0.7814620733261108,0.7207759618759155,0.7836511731147766,0.7050973176956177,0.7814620733261108,3.10205078125,2.9995574951171875
6668.0,0.7056145071983337,0.781773567199707,0.7162349224090576,0.7786166071891785,0.7056145071983337,0.781773567199707,3.084136962890625,2.9974517822265625
6672.0,0.7100762128829956,0.7799635529518127,0.7143111228942871,0.7745975255966187,0.7100762128829956,0.7799635529518127,3.11407470703125,2.9847259521484375
6676.0,0.708498477935791,0.7770260572433472,0.7159409523010254,0.7674656510353088,0.708498477935791,0.7770260572433472,3.095001220703125,2.9862823486328125
6680.0,0.7054806351661682,0.777711033821106,0.7147349715232849,0.7768560647964478,0.7054806351661682,0.777711033821106,3.0886077880859375,2.9971923828125
6684.0,0.706407368183136,0.7801918983459473,0.71897953748703,0.7782706618309021,0.706407368183136,0.7801918983459473,3.0892181396484375,2.9820556640625
6688.0,0.7047748565673828,0.7835136651992798,0.7165756225585938,0.7736806273460388,0.7047748565673828,0.7835136651992798,3.08282470703125,2.9986724853515625
6692.0,0.704241156578064,0.7755349278450012,0.717525839805603,0.779471755027771,0.704241156578064,0.7755349278450012,3.105499267578125,2.9885711669921875
6696.0,0.7042872309684753,0.7804399728775024,0.7132810950279236,0.7792489528656006,0.7042872309684753,0.7804399728775024,3.09979248046875,2.992706298828125
6700.0,0.7054320573806763,0.7844687700271606,0.7141659259796143,0.7807801961898804,0.7054320573806763,0.7844687700271606,3.0967254638671875,2.989501953125
6704.0,0.7048084139823914,0.788695216178894,0.7159006595611572,0.7731055021286011,0.7048084139823914,0.788695216178894,3.086944580078125,2.99664306640625
6708.0,0.7050546407699585,0.7765039801597595,0.7173013687133789,0.7762938737869263,0.7050546407699585,0.7765039801597595,3.09405517578125,2.99298095703125
6712.0,0.703773021697998,0.7813707590103149,0.7174636125564575,0.7783766388893127,0.703773021697998,0.7813707590103149,3.0975341796875,3.0020904541015625
6716.0,0.7061901688575745,0.7811852693557739,0.71322101354599,0.7760891914367676,0.7061901688575745,0.7811852693557739,3.1004486083984375,3.002532958984375
6720.0,0.7062982320785522,0.7749990820884705,0.716265082359314,0.7768949866294861,0.7062982320785522,0.7749990820884705,3.099884033203125,2.970733642578125
6724.0,0.7039639353752136,0.7775141000747681,0.7164830565452576,0.7768328189849854,0.7039639353752136,0.7775141000747681,3.0859832763671875,3.0178070068359375
6728.0,0.7049441933631897,0.7766684889793396,0.7172341346740723,0.7723216414451599,0.7049441933631897,0.7766684889793396,3.0880279541015625,2.9808502197265625
6732.0,0.7053291201591492,0.7814303040504456,0.7123692631721497,0.7760766744613647,0.7053291201591492,0.7814303040504456,3.0870513916015625,2.9960784912109375
6736.0,0.7072457075119019,0.7823208570480347,0.7144177556037903,0.7726641297340393,0.7072457075119019,0.7823208570480347,3.0683441162109375,2.9907073974609375
6740.0,0.7035873532295227,0.7765020132064819,0.7155782580375671,0.7760419249534607,0.7035873532295227,0.7765020132064819,3.0949249267578125,2.98309326171875
6744.0,0.7071477174758911,0.7834858298301697,0.7224250435829163,0.7739843130111694,0.7071477174758911,0.7834858298301697,3.09503173828125,3.003204345703125
6748.0,0.7089530229568481,0.7793893218040466,0.7149733901023865,0.7724660634994507,0.7089530229568481,0.7793893218040466,3.088775634765625,2.9923248291015625
6752.0,0.7149037718772888,0.7777099609375,0.7214850783348083,0.7731574177742004,0.7149037718772888,0.7777099609375,3.0816802978515625,2.982696533203125
6756.0,0.7249282598495483,0.7799312472343445,0.7331876754760742,0.7779951095581055,0.7249282598495483,0.7799312472343445,3.0869140625,2.9984130859375
6760.0,0.7300431728363037,0.7824139595031738,0.7453299760818481,0.7728948593139648,0.7300431728363037,0.7824139595031738,3.0953826904296875,2.9976806640625
6764.0,0.7327146530151367,0.7762213945388794,0.7442793250083923,0.7790554165840149,0.7327146530151367,0.7762213945388794,3.0868988037109375,3.0174407958984375
6768.0,0.731624186038971,0.7767303586006165,0.7415409684181213,0.7702042460441589,0.731624186038971,0.7767303586006165,3.093353271484375,3.012908935546875
6772.0,0.7255368232727051,0.7755078673362732,0.7406219840049744,0.7752267122268677,0.7255368232727051,0.7755078673362732,3.0908203125,2.993560791015625
6776.0,0.7281585931777954,0.7729814052581787,0.7377805113792419,0.7707570195198059,0.7281585931777954,0.7729814052581787,3.0809173583984375,2.9960174560546875
6780.0,0.7285232543945312,0.7673493027687073,0.7365599870681763,0.7642661929130554,0.7285232543945312,0.7673493027687073,3.075286865234375,2.98699951171875
6784.0,0.7285658717155457,0.7726951837539673,0.7386308312416077,0.7648066282272339,0.7285658717155457,0.7726951837539673,3.063690185546875,3.0038909912109375
6788.0,0.7316056489944458,0.7710494995117188,0.7370817065238953,0.7749048471450806,0.7316056489944458,0.7710494995117188,3.0772705078125,2.9903717041015625
6792.0,0.7295095920562744,0.7721003293991089,0.7347124218940735,0.7749914526939392,0.7295095920562744,0.7721003293991089,3.0911407470703125,2.9893341064453125
6796.0,0.7306997776031494,0.7725467085838318,0.7361345291137695,0.7678298950195312,0.7306997776031494,0.7725467085838318,3.065704345703125,3.0044708251953125
6800.0,0.7271832823753357,0.7806205153465271,0.7352287173271179,0.7710118293762207,0.7271832823753357,0.7806205153465271,3.093780517578125,2.99200439453125
6804.0,0.726671576499939,0.773207426071167,0.7382926344871521,0.7647611498832703,0.726671576499939,0.773207426071167,3.05767822265625,2.9914093017578125
6808.0,0.7115669846534729,0.7668200135231018,0.719127893447876,0.7665507197380066,0.7115669846534729,0.7668200135231018,3.0934906005859375,2.9966583251953125
6812.0,0.7001486420631409,0.7415816187858582,0.6978362798690796,0.7421358227729797,0.7001486420631409,0.7415816187858582,3.0707550048828125,2.9715576171875
6816.0,0.6674043536186218,0.7030817866325378,0.661331295967102,0.6975848078727722,0.6674043536186218,0.7030817866325378,3.083404541015625,2.988128662109375
6820.0,0.6336570382118225,0.658901572227478,0.6224446892738342,0.656154990196228,0.6336570382118225,0.658901572227478,3.0851898193359375,2.9916229248046875
6824.0,0.605678379535675,0.6196656227111816,0.5930716395378113,0.6224133372306824,0.605678379535675,0.6196656227111816,3.112457275390625,3.014129638671875
6828.0,0.5799698829650879,0.5748094320297241,0.5752859711647034,0.5724892020225525,0.5799698829650879,0.5748094320297241,3.0646209716796875,2.98138427734375
6832.0,0.5574284791946411,0.5024880170822144,0.5502024292945862,0.5365704894065857,0.5574284791946411,0.5024880170822144,3.0557098388671875,2.9046478271484375
6836.0,0.5403125286102295,0.47619858384132385,0.5441190004348755,0.5047857165336609,0.5403125286102295,0.47619858384132385,3.051605224609375,2.9233856201171875
6840.0,0.5337367653846741,0.44668543338775635,0.5390418171882629,0.4712247848510742,0.5337367653846741,0.44668543338775635,3.0106201171875,2.9033660888671875
6844.0,0.5446622967720032,0.4536893963813782,0.5514563918113708,0.4592989683151245,0.5446622967720032,0.4536893963813782,2.9869384765625,2.946746826171875
6848.0,0.5491295456886292,0.4614466428756714,0.5521038174629211,0.46982482075691223,0.5491295456886292,0.4614466428756714,2.9994659423828125,2.937255859375
6852.0,0.5467296838760376,0.4636887013912201,0.5455489754676819,0.4600456655025482,0.5467296838760376,0.4636887013912201,2.987060546875,2.93951416015625
6856.0,0.5424114465713501,0.46449169516563416,0.5411674380302429,0.49929752945899963,0.5424114465713501,0.46449169516563416,3.0372161865234375,2.9353485107421875
6860.0,0.5413222312927246,0.46245619654655457,0.540582537651062,0.4940195679664612,0.5413222312927246,0.46245619654655457,3.039337158203125,2.94384765625
6864.0,0.5362148284912109,0.453921377658844,0.5433425307273865,0.4904465973377228,0.5362148284912109,0.453921377658844,3.0444793701171875,2.903045654296875
6868.0,0.5358657240867615,0.4583891034126282,0.542660653591156,0.46959033608436584,0.5358657240867615,0.4583891034126282,3.00872802734375,2.9159393310546875
6872.0,0.5373550057411194,0.46288761496543884,0.5405606031417847,0.500980019569397,0.5373550057411194,0.46288761496543884,3.07110595703125,2.9279327392578125
6876.0,0.5393854975700378,0.4569047689437866,0.5395488739013672,0.46811729669570923,0.5393854975700378,0.4569047689437866,2.9787445068359375,2.910491943359375
6880.0,0.5358304381370544,0.4700847566127777,0.5411823391914368,0.46783044934272766,0.5358304381370544,0.4700847566127777,3.0002288818359375,2.9386749267578125
6884.0,0.5372812151908875,0.4663577973842621,0.5424425005912781,0.47187137603759766,0.5372812151908875,0.4663577973842621,2.993927001953125,2.9328460693359375
6888.0,0.537915050983429,0.4624325633049011,0.5369769930839539,0.4546055793762207,0.537915050983429,0.4624325633049011,2.95001220703125,2.9170379638671875
6892.0,0.5351611971855164,0.4637593924999237,0.5380550026893616,0.468174010515213,0.5351611971855164,0.4637593924999237,2.9667205810546875,2.9204559326171875
6896.0,0.5371431112289429,0.46478134393692017,0.5409625172615051,0.4636410176753998,0.5371431112289429,0.46478134393692017,2.9895782470703125,2.922576904296875
6900.0,0.5376092791557312,0.46379002928733826,0.5389609336853027,0.472049355506897,0.5376092791557312,0.46379002928733826,2.9965667724609375,2.925811767578125
6904.0,0.5381318926811218,0.4655638039112091,0.5398492217063904,0.4622722268104553,0.5381318926811218,0.4655638039112091,2.969268798828125,2.9035491943359375
6908.0,0.5381283760070801,0.45846429467201233,0.5384597182273865,0.4716626703739166,0.5381283760070801,0.45846429467201233,2.9936065673828125,2.9142913818359375
6912.0,0.5362212657928467,0.4567924439907074,0.5386973023414612,0.48926058411598206,0.5362212657928467,0.4567924439907074,3.0324249267578125,2.9123077392578125
6916.0,0.5362808704376221,0.45978525280952454,0.5442337393760681,0.48663556575775146,0.5362808704376221,0.45978525280952454,3.0365142822265625,2.917327880859375
6920.0,0.5357435345649719,0.47335055470466614,0.5389389395713806,0.4828603267669678,0.5357435345649719,0.47335055470466614,3.0226287841796875,2.9160919189453125
6924.0,0.5318743586540222,0.4599800109863281,0.5420323014259338,0.47326111793518066,0.5318743586540222,0.4599800109863281,2.99945068359375,2.9074859619140625
6928.0,0.5352087616920471,0.4640374183654785,0.5407876372337341,0.4724499583244324,0.5352087616920471,0.4640374183654785,2.9878692626953125,2.923583984375
6932.0,0.5355997681617737,0.4581547677516937,0.5368762016296387,0.49765852093696594,0.5355997681617737,0.4581547677516937,3.0286102294921875,2.9043731689453125
6936.0,0.5358887314796448,0.4605084955692291,0.539495587348938,0.47952061891555786,0.5358887314796448,0.4605084955692291,2.998138427734375,2.922027587890625
6940.0,0.5355873703956604,0.4597569704055786,0.5429115295410156,0.4843142032623291,0.5355873703956604,0.4597569704055786,3.0167694091796875,2.910430908203125
6944.0,0.5376269221305847,0.4607906639575958,0.5381421446800232,0.49580830335617065,0.5376269221305847,0.4607906639575958,3.0604400634765625,2.9155120849609375
6948.0,0.5341576337814331,0.46750253438949585,0.5385040640830994,0.4676268398761749,0.5341576337814331,0.46750253438949585,2.9857177734375,2.929840087890625
6952.0,0.5371813178062439,0.4574418067932129,0.5356226563453674,0.4606919288635254,0.5371813178062439,0.4574418067932129,2.965057373046875,2.9159088134765625
6956.0,0.5375393033027649,0.4547463655471802,0.5388314723968506,0.4657188951969147,0.5375393033027649,0.4547463655471802,2.976654052734375,2.8990020751953125
6960.0,0.5369471907615662,0.4582333564758301,0.5378497242927551,0.47310662269592285,0.5369471907615662,0.4582333564758301,2.9802398681640625,2.891876220703125
6964.0,0.5372958779335022,0.45231950283050537,0.5364590287208557,0.48692265152931213,0.5372958779335022,0.45231950283050537,3.01116943359375,2.89923095703125
6968.0,0.5389199256896973,0.4558349847793579,0.5374754667282104,0.47767019271850586,0.5389199256896973,0.4558349847793579,2.9933319091796875,2.8948822021484375
6972.0,0.5382314324378967,0.4534907937049866,0.5368585586547852,0.4786386489868164,0.5382314324378967,0.4534907937049866,3.01806640625,2.9044189453125
6976.0,0.5405021905899048,0.4514997899532318,0.5378917455673218,0.4730001986026764,0.5405021905899048,0.4514997899532318,2.9981842041015625,2.899658203125
6980.0,0.5357725024223328,0.45970219373703003,0.5378381013870239,0.4796742796897888,0.5357725024223328,0.45970219373703003,3.006622314453125,2.900421142578125
6984.0,0.5355941653251648,0.4600210189819336,0.5357502698898315,0.45703431963920593,0.5355941653251648,0.4600210189819336,2.939483642578125,2.8988189697265625
6988.0,0.5397173762321472,0.45542392134666443,0.5383764505386353,0.46473631262779236,0.5397173762321472,0.45542392134666443,2.967529296875,2.902740478515625
6992.0,0.5396191477775574,0.46336400508880615,0.5386798977851868,0.4587081968784332,0.5396191477775574,0.46336400508880615,2.9534454345703125,2.9066314697265625
6996.0,0.5385370254516602,0.4524768888950348,0.5368908047676086,0.4590115249156952,0.5385370254516602,0.4524768888950348,2.96197509765625,2.8839263916015625
7000.0,0.5405199527740479,0.44971147179603577,0.5384371280670166,0.4700832664966583,0.5405199527740479,0.44971147179603577,2.979705810546875,2.9024505615234375
7004.0,0.5400921702384949,0.45410236716270447,0.5390200614929199,0.46134835481643677,0.5400921702384949,0.45410236716270447,2.969482421875,2.8909454345703125
7008.0,0.5363354086875916,0.4621329605579376,0.5394066572189331,0.4942379295825958,0.5363354086875916,0.4621329605579376,3.034332275390625,2.90789794921875
7012.0,0.5361608862876892,0.45158135890960693,0.5419687628746033,0.4832196533679962,0.5361608862876892,0.45158135890960693,3.0258026123046875,2.90765380859375
7016.0,0.538290798664093,0.4603160619735718,0.5431087613105774,0.44929102063179016,0.538290798664093,0.4603160619735718,2.951202392578125,2.897308349609375
7020.0,0.5349456667900085,0.4527358114719391,0.5399760603904724,0.48406699299812317,0.5349456667900085,0.4527358114719391,3.0418243408203125,2.884185791015625
7024.0,0.539383590221405,0.4624619483947754,0.5424526929855347,0.464282751083374,0.539383590221405,0.4624619483947754,2.964599609375,2.9046630859375
7028.0,0.537434995174408,0.4603668451309204,0.5428066253662109,0.46406370401382446,0.537434995174408,0.4603668451309204,2.988677978515625,2.902740478515625
7032.0,0.5380880236625671,0.4610424041748047,0.5416629314422607,0.4676855504512787,0.5380880236625671,0.4610424041748047,2.97723388671875,2.9131011962890625
7036.0,0.534866452217102,0.4586309492588043,0.5420622825622559,0.45722663402557373,0.534866452217102,0.4586309492588043,2.949462890625,2.9081573486328125
7040.0,0.5346422791481018,0.4594544470310211,0.5393938422203064,0.4483395218849182,0.5346422791481018,0.4594544470310211,2.943634033203125,2.908721923828125
7044.0,0.5382117629051208,0.45972973108291626,0.5414190292358398,0.45280584692955017,0.5382117629051208,0.45972973108291626,2.942291259765625,2.8972320556640625
7048.0,0.5375561714172363,0.467555433511734,0.5423694252967834,0.45669978857040405,0.5375561714172363,0.467555433511734,2.967315673828125,2.9275665283203125
7052.0,0.5379761457443237,0.45880597829818726,0.5407878756523132,0.4655574858188629,0.5379761457443237,0.45880597829818726,2.9887237548828125,2.9080657958984375
7056.0,0.535897433757782,0.4571082890033722,0.5398103594779968,0.4362061619758606,0.535897433757782,0.4571082890033722,2.9466400146484375,2.8936309814453125
7060.0,0.5372897982597351,0.4606102705001831,0.5421440005302429,0.48085981607437134,0.5372897982597351,0.4606102705001831,3.0302276611328125,2.901641845703125
7064.0,0.5334433317184448,0.45378389954566956,0.5391926765441895,0.46918126940727234,0.5334433317184448,0.45378389954566956,2.980987548828125,2.8759307861328125
7068.0,0.5342055559158325,0.45751917362213135,0.5405914783477783,0.47866615653038025,0.5342055559158325,0.45751917362213135,3.013671875,2.8902130126953125
7072.0,0.5340664386749268,0.45355311036109924,0.5403820872306824,0.4483182430267334,0.5340664386749268,0.45355311036109924,2.937774658203125,2.875885009765625
7076.0,0.537918746471405,0.4582492411136627,0.540290892124176,0.4651224911212921,0.537918746471405,0.4582492411136627,2.9766693115234375,2.876922607421875
7080.0,0.5355716943740845,0.46002206206321716,0.5445815920829773,0.453740656375885,0.5355716943740845,0.46002206206321716,2.9373626708984375,2.87939453125
7084.0,0.5370510816574097,0.46067529916763306,0.5400519371032715,0.4582664668560028,0.5370510816574097,0.46067529916763306,2.9664764404296875,2.8809051513671875
7088.0,0.5387737154960632,0.46186983585357666,0.5434531569480896,0.4419802725315094,0.5387737154960632,0.46186983585357666,2.93878173828125,2.90240478515625
7092.0,0.5381833910942078,0.4586876630783081,0.5426191687583923,0.4484506845474243,0.5381833910942078,0.4586876630783081,2.9379119873046875,2.8836669921875
7096.0,0.533526599407196,0.4423755705356598,0.536982536315918,0.4591221511363983,0.533526599407196,0.4423755705356598,2.9842071533203125,2.894989013671875
7100.0,0.5298777222633362,0.4225786328315735,0.531165361404419,0.4235292971134186,0.5298777222633362,0.4225786328315735,2.9738922119140625,2.9112548828125
7104.0,0.5258795022964478,0.393963485956192,0.5229021310806274,0.3971959948539734,0.5258795022964478,0.393963485956192,2.988311767578125,2.9376068115234375
7108.0,0.5178967714309692,0.37607091665267944,0.5165639519691467,0.3776215612888336,0.5178967714309692,0.37607091665267944,3.01092529296875,2.938385009765625
7112.0,0.5155646204948425,0.3712233006954193,0.5176434516906738,0.3686090111732483,0.5155646204948425,0.3712233006954193,2.99725341796875,2.92645263671875
7116.0,0.511676549911499,0.35694074630737305,0.5155378580093384,0.3530517816543579,0.511676549911499,0.35694074630737305,3.0219879150390625,2.9339447021484375
7120.0,0.513443112373352,0.3443734347820282,0.5151309967041016,0.3432742655277252,0.513443112373352,0.3443734347820282,3.030914306640625,2.9552764892578125
7124.0,0.5166650414466858,0.3262508809566498,0.5105710029602051,0.3326278626918793,0.5166650414466858,0.3262508809566498,3.032928466796875,2.9496002197265625
7128.0,0.5087767839431763,0.32570162415504456,0.5147092938423157,0.33072859048843384,0.5087767839431763,0.32570162415504456,3.0394134521484375,2.95843505859375
7132.0,0.5103574395179749,0.3293968141078949,0.5183351635932922,0.33147475123405457,0.5103574395179749,0.3293968141078949,3.02191162109375,2.9593963623046875
7136.0,0.5135225057601929,0.3365999758243561,0.5157625079154968,0.3326530158519745,0.5135225057601929,0.3365999758243561,3.0330810546875,2.9611358642578125
7140.0,0.5126976370811462,0.3323429226875305,0.5150494575500488,0.3326939642429352,0.5126976370811462,0.3323429226875305,3.0096435546875,2.95562744140625
7144.0,0.5128342509269714,0.33304402232170105,0.5178993344306946,0.33216285705566406,0.5128342509269714,0.33304402232170105,3.014617919921875,2.9372100830078125
7148.0,0.5132789015769958,0.34211471676826477,0.5178263187408447,0.333700954914093,0.5132789015769958,0.34211471676826477,3.0184326171875,2.9576416015625
7152.0,0.511116087436676,0.33171671628952026,0.518110990524292,0.34093835949897766,0.511116087436676,0.33171671628952026,3.0389862060546875,2.94818115234375
7156.0,0.512543261051178,0.3379194438457489,0.5187875032424927,0.3381725549697876,0.512543261051178,0.3379194438457489,3.0189666748046875,2.9481353759765625
7160.0,0.5130385160446167,0.33578988909721375,0.5164299011230469,0.3357893228530884,0.5130385160446167,0.33578988909721375,3.037322998046875,2.9595947265625
7164.0,0.5125577449798584,0.33269602060317993,0.5167140364646912,0.33565714955329895,0.5125577449798584,0.33269602060317993,3.03106689453125,2.9477386474609375
7168.0,0.5103814601898193,0.3379225432872772,0.5183845162391663,0.3337370455265045,0.5103814601898193,0.3379225432872772,3.0349884033203125,2.933197021484375
7172.0,0.5130536556243896,0.33192476630210876,0.5193486213684082,0.3332982063293457,0.5130536556243896,0.33192476630210876,3.026763916015625,2.9456634521484375
7176.0,0.5102576017379761,0.3286226689815521,0.5173444747924805,0.32865819334983826,0.5102576017379761,0.3286226689815521,3.016876220703125,2.943450927734375
7180.0,0.5119264721870422,0.3350151479244232,0.5156909823417664,0.3302522897720337,0.5119264721870422,0.3350151479244232,3.0232696533203125,2.9478302001953125
7184.0,0.5130298733711243,0.3362114727497101,0.5160244107246399,0.33166036009788513,0.5130298733711243,0.3362114727497101,3.00439453125,2.9422454833984375
7188.0,0.513512909412384,0.3310466408729553,0.5155598521232605,0.3349100947380066,0.513512909412384,0.3310466408729553,3.0275115966796875,2.9408721923828125
7192.0,0.5115523338317871,0.3384621739387512,0.5164564251899719,0.3249526023864746,0.5115523338317871,0.3384621739387512,3.005706787109375,2.9423675537109375
7196.0,0.5091188549995422,0.33154991269111633,0.5169414281845093,0.3361857533454895,0.5091188549995422,0.33154991269111633,3.020263671875,2.9442138671875
7200.0,0.5130542516708374,0.3291475474834442,0.5175780057907104,0.340730756521225,0.5130542516708374,0.3291475474834442,3.02435302734375,2.938018798828125
7204.0,0.5118472576141357,0.3310583233833313,0.5174538493156433,0.3313814401626587,0.5118472576141357,0.3310583233833313,3.0064697265625,2.9387359619140625
7208.0,0.5122785568237305,0.3320297598838806,0.5195080041885376,0.3377748429775238,0.5122785568237305,0.3320297598838806,3.0113372802734375,2.9282989501953125
7212.0,0.5099669694900513,0.33066144585609436,0.5181047916412354,0.33351752161979675,0.5099669694900513,0.33066144585609436,3.0117645263671875,2.929962158203125
7216.0,0.5113770961761475,0.33112213015556335,0.5202406644821167,0.33668380975723267,0.5113770961761475,0.33112213015556335,3.002471923828125,2.9165802001953125
7220.0,0.5126750469207764,0.33066296577453613,0.5175822973251343,0.33513280749320984,0.5126750469207764,0.33066296577453613,3.0183563232421875,2.92889404296875
7224.0,0.5105819702148438,0.3322639465332031,0.5172980427742004,0.3388593792915344,0.5105819702148438,0.3322639465332031,3.0140838623046875,2.9281005859375
7228.0,0.5123511552810669,0.33084291219711304,0.5205987691879272,0.3285486698150635,0.5123511552810669,0.33084291219711304,3.003662109375,2.944671630859375
7232.0,0.5121134519577026,0.33601775765419006,0.5187380909919739,0.33048373460769653,0.5121134519577026,0.33601775765419006,2.992584228515625,2.933685302734375
7236.0,0.5160046815872192,0.33421218395233154,0.5178070068359375,0.33302804827690125,0.5160046815872192,0.33421218395233154,3.0008087158203125,2.935089111328125
7240.0,0.5140591859817505,0.3289365768432617,0.5204294323921204,0.3321058452129364,0.5140591859817505,0.3289365768432617,3.005279541015625,2.920257568359375
7244.0,0.5137186646461487,0.3341720998287201,0.5188936591148376,0.33198198676109314,0.5137186646461487,0.3341720998287201,2.993621826171875,2.9185638427734375
7248.0,0.5137127637863159,0.3333127200603485,0.518767774105072,0.3299124240875244,0.5137127637863159,0.3333127200603485,2.984771728515625,2.9333648681640625
7252.0,0.5146713852882385,0.33465883135795593,0.5199664235115051,0.3326796889305115,0.5146713852882385,0.33465883135795593,2.9892120361328125,2.913482666015625
7256.0,0.5121982097625732,0.3280273675918579,0.5195677876472473,0.32549214363098145,0.5121982097625732,0.3280273675918579,2.9938507080078125,2.9174041748046875
7260.0,0.5123035311698914,0.3317681550979614,0.5165727734565735,0.327911913394928,0.5123035311698914,0.3317681550979614,2.98529052734375,2.9307708740234375
7264.0,0.5114712119102478,0.32911133766174316,0.5181544423103333,0.32705557346343994,0.5114712119102478,0.32911133766174316,2.994415283203125,2.9169464111328125
7268.0,0.5129603147506714,0.3249119520187378,0.5207834243774414,0.32992225885391235,0.5129603147506714,0.3249119520187378,2.9812164306640625,2.91033935546875
7272.0,0.5139361619949341,0.32972225546836853,0.5186670422554016,0.3284969627857208,0.5139361619949341,0.32972225546836853,2.978271484375,2.9154510498046875
7276.0,0.514057993888855,0.3326277732849121,0.5166422128677368,0.32392430305480957,0.514057993888855,0.3326277732849121,2.990631103515625,2.907989501953125
7280.0,0.513046145439148,0.3338654339313507,0.519503653049469,0.32858404517173767,0.513046145439148,0.3338654339313507,3.00555419921875,2.9075469970703125
7284.0,0.5114848613739014,0.33322814106941223,0.5179464221000671,0.33182576298713684,0.5114848613739014,0.33322814106941223,2.98553466796875,2.92291259765625
7288.0,0.5132504105567932,0.3274748623371124,0.5169504880905151,0.3250727653503418,0.5132504105567932,0.3274748623371124,2.9899749755859375,2.9092559814453125
7292.0,0.5122418999671936,0.3347015082836151,0.518898606300354,0.32626137137413025,0.5122418999671936,0.3347015082836151,2.9967041015625,2.9058990478515625
7296.0,0.5151153802871704,0.33493220806121826,0.5179965496063232,0.32716232538223267,0.5151153802871704,0.33493220806121826,2.98681640625,2.9190826416015625
7300.0,0.5142412185668945,0.32547837495803833,0.517819344997406,0.3357996344566345,0.5142412185668945,0.32547837495803833,2.9784698486328125,2.8900909423828125
7304.0,0.5124279856681824,0.3279239535331726,0.5182153582572937,0.3314691483974457,0.5124279856681824,0.3279239535331726,2.9886016845703125,2.8940887451171875
7308.0,0.5127589106559753,0.32825055718421936,0.5160961747169495,0.33373701572418213,0.5127589106559753,0.32825055718421936,2.98040771484375,2.8818511962890625
7312.0,0.5114314556121826,0.328536719083786,0.5183878540992737,0.33290889859199524,0.5114314556121826,0.328536719083786,2.98455810546875,2.8859100341796875
7316.0,0.5132837295532227,0.3247312307357788,0.5188702940940857,0.32929638028144836,0.5132837295532227,0.3247312307357788,2.9889984130859375,2.9094085693359375
7320.0,0.5125706195831299,0.33026590943336487,0.5159702897071838,0.3305157423019409,0.5125706195831299,0.33026590943336487,2.975830078125,2.901123046875
7324.0,0.514700710773468,0.32986152172088623,0.5194292068481445,0.32969141006469727,0.514700710773468,0.32986152172088623,2.995147705078125,2.903533935546875
7328.0,0.5141781568527222,0.3298349976539612,0.5169219970703125,0.32761627435684204,0.5141781568527222,0.3298349976539612,2.97088623046875,2.9031524658203125
7332.0,0.5124353170394897,0.33470049500465393,0.5177305936813354,0.32448622584342957,0.5124353170394897,0.33470049500465393,2.9723968505859375,2.8876953125
7336.0,0.5141680240631104,0.32526206970214844,0.517886757850647,0.32203710079193115,0.5141680240631104,0.32526206970214844,2.9564971923828125,2.893341064453125
7340.0,0.5146101117134094,0.32663407921791077,0.5197613835334778,0.32654905319213867,0.5146101117134094,0.32663407921791077,2.955352783203125,2.883758544921875
7344.0,0.5099143385887146,0.33245882391929626,0.5183095932006836,0.31866517663002014,0.5099143385887146,0.33245882391929626,2.9670867919921875,2.8943328857421875
7348.0,0.5131317377090454,0.32543158531188965,0.5197997093200684,0.3226063549518585,0.5131317377090454,0.32543158531188965,2.9607086181640625,2.886627197265625
7352.0,0.5109564065933228,0.33498087525367737,0.5196117758750916,0.3185957670211792,0.5109564065933228,0.33498087525367737,2.950286865234375,2.881195068359375
7356.0,0.5106516480445862,0.3295702636241913,0.5180014967918396,0.32703354954719543,0.5106516480445862,0.3295702636241913,2.950714111328125,2.878387451171875
7360.0,0.5122177600860596,0.33146947622299194,0.5192506909370422,0.32335755228996277,0.5122177600860596,0.33146947622299194,2.9396514892578125,2.8952789306640625
7364.0,0.5122166275978088,0.33041805028915405,0.5181847214698792,0.32322797179222107,0.5122166275978088,0.33041805028915405,2.9586639404296875,2.90325927734375
7368.0,0.5118916034698486,0.3335872292518616,0.5173176527023315,0.3257520794868469,0.5118916034698486,0.3335872292518616,2.9622650146484375,2.884002685546875
7372.0,0.5118415951728821,0.325988233089447,0.5183783769607544,0.330788791179657,0.5118415951728821,0.325988233089447,2.9599609375,2.8809814453125
7376.0,0.511353611946106,0.33860331773757935,0.5159479379653931,0.3210870027542114,0.511353611946106,0.33860331773757935,2.939666748046875,2.8879547119140625
7380.0,0.5113117694854736,0.33222469687461853,0.5178139209747314,0.33096784353256226,0.5113117694854736,0.33222469687461853,2.9629669189453125,2.8866729736328125
7384.0,0.5139404535293579,0.3359488248825073,0.517482578754425,0.33092477917671204,0.5139404535293579,0.3359488248825073,2.978851318359375,2.890380859375
7388.0,0.5130789875984192,0.33977174758911133,0.5148577094078064,0.3362516760826111,0.5130789875984192,0.33977174758911133,2.980010986328125,2.8914947509765625
7392.0,0.5142868757247925,0.33313876390457153,0.5162516832351685,0.3297061324119568,0.5142868757247925,0.33313876390457153,2.9541473388671875,2.8791656494140625
7396.0,0.5146616697311401,0.3348846733570099,0.5183126330375671,0.337848424911499,0.5146616697311401,0.3348846733570099,2.97796630859375,2.8714141845703125
7400.0,0.5126935243606567,0.33387720584869385,0.5161393880844116,0.33488452434539795,0.5126935243606567,0.33387720584869385,2.970550537109375,2.871734619140625
7404.0,0.5107447504997253,0.33283495903015137,0.5163928866386414,0.3299662470817566,0.5107447504997253,0.33283495903015137,2.9624176025390625,2.8865966796875
7408.0,0.5135015845298767,0.3322121798992157,0.5157559514045715,0.33228352665901184,0.5135015845298767,0.3322121798992157,2.9646148681640625,2.86065673828125
7412.0,0.5158867835998535,0.3324665129184723,0.5165392756462097,0.33334991335868835,0.5158867835998535,0.3324665129184723,2.9610595703125,2.8738250732421875
7416.0,0.5113980770111084,0.3330914378166199,0.5147383809089661,0.331097275018692,0.5113980770111084,0.3330914378166199,2.9545440673828125,2.8672637939453125
7420.0,0.5137559771537781,0.3313775360584259,0.5156152844429016,0.3276304602622986,0.5137559771537781,0.3313775360584259,2.9630126953125,2.8702392578125
7424.0,0.5119858384132385,0.33072054386138916,0.5148730278015137,0.3318979740142822,0.5119858384132385,0.33072054386138916,2.95513916015625,2.8646697998046875
7428.0,0.5121825337409973,0.3311091959476471,0.5133675336837769,0.33299633860588074,0.5121825337409973,0.3311091959476471,2.9622955322265625,2.8750762939453125
7432.0,0.5094035267829895,0.33398252725601196,0.5120210647583008,0.33146679401397705,0.5094035267829895,0.33398252725601196,2.971282958984375,2.8600921630859375
7436.0,0.5128940939903259,0.3258548676967621,0.5151038765907288,0.34039306640625,0.5128940939903259,0.3258548676967621,2.96734619140625,2.8695068359375
7440.0,0.5106407999992371,0.329262912273407,0.514525830745697,0.3328600227832794,0.5106407999992371,0.329262912273407,2.9633941650390625,2.87493896484375
7444.0,0.5117166638374329,0.3287208676338196,0.5149495601654053,0.3329077363014221,0.5117166638374329,0.3287208676338196,2.938690185546875,2.868255615234375
7448.0,0.511324942111969,0.3286939859390259,0.5154988765716553,0.3300795257091522,0.511324942111969,0.3286939859390259,2.9409332275390625,2.86431884765625
7452.0,0.5134708881378174,0.3283068835735321,0.5114019513130188,0.3359014391899109,0.5134708881378174,0.3283068835735321,2.9467315673828125,2.859619140625
7456.0,0.5113200545310974,0.33035045862197876,0.514893651008606,0.3388914465904236,0.5113200545310974,0.33035045862197876,2.94305419921875,2.87078857421875
7460.0,0.5102226138114929,0.32859015464782715,0.5136537551879883,0.33674681186676025,0.5102226138114929,0.32859015464782715,2.960052490234375,2.8822174072265625
7464.0,0.5097599625587463,0.32847630977630615,0.5147244930267334,0.3360544741153717,0.5097599625587463,0.32847630977630615,2.95343017578125,2.8768768310546875
7468.0,0.511455237865448,0.33133313059806824,0.5135061740875244,0.33607015013694763,0.511455237865448,0.33133313059806824,2.9575653076171875,2.8709259033203125
7472.0,0.5099589228630066,0.33383095264434814,0.5109653472900391,0.33561640977859497,0.5099589228630066,0.33383095264434814,2.9522705078125,2.861907958984375
7476.0,0.5103785991668701,0.3356752395629883,0.5150442123413086,0.33472445607185364,0.5103785991668701,0.3356752395629883,2.9595184326171875,2.862335205078125
7480.0,0.5092712044715881,0.32978686690330505,0.5160064101219177,0.3323357105255127,0.5092712044715881,0.32978686690330505,2.94146728515625,2.8556365966796875
7484.0,0.5114126801490784,0.3269651234149933,0.5119109749794006,0.33299916982650757,0.5114126801490784,0.3269651234149933,2.9536590576171875,2.8621368408203125
7488.0,0.5082758665084839,0.33342471718788147,0.5130517482757568,0.342364639043808,0.5082758665084839,0.33342471718788147,2.9784088134765625,2.8619232177734375
7492.0,0.5099856853485107,0.32818636298179626,0.5182081460952759,0.33682042360305786,0.5099856853485107,0.32818636298179626,2.95458984375,2.8530120849609375
7496.0,0.5135173201560974,0.33446088433265686,0.5148590207099915,0.33193111419677734,0.5135173201560974,0.33446088433265686,2.93902587890625,2.85382080078125
7500.0,0.5095425248146057,0.3314467966556549,0.5141896605491638,0.333132266998291,0.5095425248146057,0.3314467966556549,2.9439849853515625,2.872772216796875
7504.0,0.5087473392486572,0.33318355679512024,0.5132659673690796,0.32945698499679565,0.5087473392486572,0.33318355679512024,2.9608612060546875,2.8609466552734375
7508.0,0.5140001177787781,0.32752716541290283,0.5136869549751282,0.3339809477329254,0.5140001177787781,0.32752716541290283,2.9532623291015625,2.8662261962890625
7512.0,0.5090799927711487,0.33229684829711914,0.5130653977394104,0.33281180262565613,0.5090799927711487,0.33229684829711914,2.94561767578125,2.871673583984375
7516.0,0.513507068157196,0.3294527530670166,0.5183051824569702,0.34307482838630676,0.513507068157196,0.3294527530670166,2.9543914794921875,2.8391571044921875
7520.0,0.5113422870635986,0.32798174023628235,0.5123852491378784,0.33367425203323364,0.5113422870635986,0.32798174023628235,2.953826904296875,2.854583740234375
7524.0,0.5133985877037048,0.32289591431617737,0.5160725116729736,0.3320656418800354,0.5133985877037048,0.32289591431617737,2.9432830810546875,2.8568572998046875
7528.0,0.5109561681747437,0.32792943716049194,0.5149330496788025,0.3338146209716797,0.5109561681747437,0.32792943716049194,2.9441680908203125,2.8387908935546875
7532.0,0.5085533261299133,0.3247902989387512,0.5096253752708435,0.34024038910865784,0.5085533261299133,0.3247902989387512,2.9496917724609375,2.8598175048828125
7536.0,0.5001409649848938,0.3250312805175781,0.4982474148273468,0.3343639075756073,0.5001409649848938,0.3250312805175781,2.9576416015625,2.8548583984375
7540.0,0.4858444631099701,0.31331872940063477,0.4837757349014282,0.3124266564846039,0.4858444631099701,0.31331872940063477,2.9503631591796875,2.8697509765625
7544.0,0.46300944685935974,0.307760626077652,0.45881927013397217,0.3048533797264099,0.46300944685935974,0.307760626077652,2.9791107177734375,2.8798980712890625
7548.0,0.44762730598449707,0.28823480010032654,0.4447850286960602,0.28411754965782166,0.44762730598449707,0.28823480010032654,2.9633331298828125,2.9013671875
7552.0,0.4390695095062256,0.2785947620868683,0.43881919980049133,0.26577243208885193,0.4390695095062256,0.2785947620868683,2.94342041015625,2.8845977783203125
7556.0,0.4377444386482239,0.2664846181869507,0.43820321559906006,0.25845688581466675,0.4377444386482239,0.2664846181869507,2.930419921875,2.88934326171875
7560.0,0.4322739541530609,0.2644170820713043,0.43596941232681274,0.26244407892227173,0.4322739541530609,0.2644170820713043,2.9336090087890625,2.8956146240234375
7564.0,0.4307146966457367,0.26520437002182007,0.4402090013027191,0.262673556804657,0.4307146966457367,0.26520437002182007,2.94659423828125,2.8851165771484375
7568.0,0.43317297101020813,0.2615131735801697,0.4391525387763977,0.2593226730823517,0.43317297101020813,0.2615131735801697,2.9508819580078125,2.8995361328125
7572.0,0.435829222202301,0.2576247751712799,0.4406019151210785,0.26062196493148804,0.435829222202301,0.2576247751712799,2.95068359375,2.8834075927734375
7576.0,0.433461993932724,0.2588063180446625,0.4417262077331543,0.2573411166667938,0.433461993932724,0.2588063180446625,2.950836181640625,2.8930511474609375
7580.0,0.43662673234939575,0.2631046175956726,0.4401978850364685,0.2577276825904846,0.43662673234939575,0.2631046175956726,2.945098876953125,2.88775634765625
7584.0,0.4322727620601654,0.2616053521633148,0.44149020314216614,0.25930094718933105,0.4322727620601654,0.2616053521633148,2.9578399658203125,2.8871307373046875
7588.0,0.43389755487442017,0.2626369595527649,0.44205373525619507,0.2538677752017975,0.43389755487442017,0.2626369595527649,2.952484130859375,2.8853912353515625
7592.0,0.43418264389038086,0.26484307646751404,0.4398062825202942,0.2589733302593231,0.43418264389038086,0.26484307646751404,2.95147705078125,2.8779144287109375
7596.0,0.4358403980731964,0.2686147391796112,0.4378727674484253,0.25569456815719604,0.4358403980731964,0.2686147391796112,2.946044921875,2.8867950439453125
7600.0,0.4341387450695038,0.26792386174201965,0.44007408618927,0.2540798485279083,0.4341387450695038,0.26792386174201965,2.9429931640625,2.873687744140625
7604.0,0.4338354468345642,0.26446011662483215,0.4391217529773712,0.26115405559539795,0.4338354468345642,0.26446011662483215,2.9501953125,2.8736114501953125
7608.0,0.43278104066848755,0.26395663619041443,0.4405992031097412,0.2566361725330353,0.43278104066848755,0.26395663619041443,2.9523468017578125,2.8813629150390625
7612.0,0.43158018589019775,0.26202088594436646,0.43700122833251953,0.2573975920677185,0.43158018589019775,0.26202088594436646,2.9524078369140625,2.883056640625
7616.0,0.43236884474754333,0.2622412443161011,0.4421486556529999,0.261191725730896,0.43236884474754333,0.2622412443161011,2.973236083984375,2.8876953125
7620.0,0.4349942207336426,0.26106926798820496,0.4395599365234375,0.26473596692085266,0.4349942207336426,0.26106926798820496,2.94940185546875,2.8766632080078125
7624.0,0.4316510260105133,0.2674930691719055,0.43799808621406555,0.25932246446609497,0.4316510260105133,0.2674930691719055,2.951141357421875,2.890045166015625
7628.0,0.43395307660102844,0.26428863406181335,0.43854793906211853,0.2542150020599365,0.43395307660102844,0.26428863406181335,2.9588470458984375,2.8842315673828125
7632.0,0.4351908266544342,0.26756227016448975,0.43967846035957336,0.25846755504608154,0.4351908266544342,0.26756227016448975,2.9667510986328125,2.8791351318359375
7636.0,0.43234774470329285,0.2671489119529724,0.4362911283969879,0.25965616106987,0.43234774470329285,0.2671489119529724,2.9478912353515625,2.901123046875
7640.0,0.43365412950515747,0.2635662853717804,0.43968209624290466,0.25261250138282776,0.43365412950515747,0.2635662853717804,2.9487152099609375,2.8876190185546875
7644.0,0.4320353865623474,0.2580662667751312,0.43802598118782043,0.25465843081474304,0.4320353865623474,0.2580662667751312,2.950286865234375,2.867034912109375
7648.0,0.4334242045879364,0.26358556747436523,0.4382387101650238,0.2515755295753479,0.4334242045879364,0.26358556747436523,2.9510040283203125,2.88763427734375
7652.0,0.4299873411655426,0.26846903562545776,0.4371758699417114,0.2562306821346283,0.4299873411655426,0.26846903562545776,2.960906982421875,2.8795013427734375
7656.0,0.43083399534225464,0.26871776580810547,0.4367348849773407,0.2572304308414459,0.43083399534225464,0.26871776580810547,2.9299774169921875,2.8929595947265625
7660.0,0.4328401982784271,0.2624068558216095,0.4369809627532959,0.25758877396583557,0.4328401982784271,0.2624068558216095,2.9273529052734375,2.8958740234375
7664.0,0.43454161286354065,0.2683359980583191,0.4352504014968872,0.25703972578048706,0.43454161286354065,0.2683359980583191,2.9453125,2.881561279296875
7668.0,0.4311474859714508,0.26509562134742737,0.43795299530029297,0.2599056363105774,0.4311474859714508,0.26509562134742737,2.935211181640625,2.8926239013671875
7672.0,0.43422043323516846,0.2745168209075928,0.44130197167396545,0.25962868332862854,0.43422043323516846,0.2745168209075928,2.9367218017578125,2.90692138671875
7676.0,0.43165314197540283,0.2623351514339447,0.43644577264785767,0.2644733786582947,0.43165314197540283,0.2623351514339447,2.954833984375,2.875946044921875
7680.0,0.43316224217414856,0.26664814352989197,0.43846946954727173,0.2583082616329193,0.43316224217414856,0.26664814352989197,2.93902587890625,2.8772125244140625
7684.0,0.43399274349212646,0.26656803488731384,0.436640202999115,0.261881023645401,0.43399274349212646,0.26656803488731384,2.9491424560546875,2.8795928955078125
7688.0,0.4347876012325287,0.2708233892917633,0.43535029888153076,0.2674194872379303,0.4347876012325287,0.2708233892917633,2.9766693115234375,2.8921966552734375
7692.0,0.4335798919200897,0.26833653450012207,0.4382582902908325,0.26539525389671326,0.4335798919200897,0.26833653450012207,2.9445953369140625,2.887451171875
7696.0,0.43160292506217957,0.2669665813446045,0.43717363476753235,0.25950032472610474,0.43160292506217957,0.2669665813446045,2.9466552734375,2.8823394775390625
7700.0,0.4309904873371124,0.2636156678199768,0.4357197880744934,0.26644566655158997,0.4309904873371124,0.2636156678199768,2.943359375,2.8812713623046875
7704.0,0.4401189982891083,0.26779916882514954,0.44165050983428955,0.2701168954372406,0.4401189982891083,0.26779916882514954,2.950775146484375,2.873046875
7708.0,0.453899085521698,0.289728581905365,0.44991302490234375,0.27480775117874146,0.453899085521698,0.289728581905365,2.9346771240234375,2.8784942626953125
7712.0,0.46832963824272156,0.31533756852149963,0.479230672121048,0.31000763177871704,0.46832963824272156,0.31533756852149963,2.9571533203125,2.8896484375
7716.0,0.49581724405288696,0.34156426787376404,0.49701839685440063,0.3436647355556488,0.49581724405288696,0.34156426787376404,2.942657470703125,2.8847198486328125
7720.0,0.5062551498413086,0.34942328929901123,0.5219132304191589,0.3482363522052765,0.5062551498413086,0.34942328929901123,2.957733154296875,2.8712310791015625
7724.0,0.5063238143920898,0.35600215196609497,0.5164936780929565,0.3606381118297577,0.5063238143920898,0.35600215196609497,2.9416046142578125,2.8605194091796875
7728.0,0.4961071312427521,0.34870022535324097,0.5142615437507629,0.35923686623573303,0.4961071312427521,0.34870022535324097,2.9481353759765625,2.8468475341796875
7732.0,0.49434882402420044,0.3536841869354248,0.5040825605392456,0.36121007800102234,0.49434882402420044,0.3536841869354248,2.9390869140625,2.8594512939453125
7736.0,0.4978102743625641,0.34710296988487244,0.5036606192588806,0.35291168093681335,0.4978102743625641,0.34710296988487244,2.9569244384765625,2.86669921875
7740.0,0.4962579011917114,0.351190447807312,0.5025972127914429,0.3513452112674713,0.4962579011917114,0.351190447807312,2.949310302734375,2.844390869140625
7744.0,0.4991990625858307,0.34685230255126953,0.5038419365882874,0.3525594472885132,0.4991990625858307,0.34685230255126953,2.9665679931640625,2.8506927490234375
7748.0,0.4964165687561035,0.3510066866874695,0.5063250064849854,0.35556161403656006,0.4964165687561035,0.3510066866874695,2.9444580078125,2.862213134765625
7752.0,0.4952496588230133,0.3478185832500458,0.5087084770202637,0.35670942068099976,0.4952496588230133,0.3478185832500458,2.930694580078125,2.8467254638671875
7756.0,0.49767443537712097,0.35145139694213867,0.5100533962249756,0.35752519965171814,0.49767443537712097,0.35145139694213867,2.936065673828125,2.8557586669921875
7760.0,0.5021810531616211,0.3563459515571594,0.5101519227027893,0.3613707423210144,0.5021810531616211,0.3563459515571594,2.9314727783203125,2.8383026123046875
7764.0,0.4963938891887665,0.3533185124397278,0.5098229050636292,0.36245134472846985,0.4963938891887665,0.3533185124397278,2.925140380859375,2.85687255859375
7768.0,0.4986248016357422,0.348904550075531,0.5103984475135803,0.35339340567588806,0.4986248016357422,0.348904550075531,2.9184112548828125,2.8479461669921875
7772.0,0.49961841106414795,0.3643057346343994,0.5093219876289368,0.35805416107177734,0.49961841106414795,0.3643057346343994,2.9218902587890625,2.8521728515625
7776.0,0.4989883005619049,0.3569100499153137,0.5122883319854736,0.3571180999279022,0.4989883005619049,0.3569100499153137,2.925201416015625,2.8548736572265625
7780.0,0.5000476241111755,0.360363245010376,0.5080764889717102,0.35328859090805054,0.5000476241111755,0.360363245010376,2.9261932373046875,2.8535919189453125
7784.0,0.4993504285812378,0.3583398759365082,0.5122037529945374,0.3587571978569031,0.4993504285812378,0.3583398759365082,2.93695068359375,2.84423828125
7788.0,0.49807441234588623,0.3618316054344177,0.5099695920944214,0.3510201573371887,0.49807441234588623,0.3618316054344177,2.9235992431640625,2.8525848388671875
7792.0,0.5008633136749268,0.35488754510879517,0.5077938437461853,0.35987594723701477,0.5008633136749268,0.35488754510879517,2.928802490234375,2.85833740234375
7796.0,0.5005403757095337,0.36089086532592773,0.5110325813293457,0.3546367585659027,0.5005403757095337,0.36089086532592773,2.924591064453125,2.847198486328125
7800.0,0.49965423345565796,0.35620608925819397,0.5120649933815002,0.3584107756614685,0.49965423345565796,0.35620608925819397,2.9252166748046875,2.828369140625
7804.0,0.49963676929473877,0.34974727034568787,0.5086495876312256,0.3552984893321991,0.49963676929473877,0.34974727034568787,2.917236328125,2.8456878662109375
7808.0,0.4997137486934662,0.35736367106437683,0.5090405344963074,0.35367488861083984,0.4997137486934662,0.35736367106437683,2.92205810546875,2.851898193359375
7812.0,0.49983030557632446,0.3617730736732483,0.5077438354492188,0.35810941457748413,0.49983030557632446,0.3617730736732483,2.937103271484375,2.849945068359375
7816.0,0.49897751212120056,0.3611490726470947,0.5106210112571716,0.36218640208244324,0.49897751212120056,0.3611490726470947,2.927398681640625,2.847259521484375
7820.0,0.5020948052406311,0.35527339577674866,0.5065962672233582,0.36439624428749084,0.5020948052406311,0.35527339577674866,2.95452880859375,2.838409423828125
7824.0,0.5000298619270325,0.3553996980190277,0.5050634741783142,0.3625693917274475,0.5000298619270325,0.3553996980190277,2.9361114501953125,2.8450775146484375
7828.0,0.4996606409549713,0.3557591140270233,0.5061708092689514,0.3622041642665863,0.4996606409549713,0.3557591140270233,2.9229736328125,2.8371124267578125
7832.0,0.5001776814460754,0.3580268621444702,0.5065227150917053,0.35589122772216797,0.5001776814460754,0.3580268621444702,2.924285888671875,2.851776123046875
7836.0,0.5001044869422913,0.3540987968444824,0.5082093477249146,0.35520806908607483,0.5001044869422913,0.3540987968444824,2.9351806640625,2.8336639404296875
7840.0,0.4988003671169281,0.3545178771018982,0.5038968324661255,0.35944852232933044,0.4988003671169281,0.3545178771018982,2.9208526611328125,2.8304595947265625
7844.0,0.5048111081123352,0.35377436876296997,0.5067152380943298,0.3590773046016693,0.5048111081123352,0.35377436876296997,2.91632080078125,2.8296356201171875
7848.0,0.4995119571685791,0.3551865220069885,0.5048418641090393,0.3601994812488556,0.4995119571685791,0.3551865220069885,2.9217681884765625,2.8366546630859375
7852.0,0.5008752346038818,0.3531508147716522,0.5059728622436523,0.36240050196647644,0.5008752346038818,0.3531508147716522,2.91790771484375,2.8394927978515625
7856.0,0.5006922483444214,0.3497732877731323,0.5053145289421082,0.3614737391471863,0.5006922483444214,0.3497732877731323,2.9318084716796875,2.8316650390625
7860.0,0.5040686130523682,0.3508043587207794,0.5058855414390564,0.36080098152160645,0.5040686130523682,0.3508043587207794,2.942108154296875,2.82952880859375
7864.0,0.5031973719596863,0.3543328642845154,0.5071098804473877,0.35703733563423157,0.5031973719596863,0.3543328642845154,2.9290771484375,2.83514404296875
7868.0,0.5029922127723694,0.35177525877952576,0.5035490393638611,0.35504141449928284,0.5029922127723694,0.35177525877952576,2.91192626953125,2.8345184326171875
7872.0,0.504250168800354,0.35097309947013855,0.5056444406509399,0.36200690269470215,0.504250168800354,0.35097309947013855,2.9190216064453125,2.840667724609375
7876.0,0.503760039806366,0.3495010733604431,0.50737464427948,0.36109331250190735,0.503760039806366,0.3495010733604431,2.919464111328125,2.839385986328125
7880.0,0.5038145184516907,0.35259345173835754,0.5080617070198059,0.3609565496444702,0.5038145184516907,0.35259345173835754,2.9134979248046875,2.8429718017578125
7884.0,0.5042446851730347,0.3457466959953308,0.5062063336372375,0.35191625356674194,0.5042446851730347,0.3457466959953308,2.911407470703125,2.83856201171875
7888.0,0.5062020421028137,0.35136404633522034,0.5026130080223083,0.35592466592788696,0.5062020421028137,0.35136404633522034,2.908721923828125,2.835205078125
7892.0,0.5042697191238403,0.34928518533706665,0.5085923075675964,0.35057035088539124,0.5042697191238403,0.34928518533706665,2.915374755859375,2.8331756591796875
7896.0,0.5040277242660522,0.35363197326660156,0.5057648420333862,0.36088767647743225,0.5040277242660522,0.35363197326660156,2.930450439453125,2.8568267822265625
7900.0,0.5061257481575012,0.3504049479961395,0.5058469176292419,0.3598484396934509,0.5061257481575012,0.3504049479961395,2.932464599609375,2.8287811279296875
7904.0,0.5057746171951294,0.3511594235897064,0.5063194036483765,0.3619719445705414,0.5057746171951294,0.3511594235897064,2.94256591796875,2.8350830078125
7908.0,0.5044100880622864,0.34999775886535645,0.5051305294036865,0.3606710731983185,0.5044100880622864,0.34999775886535645,2.939239501953125,2.8306732177734375
7912.0,0.5064845681190491,0.34895893931388855,0.5033949613571167,0.3629249036312103,0.5064845681190491,0.34895893931388855,2.9519805908203125,2.832916259765625
7916.0,0.5113918781280518,0.35396453738212585,0.5148479342460632,0.35947680473327637,0.5113918781280518,0.35396453738212585,2.9249725341796875,2.8315277099609375
7920.0,0.5231307744979858,0.3502499461174011,0.5261945128440857,0.34912869334220886,0.5231307744979858,0.3502499461174011,2.93505859375,2.8570556640625
7924.0,0.5300518274307251,0.3452724516391754,0.5352685451507568,0.35418349504470825,0.5300518274307251,0.3452724516391754,2.9456024169921875,2.8544158935546875
7928.0,0.5300763249397278,0.34507009387016296,0.5380889773368835,0.35087016224861145,0.5300763249397278,0.34507009387016296,2.9354248046875,2.8419342041015625
7932.0,0.5249245762825012,0.344941645860672,0.5335237979888916,0.3557772934436798,0.5249245762825012,0.344941645860672,2.965179443359375,2.84368896484375
7936.0,0.5249515175819397,0.34410059452056885,0.5333424210548401,0.34876716136932373,0.5249515175819397,0.34410059452056885,2.947021484375,2.838531494140625
7940.0,0.5275742411613464,0.3489581048488617,0.5340872406959534,0.35108456015586853,0.5275742411613464,0.3489581048488617,2.9515228271484375,2.86187744140625
7944.0,0.5280323028564453,0.34716275334358215,0.5279865264892578,0.35110411047935486,0.5280323028564453,0.34716275334358215,2.9640655517578125,2.849090576171875
7948.0,0.5253307819366455,0.3478061258792877,0.5272364020347595,0.34874460101127625,0.5253307819366455,0.3478061258792877,2.9398193359375,2.848663330078125
7952.0,0.5249710083007812,0.3509404957294464,0.5286145806312561,0.35184720158576965,0.5249710083007812,0.3509404957294464,2.9516448974609375,2.855255126953125
7956.0,0.5266579389572144,0.34645286202430725,0.5285487771034241,0.3428392708301544,0.5266579389572144,0.34645286202430725,2.953125,2.841888427734375
7960.0,0.5256078243255615,0.345655620098114,0.5322551131248474,0.34567728638648987,0.5256078243255615,0.345655620098114,2.9456939697265625,2.8583526611328125
7964.0,0.5267571806907654,0.34486356377601624,0.5290964841842651,0.3477657735347748,0.5267571806907654,0.34486356377601624,2.9409637451171875,2.837799072265625
7968.0,0.5259710550308228,0.34166261553764343,0.5289901494979858,0.3533788323402405,0.5259710550308228,0.34166261553764343,2.96856689453125,2.83551025390625
7972.0,0.5261411666870117,0.34526756405830383,0.5304425954818726,0.35535067319869995,0.5261411666870117,0.34526756405830383,2.9704437255859375,2.8516845703125
7976.0,0.525120198726654,0.34391915798187256,0.5303990244865417,0.3578890562057495,0.525120198726654,0.34391915798187256,2.9510498046875,2.8470916748046875
7980.0,0.5244952440261841,0.34374377131462097,0.5333821773529053,0.35350993275642395,0.5244952440261841,0.34374377131462097,2.9719390869140625,2.842681884765625
7984.0,0.5249391198158264,0.34713637828826904,0.5291227698326111,0.34998634457588196,0.5249391198158264,0.34713637828826904,2.955230712890625,2.842742919921875
7988.0,0.5283018350601196,0.3485877513885498,0.5307176113128662,0.3472054898738861,0.5283018350601196,0.3485877513885498,2.9380035400390625,2.85418701171875
7992.0,0.5252395272254944,0.34881865978240967,0.5311761498451233,0.34526851773262024,0.5252395272254944,0.34881865978240967,2.9439697265625,2.8564605712890625
7996.0,0.5272762179374695,0.3468744158744812,0.5287646055221558,0.3546461760997772,0.5272762179374695,0.3468744158744812,2.9524993896484375,2.8513336181640625
8000.0,0.5265095829963684,0.3454298973083496,0.5278862118721008,0.34367835521698,0.5265095829963684,0.3454298973083496,2.9568328857421875,2.863311767578125
8004.0,0.5260391235351562,0.3476797342300415,0.5294885039329529,0.34287360310554504,0.5260391235351562,0.3476797342300415,2.9698638916015625,2.8542022705078125
8008.0,0.5284783840179443,0.34624621272087097,0.5310742259025574,0.3465019166469574,0.5284783840179443,0.34624621272087097,2.9503326416015625,2.83837890625
8012.0,0.5277303457260132,0.3425361216068268,0.5312969088554382,0.34271445870399475,0.5277303457260132,0.3425361216068268,2.9601287841796875,2.8440399169921875
8016.0,0.5252681374549866,0.345159649848938,0.5318877696990967,0.34619492292404175,0.5252681374549866,0.345159649848938,2.953155517578125,2.8477935791015625
8020.0,0.5293803215026855,0.34404245018959045,0.5320364832878113,0.345773309469223,0.5293803215026855,0.34404245018959045,2.9413909912109375,2.8579559326171875
8024.0,0.5288939476013184,0.3466041386127472,0.5288783311843872,0.34464868903160095,0.5288939476013184,0.3466041386127472,2.948760986328125,2.858642578125
8028.0,0.527092695236206,0.34452706575393677,0.5257956981658936,0.3465995192527771,0.527092695236206,0.34452706575393677,2.9670562744140625,2.8534088134765625
8032.0,0.5273560285568237,0.33956336975097656,0.5320301651954651,0.34514373540878296,0.5273560285568237,0.33956336975097656,2.971160888671875,2.8625030517578125
8036.0,0.5252789855003357,0.34455952048301697,0.5299373269081116,0.35165324807167053,0.5252789855003357,0.34455952048301697,2.9786224365234375,2.8547210693359375
8040.0,0.5300229787826538,0.345108300447464,0.527746319770813,0.3482731878757477,0.5300229787826538,0.345108300447464,2.965545654296875,2.8474578857421875
8044.0,0.5294906497001648,0.34388765692710876,0.5317679643630981,0.3464384973049164,0.5294906497001648,0.34388765692710876,2.96002197265625,2.866119384765625
8048.0,0.5268283486366272,0.3450247347354889,0.5295753479003906,0.3438463509082794,0.5268283486366272,0.3450247347354889,2.9564361572265625,2.8577117919921875
8052.0,0.525571882724762,0.3464648127555847,0.529163122177124,0.34577110409736633,0.525571882724762,0.3464648127555847,2.959197998046875,2.8647308349609375
8056.0,0.5249658226966858,0.3436267673969269,0.5297078490257263,0.34322473406791687,0.5249658226966858,0.3436267673969269,2.95709228515625,2.8614044189453125
8060.0,0.5273175239562988,0.3476129472255707,0.5282352566719055,0.348792165517807,0.5273175239562988,0.3476129472255707,2.975341796875,2.8609466552734375
8064.0,0.5268149971961975,0.34214526414871216,0.5287424921989441,0.34828612208366394,0.5268149971961975,0.34214526414871216,2.9601287841796875,2.857452392578125
8068.0,0.526482880115509,0.3456818163394928,0.5307461023330688,0.34752801060676575,0.526482880115509,0.3456818163394928,2.9779205322265625,2.8596649169921875
8072.0,0.5295974016189575,0.33766433596611023,0.5327558517456055,0.3439972698688507,0.5295974016189575,0.33766433596611023,2.9474945068359375,2.8531646728515625
8076.0,0.5279470682144165,0.34301915764808655,0.5306785106658936,0.34146273136138916,0.5279470682144165,0.34301915764808655,2.950042724609375,2.8583984375
8080.0,0.5263307690620422,0.34953007102012634,0.5326240658760071,0.3511846959590912,0.5263307690620422,0.34953007102012634,2.962738037109375,2.8632049560546875
8084.0,0.5275393724441528,0.34865859150886536,0.5327937602996826,0.34702709317207336,0.5275393724441528,0.34865859150886536,2.9573211669921875,2.8736419677734375
8088.0,0.5290849804878235,0.34765833616256714,0.530571460723877,0.34829825162887573,0.5290849804878235,0.34765833616256714,2.95465087890625,2.869384765625
8092.0,0.52736496925354,0.3441764712333679,0.5305317044258118,0.34723326563835144,0.52736496925354,0.3441764712333679,2.9448089599609375,2.86492919921875
8096.0,0.5274335145950317,0.3422143757343292,0.5287387371063232,0.33614373207092285,0.5274335145950317,0.3422143757343292,2.9401397705078125,2.8648223876953125
8100.0,0.5285326242446899,0.3486512303352356,0.5291085243225098,0.33775174617767334,0.5285326242446899,0.3486512303352356,2.947540283203125,2.859649658203125
8104.0,0.5288117527961731,0.34798091650009155,0.5313206315040588,0.34037578105926514,0.5288117527961731,0.34798091650009155,2.9416046142578125,2.8757476806640625
8108.0,0.5282162427902222,0.3446740210056305,0.5264744758605957,0.3431857228279114,0.5282162427902222,0.3446740210056305,2.947265625,2.8591156005859375
8112.0,0.5258806943893433,0.3562614619731903,0.5293161273002625,0.34136977791786194,0.5258806943893433,0.3562614619731903,2.9483642578125,2.8652496337890625
8116.0,0.529814600944519,0.34465664625167847,0.5306621789932251,0.3411499559879303,0.529814600944519,0.34465664625167847,2.9345245361328125,2.860076904296875
8120.0,0.5263494253158569,0.34967854619026184,0.5279204845428467,0.33420228958129883,0.5263494253158569,0.34967854619026184,2.934783935546875,2.8648681640625
8124.0,0.5244752168655396,0.3397345542907715,0.5274239778518677,0.3481300473213196,0.5244752168655396,0.3397345542907715,2.9655609130859375,2.8598480224609375
8128.0,0.5263747572898865,0.35080552101135254,0.5347782373428345,0.3456227779388428,0.5263747572898865,0.35080552101135254,2.950927734375,2.860687255859375
8132.0,0.5265688896179199,0.34955620765686035,0.5287123322486877,0.343506395816803,0.5265688896179199,0.34955620765686035,2.953094482421875,2.8703460693359375
8136.0,0.5254484415054321,0.3416638970375061,0.5319021344184875,0.35044577717781067,0.5254484415054321,0.3416638970375061,2.958251953125,2.86566162109375
8140.0,0.5268188714981079,0.34892597794532776,0.5272305011749268,0.3489953875541687,0.5268188714981079,0.34892597794532776,2.9610443115234375,2.86773681640625
8144.0,0.5281092524528503,0.3423822522163391,0.5290590524673462,0.3552257716655731,0.5281092524528503,0.3423822522163391,2.9705047607421875,2.8563995361328125
8148.0,0.5263458490371704,0.344863623380661,0.5287190675735474,0.34807953238487244,0.5263458490371704,0.344863623380661,2.96282958984375,2.8693084716796875
8152.0,0.5292898416519165,0.3470536470413208,0.5320551991462708,0.3518632650375366,0.5292898416519165,0.3470536470413208,2.9673309326171875,2.86163330078125
8156.0,0.5274935960769653,0.34543243050575256,0.5321028828620911,0.34681445360183716,0.5274935960769653,0.34543243050575256,2.978729248046875,2.8701934814453125
8160.0,0.528374433517456,0.34153300523757935,0.5323101282119751,0.34941938519477844,0.528374433517456,0.34153300523757935,2.95867919921875,2.8710174560546875
8164.0,0.5254036784172058,0.34319913387298584,0.53072589635849,0.35187381505966187,0.5254036784172058,0.34319913387298584,2.9633636474609375,2.86846923828125
8168.0,0.5266447067260742,0.3491087257862091,0.5321447253227234,0.34264901280403137,0.5266447067260742,0.3491087257862091,2.9519195556640625,2.86273193359375
8172.0,0.5274324417114258,0.3412366807460785,0.5324358940124512,0.35451745986938477,0.5274324417114258,0.3412366807460785,2.958892822265625,2.871124267578125
8176.0,0.5276580452919006,0.34502843022346497,0.5305323004722595,0.34593480825424194,0.5276580452919006,0.34502843022346497,2.9732208251953125,2.8730926513671875
8180.0,0.5278205871582031,0.34084552526474,0.5302027463912964,0.35022932291030884,0.5278205871582031,0.34084552526474,2.961883544921875,2.8512725830078125
8184.0,0.5283436179161072,0.3455679714679718,0.5305785536766052,0.34849849343299866,0.5283436179161072,0.3455679714679718,2.9606170654296875,2.86395263671875
8188.0,0.528862476348877,0.3455425500869751,0.525621771812439,0.3516552746295929,0.528862476348877,0.3455425500869751,2.93853759765625,2.8662109375
8192.0,0.5278342366218567,0.34776759147644043,0.5318782329559326,0.3479318916797638,0.5278342366218567,0.34776759147644043,2.95526123046875,2.86474609375
8196.0,0.5269047617912292,0.3535861670970917,0.527752161026001,0.35313624143600464,0.5269047617912292,0.3535861670970917,2.959808349609375,2.885772705078125
8200.0,0.525860071182251,0.3484412431716919,0.5317593812942505,0.34846600890159607,0.525860071182251,0.3484412431716919,2.963775634765625,2.8625030517578125
8204.0,0.5284361839294434,0.3468739688396454,0.5320022106170654,0.349818617105484,0.5284361839294434,0.3468739688396454,2.943145751953125,2.8759002685546875
8208.0,0.525853157043457,0.35912981629371643,0.53073650598526,0.3502594828605652,0.525853157043457,0.35912981629371643,2.9561309814453125,2.8650054931640625
8212.0,0.5242516398429871,0.34585142135620117,0.5318306684494019,0.34499555826187134,0.5242516398429871,0.34585142135620117,2.94427490234375,2.8576202392578125
8216.0,0.5257352590560913,0.34613659977912903,0.5310947895050049,0.3538145422935486,0.5257352590560913,0.34613659977912903,2.9424896240234375,2.8582763671875
8220.0,0.5283448696136475,0.35068175196647644,0.530082643032074,0.3476325571537018,0.5283448696136475,0.35068175196647644,2.948760986328125,2.879547119140625
8224.0,0.5237314701080322,0.3495210111141205,0.5318096280097961,0.3504979908466339,0.5237314701080322,0.3495210111141205,2.9638824462890625,2.8603057861328125
8228.0,0.5232837796211243,0.3519746661186218,0.5307444930076599,0.34696754813194275,0.5232837796211243,0.3519746661186218,2.94158935546875,2.886016845703125
8232.0,0.5243738293647766,0.3462083041667938,0.5325344800949097,0.35357147455215454,0.5243738293647766,0.3462083041667938,2.9683837890625,2.8599395751953125
8236.0,0.5263528227806091,0.35153356194496155,0.5350580811500549,0.345848023891449,0.5263528227806091,0.35153356194496155,2.949615478515625,2.8819580078125
8240.0,0.5251761078834534,0.3572656512260437,0.5314064025878906,0.3490099310874939,0.5251761078834534,0.3572656512260437,2.9611358642578125,2.8647003173828125
8244.0,0.523064374923706,0.355747789144516,0.5302187204360962,0.34384337067604065,0.523064374923706,0.355747789144516,2.9627532958984375,2.864532470703125
8248.0,0.5240220427513123,0.35357969999313354,0.5319830775260925,0.3469923734664917,0.5240220427513123,0.35357969999313354,2.947479248046875,2.8607330322265625
8252.0,0.5237165689468384,0.36035585403442383,0.5338983535766602,0.3570714294910431,0.5237165689468384,0.36035585403442383,2.9464111328125,2.880706787109375
8256.0,0.5256707668304443,0.353522390127182,0.5275781154632568,0.35267794132232666,0.5256707668304443,0.353522390127182,2.972320556640625,2.87274169921875
8260.0,0.5235358476638794,0.3498323857784271,0.5332847237586975,0.3506655991077423,0.5235358476638794,0.3498323857784271,2.97900390625,2.859649658203125
8264.0,0.5224355459213257,0.3536485731601715,0.5317926406860352,0.3522164225578308,0.5224355459213257,0.3536485731601715,2.9684600830078125,2.867706298828125
8268.0,0.5256438851356506,0.35062935948371887,0.5340604782104492,0.3517207205295563,0.5256438851356506,0.35062935948371887,2.9578704833984375,2.876861572265625
8272.0,0.5261964201927185,0.35410022735595703,0.5344921946525574,0.3408294916152954,0.5261964201927185,0.35410022735595703,2.951263427734375,2.8664093017578125
8276.0,0.526070237159729,0.3498736023902893,0.5330371260643005,0.35016319155693054,0.526070237159729,0.3498736023902893,2.945556640625,2.86676025390625
8280.0,0.5235203504562378,0.3540591895580292,0.5318391919136047,0.34846147894859314,0.5235203504562378,0.3540591895580292,2.9595184326171875,2.874725341796875
8284.0,0.5270987749099731,0.35151439905166626,0.5313060879707336,0.3497806191444397,0.5270987749099731,0.35151439905166626,2.9709625244140625,2.855499267578125
8288.0,0.5239995121955872,0.3591790199279785,0.53019118309021,0.3522927165031433,0.5239995121955872,0.3591790199279785,2.959075927734375,2.860504150390625
8292.0,0.5239350199699402,0.35472702980041504,0.5286760926246643,0.3449495732784271,0.5239350199699402,0.35472702980041504,2.949981689453125,2.875244140625
8296.0,0.5232155323028564,0.3496629297733307,0.5298485159873962,0.35629773139953613,0.5232155323028564,0.3496629297733307,2.9726104736328125,2.8528594970703125
8300.0,0.5228918790817261,0.3526364862918854,0.5291373133659363,0.3503240644931793,0.5228918790817261,0.3526364862918854,2.940460205078125,2.8643646240234375
8304.0,0.5253382325172424,0.35306066274642944,0.5303991436958313,0.3510209023952484,0.5253382325172424,0.35306066274642944,2.9815216064453125,2.8694915771484375
8308.0,0.5246193408966064,0.3472004532814026,0.5313571095466614,0.347942054271698,0.5246193408966064,0.3472004532814026,2.94744873046875,2.8604888916015625
8312.0,0.5264490246772766,0.34755939245224,0.5293864011764526,0.34605395793914795,0.5264490246772766,0.34755939245224,2.942962646484375,2.865997314453125
8316.0,0.5239818692207336,0.35373684763908386,0.5295504927635193,0.3580007553100586,0.5239818692207336,0.35373684763908386,2.963958740234375,2.8621673583984375
8320.0,0.5267688632011414,0.3482455909252167,0.5307377576828003,0.3538206219673157,0.5267688632011414,0.3482455909252167,2.9409027099609375,2.875030517578125
8324.0,0.5240862369537354,0.3487279415130615,0.5335791707038879,0.35090330243110657,0.5240862369537354,0.3487279415130615,2.9573822021484375,2.8522796630859375
8328.0,0.5247348546981812,0.3508811593055725,0.5336271524429321,0.3521212637424469,0.5247348546981812,0.3508811593055725,2.9475250244140625,2.85821533203125
8332.0,0.5237438678741455,0.3487473428249359,0.528322160243988,0.34645360708236694,0.5237438678741455,0.3487473428249359,2.95831298828125,2.852020263671875
8336.0,0.5236179828643799,0.35079026222229004,0.5293765664100647,0.34873589873313904,0.5236179828643799,0.35079026222229004,2.9633636474609375,2.852996826171875
8340.0,0.5262997150421143,0.3499307930469513,0.5285448431968689,0.34702572226524353,0.5262997150421143,0.3499307930469513,2.9685821533203125,2.8582611083984375
8344.0,0.5255563855171204,0.34231752157211304,0.5317010879516602,0.3524138927459717,0.5255563855171204,0.34231752157211304,2.9468994140625,2.8510284423828125
8348.0,0.5257105827331543,0.3523305654525757,0.5285908579826355,0.3383122682571411,0.5257105827331543,0.3523305654525757,2.944091796875,2.8524627685546875
8352.0,0.5256091356277466,0.3393527567386627,0.530489444732666,0.34669575095176697,0.5256091356277466,0.3393527567386627,2.9301300048828125,2.8543243408203125
8356.0,0.52538001537323,0.3444528579711914,0.5294899940490723,0.3416486084461212,0.52538001537323,0.3444528579711914,2.929779052734375,2.8705291748046875
8360.0,0.5252529382705688,0.350004643201828,0.5294016003608704,0.34618061780929565,0.5252529382705688,0.350004643201828,2.938995361328125,2.8767852783203125
8364.0,0.5261892676353455,0.3465363681316376,0.5307468771934509,0.34218093752861023,0.5261892676353455,0.3465363681316376,2.942535400390625,2.84881591796875
8368.0,0.5267539024353027,0.34363964200019836,0.5311689376831055,0.3397849202156067,0.5267539024353027,0.34363964200019836,2.9201812744140625,2.869659423828125
8372.0,0.5251932740211487,0.34883615374565125,0.5310105085372925,0.34607386589050293,0.5251932740211487,0.34883615374565125,2.9356536865234375,2.85845947265625
8376.0,0.5246239900588989,0.34451547265052795,0.5290156602859497,0.34863343834877014,0.5246239900588989,0.34451547265052795,2.94122314453125,2.858642578125
8380.0,0.5239108204841614,0.3421744406223297,0.5267326831817627,0.34503862261772156,0.5239108204841614,0.3421744406223297,2.939178466796875,2.8542327880859375
8384.0,0.5233639478683472,0.3455342650413513,0.5282403230667114,0.3408883810043335,0.5233639478683472,0.3455342650413513,2.9178466796875,2.847808837890625
8388.0,0.5134573578834534,0.33692219853401184,0.5148538947105408,0.3378745913505554,0.5134573578834534,0.33692219853401184,2.9502716064453125,2.8416595458984375
8392.0,0.4957319498062134,0.3268689513206482,0.4914129376411438,0.32941722869873047,0.4957319498062134,0.3268689513206482,2.945770263671875,2.8679046630859375
8396.0,0.4668424427509308,0.32195204496383667,0.4686436057090759,0.3240136206150055,0.4668424427509308,0.32195204496383667,2.9599609375,2.8824615478515625
8400.0,0.4479641616344452,0.3138142228126526,0.4378911554813385,0.3056126832962036,0.4479641616344452,0.3138142228126526,2.97686767578125,2.8793487548828125
8404.0,0.4237261116504669,0.28901439905166626,0.4246860146522522,0.2778319716453552,0.4237261116504669,0.28901439905166626,2.9453887939453125,2.9050750732421875
8408.0,0.41012629866600037,0.2761566638946533,0.40930160880088806,0.2714833617210388,0.41012629866600037,0.2761566638946533,2.9327545166015625,2.892822265625
8412.0,0.4021681249141693,0.2663339376449585,0.4035518765449524,0.2624129354953766,0.4021681249141693,0.2663339376449585,2.9416656494140625,2.893218994140625
8416.0,0.4051854908466339,0.2672163248062134,0.4076341390609741,0.25327369570732117,0.4051854908466339,0.2672163248062134,2.9413604736328125,2.881011962890625
8420.0,0.4107722342014313,0.26547980308532715,0.4129883944988251,0.25314486026763916,0.4107722342014313,0.26547980308532715,2.9392852783203125,2.897735595703125
8424.0,0.4152410328388214,0.26459595561027527,0.4175077974796295,0.25640594959259033,0.4152410328388214,0.26459595561027527,2.9355621337890625,2.8976287841796875
8428.0,0.41399580240249634,0.2702268660068512,0.41535893082618713,0.26292580366134644,0.41399580240249634,0.2702268660068512,2.934356689453125,2.90771484375
8432.0,0.4132530987262726,0.2663351893424988,0.4120197594165802,0.2623888850212097,0.4132530987262726,0.2663351893424988,2.945281982421875,2.88629150390625
8436.0,0.4134729206562042,0.2669467329978943,0.41025978326797485,0.26707881689071655,0.4134729206562042,0.2669467329978943,2.9479217529296875,2.895477294921875
8440.0,0.4133279025554657,0.26885324716567993,0.4130026400089264,0.2582968473434448,0.4133279025554657,0.26885324716567993,2.9358978271484375,2.8934173583984375
8444.0,0.414589524269104,0.26458242535591125,0.4107292592525482,0.25871795415878296,0.414589524269104,0.26458242535591125,2.9300994873046875,2.8926239013671875
8448.0,0.40945062041282654,0.26656562089920044,0.4108082354068756,0.26317980885505676,0.40945062041282654,0.26656562089920044,2.94989013671875,2.8932647705078125
8452.0,0.4119979739189148,0.2684932351112366,0.4133731722831726,0.2626021206378937,0.4119979739189148,0.2684932351112366,2.945587158203125,2.8996124267578125
8456.0,0.4131805896759033,0.2651399075984955,0.41044068336486816,0.2579059898853302,0.4131805896759033,0.2651399075984955,2.9567413330078125,2.88824462890625
8460.0,0.4109744131565094,0.26349523663520813,0.41258755326271057,0.25689148902893066,0.4109744131565094,0.26349523663520813,2.9375457763671875,2.87847900390625
8464.0,0.41171976923942566,0.26419681310653687,0.414092481136322,0.2640320658683777,0.41171976923942566,0.26419681310653687,2.944915771484375,2.8819427490234375
8468.0,0.4103397727012634,0.2658381760120392,0.41266560554504395,0.2561638057231903,0.4103397727012634,0.2658381760120392,2.931549072265625,2.8737640380859375
8472.0,0.40880540013313293,0.2631992995738983,0.4147084355354309,0.2593407928943634,0.40880540013313293,0.2631992995738983,2.9405517578125,2.87567138671875
8476.0,0.4077851176261902,0.2616841793060303,0.41560715436935425,0.25730904936790466,0.4077851176261902,0.2616841793060303,2.920440673828125,2.8792877197265625
8480.0,0.40764278173446655,0.26656168699264526,0.4128376841545105,0.2580357491970062,0.40764278173446655,0.26656168699264526,2.9275665283203125,2.872802734375
8484.0,0.4085128605365753,0.2591996490955353,0.4164856970310211,0.25236696004867554,0.4085128605365753,0.2591996490955353,2.9185791015625,2.8783416748046875
8488.0,0.40728315711021423,0.2649505138397217,0.4161241352558136,0.25662505626678467,0.40728315711021423,0.2649505138397217,2.9303436279296875,2.8780364990234375
8492.0,0.4099082350730896,0.2665668725967407,0.4133257269859314,0.25588467717170715,0.4099082350730896,0.2665668725967407,2.9215545654296875,2.865234375
8496.0,0.40679931640625,0.2633470594882965,0.4123987853527069,0.26002806425094604,0.40679931640625,0.2633470594882965,2.9243927001953125,2.870758056640625
8500.0,0.4063848555088043,0.26573964953422546,0.4139469563961029,0.2521038353443146,0.4063848555088043,0.26573964953422546,2.91510009765625,2.8798828125
8504.0,0.40862515568733215,0.26515141129493713,0.4098964035511017,0.2585659921169281,0.40862515568733215,0.26515141129493713,2.912384033203125,2.88665771484375
8508.0,0.4089367985725403,0.2647409737110138,0.40920692682266235,0.25997763872146606,0.4089367985725403,0.2647409737110138,2.91314697265625,2.8736572265625
8512.0,0.40676745772361755,0.261275053024292,0.4104098379611969,0.2562916874885559,0.40676745772361755,0.261275053024292,2.94580078125,2.867034912109375
8516.0,0.40914592146873474,0.26051098108291626,0.40875959396362305,0.2534851133823395,0.40914592146873474,0.26051098108291626,2.92169189453125,2.874298095703125
8520.0,0.4111335575580597,0.2581388056278229,0.4067549407482147,0.25525516271591187,0.4111335575580597,0.2581388056278229,2.9250030517578125,2.8652496337890625
8524.0,0.41053447127342224,0.2655734419822693,0.4095029830932617,0.2501038908958435,0.41053447127342224,0.2655734419822693,2.9078521728515625,2.885040283203125
8528.0,0.4106447696685791,0.26142755150794983,0.40879255533218384,0.2524626553058624,0.4106447696685791,0.26142755150794983,2.92413330078125,2.866973876953125
8532.0,0.4109424948692322,0.26385146379470825,0.4093456268310547,0.257037878036499,0.4109424948692322,0.26385146379470825,2.9240570068359375,2.8680572509765625
8536.0,0.4107719659805298,0.2652144730091095,0.41049087047576904,0.25867268443107605,0.4107719659805298,0.2652144730091095,2.925689697265625,2.8657989501953125
8540.0,0.4091546833515167,0.2610293924808502,0.4099513292312622,0.25747910141944885,0.4091546833515167,0.2610293924808502,2.92657470703125,2.8715362548828125
8544.0,0.41540729999542236,0.2651935815811157,0.4135799705982208,0.2596166431903839,0.41540729999542236,0.2651935815811157,2.930694580078125,2.869476318359375
8548.0,0.406791090965271,0.2608875632286072,0.41481590270996094,0.25953108072280884,0.406791090965271,0.2608875632286072,2.9337158203125,2.880340576171875
8552.0,0.41051164269447327,0.2616707682609558,0.411957710981369,0.2551479637622833,0.41051164269447327,0.2616707682609558,2.90179443359375,2.851165771484375
8556.0,0.40689799189567566,0.26624271273612976,0.4109944999217987,0.25817787647247314,0.40689799189567566,0.26624271273612976,2.916259765625,2.872955322265625
8560.0,0.40957581996917725,0.2610779106616974,0.41331231594085693,0.2518567144870758,0.40957581996917725,0.2610779106616974,2.91510009765625,2.8607025146484375
8564.0,0.4072203040122986,0.26419007778167725,0.4140492379665375,0.25902295112609863,0.4072203040122986,0.26419007778167725,2.9178924560546875,2.8814849853515625
8568.0,0.40447571873664856,0.26460087299346924,0.4117162823677063,0.2569452226161957,0.40447571873664856,0.26460087299346924,2.91986083984375,2.8690032958984375
8572.0,0.4041343331336975,0.26487472653388977,0.4119398295879364,0.2610413134098053,0.4041343331336975,0.26487472653388977,2.9026947021484375,2.8593902587890625
8576.0,0.40411177277565,0.25768566131591797,0.4095754027366638,0.25635725259780884,0.40411177277565,0.25768566131591797,2.91192626953125,2.855682373046875
8580.0,0.40554702281951904,0.2651306092739105,0.41134974360466003,0.26252955198287964,0.40554702281951904,0.2651306092739105,2.92633056640625,2.856658935546875
8584.0,0.40659099817276,0.2697601318359375,0.4125000834465027,0.25846633315086365,0.40659099817276,0.2697601318359375,2.919952392578125,2.863250732421875
8588.0,0.4067649841308594,0.26968035101890564,0.410806804895401,0.2576240003108978,0.4067649841308594,0.26968035101890564,2.9285736083984375,2.85870361328125
8592.0,0.40724197030067444,0.2649717330932617,0.4097779393196106,0.26344504952430725,0.40724197030067444,0.2649717330932617,2.9055328369140625,2.8606414794921875
8596.0,0.4090346395969391,0.26496127247810364,0.40863433480262756,0.259874165058136,0.4090346395969391,0.26496127247810364,2.9099273681640625,2.86767578125
8600.0,0.40968188643455505,0.2662322521209717,0.4086471199989319,0.25941231846809387,0.40968188643455505,0.2662322521209717,2.9227447509765625,2.8620147705078125
8604.0,0.4114927053451538,0.26865389943122864,0.4127618968486786,0.25856688618659973,0.4114927053451538,0.26865389943122864,2.913970947265625,2.86376953125
8608.0,0.41070660948753357,0.2747113108634949,0.4114822447299957,0.25743868947029114,0.41070660948753357,0.2747113108634949,2.9291839599609375,2.8568115234375
8612.0,0.4097816050052643,0.2711145877838135,0.4152424931526184,0.26285475492477417,0.4097816050052643,0.2711145877838135,2.9454345703125,2.8561553955078125
8616.0,0.41117388010025024,0.26842403411865234,0.4125474989414215,0.2573394179344177,0.41117388010025024,0.26842403411865234,2.9290924072265625,2.8681640625
8620.0,0.4109348952770233,0.26104775071144104,0.41274571418762207,0.2582342028617859,0.4109348952770233,0.26104775071144104,2.89617919921875,2.8535308837890625
8624.0,0.4109186828136444,0.2705913186073303,0.4159090518951416,0.25352898240089417,0.4109186828136444,0.2705913186073303,2.9232177734375,2.8545379638671875
8628.0,0.40604302287101746,0.27299073338508606,0.4125112295150757,0.2576802968978882,0.40604302287101746,0.27299073338508606,2.912994384765625,2.8502655029296875
8632.0,0.4039444923400879,0.2677706182003021,0.41318613290786743,0.25080960988998413,0.4039444923400879,0.2677706182003021,2.9379425048828125,2.8653106689453125
8636.0,0.4056243598461151,0.2641583979129791,0.41288307309150696,0.25759387016296387,0.4056243598461151,0.2641583979129791,2.924560546875,2.839996337890625
8640.0,0.40355923771858215,0.26958340406417847,0.4094128906726837,0.2560872435569763,0.40355923771858215,0.26958340406417847,2.91339111328125,2.8591461181640625
8644.0,0.40367913246154785,0.2678932547569275,0.4083513915538788,0.25548169016838074,0.40367913246154785,0.2678932547569275,2.928802490234375,2.8672332763671875
8648.0,0.4058148264884949,0.2693801522254944,0.4092313051223755,0.25396928191185,0.4058148264884949,0.2693801522254944,2.913177490234375,2.8547821044921875
8652.0,0.407511830329895,0.2648811340332031,0.4077710509300232,0.25852006673812866,0.407511830329895,0.2648811340332031,2.9341278076171875,2.8518218994140625
8656.0,0.40528663992881775,0.2717496156692505,0.4119753837585449,0.25510546565055847,0.40528663992881775,0.2717496156692505,2.9327545166015625,2.8680572509765625
8660.0,0.4088185131549835,0.2752334475517273,0.41324523091316223,0.25917547941207886,0.4088185131549835,0.2752334475517273,2.9347686767578125,2.87396240234375
8664.0,0.40931767225265503,0.26703277230262756,0.411409467458725,0.2557198703289032,0.40931767225265503,0.26703277230262756,2.940216064453125,2.8554229736328125
8668.0,0.4106444716453552,0.26860660314559937,0.4129483103752136,0.2556620240211487,0.4106444716453552,0.26860660314559937,2.9132843017578125,2.871490478515625
8672.0,0.4105810523033142,0.2744844853878021,0.41359221935272217,0.25516653060913086,0.4105810523033142,0.2744844853878021,2.92327880859375,2.8676910400390625
8676.0,0.41049709916114807,0.2647184729576111,0.41472718119621277,0.25822290778160095,0.41049709916114807,0.2647184729576111,2.9305419921875,2.84686279296875
8680.0,0.40786507725715637,0.2717486023902893,0.4123009741306305,0.2595767378807068,0.40786507725715637,0.2717486023902893,2.9312286376953125,2.8694610595703125
8684.0,0.41089266538619995,0.2693782150745392,0.4155186712741852,0.2557050883769989,0.41089266538619995,0.2693782150745392,2.9232025146484375,2.8750762939453125
8688.0,0.40983450412750244,0.2761240601539612,0.4142611622810364,0.2580011487007141,0.40983450412750244,0.2761240601539612,2.935211181640625,2.86651611328125
8692.0,0.4146536886692047,0.27440980076789856,0.4130953848361969,0.25773561000823975,0.4146536886692047,0.27440980076789856,2.926971435546875,2.877655029296875
8696.0,0.4110642373561859,0.26857396960258484,0.41458597779273987,0.26373863220214844,0.4110642373561859,0.26857396960258484,2.9488677978515625,2.863189697265625
8700.0,0.4051350951194763,0.265106737613678,0.4085685610771179,0.2593987286090851,0.4051350951194763,0.265106737613678,2.9158172607421875,2.8591156005859375
8704.0,0.3845556676387787,0.2738964855670929,0.3882061243057251,0.27150365710258484,0.3845556676387787,0.2738964855670929,2.9496612548828125,2.8754730224609375
8708.0,0.36386463046073914,0.3022644817829132,0.36145657300949097,0.3025977611541748,0.36386463046073914,0.3022644817829132,2.9560394287109375,2.883575439453125
8712.0,0.3373546302318573,0.3260386884212494,0.3443705439567566,0.32494282722473145,0.3373546302318573,0.3260386884212494,2.9374542236328125,2.890045166015625
8716.0,0.33154433965682983,0.3457883298397064,0.3341884911060333,0.3371666371822357,0.33154433965682983,0.3457883298397064,2.941192626953125,2.871551513671875
8720.0,0.32713237404823303,0.3576083183288574,0.3409859538078308,0.34734010696411133,0.32713237404823303,0.3576083183288574,2.9315338134765625,2.890411376953125
8724.0,0.3378758430480957,0.3616039454936981,0.3453250527381897,0.3531416654586792,0.3378758430480957,0.3616039454936981,2.8944244384765625,2.8672637939453125
8728.0,0.349256306886673,0.3685685396194458,0.3533948063850403,0.35220980644226074,0.349256306886673,0.3685685396194458,2.9127197265625,2.8885345458984375
8732.0,0.3528875708580017,0.3542190194129944,0.35222047567367554,0.34865355491638184,0.3528875708580017,0.3542190194129944,2.927215576171875,2.8907928466796875
8736.0,0.34662511944770813,0.3382285535335541,0.3445374369621277,0.3463517427444458,0.34662511944770813,0.3382285535335541,2.940673828125,2.8815155029296875
8740.0,0.34387993812561035,0.3374797999858856,0.34228813648223877,0.34729406237602234,0.34387993812561035,0.3374797999858856,2.9133758544921875,2.8726959228515625
8744.0,0.34201186895370483,0.3406733572483063,0.349253386259079,0.3539992570877075,0.34201186895370483,0.3406733572483063,2.926177978515625,2.8606109619140625
8748.0,0.3407471477985382,0.348052442073822,0.3480125367641449,0.35061371326446533,0.3407471477985382,0.348052442073822,2.9390716552734375,2.8787841796875
8752.0,0.34030306339263916,0.34978005290031433,0.3456830084323883,0.35338956117630005,0.34030306339263916,0.34978005290031433,2.928436279296875,2.878143310546875
8756.0,0.34076857566833496,0.3527628183364868,0.3490844964981079,0.3527424931526184,0.34076857566833496,0.3527628183364868,2.937530517578125,2.876708984375
8760.0,0.34015610814094543,0.35239270329475403,0.34708625078201294,0.3522484302520752,0.34015610814094543,0.35239270329475403,2.915435791015625,2.8616180419921875
8764.0,0.34079018235206604,0.3537816107273102,0.3427186906337738,0.3490162491798401,0.34079018235206604,0.3537816107273102,2.9196929931640625,2.873321533203125
8768.0,0.33835792541503906,0.35393857955932617,0.3457694947719574,0.35331225395202637,0.33835792541503906,0.35393857955932617,2.93414306640625,2.87109375
8772.0,0.3399912118911743,0.3469645380973816,0.3490287959575653,0.35681742429733276,0.3399912118911743,0.3469645380973816,2.92523193359375,2.8642730712890625
8776.0,0.33838212490081787,0.35462215542793274,0.34807008504867554,0.35190412402153015,0.33838212490081787,0.35462215542793274,2.92645263671875,2.8713836669921875
8780.0,0.3383113741874695,0.3545062243938446,0.34545189142227173,0.35466739535331726,0.3383113741874695,0.3545062243938446,2.9323577880859375,2.87945556640625
8784.0,0.3396450877189636,0.35695746541023254,0.3462592363357544,0.3567759692668915,0.3396450877189636,0.35695746541023254,2.93731689453125,2.894439697265625
8788.0,0.3420276939868927,0.3528076112270355,0.3458630442619324,0.3585267961025238,0.3420276939868927,0.3528076112270355,2.9246673583984375,2.870513916015625
8792.0,0.34080347418785095,0.3542623221874237,0.3428100049495697,0.35326939821243286,0.34080347418785095,0.3542623221874237,2.9426116943359375,2.876708984375
8796.0,0.3430667519569397,0.3573116064071655,0.34564587473869324,0.34308215975761414,0.3430667519569397,0.3573116064071655,2.902435302734375,2.873992919921875
8800.0,0.34167149662971497,0.3554789125919342,0.3447658121585846,0.34502479434013367,0.34167149662971497,0.3554789125919342,2.917083740234375,2.87982177734375
8804.0,0.3426644206047058,0.35298487544059753,0.3436655104160309,0.3443211317062378,0.3426644206047058,0.35298487544059753,2.9052581787109375,2.8659515380859375
8808.0,0.3401188850402832,0.3520337641239166,0.3437933325767517,0.34785225987434387,0.3401188850402832,0.3520337641239166,2.9196014404296875,2.86822509765625
8812.0,0.3428821861743927,0.35466331243515015,0.3458722233772278,0.34285980463027954,0.3428821861743927,0.35466331243515015,2.901885986328125,2.8736114501953125
8816.0,0.34335657954216003,0.35197368264198303,0.34305766224861145,0.3516077399253845,0.34335657954216003,0.35197368264198303,2.928955078125,2.8767547607421875
8820.0,0.34102267026901245,0.3547608256340027,0.3395816683769226,0.3563423454761505,0.34102267026901245,0.3547608256340027,2.93597412109375,2.880157470703125
8824.0,0.3380310535430908,0.3517600893974304,0.33900898694992065,0.352558970451355,0.3380310535430908,0.3517600893974304,2.927398681640625,2.8787689208984375
8828.0,0.3395627737045288,0.3523000180721283,0.33940771222114563,0.3497277498245239,0.3395627737045288,0.3523000180721283,2.90740966796875,2.8588409423828125
8832.0,0.33757874369621277,0.3467603325843811,0.33748969435691833,0.35048404335975647,0.33757874369621277,0.3467603325843811,2.9485931396484375,2.86334228515625
8836.0,0.3375518023967743,0.3459266126155853,0.34156662225723267,0.3578145503997803,0.3375518023967743,0.3459266126155853,2.9251861572265625,2.8685150146484375
8840.0,0.3379806578159332,0.3527379333972931,0.340894877910614,0.3515995144844055,0.3379806578159332,0.3527379333972931,2.9241485595703125,2.871612548828125
8844.0,0.3359314203262329,0.35255181789398193,0.3414197564125061,0.34731563925743103,0.3359314203262329,0.35255181789398193,2.9267120361328125,2.884307861328125
8848.0,0.3380993902683258,0.35147011280059814,0.3427542448043823,0.34909579157829285,0.3380993902683258,0.35147011280059814,2.9356842041015625,2.870941162109375
8852.0,0.34003934264183044,0.35338419675827026,0.34329289197921753,0.3488861918449402,0.34003934264183044,0.35338419675827026,2.9037322998046875,2.858428955078125
8856.0,0.33725473284721375,0.35676130652427673,0.3430689573287964,0.3495403230190277,0.33725473284721375,0.35676130652427673,2.9116668701171875,2.8723602294921875
8860.0,0.34040117263793945,0.34786152839660645,0.3456433415412903,0.3547280430793762,0.34040117263793945,0.34786152839660645,2.9332733154296875,2.8658599853515625
8864.0,0.34080269932746887,0.35325509309768677,0.3440540134906769,0.3486984670162201,0.34080269932746887,0.35325509309768677,2.924530029296875,2.874053955078125
8868.0,0.3442656397819519,0.35447007417678833,0.34942787885665894,0.3591337502002716,0.3442656397819519,0.35447007417678833,2.943603515625,2.881805419921875
8872.0,0.34238627552986145,0.3513539135456085,0.34566405415534973,0.3561217784881592,0.34238627552986145,0.3513539135456085,2.918060302734375,2.9009857177734375
8876.0,0.34397903084754944,0.3570011556148529,0.34928587079048157,0.3610517680644989,0.34397903084754944,0.3570011556148529,2.9435272216796875,2.88323974609375
8880.0,0.342485636472702,0.35614505410194397,0.34929630160331726,0.3595733940601349,0.342485636472702,0.35614505410194397,2.9287567138671875,2.89129638671875
8884.0,0.3406684696674347,0.34993982315063477,0.3472942113876343,0.35704830288887024,0.3406684696674347,0.34993982315063477,2.930633544921875,2.8803863525390625
8888.0,0.3408013880252838,0.35190561413764954,0.3450999855995178,0.35700488090515137,0.3408013880252838,0.35190561413764954,2.9247894287109375,2.89312744140625
8892.0,0.3374224901199341,0.3495008647441864,0.344570130109787,0.36293908953666687,0.3374224901199341,0.3495008647441864,2.9325714111328125,2.871368408203125
8896.0,0.3395248353481293,0.34562399983406067,0.34466278553009033,0.36257854104042053,0.3395248353481293,0.34562399983406067,2.9551544189453125,2.868133544921875
8900.0,0.33784380555152893,0.35083621740341187,0.34107598662376404,0.35189080238342285,0.33784380555152893,0.35083621740341187,2.9222564697265625,2.889923095703125
8904.0,0.33719611167907715,0.3548450469970703,0.34540507197380066,0.355455607175827,0.33719611167907715,0.3548450469970703,2.9322357177734375,2.9014129638671875
8908.0,0.3372736871242523,0.3534960150718689,0.3413141965866089,0.35490426421165466,0.3372736871242523,0.3534960150718689,2.9293670654296875,2.8919219970703125
8912.0,0.33593207597732544,0.3528197109699249,0.3455083668231964,0.35346779227256775,0.33593207597732544,0.3528197109699249,2.91754150390625,2.873809814453125
8916.0,0.33698615431785583,0.35156023502349854,0.34217900037765503,0.34459662437438965,0.33698615431785583,0.35156023502349854,2.912750244140625,2.89385986328125
8920.0,0.33522966504096985,0.35443079471588135,0.34152618050575256,0.35014981031417847,0.33522966504096985,0.35443079471588135,2.9335174560546875,2.9083404541015625
8924.0,0.3368327021598816,0.35068371891975403,0.3406827747821808,0.34878289699554443,0.3368327021598816,0.35068371891975403,2.929534912109375,2.8918914794921875
8928.0,0.3367040455341339,0.3532300591468811,0.33794105052948,0.35096681118011475,0.3367040455341339,0.3532300591468811,2.9347076416015625,2.885009765625
8932.0,0.33410540223121643,0.3559575378894806,0.34232667088508606,0.3556884527206421,0.33410540223121643,0.3559575378894806,2.941925048828125,2.881927490234375
8936.0,0.33518606424331665,0.35335272550582886,0.3361641466617584,0.35844090580940247,0.33518606424331665,0.35335272550582886,2.946197509765625,2.8787384033203125
8940.0,0.3366157114505768,0.36005446314811707,0.3427528440952301,0.35109975934028625,0.3366157114505768,0.36005446314811707,2.9415435791015625,2.8973846435546875
8944.0,0.3380628228187561,0.36057281494140625,0.34413447976112366,0.3489507734775543,0.3380628228187561,0.36057281494140625,2.9454803466796875,2.9147796630859375
8948.0,0.33914846181869507,0.3560541272163391,0.3414543569087982,0.3604045510292053,0.33914846181869507,0.3560541272163391,2.95391845703125,2.8895263671875
8952.0,0.3370271921157837,0.358242392539978,0.3430766463279724,0.3593828082084656,0.3370271921157837,0.358242392539978,2.95208740234375,2.891265869140625
8956.0,0.33797869086265564,0.3549213409423828,0.3416469991207123,0.362870454788208,0.33797869086265564,0.3549213409423828,2.9669952392578125,2.8941802978515625
8960.0,0.33874621987342834,0.3610844612121582,0.3449387848377228,0.3463810682296753,0.33874621987342834,0.3610844612121582,2.94158935546875,2.9037322998046875
8964.0,0.33689936995506287,0.3612487316131592,0.34293004870414734,0.3515946567058563,0.33689936995506287,0.3612487316131592,2.953887939453125,2.8979949951171875
8968.0,0.3405991494655609,0.3589022159576416,0.3449457585811615,0.3480207920074463,0.3405991494655609,0.3589022159576416,2.9345245361328125,2.9042205810546875
8972.0,0.34014976024627686,0.3583879768848419,0.3448008894920349,0.35433584451675415,0.34014976024627686,0.3583879768848419,2.979339599609375,2.9085693359375
8976.0,0.34226542711257935,0.3624356687068939,0.33941546082496643,0.3523029386997223,0.34226542711257935,0.3624356687068939,2.9694976806640625,2.906158447265625
8980.0,0.3412782549858093,0.36297407746315,0.3477717638015747,0.35217270255088806,0.3412782549858093,0.36297407746315,2.9561309814453125,2.91693115234375
8984.0,0.3401409685611725,0.3633764088153839,0.34498095512390137,0.35365837812423706,0.3401409685611725,0.3633764088153839,2.9542083740234375,2.9085540771484375
8988.0,0.3396967649459839,0.36210596561431885,0.3444715440273285,0.34973907470703125,0.3396967649459839,0.36210596561431885,2.962646484375,2.9191131591796875
8992.0,0.3407434821128845,0.3616138994693756,0.34252724051475525,0.3533017337322235,0.3407434821128845,0.3616138994693756,2.95794677734375,2.92230224609375
8996.0,0.3419143855571747,0.36436304450035095,0.343696653842926,0.34565606713294983,0.3419143855571747,0.36436304450035095,2.943603515625,2.9108428955078125
9000.0,0.34154027700424194,0.36322882771492004,0.34522247314453125,0.3475683629512787,0.34154027700424194,0.36322882771492004,2.953948974609375,2.919342041015625
9004.0,0.3460918068885803,0.3700616955757141,0.3482225835323334,0.35802868008613586,0.3460918068885803,0.3700616955757141,2.969024658203125,2.9219207763671875
9008.0,0.34146615862846375,0.3640218675136566,0.3461010754108429,0.35634729266166687,0.34146615862846375,0.3640218675136566,2.9598236083984375,2.9200897216796875
9012.0,0.3435612618923187,0.36599868535995483,0.3501344919204712,0.35988572239875793,0.3435612618923187,0.36599868535995483,2.9547576904296875,2.9170074462890625
9016.0,0.3430010974407196,0.3651937246322632,0.34682005643844604,0.35869571566581726,0.3430010974407196,0.3651937246322632,2.999908447265625,2.9111175537109375
9020.0,0.34028196334838867,0.361743301153183,0.35018235445022583,0.35787513852119446,0.34028196334838867,0.361743301153183,2.982147216796875,2.9312591552734375
9024.0,0.34127482771873474,0.36473169922828674,0.3490011990070343,0.35801103711128235,0.34127482771873474,0.36473169922828674,2.98309326171875,2.9198455810546875
9028.0,0.33999103307724,0.36192014813423157,0.34835758805274963,0.36367011070251465,0.33999103307724,0.36192014813423157,2.9897003173828125,2.930145263671875
9032.0,0.3401317000389099,0.3622436821460724,0.3458632230758667,0.3598947823047638,0.3401317000389099,0.3622436821460724,2.99456787109375,2.9199676513671875
9036.0,0.33900126814842224,0.36400243639945984,0.3477443754673004,0.359043151140213,0.33900126814842224,0.36400243639945984,2.9981689453125,2.9354400634765625
9040.0,0.33765748143196106,0.3626525104045868,0.34874704480171204,0.3582788109779358,0.33765748143196106,0.3626525104045868,2.983245849609375,2.9249725341796875
9044.0,0.33470162749290466,0.3646419048309326,0.3457089066505432,0.35621652007102966,0.33470162749290466,0.3646419048309326,2.98895263671875,2.9339447021484375
9048.0,0.33342429995536804,0.35974955558776855,0.3481499254703522,0.3543952405452728,0.33342429995536804,0.35974955558776855,2.9734649658203125,2.9348602294921875
9052.0,0.33646005392074585,0.3601711392402649,0.3477487862110138,0.36703747510910034,0.33646005392074585,0.3601711392402649,3.0059051513671875,2.92742919921875
9056.0,0.34016701579093933,0.3678238093852997,0.34432554244995117,0.3718922734260559,0.34016701579093933,0.3678238093852997,3.0017852783203125,2.933837890625
9060.0,0.32893088459968567,0.38949352502822876,0.33444687724113464,0.3943609297275543,0.32893088459968567,0.38949352502822876,2.9937591552734375,2.923370361328125
9064.0,0.31898602843284607,0.4067605435848236,0.3272208273410797,0.4082987308502197,0.31898602843284607,0.4067605435848236,2.978424072265625,2.9056854248046875
9068.0,0.3184181749820709,0.4167358875274658,0.3230730891227722,0.4240281879901886,0.3184181749820709,0.4167358875274658,2.9627685546875,2.9050445556640625
9072.0,0.3215012848377228,0.42278456687927246,0.3331378102302551,0.41778767108917236,0.3215012848377228,0.42278456687927246,2.948638916015625,2.9326019287109375
9076.0,0.32659411430358887,0.4278886914253235,0.3341849148273468,0.42889919877052307,0.32659411430358887,0.4278886914253235,2.952880859375,2.936279296875
9080.0,0.32811030745506287,0.4297870993614197,0.33057838678359985,0.43109723925590515,0.32811030745506287,0.4297870993614197,2.95843505859375,2.930938720703125
9084.0,0.32527926564216614,0.41494134068489075,0.3307361602783203,0.4285212457180023,0.32527926564216614,0.41494134068489075,2.9696807861328125,2.9214324951171875
9088.0,0.3267824649810791,0.4101288616657257,0.32771292328834534,0.4230598211288452,0.3267824649810791,0.4101288616657257,2.9781494140625,2.924652099609375
9092.0,0.3251558244228363,0.4139535129070282,0.3306192457675934,0.4154474139213562,0.3251558244228363,0.4139535129070282,2.98046875,2.929412841796875
9096.0,0.3249896168708801,0.4091534912586212,0.33103257417678833,0.4224312901496887,0.3249896168708801,0.4091534912586212,2.9784393310546875,2.930572509765625
9100.0,0.3251325190067291,0.41979342699050903,0.3323546051979065,0.4282979369163513,0.3251325190067291,0.41979342699050903,2.9909210205078125,2.9393463134765625
9104.0,0.32426270842552185,0.41322648525238037,0.33217939734458923,0.41777822375297546,0.32426270842552185,0.41322648525238037,2.9609832763671875,2.9351959228515625
9108.0,0.32495808601379395,0.408802330493927,0.33130326867103577,0.42016276717185974,0.32495808601379395,0.408802330493927,2.978729248046875,2.923126220703125
9112.0,0.3243105709552765,0.41346701979637146,0.32866305112838745,0.41734644770622253,0.3243105709552765,0.41346701979637146,2.9697723388671875,2.9418182373046875
9116.0,0.3246774971485138,0.4219380021095276,0.33290836215019226,0.42074644565582275,0.3246774971485138,0.4219380021095276,2.9947967529296875,2.950775146484375
9120.0,0.32398727536201477,0.4159059226512909,0.3308541178703308,0.4212673604488373,0.32398727536201477,0.4159059226512909,2.993011474609375,2.94000244140625
9124.0,0.3244651257991791,0.4169599115848541,0.32833364605903625,0.4218575656414032,0.3244651257991791,0.4169599115848541,2.9737548828125,2.9516754150390625
9128.0,0.3208349645137787,0.41436275839805603,0.3291517496109009,0.42166009545326233,0.3208349645137787,0.41436275839805603,2.99310302734375,2.9359130859375
9132.0,0.32520514726638794,0.4173037111759186,0.328673779964447,0.4242210388183594,0.32520514726638794,0.4173037111759186,2.9915313720703125,2.9381256103515625
9136.0,0.325041800737381,0.4151327908039093,0.333532452583313,0.42162010073661804,0.325041800737381,0.4151327908039093,3.007843017578125,2.943817138671875
9140.0,0.32051679491996765,0.4132520854473114,0.332343727350235,0.42770400643348694,0.32051679491996765,0.4132520854473114,2.999420166015625,2.9625244140625
9144.0,0.32413560152053833,0.41829386353492737,0.3310377895832062,0.4259813129901886,0.32413560152053833,0.41829386353492737,3.0070648193359375,2.9553680419921875
9148.0,0.32465308904647827,0.4229479432106018,0.3348303735256195,0.42679286003112793,0.32465308904647827,0.4229479432106018,3.0062255859375,2.9630279541015625
9152.0,0.32115185260772705,0.41327473521232605,0.3315886855125427,0.4220695495605469,0.32115185260772705,0.41327473521232605,3.0143585205078125,2.948089599609375
9156.0,0.3216328024864197,0.4150772988796234,0.33022040128707886,0.4151514768600464,0.3216328024864197,0.4150772988796234,3.0004730224609375,2.978424072265625
9160.0,0.32333889603614807,0.4127967059612274,0.3303700089454651,0.42950204014778137,0.32333889603614807,0.4127967059612274,3.0179595947265625,2.96551513671875
9164.0,0.32501429319381714,0.42172613739967346,0.3279799818992615,0.41892218589782715,0.32501429319381714,0.42172613739967346,3.0142059326171875,2.9779510498046875
9168.0,0.32350996136665344,0.4122771620750427,0.3280941843986511,0.41824451088905334,0.32350996136665344,0.4122771620750427,3.003662109375,2.9644927978515625
9172.0,0.32240810990333557,0.41316094994544983,0.33181026577949524,0.42503708600997925,0.32240810990333557,0.41316094994544983,3.0153350830078125,2.968292236328125
9176.0,0.3240303695201874,0.4189709722995758,0.3326701521873474,0.42726296186447144,0.3240303695201874,0.4189709722995758,3.0453948974609375,2.970367431640625
9180.0,0.32493481040000916,0.4107644557952881,0.3287848234176636,0.4202786982059479,0.32493481040000916,0.4107644557952881,3.0113067626953125,2.97747802734375
9184.0,0.32272568345069885,0.41932493448257446,0.3305151164531708,0.42591366171836853,0.32272568345069885,0.41932493448257446,3.0276336669921875,2.9752044677734375
9188.0,0.32464897632598877,0.42093685269355774,0.3273679316043854,0.4304870069026947,0.32464897632598877,0.42093685269355774,3.0396270751953125,2.9853973388671875
9192.0,0.32139453291893005,0.4140152931213379,0.3328099846839905,0.4311993420124054,0.32139453291893005,0.4140152931213379,3.0339508056640625,2.9780120849609375
9196.0,0.3230835199356079,0.41818052530288696,0.33355581760406494,0.4240483343601227,0.3230835199356079,0.41818052530288696,3.0567779541015625,2.97064208984375
9200.0,0.32509806752204895,0.42210066318511963,0.3315538763999939,0.42989012598991394,0.32509806752204895,0.42210066318511963,3.049346923828125,2.9979400634765625
9204.0,0.32042694091796875,0.41823291778564453,0.3354681730270386,0.42924925684928894,0.32042694091796875,0.41823291778564453,3.0477142333984375,3.0056304931640625
9208.0,0.32292816042900085,0.41829198598861694,0.329558402299881,0.42429983615875244,0.32292816042900085,0.41829198598861694,3.052490234375,2.983978271484375
9212.0,0.32360273599624634,0.4166201055049896,0.3316132426261902,0.43125393986701965,0.32360273599624634,0.4166201055049896,3.0684051513671875,2.9957275390625
9216.0,0.321776807308197,0.41760995984077454,0.3317515254020691,0.4279288351535797,0.321776807308197,0.41760995984077454,3.05950927734375,3.003997802734375
9220.0,0.3218356668949127,0.4226015508174896,0.33646875619888306,0.4309975504875183,0.3218356668949127,0.4226015508174896,3.061065673828125,3.02301025390625
9224.0,0.31973472237586975,0.41763487458229065,0.33340755105018616,0.4309086799621582,0.31973472237586975,0.41763487458229065,3.064453125,3.017242431640625
9228.0,0.3190777897834778,0.4212200939655304,0.3323855400085449,0.42997410893440247,0.3190777897834778,0.4212200939655304,3.0625152587890625,3.0077362060546875
9232.0,0.3248048424720764,0.4206923842430115,0.3308961093425751,0.4237542748451233,0.3248048424720764,0.4206923842430115,3.0453033447265625,3.0224456787109375
9236.0,0.3208748400211334,0.4194485545158386,0.33609288930892944,0.43349209427833557,0.3208748400211334,0.4194485545158386,3.0699005126953125,3.0157012939453125
9240.0,0.32197701930999756,0.4237422049045563,0.32764554023742676,0.4217694103717804,0.32197701930999756,0.4237422049045563,3.053070068359375,3.0389404296875
9244.0,0.32177162170410156,0.42494526505470276,0.3369443118572235,0.4249190092086792,0.32177162170410156,0.42494526505470276,3.05157470703125,3.022705078125
9248.0,0.34934350848197937,0.44921907782554626,0.3531825542449951,0.44276025891304016,0.34934350848197937,0.44921907782554626,3.050048828125,3.02423095703125
9252.0,0.37103402614593506,0.4827270805835724,0.3871910274028778,0.5114533305168152,0.37103402614593506,0.4827270805835724,3.117950439453125,3.0291595458984375
9256.0,0.4012397825717926,0.5504735112190247,0.4195021986961365,0.5593977570533752,0.4012397825717926,0.5504735112190247,3.1307220458984375,3.0836181640625
9260.0,0.4337005019187927,0.5870832800865173,0.44891539216041565,0.5942674875259399,0.4337005019187927,0.5870832800865173,3.176910400390625,3.0622100830078125
9264.0,0.457740843296051,0.6150316596031189,0.4795488715171814,0.6222931742668152,0.457740843296051,0.6150316596031189,3.169921875,3.0777587890625
9268.0,0.4853537082672119,0.6381305456161499,0.5045406222343445,0.6387267112731934,0.4853537082672119,0.6381305456161499,3.1569061279296875,3.06256103515625
9272.0,0.5080701112747192,0.6595280766487122,0.5325106382369995,0.6745725870132446,0.5080701112747192,0.6595280766487122,3.194305419921875,3.058563232421875
9276.0,0.5220107436180115,0.6702074408531189,0.548008382320404,0.6780695915222168,0.5220107436180115,0.6702074408531189,3.189605712890625,3.0490570068359375
9280.0,0.5237970352172852,0.6754340529441833,0.5406484603881836,0.6794615983963013,0.5237970352172852,0.6754340529441833,3.1772308349609375,3.0452423095703125
9284.0,0.5189684629440308,0.6695567965507507,0.532804548740387,0.6793167591094971,0.5189684629440308,0.6695567965507507,3.1826019287109375,3.0372772216796875
9288.0,0.5105464458465576,0.6752545237541199,0.5264012813568115,0.6819902062416077,0.5105464458465576,0.6752545237541199,3.2204742431640625,3.0791778564453125
9292.0,0.5113967657089233,0.6651509404182434,0.5272598266601562,0.6778032183647156,0.5113967657089233,0.6651509404182434,3.2037506103515625,3.0415496826171875
9296.0,0.5181307792663574,0.668531060218811,0.5227447748184204,0.6682863831520081,0.5181307792663574,0.668531060218811,3.1481170654296875,3.0523529052734375
9300.0,0.5151095390319824,0.6743732690811157,0.5248084664344788,0.6850215196609497,0.5151095390319824,0.6743732690811157,3.1545562744140625,3.0691680908203125
9304.0,0.5152928233146667,0.6736821532249451,0.5331728458404541,0.6789904832839966,0.5152928233146667,0.6736821532249451,3.1649627685546875,3.06866455078125
9308.0,0.5191693902015686,0.6728957295417786,0.5344988703727722,0.6791412830352783,0.5191693902015686,0.6728957295417786,3.165130615234375,3.0539398193359375
9312.0,0.5208820700645447,0.6773757934570312,0.5365530848503113,0.6857370734214783,0.5208820700645447,0.6773757934570312,3.1681671142578125,3.064910888671875
9316.0,0.5198113918304443,0.675007700920105,0.535620391368866,0.6850616335868835,0.5198113918304443,0.675007700920105,3.1587371826171875,3.0510406494140625
9320.0,0.522529125213623,0.6754003763198853,0.5366377234458923,0.6848393678665161,0.522529125213623,0.6754003763198853,3.1631622314453125,3.052947998046875
9324.0,0.5190548896789551,0.680254340171814,0.5355535745620728,0.6849538683891296,0.5190548896789551,0.680254340171814,3.1714019775390625,3.0830841064453125
9328.0,0.5221558213233948,0.6793983578681946,0.5331608057022095,0.688040554523468,0.5221558213233948,0.6793983578681946,3.1680908203125,3.0670623779296875
9332.0,0.5217097401618958,0.6829044818878174,0.5343361496925354,0.6815616488456726,0.5217097401618958,0.6829044818878174,3.1846160888671875,3.0720062255859375
9336.0,0.5238022208213806,0.6783257126808167,0.5341660380363464,0.6792621612548828,0.5238022208213806,0.6783257126808167,3.14666748046875,3.0465240478515625
9340.0,0.5223639011383057,0.6752665638923645,0.5335072875022888,0.6844716668128967,0.5223639011383057,0.6752665638923645,3.1879119873046875,3.0702972412109375
9344.0,0.5265328288078308,0.6828325986862183,0.5360845923423767,0.6897081732749939,0.5265328288078308,0.6828325986862183,3.1856842041015625,3.0780029296875
9348.0,0.5244118571281433,0.6780237555503845,0.5358555316925049,0.6854664087295532,0.5244118571281433,0.6780237555503845,3.1842193603515625,3.061187744140625
9352.0,0.5239589214324951,0.6739953756332397,0.5355460047721863,0.6829289793968201,0.5239589214324951,0.6739953756332397,3.1923828125,3.0545501708984375
9356.0,0.5268514156341553,0.6776090264320374,0.5386471152305603,0.6831886768341064,0.5268514156341553,0.6776090264320374,3.20111083984375,3.0631256103515625
9360.0,0.5275793671607971,0.6797791719436646,0.5357884168624878,0.6887370944023132,0.5275793671607971,0.6797791719436646,3.189849853515625,3.059112548828125
9364.0,0.5267526507377625,0.6827300190925598,0.5363478064537048,0.689346194267273,0.5267526507377625,0.6827300190925598,3.20428466796875,3.07891845703125
9368.0,0.528136670589447,0.6789969801902771,0.532508909702301,0.6858994364738464,0.528136670589447,0.6789969801902771,3.1728363037109375,3.0883636474609375
9372.0,0.5256909728050232,0.6773791909217834,0.5339158177375793,0.6955125331878662,0.5256909728050232,0.6773791909217834,3.2054901123046875,3.0626220703125
9376.0,0.5248652696609497,0.6815155744552612,0.5346866846084595,0.687173068523407,0.5248652696609497,0.6815155744552612,3.1798553466796875,3.076507568359375
9380.0,0.5263774394989014,0.6897218823432922,0.5348653197288513,0.6790135502815247,0.5263774394989014,0.6897218823432922,3.1863555908203125,3.0787200927734375
9384.0,0.5266593098640442,0.6821233034133911,0.5324728488922119,0.6844899654388428,0.5266593098640442,0.6821233034133911,3.1846771240234375,3.07562255859375
9388.0,0.5274447202682495,0.6809943318367004,0.5324415564537048,0.6860111355781555,0.5274447202682495,0.6809943318367004,3.1981201171875,3.0823974609375
9392.0,0.5257374048233032,0.6852643489837646,0.5347160696983337,0.6899890303611755,0.5257374048233032,0.6852643489837646,3.20733642578125,3.0823211669921875
9396.0,0.5265435576438904,0.674846887588501,0.5372289419174194,0.6920163631439209,0.5265435576438904,0.674846887588501,3.2079925537109375,3.0831451416015625
9400.0,0.5275701880455017,0.6830381751060486,0.5355867743492126,0.6885610222816467,0.5275701880455017,0.6830381751060486,3.1987762451171875,3.0906829833984375
9404.0,0.5273414254188538,0.6803484559059143,0.534339964389801,0.6800628304481506,0.5273414254188538,0.6803484559059143,3.171295166015625,3.0760040283203125
9408.0,0.5283488631248474,0.6812553405761719,0.5343136787414551,0.6861000061035156,0.5283488631248474,0.6812553405761719,3.1972808837890625,3.079315185546875
9412.0,0.5258647799491882,0.6837564706802368,0.5342332124710083,0.6934097409248352,0.5258647799491882,0.6837564706802368,3.2166748046875,3.0943145751953125
9416.0,0.5261672735214233,0.6829842925071716,0.5319137573242188,0.6839879155158997,0.5261672735214233,0.6829842925071716,3.2142486572265625,3.0861663818359375
9420.0,0.5289576649665833,0.6799569129943848,0.5351964831352234,0.6924197673797607,0.5289576649665833,0.6799569129943848,3.2093505859375,3.1013031005859375
9424.0,0.5264462232589722,0.6785104870796204,0.5326551198959351,0.68710857629776,0.5264462232589722,0.6785104870796204,3.2154693603515625,3.0976104736328125
9428.0,0.5279111266136169,0.6874136328697205,0.5346717834472656,0.6832219362258911,0.5279111266136169,0.6874136328697205,3.19940185546875,3.1013336181640625
9432.0,0.5282340049743652,0.6802474856376648,0.5335350036621094,0.6913390755653381,0.5282340049743652,0.6802474856376648,3.2181396484375,3.1086578369140625
9436.0,0.5283353924751282,0.6851805448532104,0.5320941209793091,0.688705563545227,0.5283353924751282,0.6851805448532104,3.2156982421875,3.0878143310546875
9440.0,0.5278360843658447,0.6861149668693542,0.5347066521644592,0.6897957921028137,0.5278360843658447,0.6861149668693542,3.239349365234375,3.1153717041015625
9444.0,0.5285747647285461,0.6764760613441467,0.5374261140823364,0.6930525302886963,0.5285747647285461,0.6764760613441467,3.22064208984375,3.09490966796875
9448.0,0.5248215794563293,0.6812484264373779,0.5333802700042725,0.6850030422210693,0.5248215794563293,0.6812484264373779,3.2410125732421875,3.1162872314453125
9452.0,0.5287085175514221,0.6748071312904358,0.5334840416908264,0.6871268153190613,0.5287085175514221,0.6748071312904358,3.2206878662109375,3.09136962890625
9456.0,0.5264482498168945,0.6802493333816528,0.5344699621200562,0.6826691031455994,0.5264482498168945,0.6802493333816528,3.2329559326171875,3.1079864501953125
9460.0,0.5284891128540039,0.678747296333313,0.5367297530174255,0.6924939155578613,0.5284891128540039,0.678747296333313,3.250244140625,3.1214447021484375
9464.0,0.5253462791442871,0.6816024780273438,0.5338910818099976,0.6805829405784607,0.5253462791442871,0.6816024780273438,3.2147369384765625,3.1035919189453125
9468.0,0.5266113877296448,0.6781693696975708,0.5363735556602478,0.6826217770576477,0.5266113877296448,0.6781693696975708,3.2424774169921875,3.106781005859375
9472.0,0.5249878168106079,0.6792634129524231,0.5319039225578308,0.6975206136703491,0.5249878168106079,0.6792634129524231,3.248504638671875,3.12579345703125
9476.0,0.5251901149749756,0.6863347887992859,0.5334726572036743,0.6926882863044739,0.5251901149749756,0.6863347887992859,3.244964599609375,3.1176910400390625
9480.0,0.522627592086792,0.678644061088562,0.5343266129493713,0.6841903328895569,0.522627592086792,0.678644061088562,3.2294464111328125,3.1205291748046875
9484.0,0.5248258709907532,0.6832234263420105,0.5348256826400757,0.6901369094848633,0.5248258709907532,0.6832234263420105,3.22662353515625,3.130096435546875
9488.0,0.5225064158439636,0.6885625123977661,0.5320450663566589,0.6887737512588501,0.5225064158439636,0.6885625123977661,3.24127197265625,3.1259918212890625
9492.0,0.523288905620575,0.6780807375907898,0.533325731754303,0.6907156109809875,0.523288905620575,0.6780807375907898,3.2416839599609375,3.120025634765625
9496.0,0.528329074382782,0.6835831999778748,0.535226047039032,0.6866589784622192,0.528329074382782,0.6835831999778748,3.2429962158203125,3.1353759765625
9500.0,0.5247654914855957,0.681531548500061,0.5365251302719116,0.6943617463111877,0.5247654914855957,0.681531548500061,3.2593536376953125,3.1201324462890625
9504.0,0.5264585614204407,0.6781789660453796,0.5395012497901917,0.6861186027526855,0.5264585614204407,0.6781789660453796,3.2618560791015625,3.121826171875
9508.0,0.5256486535072327,0.6853440999984741,0.5391358137130737,0.688740074634552,0.5256486535072327,0.6853440999984741,3.2484588623046875,3.1250457763671875
9512.0,0.5223849415779114,0.6869157552719116,0.5364694595336914,0.6925195455551147,0.5223849415779114,0.6869157552719116,3.2695465087890625,3.148040771484375
9516.0,0.5240270495414734,0.6819959282875061,0.5379997491836548,0.6911042928695679,0.5240270495414734,0.6819959282875061,3.2488250732421875,3.1435546875
9520.0,0.5262582898139954,0.6829984784126282,0.5315808653831482,0.6867867112159729,0.5262582898139954,0.6829984784126282,3.246795654296875,3.1405487060546875
9524.0,0.5233303308486938,0.6876828074455261,0.5374386310577393,0.6914763450622559,0.5233303308486938,0.6876828074455261,3.2563323974609375,3.1453857421875
9528.0,0.5213093161582947,0.6884481906890869,0.535184383392334,0.6952451467514038,0.5213093161582947,0.6884481906890869,3.278289794921875,3.1622314453125
9532.0,0.5240507125854492,0.686627209186554,0.5342861413955688,0.6878096461296082,0.5240507125854492,0.686627209186554,3.250152587890625,3.146240234375
9536.0,0.5269189476966858,0.6843339204788208,0.5373350381851196,0.694405734539032,0.5269189476966858,0.6843339204788208,3.259521484375,3.1485137939453125
9540.0,0.5226326584815979,0.6852663159370422,0.5343737006187439,0.6900843381881714,0.5226326584815979,0.6852663159370422,3.250701904296875,3.15447998046875
9544.0,0.523944616317749,0.6883687973022461,0.5372645258903503,0.6953559517860413,0.523944616317749,0.6883687973022461,3.26312255859375,3.1705169677734375
9548.0,0.5264718532562256,0.6740102767944336,0.5350346565246582,0.6867337226867676,0.5264718532562256,0.6740102767944336,3.2762908935546875,3.136077880859375
9552.0,0.528979480266571,0.6554090976715088,0.530059814453125,0.6391161680221558,0.528979480266571,0.6554090976715088,3.26837158203125,3.1857757568359375
9556.0,0.5263710618019104,0.6011922955513,0.5264888405799866,0.5834119915962219,0.5263710618019104,0.6011922955513,3.250518798828125,3.1727142333984375
9560.0,0.5255507826805115,0.5626985430717468,0.5246580839157104,0.5483934879302979,0.5255507826805115,0.5626985430717468,3.275726318359375,3.1912078857421875
9564.0,0.5269086360931396,0.5136433839797974,0.5242467522621155,0.507084846496582,0.5269086360931396,0.5136433839797974,3.2327117919921875,3.1913909912109375
9568.0,0.5312688946723938,0.4362494945526123,0.5267031788825989,0.478738009929657,0.5312688946723938,0.4362494945526123,3.289093017578125,3.104034423828125
9572.0,0.5333622097969055,0.40765300393104553,0.5315386652946472,0.3990538716316223,0.5333622097969055,0.40765300393104553,3.2272186279296875,3.143890380859375
9576.0,0.5262858271598816,0.38016244769096375,0.5298249125480652,0.3595244884490967,0.5262858271598816,0.38016244769096375,3.255584716796875,3.17584228515625
9580.0,0.5258475542068481,0.35272952914237976,0.526237964630127,0.34040191769599915,0.5258475542068481,0.35272952914237976,3.236175537109375,3.176727294921875
9584.0,0.5238476991653442,0.340719997882843,0.5308175086975098,0.3369119167327881,0.5238476991653442,0.340719997882843,3.2639617919921875,3.1798553466796875
9588.0,0.5261791944503784,0.3506421744823456,0.5309335589408875,0.35070982575416565,0.5261791944503784,0.3506421744823456,3.25140380859375,3.1886444091796875
9592.0,0.5254660248756409,0.36175212264060974,0.5315086841583252,0.3555757403373718,0.5254660248756409,0.36175212264060974,3.238311767578125,3.181304931640625
9596.0,0.5254858732223511,0.3637959957122803,0.5321279168128967,0.36141955852508545,0.5254858732223511,0.3637959957122803,3.23992919921875,3.175811767578125
9600.0,0.5276931524276733,0.35745254158973694,0.5305336117744446,0.3600582182407379,0.5276931524276733,0.35745254158973694,3.2517242431640625,3.1699676513671875
9604.0,0.5272946357727051,0.3572603166103363,0.5302635431289673,0.3687498867511749,0.5272946357727051,0.3572603166103363,3.2573394775390625,3.17822265625
9608.0,0.5238045454025269,0.36115920543670654,0.5291635394096375,0.3668457269668579,0.5238045454025269,0.36115920543670654,3.2580108642578125,3.1949310302734375
9612.0,0.5230994820594788,0.3562030792236328,0.5298879146575928,0.3650512993335724,0.5230994820594788,0.3562030792236328,3.262054443359375,3.2000579833984375
9616.0,0.5231617093086243,0.3628690242767334,0.5280036330223083,0.36190831661224365,0.5231617093086243,0.3628690242767334,3.254852294921875,3.176025390625
9620.0,0.5246097445487976,0.3550460636615753,0.5293602347373962,0.36336079239845276,0.5246097445487976,0.3550460636615753,3.26251220703125,3.163726806640625
9624.0,0.5235486626625061,0.3556455671787262,0.5310922861099243,0.36102789640426636,0.5235486626625061,0.3556455671787262,3.2450714111328125,3.175445556640625
9628.0,0.523240864276886,0.35497936606407166,0.5328925251960754,0.35174134373664856,0.523240864276886,0.35497936606407166,3.2437286376953125,3.170074462890625
9632.0,0.5228745341300964,0.36093389987945557,0.5289767980575562,0.3569300174713135,0.5228745341300964,0.36093389987945557,3.2333984375,3.17950439453125
9636.0,0.5216726064682007,0.3673415184020996,0.5302976965904236,0.36334291100502014,0.5216726064682007,0.3673415184020996,3.2406768798828125,3.1944122314453125
9640.0,0.5236713290214539,0.36880090832710266,0.5306324362754822,0.3617832362651825,0.5236713290214539,0.36880090832710266,3.240814208984375,3.1914520263671875
9644.0,0.5235217809677124,0.36034101247787476,0.5267950296401978,0.36104121804237366,0.5235217809677124,0.36034101247787476,3.2267608642578125,3.163299560546875
9648.0,0.5224624276161194,0.36009082198143005,0.5249813795089722,0.3606744408607483,0.5224624276161194,0.36009082198143005,3.24078369140625,3.1846923828125
9652.0,0.5211802124977112,0.3604763448238373,0.5301105976104736,0.3640405833721161,0.5211802124977112,0.3604763448238373,3.243072509765625,3.1847991943359375
9656.0,0.5207227468490601,0.35604357719421387,0.5286062359809875,0.3520573675632477,0.5207227468490601,0.35604357719421387,3.2235260009765625,3.15802001953125
9660.0,0.5237522125244141,0.35720714926719666,0.5281500816345215,0.36087775230407715,0.5237522125244141,0.35720714926719666,3.241302490234375,3.179901123046875
9664.0,0.5237417817115784,0.36066192388534546,0.5289543867111206,0.35780057311058044,0.5237417817115784,0.36066192388534546,3.240997314453125,3.1858062744140625
9668.0,0.5226737856864929,0.3568837344646454,0.5318305492401123,0.36165565252304077,0.5226737856864929,0.3568837344646454,3.22802734375,3.184326171875
9672.0,0.5232812762260437,0.35779333114624023,0.5293444395065308,0.35835227370262146,0.5232812762260437,0.35779333114624023,3.2255859375,3.186767578125
9676.0,0.521601140499115,0.35775938630104065,0.5324156284332275,0.35906997323036194,0.521601140499115,0.35775938630104065,3.212493896484375,3.1636199951171875
9680.0,0.52298504114151,0.3573073446750641,0.5344341397285461,0.3587907552719116,0.52298504114151,0.3573073446750641,3.2270660400390625,3.1835479736328125
9684.0,0.5204973816871643,0.35798540711402893,0.531752347946167,0.3624722361564636,0.5204973816871643,0.35798540711402893,3.2458038330078125,3.1943817138671875
9688.0,0.521423876285553,0.35604169964790344,0.5303758978843689,0.35218074917793274,0.521423876285553,0.35604169964790344,3.2094573974609375,3.16815185546875
9692.0,0.5230067372322083,0.35935112833976746,0.5357624888420105,0.3626299202442169,0.5230067372322083,0.35935112833976746,3.2501373291015625,3.1897125244140625
9696.0,0.5208668112754822,0.35132071375846863,0.5329959392547607,0.3678615391254425,0.5208668112754822,0.35132071375846863,3.260894775390625,3.16412353515625
9700.0,0.5210309624671936,0.35761862993240356,0.533643901348114,0.3594549894332886,0.5210309624671936,0.35761862993240356,3.2471160888671875,3.175537109375
9704.0,0.5218229293823242,0.36405396461486816,0.5320491790771484,0.360212117433548,0.5218229293823242,0.36405396461486816,3.2498321533203125,3.1954345703125
9708.0,0.5230727195739746,0.36927181482315063,0.5292420983314514,0.3632620871067047,0.5230727195739746,0.36927181482315063,3.232635498046875,3.1788177490234375
9712.0,0.519692063331604,0.36475223302841187,0.5292634963989258,0.36224648356437683,0.519692063331604,0.36475223302841187,3.2445068359375,3.1762542724609375
9716.0,0.5186517834663391,0.3764498233795166,0.5330296754837036,0.35892435908317566,0.5186517834663391,0.3764498233795166,3.2328643798828125,3.19805908203125
9720.0,0.5218275189399719,0.37149685621261597,0.5327486395835876,0.3609413504600525,0.5218275189399719,0.37149685621261597,3.23583984375,3.1864013671875
9724.0,0.5216665267944336,0.367595911026001,0.5299545526504517,0.3604734241962433,0.5216665267944336,0.367595911026001,3.2363739013671875,3.1728363037109375
9728.0,0.5231204628944397,0.3665415942668915,0.5299807786941528,0.3563024699687958,0.5231204628944397,0.3665415942668915,3.2371826171875,3.1779632568359375
9732.0,0.520226776599884,0.36168351769447327,0.5329368710517883,0.3547041118144989,0.520226776599884,0.36168351769447327,3.2197723388671875,3.18218994140625
9736.0,0.5217646360397339,0.37062564492225647,0.5303456783294678,0.3659153878688812,0.5217646360397339,0.37062564492225647,3.2393951416015625,3.1593170166015625
9740.0,0.5221031904220581,0.367330938577652,0.5299791693687439,0.35207435488700867,0.5221031904220581,0.367330938577652,3.2198486328125,3.176727294921875
9744.0,0.5224964618682861,0.3626209497451782,0.533652126789093,0.3547632694244385,0.5224964618682861,0.3626209497451782,3.2347869873046875,3.149993896484375
9748.0,0.5198911428451538,0.3625417947769165,0.5327231287956238,0.35221630334854126,0.5198911428451538,0.3625417947769165,3.2214202880859375,3.1488189697265625
9752.0,0.523531436920166,0.37200382351875305,0.529154360294342,0.35187917947769165,0.523531436920166,0.37200382351875305,3.2061004638671875,3.162689208984375
9756.0,0.5214004516601562,0.36769434809684753,0.5308157205581665,0.3508204221725464,0.5214004516601562,0.36769434809684753,3.2059173583984375,3.1686859130859375
9760.0,0.5238412618637085,0.36311888694763184,0.5310837626457214,0.3562452793121338,0.5238412618637085,0.36311888694763184,3.21466064453125,3.147857666015625
9764.0,0.5183386206626892,0.3734179437160492,0.531646728515625,0.35715460777282715,0.5183386206626892,0.3734179437160492,3.2051239013671875,3.144439697265625
9768.0,0.5197053551673889,0.3708763122558594,0.5281115770339966,0.35354387760162354,0.5197053551673889,0.3708763122558594,3.1906280517578125,3.1556549072265625
9772.0,0.519687294960022,0.3657211661338806,0.5304577946662903,0.35626015067100525,0.519687294960022,0.3657211661338806,3.2086944580078125,3.1415252685546875
9776.0,0.5204477310180664,0.36329731345176697,0.5293323993682861,0.35371747612953186,0.5204477310180664,0.36329731345176697,3.204193115234375,3.14349365234375
9780.0,0.520592212677002,0.36611971259117126,0.5303038358688354,0.3597640097141266,0.520592212677002,0.36611971259117126,3.2044677734375,3.1379852294921875
9784.0,0.5194165110588074,0.36788466572761536,0.5296722650527954,0.3625984489917755,0.5194165110588074,0.36788466572761536,3.1987457275390625,3.154083251953125
9788.0,0.5207374691963196,0.37158864736557007,0.529936671257019,0.34903907775878906,0.5207374691963196,0.37158864736557007,3.1880645751953125,3.145172119140625
9792.0,0.5209584832191467,0.36622995138168335,0.5276011228561401,0.36170265078544617,0.5209584832191467,0.36622995138168335,3.2154083251953125,3.143096923828125
9796.0,0.5223690271377563,0.36737486720085144,0.5273785591125488,0.3620307147502899,0.5223690271377563,0.36737486720085144,3.2122039794921875,3.1431732177734375
9800.0,0.5196289420127869,0.3661298453807831,0.531160295009613,0.3591057360172272,0.5196289420127869,0.3661298453807831,3.2133636474609375,3.154998779296875
9804.0,0.5211305022239685,0.3745909333229065,0.5273300409317017,0.3553304672241211,0.5211305022239685,0.3745909333229065,3.2146453857421875,3.137451171875
9808.0,0.5189768075942993,0.3650563359260559,0.5268063545227051,0.36383703351020813,0.5189768075942993,0.3650563359260559,3.2097930908203125,3.168426513671875
9812.0,0.5212050080299377,0.3756766617298126,0.5281515717506409,0.3579222559928894,0.5212050080299377,0.3756766617298126,3.198883056640625,3.159088134765625
9816.0,0.5224871039390564,0.36958274245262146,0.5293577909469604,0.36005640029907227,0.5224871039390564,0.36958274245262146,3.20037841796875,3.149322509765625
9820.0,0.5208007097244263,0.365159809589386,0.5293563008308411,0.3548223376274109,0.5208007097244263,0.365159809589386,3.2118072509765625,3.138275146484375
9824.0,0.5248549580574036,0.3718215525150299,0.5285195112228394,0.3554660379886627,0.5248549580574036,0.3718215525150299,3.192474365234375,3.14471435546875
9828.0,0.5220906734466553,0.37162232398986816,0.5309343338012695,0.3571878969669342,0.5220906734466553,0.37162232398986816,3.190673828125,3.1562652587890625
9832.0,0.5235188007354736,0.36990058422088623,0.5269259810447693,0.36152225732803345,0.5235188007354736,0.36990058422088623,3.2201995849609375,3.14349365234375
9836.0,0.5226513147354126,0.3723914623260498,0.5261452198028564,0.34837085008621216,0.5226513147354126,0.3723914623260498,3.2222900390625,3.15289306640625
9840.0,0.5207006931304932,0.37374839186668396,0.5269358158111572,0.3552757203578949,0.5207006931304932,0.37374839186668396,3.2156219482421875,3.1698150634765625
9844.0,0.523590624332428,0.35527482628822327,0.5278723239898682,0.35762372612953186,0.523590624332428,0.35527482628822327,3.2143096923828125,3.1342620849609375
9848.0,0.5234894156455994,0.36914506554603577,0.5311666131019592,0.35245567560195923,0.5234894156455994,0.36914506554603577,3.21075439453125,3.1489105224609375
9852.0,0.5237339735031128,0.3681771457195282,0.5287319421768188,0.3530244827270508,0.5237339735031128,0.3681771457195282,3.20513916015625,3.1307830810546875
9856.0,0.5224007964134216,0.362773597240448,0.5321338176727295,0.355116605758667,0.5224007964134216,0.362773597240448,3.2028656005859375,3.128387451171875
9860.0,0.5243504643440247,0.3657987117767334,0.5263308882713318,0.35873639583587646,0.5243504643440247,0.3657987117767334,3.21929931640625,3.1300048828125
9864.0,0.5242187976837158,0.36833542585372925,0.5288835763931274,0.35788264870643616,0.5242187976837158,0.36833542585372925,3.20465087890625,3.1361236572265625
9868.0,0.5243446826934814,0.3667701780796051,0.5297775268554688,0.3637130558490753,0.5243446826934814,0.3667701780796051,3.233734130859375,3.140838623046875
9872.0,0.5223305821418762,0.3645898699760437,0.5294315814971924,0.35391202569007874,0.5223305821418762,0.3645898699760437,3.1884613037109375,3.1395721435546875
9876.0,0.5235335826873779,0.364276260137558,0.5276302695274353,0.3561266362667084,0.5235335826873779,0.364276260137558,3.204498291015625,3.149566650390625
9880.0,0.5242114067077637,0.37423351407051086,0.5283425450325012,0.36078035831451416,0.5242114067077637,0.37423351407051086,3.2297821044921875,3.147064208984375
9884.0,0.52402663230896,0.36777862906455994,0.5306059122085571,0.36328408122062683,0.52402663230896,0.36777862906455994,3.2303314208984375,3.1582489013671875
9888.0,0.524688184261322,0.36363962292671204,0.532508134841919,0.3580741584300995,0.524688184261322,0.36363962292671204,3.230377197265625,3.1222381591796875
9892.0,0.5237035751342773,0.35983648896217346,0.5277420878410339,0.3608417510986328,0.5237035751342773,0.35983648896217346,3.2185821533203125,3.1234588623046875
9896.0,0.5225456357002258,0.3621261417865753,0.5307825803756714,0.36225223541259766,0.5225456357002258,0.3621261417865753,3.2187957763671875,3.12835693359375
9900.0,0.5235848426818848,0.36293062567710876,0.5304077863693237,0.36238694190979004,0.5235848426818848,0.36293062567710876,3.2213134765625,3.1234130859375
9904.0,0.5233899354934692,0.3592824637889862,0.5276907086372375,0.36051225662231445,0.5233899354934692,0.3592824637889862,3.2130584716796875,3.1179962158203125
9908.0,0.5246910452842712,0.361367791891098,0.528505265712738,0.3622145652770996,0.5246910452842712,0.361367791891098,3.229248046875,3.1327972412109375
9912.0,0.5231704115867615,0.36250007152557373,0.5314050912857056,0.3529285192489624,0.5231704115867615,0.36250007152557373,3.2271575927734375,3.1360321044921875
9916.0,0.5242488980293274,0.361836314201355,0.5301064252853394,0.3530605435371399,0.5242488980293274,0.361836314201355,3.2111968994140625,3.14959716796875
9920.0,0.5211515426635742,0.3608451783657074,0.5289051532745361,0.35603955388069153,0.5211515426635742,0.3608451783657074,3.2107696533203125,3.1395721435546875
9924.0,0.5226243734359741,0.3590286374092102,0.5287428498268127,0.3578033745288849,0.5226243734359741,0.3590286374092102,3.229949951171875,3.142425537109375
9928.0,0.5228034853935242,0.35884422063827515,0.5291544795036316,0.351956307888031,0.5228034853935242,0.35884422063827515,3.2236480712890625,3.150909423828125
9932.0,0.5219429731369019,0.360054075717926,0.5285989046096802,0.36216485500335693,0.5219429731369019,0.360054075717926,3.2403717041015625,3.15521240234375
9936.0,0.5247636437416077,0.36099088191986084,0.5267614126205444,0.35568398237228394,0.5247636437416077,0.36099088191986084,3.233428955078125,3.1391448974609375
9940.0,0.5210225582122803,0.3516818881034851,0.5303583145141602,0.3600669503211975,0.5210225582122803,0.3516818881034851,3.2393035888671875,3.143035888671875
9944.0,0.5215553641319275,0.3527427315711975,0.5265394449234009,0.35634443163871765,0.5215553641319275,0.3527427315711975,3.236663818359375,3.149932861328125
9948.0,0.5209354758262634,0.3592306077480316,0.5271672606468201,0.3556838631629944,0.5209354758262634,0.3592306077480316,3.228424072265625,3.1527252197265625
9952.0,0.5223526954650879,0.35384950041770935,0.5282037258148193,0.3550879955291748,0.5223526954650879,0.35384950041770935,3.2363433837890625,3.140350341796875
9956.0,0.518975019454956,0.362892210483551,0.5330926179885864,0.3586099445819855,0.518975019454956,0.362892210483551,3.22222900390625,3.1743316650390625
9960.0,0.5255253314971924,0.3568994700908661,0.5288630127906799,0.36134073138237,0.5255253314971924,0.3568994700908661,3.23443603515625,3.13677978515625
9964.0,0.5233262777328491,0.35742294788360596,0.5279945135116577,0.3526526987552643,0.5233262777328491,0.35742294788360596,3.2295989990234375,3.1435546875
9968.0,0.5220456719398499,0.3567834496498108,0.5277769565582275,0.3583260774612427,0.5220456719398499,0.3567834496498108,3.2367401123046875,3.1591339111328125
9972.0,0.5223757028579712,0.3599556088447571,0.531451404094696,0.3610989451408386,0.5223757028579712,0.3599556088447571,3.242523193359375,3.160614013671875
9976.0,0.5221397876739502,0.3548579514026642,0.5302718877792358,0.3536354899406433,0.5221397876739502,0.3548579514026642,3.2333831787109375,3.1424102783203125
9980.0,0.5198913812637329,0.35608425736427307,0.527341365814209,0.3465554118156433,0.5198913812637329,0.35608425736427307,3.21484375,3.1644134521484375
9984.0,0.5200217962265015,0.3621487021446228,0.5296819806098938,0.35977280139923096,0.5200217962265015,0.3621487021446228,3.24322509765625,3.167938232421875
