timestamp;x;y;video_frame_count;
1755694067.087;0.6152956644694011;0.441610265661169;0;
1755694067.12;0.0;1.0;0;
1755694067.153;0.6041919072469075;0.43696289062500004;0;
1755694067.187;0.0;1.0;0;
1755694067.22;0.5920092264811198;0.4303755583586516;0;
1755694067.253;0.5409718831380208;0.40564032660590277;1;
1755694067.287;0.5424298604329427;0.4043840196397569;1;
1755694067.32;0.5433082580566406;0.4012193467881945;1;
1755694067.353;0.5402238210042317;0.39838991518373845;2;
1755694067.387;0.5338172912597656;0.3951607598198785;2;
1755694067.42;0.5295953114827474;0.391191327130353;2;
1755694067.453;0.5272752126057942;0.389013671875;2;
1755694067.487;0.5250045776367187;0.3862457275390625;2;
1755694067.52;0.5225990295410157;0.3817937780309606;2;
1755694067.553;0.5195691426595052;0.3803103411639178;2;
1755694067.587;0.518445078531901;0.3795887699833622;2;
1755694067.62;0.5643797556559245;0.3602917706524884;2;
1755694067.653;0.0;1.0;2;
1755694067.687;0.5852858861287434;0.3511544686776621;2;
1755694067.72;0.5991387685139974;0.3450100368923611;2;
1755694067.753;0.6054480870564779;0.3411645394784433;2;
1755694067.787;0.6089616139729818;0.3389714558919271;2;
1755694067.82;0.6108827590942383;0.3376373291015625;2;
1755694067.853;0.6113053639729817;0.3371622721354167;2;
1755694067.887;0.6100603739420573;0.3350332754629629;2;
1755694067.92;0.6082585016886394;0.33210686577690973;2;
1755694067.953;0.6057641347249348;0.3329039962203414;2;
1755694067.987;0.605345344543457;0.33293428774233214;2;
1755694068.02;0.6051001866658529;0.334072028266059;2;
1755694068.053;0.6077047348022461;0.33461524115668406;3;
1755694068.087;0.6049313227335612;0.3351535938404224;3;
1755694068.12;0.6007619857788086;0.3346000953956887;3;
1755694068.153;0.6010445276896159;0.3344736169885706;3;
1755694068.187;0.5975758870442708;0.33423959237557865;3;
1755694068.22;0.5972338994344075;0.3366556238245081;3;
1755694068.253;0.5960760752360026;0.33833951596860534;3;
1755694068.287;0.5932471593221028;0.33831227620442705;3;
1755694068.32;0.5911643346150716;0.3392343591760706;3;
1755694068.353;0.5890758514404297;0.34039962203414353;3;
1755694068.387;0.587111218770345;0.3409975970232928;3;
1755694068.42;0.5843074162801106;0.3418940791377315;3;
1755694068.453;0.5824254353841146;0.34324968126085065;4;
1755694068.487;0.5814448674519856;0.34336587411386;4;
1755694068.52;0.5799687067667644;0.34465111626519096;4;
1755694068.553;0.5792336781819661;0.3453902067961516;4;
1755694068.587;0.5794713973999024;0.3453617802372685;4;
1755694068.62;0.579891586303711;0.3459191216362847;4;
1755694068.653;0.5807865778605144;0.34568747061270255;4;
1755694068.687;0.5810324350992838;0.34623537416811345;4;
1755694068.72;0.5753519058227539;0.34163428412543406;4;
1755694068.753;0.5375476837158203;0.3138229370117187;4;
1755694068.787;0.5381672541300456;0.3132528799551505;4;
1755694068.82;0.5376852035522461;0.3148105197482639;4;
1755694068.853;0.5391716639200846;0.3176063255027488;5;
1755694068.887;0.5403844833374023;0.31800457989728004;5;
1755694068.92;0.5416901906331381;0.31821916368272574;5;
1755694068.953;0.5424462636311849;0.3184243661385996;5;
1755694068.987;0.5422680536905925;0.31944489655671293;5;
1755694069.02;0.5420090357462565;0.31987039071542245;5;
1755694069.053;0.542426872253418;0.31975668447989003;5;
1755694069.087;0.5420031229654948;0.31769024884259256;6;
1755694069.12;0.5423478444417318;0.3160762080439815;6;
1755694069.153;0.5425845464070638;0.3143157958984375;6;
1755694069.187;0.5392654418945313;0.32011560510706016;6;
1755694069.22;0.0;1.0;7;
1755694069.253;0.0;1.0;7;
1755694069.287;0.0;1.0;7;
1755694069.32;0.4634225527445475;0.44216483787254046;7;
1755694069.353;0.4625067392985026;0.4412378946940104;7;
1755694069.387;0.46159769694010416;0.44117652045355904;8;
1755694069.42;0.46167132059733074;0.4413729067201968;8;
1755694069.453;0.46084607442220055;0.44088502106843175;8;
1755694069.487;0.4596467653910319;0.43900123878761577;9;
1755694069.52;0.4617825190226237;0.4394789519133391;9;
1755694069.553;0.4634601593017578;0.4401146217628762;9;
1755694069.587;0.45798664093017577;0.43936258951822915;9;
1755694069.62;0.4462901751200358;0.43683607313368056;10;
1755694069.653;0.43907140096028646;0.4337548715096933;10;
1755694069.687;0.4347593943277995;0.4326354415328414;10;
1755694069.72;0.43215303421020507;0.43204515245225694;10;
1755694069.753;0.4304502487182617;0.4304925989221644;10;
1755694069.787;0.4296149571736654;0.42955746120876737;11;
1755694069.82;0.42788270314534504;0.42921577736183447;11;
1755694069.853;0.4268825531005859;0.4294273093894676;11;
1755694069.887;0.42709039052327474;0.4293137726960359;12;
1755694069.92;0.42740612030029296;0.42803395589192705;12;
1755694069.953;0.42774855295817055;0.42755952058015045;12;
1755694069.987;0.42791646321614585;0.4262065746166088;12;
1755694070.02;0.4285851796468099;0.42530246310763886;13;
1755694070.053;0.42878316243489584;0.42511721010561343;13;
1755694070.087;0.4283965428670247;0.42371148003472225;13;
1755694070.12;0.42908391952514646;0.4235434072989005;13;
1755694070.153;0.42962938944498696;0.42399212872540504;13;
1755694070.187;0.42431653340657555;0.4248405173972801;14;
1755694070.22;0.4207049051920573;0.42252886736834494;14;
1755694070.253;0.41790469487508136;0.4211309362340856;14;
1755694070.287;0.4178593317667643;0.4209816261574074;15;
1755694070.32;0.4209333101908366;0.42098202175564237;15;
1755694070.353;0.4254367192586263;0.42041874638310184;15;
1755694070.387;0.42864065170288085;0.40879087094907407;16;
1755694070.42;0.0;1.0;16;
1755694070.453;0.0;1.0;16;
1755694070.487;0.3031628926595052;0.20604897958260993;17;
1755694070.52;0.3423432985941569;0.21113767270688655;17;
1755694070.553;0.3468698183695475;0.21405600088614007;17;
1755694070.587;0.3446730931599935;0.21487449363425926;17;
1755694070.62;0.34832757314046225;0.2150218257197627;17;
1755694070.653;0.38233378728230794;0.22584714536313655;17;
1755694070.687;0.38065945307413734;0.2247215553566262;17;
1755694070.72;0.38703848520914713;0.2240299931278935;17;
1755694070.753;0.39253047307332356;0.2238203260633681;17;
1755694070.787;0.3993305524190267;0.2228598135489005;18;
1755694070.82;0.4081422487894694;0.22177208794487846;18;
1755694070.853;0.41237545013427734;0.22482367621527777;18;
1755694070.887;0.4162231763203939;0.2253073233145254;18;
1755694070.92;0.4186782201131185;0.22398483841507522;18;
1755694070.953;0.420434824625651;0.22303082501446758;18;
1755694070.987;0.4202644983927409;0.22346157497829866;18;
1755694071.02;0.0;1.0;18;
1755694071.053;0.0;1.0;18;
1755694071.087;0.4243873278299967;0.22905103895399304;18;
1755694071.12;0.4238042195638021;0.2319590815791377;19;
1755694071.153;0.41806036631266275;0.22930919505931713;19;
1755694071.187;0.41274817784627277;0.22157236735026042;19;
1755694071.22;0.40872008005777993;0.20543026394314234;19;
1755694071.253;0.40786689122517905;0.2084210431134259;19;
1755694071.287;0.40298531850179037;0.21237589518229172;19;
1755694071.32;0.3955605824788411;0.21533655237268523;19;
1755694071.353;0.3880718866984049;0.21704344572844325;19;
1755694071.387;0.3817135810852051;0.21646095558449074;19;
1755694071.42;0.0;1.0;20;
1755694071.453;0.5647731145222982;0.3741124471028646;20;
1755694071.487;0.56089661916097;0.3775470874927662;20;
1755694071.52;0.5557363510131836;0.37536095513237844;20;
1755694071.553;0.5503164291381836;0.37203533031322333;20;
1755694071.587;0.5385950724283854;0.37123966923466434;20;
1755694071.62;0.5245834668477376;0.3715540568033854;20;
1755694071.653;0.517366600036621;0.37120050500940394;20;
1755694071.687;0.49947770436604816;0.3760371455439815;21;
1755694071.72;0.48727728525797526;0.380094231499566;21;
1755694071.753;0.45327847798665366;0.38763212981047457;21;
1755694071.787;0.453863271077474;0.3827613547996238;21;
1755694071.82;0.4488171895345052;0.38225159821686916;21;
1755694071.853;0.44201011657714845;0.38208409062138315;21;
1755694071.887;0.43709564208984375;0.3789043850368924;21;
1755694071.92;0.43378419876098634;0.3812406751844618;21;
1755694071.953;0.4303879737854004;0.3850030404550058;22;
1755694071.987;0.0;1.0;22;
1755694072.02;0.0;1.0;22;
1755694072.053;0.0;1.0;22;
1755694072.087;0.2571410814921061;0.2277265760633681;22;
1755694072.12;0.26889772415161134;0.2293097036856192;22;
1755694072.153;0.28424949645996095;0.23743105287905097;22;
1755694072.187;0.32833992640177406;0.2475878680193866;23;
1755694072.22;0.32794857025146484;0.24795639603226272;23;
1755694072.253;0.33243001302083336;0.24747941758897574;23;
1755694072.287;0.36808319091796876;0.2535132514105902;23;
1755694072.32;0.3705183982849121;0.2533355147750289;23;
1755694072.353;0.37318652470906577;0.2510780617042824;23;
1755694072.387;0.37173611323038735;0.2528675785771123;23;
1755694072.42;0.3742430369059245;0.2531004729094328;23;
1755694072.453;0.3766556104024251;0.25288984510633683;23;
1755694072.487;0.3814468701680501;0.2510686238606771;24;
1755694072.52;0.385942268371582;0.25266644513165504;24;
1755694072.553;0.38706286748250324;0.25282575819227426;24;
1755694072.587;0.38813721338907875;0.25127659550419557;24;
1755694072.62;0.3896007537841797;0.2513265539098669;24;
1755694072.653;0.38939800262451174;0.2529449462890625;24;
1755694072.687;0.3902831713358561;0.2552001387984665;24;
1755694072.72;0.3927392323811849;0.2559315999348958;25;
1755694072.753;0.3915516535441081;0.2559737028899016;25;
1755694072.787;0.38972543080647787;0.25865998444733795;25;
1755694072.82;0.38774083455403646;0.2613849781177662;25;
1755694072.853;0.38476085662841797;0.2628186261212384;25;
1755694072.887;0.38267024358113605;0.263966539171007;25;
1755694072.92;0.38043880462646484;0.265718756781684;25;
1755694072.953;0.37948745091756186;0.2656078762478299;25;
1755694072.987;0.37695337931315104;0.2656929863823785;25;
1755694073.02;0.37742525736490884;0.26565167462384254;26;
1755694073.053;0.3757787068684896;0.26550140380859377;26;
1755694073.087;0.3764939308166504;0.2670576307508681;26;
1755694073.12;0.3760885238647461;0.26652442084418404;26;
1755694073.153;0.3736933390299479;0.2670901263201678;26;
1755694073.187;0.37237459818522134;0.27060241699218746;26;
1755694073.22;0.0;1.0;26;
1755694073.253;0.0;1.0;26;
1755694073.287;0.0;1.0;27;
1755694073.32;0.7710622787475586;0.5784758108633536;27;
1755694073.353;0.0;1.0;27;
1755694073.387;0.7334000905354817;0.5614685623734086;28;
1755694073.42;0.6549620310465495;0.5209414446795428;28;
1755694073.453;0.6219637552897136;0.5142525001808449;28;
1755694073.487;0.6211318333943685;0.49704838505497684;28;
1755694073.52;0.6735309600830078;0.45173430266203707;28;
1755694073.553;0.6723902384440105;0.4563377097800926;28;
1755694073.587;0.6302501042683919;0.439174567328559;28;
1755694073.62;0.6283574422200521;0.43665155481409146;28;
1755694073.653;0.0;1.0;28;
1755694073.687;0.6228856404622396;0.43117240623191555;29;
1755694073.72;0.5773010889689127;0.4075015032732928;29;
1755694073.753;0.5847206751505534;0.4110772592050058;29;
1755694073.787;0.5878434499104818;0.4106224907769097;29;
1755694073.82;0.5886168162027995;0.41054207130714704;29;
1755694073.853;0.586780865987142;0.4087422123661748;29;
1755694073.887;0.5763721466064453;0.4067577785915799;30;
1755694073.92;0.5772488276163737;0.40369697853370945;30;
1755694073.953;0.5764762242635091;0.4010491265190972;30;
1755694073.987;0.5748584111531575;0.39757803457754626;30;
1755694074.02;0.5721201578776042;0.39755746346932874;30;
1755694074.053;0.5710685094197591;0.3982163605866609;30;
1755694074.087;0.5681289037068685;0.3992795591001157;30;
1755694074.12;0.5676008224487304;0.3997884114583333;31;
1755694074.153;0.5691202799479167;0.4014968306929977;31;
1755694074.187;0.5693456013997396;0.4021965309425637;31;
1755694074.22;0.5689013163248698;0.40290352150245945;31;
1755694074.253;0.5699244181315104;0.4070353190104167;31;
1755694074.287;0.5711157480875652;0.40933849193431715;31;
1755694074.32;0.5724587758382161;0.41182030571831596;31;
1755694074.353;0.574377695719401;0.41376749674479163;31;
1755694074.387;0.5763795216878255;0.4159775345413773;32;
1755694074.42;0.5797981897989909;0.41739795826099535;32;
1755694074.453;0.5766913731892903;0.41799938060619213;32;
1755694074.487;0.5728747685750325;0.41840532090928817;32;
1755694074.52;0.5771517435709635;0.42432878282335074;33;
1755694074.553;0.5786849975585937;0.4271703084309896;33;
1755694074.587;0.5863857905069987;0.43374639440465856;33;
1755694074.62;0.5894700368245442;0.4371352019133391;33;
1755694074.653;0.4849225044250488;0.3475606282552083;34;
1755694074.687;0.3843977610270182;0.24794741030092593;34;
1755694074.72;0.38729114532470704;0.24947170681423614;34;
1755694074.753;0.0;1.0;34;
1755694074.787;0.39505825042724607;0.25966582121672455;34;
1755694074.82;0.4049983978271484;0.2644313670970776;34;
1755694074.853;0.41202093760172526;0.2704525982892072;34;
1755694074.887;0.41433305740356446;0.2743798149956598;34;
1755694074.92;0.41711832682291666;0.28128187391493054;35;
1755694074.953;0.4197354316711426;0.2879322193287037;35;
1755694074.987;0.42512315114339194;0.2951852303964121;35;
1755694075.02;0.48282756805419924;0.23711157904730906;35;
1755694075.053;0.5333508809407552;0.1885737666377315;36;
1755694075.087;0.5299392382303874;0.19529701515480324;36;
1755694075.12;0.5283993403116862;0.20338355170355904;36;
1755694075.153;0.5289223670959473;0.21215334291811339;36;
1755694075.187;0.5299586613972982;0.22011662235966434;36;
1755694075.22;0.5252801895141601;0.22969207763671873;36;
1755694075.253;0.5234020868937175;0.2295399983723958;36;
1755694075.287;0.516761589050293;0.22165566903573497;36;
1755694075.32;0.5137099583943685;0.218729994032118;37;
1755694075.353;0.5136229515075683;0.2233177467628762;37;
1755694075.387;0.5130599657694499;0.22868092854817712;37;
1755694075.42;0.5140533447265625;0.23646110252097796;37;
1755694075.453;0.5165260314941407;0.24042810510706014;37;
1755694075.487;0.5160029411315918;0.24580671522352426;37;
1755694075.52;0.5155415534973145;0.2482914677372685;37;
1755694075.553;0.5001805941263835;0.17358590585214118;38;
1755694075.587;0.49979314804077146;0.17404660825376161;38;
1755694075.62;0.4997214953104655;0.17634949860749416;38;
1755694075.653;0.49956092834472654;0.18045710810908566;38;
1755694075.687;0.5007295608520508;0.18410299795645257;39;
1755694075.72;0.49979476928710936;0.18579971878616897;39;
1755694075.754;0.5058236757914225;0.18546781186704286;39;
1755694075.787;0.5435590108235677;0.18024145055700236;39;
1755694075.82;0.5442522684733073;0.17932756212022571;39;
1755694075.854;0.5439464569091796;0.1788034509729456;39;
1755694075.887;0.5439212799072266;0.18058929443359373;39;
1755694075.92;0.5428792317708333;0.18206753200954862;39;
1755694075.954;0.5427790959676106;0.18242865668402775;39;
1755694075.987;0.5416147867838542;0.18213354040075236;39;
1755694076.02;0.5421319325764974;0.17946376094111693;40;
1755694076.054;0.5419570287068685;0.18079913104021994;40;
1755694076.087;0.5404837926228842;0.18136930112485528;40;
1755694076.12;0.5419412612915039;0.18192076506438082;40;
1755694076.154;0.4757120132446289;0.19193782099971068;40;
1755694076.187;0.0;1.0;40;
1755694076.22;0.356558100382487;0.19628222430193865;40;
1755694076.254;0.3572546005249023;0.197113037109375;41;
1755694076.287;0.3585026423136393;0.19419018780743635;41;
1755694076.32;0.35779813130696614;0.193007970739294;41;
1755694076.354;0.35706615447998047;0.19282413058810766;41;
1755694076.387;0.4092516581217448;0.1947685524269387;42;
1755694076.42;0.0;1.0;42;
1755694076.454;0.0;1.0;42;
1755694076.487;0.6207640329996745;0.21940980134186916;42;
1755694076.52;0.6147127151489258;0.22029204191984952;42;
1755694076.554;0.6116750081380208;0.2208928426106771;42;
1755694076.587;0.6077437082926432;0.2199692902741609;42;
1755694076.62;0.6081721623738606;0.22076455575448495;42;
1755694076.654;0.5993717193603516;0.2207160101996528;43;
1755694076.687;0.5903979619344075;0.22047729492187496;43;
1755694076.72;0.5841652552286783;0.22004292805989578;43;
1755694076.754;0.5798391977945964;0.21756128381799766;44;
1755694076.787;0.574281374613444;0.21847212049696185;44;
1755694076.82;0.5715986887613932;0.21743248833550344;44;
1755694076.854;0.5691677729288737;0.2165187694408276;44;
1755694076.887;0.56868896484375;0.21630825466579862;44;
1755694076.92;0.5676594416300456;0.21709995976200813;44;
1755694076.954;0.5686283111572266;0.21766086154513886;45;
1755694076.987;0.4758575439453125;0.21863482439959492;45;
1755694077.02;0.47270466486612955;0.21909682662398722;45;
1755694077.054;0.4702005704243978;0.2210073400426794;45;
1755694077.087;0.46897862752278646;0.22243426287615742;45;
1755694077.12;0.4695783297220866;0.2225890548140914;45;
1755694077.154;0.47097113927205403;0.2235087076822917;46;
1755694077.187;0.4703985850016276;0.22429560908564816;46;
1755694077.22;0.47682342529296873;0.22121870252821185;46;
1755694077.254;0.4770067532857259;0.22111059118200227;46;
1755694077.287;0.4806806246439616;0.21572661223234957;46;
1755694077.32;0.4816473325093587;0.20710969147858793;47;
1755694077.354;0.48126455942789714;0.20398587827329284;47;
1755694077.387;0.48175554275512694;0.1982480084454572;47;
1755694077.42;0.48182760874430336;0.19551945439091434;47;
1755694077.454;0.4822788874308268;0.19407224301938653;47;
1755694077.487;0.48394269943237306;0.19370546694155089;48;
1755694077.52;0.48799962997436525;0.19363392017505787;48;
1755694077.554;0.4892622311909994;0.19274094193070024;48;
1755694077.587;0.4881196657816569;0.1886606287073206;48;
1755694077.62;0.48677450815836587;0.18674468994140625;48;
1755694077.654;0.4861781120300293;0.1860652217158565;48;
1755694077.687;0.4859951019287109;0.1867030956127026;48;
1755694077.72;0.483787473042806;0.19320226598668977;49;
1755694077.754;0.48350194295247395;0.19830113163700813;49;
1755694077.787;0.4832868258158366;0.19892233389395253;49;
1755694077.82;0.48180468877156574;0.2053202311197917;49;
1755694077.854;0.4819485346476237;0.20699451587818285;50;
1755694077.887;0.5806658426920573;0.22764180501302078;50;
1755694077.92;0.0;1.0;50;
1755694077.954;0.5964964548746745;0.24422155309606486;50;
1755694077.987;0.6056425094604492;0.25311409279152197;51;
1755694078.02;0.6068009694417318;0.2633169668692129;51;
1755694078.054;0.6151318868001302;0.26760304768880205;51;
1755694078.087;0.6141397476196289;0.272305241337529;51;
1755694078.12;0.6104340235392253;0.2739512690791377;51;
1755694078.154;0.6069102605183919;0.28229901349103004;51;
1755694078.187;0.6036403020222981;0.28811069064670136;51;
1755694078.22;0.5994856516520183;0.2919306437174479;51;
1755694078.254;0.5970814387003581;0.29555918375651047;52;
1755694078.287;0.5933210372924804;0.2995067455150463;52;
1755694078.32;0.5896434148152669;0.29797351978443287;52;
1755694078.354;0.5871490478515625;0.29869226526331016;52;
1755694078.387;0.0;1.0;52;
1755694078.42;0.44340651830037436;0.24842704490379053;52;
1755694078.454;0.44172210693359376;0.24604187011718748;53;
1755694078.487;0.4411417325337728;0.2450788144712095;53;
1755694078.52;0.4403594970703125;0.24646007396556713;53;
1755694078.554;0.4381328900655111;0.24629200122974537;54;
1755694078.587;0.43737481435139974;0.24548661973741315;54;
1755694078.62;0.43627312978108723;0.2453213727032697;54;
1755694078.654;0.43749303817749025;0.24313326235170718;55;
1755694078.687;0.4358709971110026;0.24193273473668986;55;
1755694078.72;0.43408177693684896;0.2411326090494792;55;
1755694078.754;0.4318750699361165;0.24097719545717589;56;
1755694078.787;0.5002152442932128;0.2612142492223669;56;
1755694078.82;0.5734620412190755;0.291079768428096;56;
1755694078.854;0.5733731587727865;0.2919288352683739;56;
1755694078.887;0.5713716506958008;0.2928566261574074;56;
1755694078.92;0.5723077138264974;0.29540665237991903;57;
1755694078.954;0.5736635843912761;0.2960050794813368;57;
1755694078.987;0.5739518483479817;0.2975238941333912;57;
1755694079.02;0.574731190999349;0.29918732819733795;57;
1755694079.054;0.5313077608744303;0.2903389259620949;58;
1755694079.087;0.4576829592386881;0.267885504828559;58;
1755694079.12;0.45478700002034506;0.2692065768771701;58;
1755694079.154;0.4540766398111979;0.2738927770543982;59;
1755694079.187;0.4527338981628418;0.27728927047164353;59;
1755694079.22;0.4519497871398926;0.27893580683955443;59;
1755694079.254;0.4056989351908366;0.2754387749565972;59;
1755694079.287;0.4050821940104167;0.2762701529043692;60;
1755694079.32;0.40462512969970704;0.27557395652488426;61;
1755694079.354;0.4039382298787435;0.2758218270760996;62;
1755694079.387;0.4067044893900553;0.2750656127929687;62;
1755694079.42;0.40695762634277344;0.27484046088324654;62;
1755694079.454;0.40667689641316734;0.27598560474537037;63;
1755694079.487;0.40576232274373375;0.27631864194516786;63;
1755694079.52;0.40189940134684243;0.2719926057038484;64;
1755694079.554;0.0;1.0;64;
1755694079.587;0.0;1.0;65;
1755694079.62;0.0;1.0;66;
1755694079.654;0.0;1.0;66;
1755694079.687;0.0;1.0;66;
1755694079.72;0.0;1.0;67;
1755694079.754;0.5286605199178059;0.3058751424153646;67;
1755694079.787;0.5296266555786133;0.3061991938838252;67;
1755694079.82;0.5306210517883301;0.30484144422743054;68;
1755694079.854;0.5292448997497559;0.3033406575520833;69;
1755694079.887;0.5280748049418131;0.30412659821686916;69;
1755694079.92;0.520832888285319;0.3049427738896122;70;
1755694079.954;0.0;1.0;71;
1755694079.987;0.3784817695617676;0.2889665391710069;71;
1755694080.02;0.38001521428426105;0.2893560338903356;71;
1755694080.054;0.3807103157043457;0.2898300170898438;72;
1755694080.087;0.3772234598795573;0.2898677684642651;72;
1755694080.12;0.3762831687927246;0.28924679226345484;72;
1755694080.154;0.374737548828125;0.2878296463577835;74;
1755694080.187;0.37426233291625977;0.2881582754629629;75;
1755694080.22;0.3805356025695801;0.28795386420355906;75;
1755694080.254;0.3842252413431803;0.28744297734013313;77;
1755694080.287;0.3887715975443522;0.28636695014105906;77;
1755694080.32;0.39089940388997396;0.286566162109375;78;
1755694080.354;0.0;1.0;78;
1755694080.387;0.5393524805704752;0.3029437594943576;79;
1755694080.42;0.5412088394165039;0.3037696555808739;79;
1755694080.454;0.5432844161987305;0.30467156304253473;80;
1755694080.487;0.542413330078125;0.30800250018084496;81;
1755694080.52;0.5406570434570312;0.3075262564199942;81;
1755694080.554;0.5410467783610026;0.3088422987196181;81;
1755694080.587;0.5399799982706706;0.31049239547164353;82;
1755694080.62;0.5383171717325846;0.31258929217303244;82;
1755694080.654;0.4581501324971517;0.2888471815321181;83;
1755694080.687;0.36719741821289065;0.2912042688440394;84;
1755694080.72;0.3654528299967448;0.2905023645471644;84;
1755694080.754;0.36400044759114586;0.2907280815972222;84;
1755694080.787;0.3624375343322754;0.29065342655888315;84;
1755694080.82;0.3617913881937663;0.291305089879919;85;
1755694080.854;0.3614530881245931;0.29167638708043986;85;
1755694080.887;0.3623613039652506;0.29158641673900465;85;
1755694080.92;0.36414299011230467;0.2920616997612847;85;
1755694080.954;0.3658336957295736;0.2924292105215567;87;
1755694080.987;0.368141237894694;0.2923020539460359;87;
1755694081.02;0.36629063288370767;0.29285967791521994;87;
1755694081.054;0.0;1.0;88;
1755694081.087;0.0;1.0;88;
1755694081.12;0.06376075744628906;0.27672639069733795;89;
1755694081.154;0.06863602797190348;0.272676764594184;90;
1755694081.187;0.08673453330993652;0.2671105844003183;90;
1755694081.22;0.08270332018534342;0.26943020290798614;90;
1755694081.254;0.0;1.0;90;
1755694081.287;0.06123530864715576;0.30070060447410296;90;
1755694081.32;0.0;1.0;91;
1755694081.354;0.07271095911661783;0.31703835946542247;91;
1755694081.387;0.08498656749725342;0.32831307870370374;91;
1755694081.42;0.0;1.0;92;
1755694081.454;0.10719618002573648;0.34125411422164353;92;
1755694081.487;0.1384924570719401;0.39429569950810184;92;
1755694081.52;0.14659684499104816;0.39507926658347803;92;
1755694081.554;0.1471502463022868;0.39761075620298036;92;
1755694081.587;0.15790090560913086;0.397923900462963;92;
1755694081.62;0.16374200185139973;0.3947190461335359;92;
1755694081.654;0.17014288902282715;0.39600620976200807;92;
1755694081.687;0.18070653279622395;0.394849932635272;93;
1755694081.72;0.1891912778218587;0.39151040536385995;93;
1755694081.754;0.195360533396403;0.38963040952329286;93;
1755694081.787;0.20100008646647136;0.3889876189055266;93;
1755694081.82;0.20658117930094402;0.38929550736038776;93;
1755694081.854;0.20886462529500324;0.38858167860243054;93;
1755694081.887;0.21369770367940266;0.38712955050998266;94;
1755694081.92;0.21508959134419758;0.38612377025462963;94;
1755694081.954;0.22125115394592285;0.3854608041268808;94;
1755694081.987;0.31003684997558595;0.37472178141276047;94;
1755694082.02;0.0;1.0;94;
1755694082.054;0.6442037582397461;0.2303569087275752;94;
1755694082.087;0.6438548405965169;0.2313971625434028;94;
1755694082.12;0.640391222635905;0.23205792462384256;95;
1755694082.154;0.6385250091552734;0.23403941966869213;95;
1755694082.187;0.635905392964681;0.23475403962311925;96;
1755694082.22;0.6346350987752278;0.2355917471426504;96;
1755694082.254;0.6357446670532226;0.23445163302951388;96;
1755694082.287;0.6379841486612956;0.23177767153139472;97;
1755694082.32;0.6393789927164714;0.23002777099609373;97;
1755694082.354;0.6420483271280925;0.22710164388020837;97;
1755694082.387;0.6445088704427083;0.22580685085720487;98;
1755694082.42;0.6482632319132487;0.2224860297309028;98;
1755694082.454;0.6520718256632487;0.21912333170572917;98;
1755694082.487;0.6620815912882487;0.21460537380642364;98;
1755694082.52;0.6663139979044597;0.2119891131365741;98;
1755694082.554;0.0;1.0;99;
1755694082.587;0.0;1.0;99;
1755694082.62;0.0;1.0;99;
1755694082.654;0.0;1.0;99;
1755694082.687;0.0;1.0;99;
1755694082.72;0.0;1.0;99;
1755694082.754;0.0;1.0;99;
1755694082.787;0.34660733540852867;0.3581652605975115;99;
1755694082.82;0.0;1.0;100;
1755694082.854;0.3450511614481608;0.35424810338903356;100;
1755694082.887;0.34575252532958983;0.35137413872612844;101;
1755694082.92;0.3444313367207845;0.3497894852249711;101;
1755694082.954;0.0;1.0;101;
1755694082.987;0.35208476384480797;0.34812333848741317;101;
1755694083.02;0.3620653788248698;0.34720470287181715;101;
1755694083.054;0.3679138501485189;0.3464237354419849;101;
1755694083.087;0.3755840619405111;0.3434803715458623;101;
1755694083.12;0.3792323430379232;0.3402854636863426;101;
1755694083.154;0.38173751831054686;0.33853646737557874;102;
1755694083.187;0.3847606341044108;0.338922119140625;102;
1755694083.22;0.3855680147806803;0.3382522583007812;102;
1755694083.254;0.38567043940226237;0.3388462207935474;102;
1755694083.287;0.3875020980834961;0.33933337176287615;103;
1755694083.32;0.3877964655558268;0.3386576334635417;103;
1755694083.354;0.3849820137023926;0.3393103140371817;103;
1755694083.387;0.3856311480204264;0.3410079956054688;104;
1755694083.42;0.38519061406453453;0.34086976227936916;104;
1755694083.454;0.3854938507080078;0.3401671798140914;104;
1755694083.487;0.3850195248921712;0.34074407506872106;104;
1755694083.52;0.3849429448445638;0.34188978407118054;104;
1755694083.554;0.3834575017293294;0.34322374131944444;104;
1755694083.587;0.3817508061726888;0.34110293918185763;105;
1755694083.62;0.37952146530151365;0.3425988656503183;106;
1755694083.654;0.37952518463134766;0.3438093397352431;106;
1755694083.687;0.37989962895711266;0.3441437332718461;107;
1755694083.72;0.3786962827046712;0.34341583251953123;108;
1755694083.754;0.37589680353800453;0.3435928344726562;108;
1755694083.787;0.372258726755778;0.34394243028428817;108;
1755694083.82;0.369130802154541;0.34191617612485536;109;
1755694083.854;0.3688692092895508;0.34179444489655675;109;
1755694083.887;0.3691364288330078;0.34124608922887734;109;
1755694083.92;0.3711277961730957;0.34036232277199074;111;
1755694083.954;0.3711009661356608;0.3394870899341724;111;
1755694083.987;0.3708966573079427;0.33816110116464115;111;
1755694084.02;0.3693547248840332;0.33769237377025463;112;
1755694084.054;0.3681406656901042;0.33739674886067705;112;
1755694084.087;0.3680318514506022;0.3360917833116319;113;
1755694084.12;0.3688147226969401;0.33309314869068285;115;
1755694084.154;0.36945323944091796;0.3305739226164641;115;
1755694084.187;0.3739246686299642;0.32929257993344907;115;
1755694084.22;0.374892520904541;0.32795596652560766;117;
1755694084.254;0.37454007466634115;0.32718245894820597;117;
1755694084.287;0.3741023381551107;0.32761490433304397;117;
1755694084.32;0.37535184224446616;0.32548862033420134;118;
1755694084.354;0.3755939483642578;0.3231835259331597;118;
1755694084.387;0.3768154780069987;0.32279725251374425;119;
1755694084.42;0.37781168619791666;0.32230264169198497;120;
1755694084.454;0.38323545455932617;0.3222869873046875;120;
1755694084.487;0.38277149200439453;0.32253802264178244;120;
1755694084.52;0.38323822021484377;0.3229354293258102;121;
1755694084.554;0.38342068990071615;0.32326066758897565;122;
1755694084.587;0.3885743776957194;0.32344422516999416;122;
1755694084.62;0.3921078681945801;0.3229198314525463;123;
1755694084.654;0.39466428756713867;0.32341935899522567;123;
1755694084.687;0.39576857884724936;0.323602294921875;124;
1755694084.72;0.39592952728271485;0.32312520345052087;125;
1755694084.754;0.3956848780314128;0.32229653817635995;126;
1755694084.787;0.39521671930948893;0.32213841191044557;126;
1755694084.82;0.3957395553588867;0.3232350667317708;126;
1755694084.854;0.3962212244669596;0.32262590196397567;128;
1755694084.887;0.39533704121907554;0.3226107562029803;129;
1755694084.92;0.3962767918904622;0.3231781570999711;129;
1755694084.954;0.39608405431111654;0.3240059181495949;129;
1755694084.987;0.39646762212117515;0.3261152479383681;130;
1755694085.02;0.39540440241495767;0.3267167833116319;130;
1755694085.054;0.3953088124593099;0.32726022225839124;130;
1755694085.087;0.39497079849243166;0.32728695339626734;130;
1755694085.12;0.39473015467325845;0.3277095653392651;132;
1755694085.154;0.39356654485066733;0.32708084671585647;133;
1755694085.187;0.3923983573913574;0.32738415753399885;134;
1755694085.22;0.39208288192749025;0.32713012695312504;134;
1755694085.254;0.3920157750447591;0.3271193327727141;136;
1755694085.287;0.3926640828450521;0.32877304642288774;137;
1755694085.32;0.3876631736755371;0.32720958568431713;137;
1755694085.354;0.3885991096496582;0.3257707383897569;138;
1755694085.387;0.389263916015625;0.32550274884259256;139;
1755694085.42;0.38969332377115884;0.3260388409649885;139;
1755694085.454;0.39013741811116537;0.3261152479383681;140;
1755694085.487;0.3878370602925619;0.3259148491753472;140;
1755694085.52;0.38845303853352864;0.32627716064453127;141;
1755694085.554;0.38876349131266275;0.32542069046585653;141;
1755694085.587;0.3890191713968913;0.3251021773726852;142;
1755694085.62;0.3913578987121582;0.3240106088143808;143;
1755694085.654;0.39039576848347984;0.3243261831778067;143;
1755694085.687;0.389959176381429;0.32498824508101853;145;
1755694085.72;0.390048885345459;0.3249813503689236;145;
1755694085.754;0.38844130833943685;0.3257688734266493;146;
1755694085.787;0.38955310185750325;0.3243370903862848;148;
1755694085.82;0.39002838134765627;0.32379393400969325;148;
1755694085.854;0.39086926778157555;0.3248803597909433;149;
1755694085.887;0.3906987190246582;0.3262994271737558;149;
1755694085.92;0.3903234799702962;0.32544363516348385;149;
1755694085.954;0.3904643376668294;0.32620227955005787;150;
1755694085.987;0.389968204498291;0.326855864348235;150;
1755694086.02;0.3894042650858561;0.32798761438440394;151;
1755694086.054;0.0;1.0;152;
1755694086.087;0.0;1.0;153;
1755694086.12;0.0;1.0;153;
1755694086.154;0.0;1.0;153;
1755694086.187;0.7538962046305339;0.18690988046151624;156;
1755694086.22;0.7539702733357747;0.18943261040581594;157;
1755694086.254;0.7420758565266927;0.19094113950376157;158;
1755694086.287;0.784095573425293;0.16603218361183447;158;
1755694086.32;0.785412089029948;0.16696410002531825;158;
1755694086.354;0.0;1.0;158;
1755694086.387;0.7337497075398763;0.1701702541775174;159;
1755694086.42;0.6681535085042317;0.17794144241898147;160;
1755694086.454;0.653997294108073;0.1793974134657118;160;
1755694086.487;0.7354907353719076;0.18433945267288776;161;
1755694086.52;0.0;1.0;161;
1755694086.554;0.7555824279785156;0.18727908664279513;161;
1755694086.587;0.7204823811848958;0.1918206108940972;161;
1755694086.62;0.7213492075602214;0.1938998752170139;161;
1755694086.654;0.6874003092447917;0.19398865876374416;162;
1755694086.687;0.6454460779825847;0.20544608787254048;162;
1755694086.72;0.6481011708577474;0.209012688530816;162;
1755694086.754;0.6447072982788086;0.21448946352358222;163;
1755694086.787;0.6404756546020508;0.2168860541449653;163;
1755694086.82;0.6373737970987956;0.2197330050998264;163;
1755694086.854;0.6352874120076497;0.22205985740379053;163;
1755694086.887;0.6272627512613932;0.2229977643048322;163;
1755694086.92;0.6192626953125;0.2247520729347512;164;
1755694086.954;0.6150312423706055;0.2266653555410879;164;
1755694086.987;0.6134552637736003;0.22715894911024304;164;
1755694087.02;0.6082272211710612;0.22858152036313661;164;
1755694087.054;0.6028784434000651;0.23015764024522567;165;
1755694087.087;0.6035607655843099;0.2312828346535012;165;
1755694087.12;0.6058939615885417;0.23055578161168977;165;
1755694087.154;0.6060798009236653;0.23100495515046293;165;
1755694087.187;0.6049752553304036;0.2319288465711805;165;
1755694087.22;0.5274455070495605;0.20763753255208328;165;
1755694087.254;0.5166339238484701;0.20505715829354743;165;
1755694087.287;0.5103825887044271;0.2033252292209201;165;
1755694087.32;0.5049095789591471;0.20280970820674193;166;
1755694087.354;0.5028749783833821;0.2023362901475695;166;
1755694087.387;0.49007415771484375;0.20036349826388888;166;
1755694087.42;0.47873948415120443;0.19941779242621527;167;
1755694087.454;0.4716565450032552;0.19921908908420138;167;
1755694087.487;0.4674245834350586;0.19874923140914347;168;
1755694087.52;0.4642713228861491;0.19996428313078707;168;
1755694087.554;0.4614072481791178;0.1995951899775752;168;
1755694087.587;0.46027501424153644;0.19914675112123847;168;
1755694087.62;0.4584391911824544;0.1980370415581597;169;
1755694087.654;0.4557446797688802;0.1977087515371817;169;
1755694087.687;0.4557337760925293;0.19734768337673614;169;
1755694087.72;0.4541415532430013;0.19719051784939234;169;
1755694087.754;0.45517489115397136;0.19648561830873845;170;
1755694087.787;0.45625054041544594;0.19661141854745368;171;
1755694087.82;0.4617415428161621;0.19652851246021408;172;
1755694087.854;0.0;1.0;172;
1755694087.887;0.6236061096191406;0.23939050745081014;174;
1755694087.92;0.6191521326700846;0.2386844211154514;174;
1755694087.954;0.6169150670369467;0.24105801052517362;175;
1755694087.987;0.6130922317504883;0.24342137089482063;175;
1755694088.02;0.6109132130940755;0.24573296440972225;176;
1755694088.054;0.6116584777832031;0.24493193449797457;176;
1755694088.087;0.6134864807128906;0.24456351951316546;177;
1755694088.12;0.6088465372721354;0.24670602303964118;178;
1755694088.154;0.6044595082600911;0.24744810881438084;178;
1755694088.187;0.6009316762288411;0.2482042100694445;179;
1755694088.22;0.5989389419555664;0.24762539333767364;181;
1755694088.254;0.5996411641438802;0.24783036973741324;181;
1755694088.287;0.5983268102010091;0.24878042715567128;182;
1755694088.32;0.5961870193481446;0.24997598153573497;183;
1755694088.354;0.5980234146118164;0.2494363855432581;185;
1755694088.387;0.5968681335449219;0.24901626021773726;185;
1755694088.42;0.5966095606486003;0.24786732991536453;185;
1755694088.454;0.5971860885620117;0.2489295111762153;187;
1755694088.487;0.5978225708007813;0.25012563069661453;187;
1755694088.52;0.596368153889974;0.25083267777054397;187;
1755694088.554;0.5968909581502279;0.25159866898148153;188;
1755694088.587;0.5959330240885417;0.25216256600839115;188;
1755694088.62;0.5963162740071615;0.251108240198206;190;
1755694088.654;0.4921138763427734;0.1961838333695023;190;
1755694088.687;0.4193725903828939;0.18365648057725692;191;
1755694088.72;0.4198656400044759;0.18437579119646996;192;
1755694088.754;0.4213419914245605;0.18638729519314234;193;
1755694088.787;0.4223768870035807;0.18648212574146417;194;
1755694088.82;0.4305773099263509;0.18433809633608222;195;
1755694088.854;0.44358399709065754;0.18342375578703707;195;
1755694088.887;0.45036999384562176;0.18416047272858793;195;
1755694088.92;0.46290286382039386;0.18355452926070603;196;
1755694088.954;0.4786681811014811;0.18104038944950807;196;
1755694088.987;0.4962773640950521;0.1786064995659722;197;
1755694089.02;0.0;1.0;197;
1755694089.054;0.0;1.0;198;
1755694089.087;0.0;1.0;198;
1755694089.12;0.0;1.0;199;
1755694089.154;0.1433326244354248;0.3526302761501736;200;
1755694089.187;0.0;1.0;200;
1755694089.22;0.2659186045328776;0.326230706108941;200;
1755694089.254;0.0;1.0;200;
1755694089.287;0.0;1.0;201;
1755694089.32;0.0;1.0;201;
1755694089.354;0.35312366485595703;0.315894854510272;201;
1755694089.387;0.3507959047953288;0.31748809814453127;201;
1755694089.42;0.3553692181905111;0.3191780372902199;202;
1755694089.454;0.3548567454020182;0.322481452094184;202;
1755694089.487;0.3586318016052246;0.32259934036820026;202;
1755694089.52;0.36259867350260416;0.3206928959599248;202;
1755694089.554;0.36699628829956055;0.32046220567491324;203;
1755694089.587;0.3687743186950684;0.32122147171585647;204;
1755694089.62;0.369546635945638;0.3206845318829572;204;
1755694089.654;0.37067171732584636;0.3188640453197338;204;
1755694089.687;0.3718989054361979;0.3193912647388599;204;
1755694089.72;0.37260239919026694;0.32121932418258103;205;
1755694089.754;0.3726264317830404;0.32018528691044557;205;
1755694089.787;0.370969295501709;0.3207814534505208;205;
1755694089.82;0.3717071533203125;0.3208421495225694;205;
1755694089.854;0.3730859438578288;0.32156174271195026;206;
1755694089.887;0.37477664947509765;0.32184945565682865;207;
1755694089.92;0.3748777707417806;0.3217828256112558;207;
1755694089.954;0.37482471466064454;0.323123225459346;209;
1755694089.987;0.375064754486084;0.324837409125434;210;
1755694090.02;0.3763822237650553;0.3258243702076099;210;
1755694090.054;0.3772745132446289;0.3255854288736979;211;
1755694090.087;0.37858940760294596;0.3247537118417245;212;
1755694090.12;0.3803532600402832;0.3278909188729745;212;
1755694090.154;0.3798352877298991;0.3278169985170718;214;
1755694090.187;0.3775617281595866;0.32744361029730906;214;
1755694090.22;0.3764948844909668;0.3274306120695891;215;
1755694090.254;0.37534255981445314;0.32734957094545714;215;
1755694090.287;0.37431519826253257;0.3279439290364583;216;
1755694090.32;0.3740602175394694;0.32842362015335647;216;
1755694090.354;0.3704510688781738;0.32794969346788194;217;
1755694090.387;0.3699406305948893;0.32546403672960067;217;
1755694090.42;0.36871023178100587;0.32459513346354163;218;
1755694090.454;0.3673046747843424;0.3244028162073206;218;
1755694090.487;0.3672082583109538;0.3233862982855903;220;
1755694090.52;0.36663920084635415;0.32204844156901047;221;
1755694090.554;0.3673364321390788;0.3215330335828993;221;
1755694090.587;0.3684185028076172;0.32272660997178815;223;
1755694090.62;0.3687071164449056;0.3230170355902777;223;
1755694090.654;0.3675275166829427;0.3210364447699653;224;
1755694090.687;0.3674988110860189;0.319955896448206;225;
1755694090.72;0.3666783014933268;0.31932943838614003;225;
1755694090.754;0.3645735422770182;0.31925845675998266;225;
1755694090.787;0.3640505154927572;0.31903053566261574;226;
1755694090.82;0.3669192632039388;0.31885274251302087;226;
1755694090.854;0.36780077616373696;0.31862075240523724;227;
1755694090.887;0.3688453992207845;0.31820831298828123;228;
1755694090.92;0.3680762608846029;0.3174496686017072;228;
1755694090.954;0.36626558303833007;0.3176898532443576;230;
1755694090.987;0.36554946899414065;0.32043909143518523;231;
1755694091.02;0.365160878499349;0.3206674081307871;231;
1755694091.054;0.3631535847981771;0.3221832275390625;232;
1755694091.087;0.36062116622924806;0.3234838415075232;234;
1755694091.12;0.35895595550537107;0.3246168913664641;234;
1755694091.154;0.3569722811381022;0.32393171522352426;235;
1755694091.187;0.35494839350382484;0.3243048208731192;236;
1755694091.22;0.35450029373168945;0.32548313847294563;236;
1755694091.254;0.35355634689331056;0.3270551893446181;236;
1755694091.287;0.35241003036499025;0.3276027538158276;237;
1755694091.32;0.3521829605102539;0.3263573540581597;238;
1755694091.354;0.3510464986165365;0.32554287380642366;238;
1755694091.387;0.3501502354939779;0.32483876546223955;239;
1755694091.42;0.35158799489339193;0.3242384168836806;239;
1755694091.454;0.352406374613444;0.32464622214988426;239;
1755694091.487;0.353304386138916;0.3249173199688947;240;
1755694091.52;0.3539790471394857;0.32271513762297455;242;
1755694091.554;0.3544300079345703;0.3216834174262153;242;
1755694091.587;0.35818792978922526;0.32033742268880205;243;
1755694091.62;0.36237592697143556;0.31976826985677087;245;
1755694091.654;0.36578795115152996;0.3196447301793981;245;
1755694091.687;0.3680248260498047;0.31913056550202545;246;
1755694091.72;0.3674763679504395;0.31738100405092595;246;
1755694091.754;0.36819547017415366;0.3170842488606771;246;
1755694091.787;0.370062001546224;0.31671368634259256;247;
1755694091.82;0.371088441212972;0.31595877188223376;248;
1755694091.854;0.370783265431722;0.31380570023148147;248;
1755694091.887;0.3714393297831217;0.3120564213505498;249;
1755694091.92;0.3721547444661458;0.31211056179470487;249;
1755694091.954;0.37253608703613283;0.3124082777235243;249;
1755694091.987;0.3723905563354492;0.3128870081018519;250;
1755694092.02;0.3724953651428223;0.3121422661675347;251;
1755694092.054;0.3724278767903646;0.312128589771412;252;
1755694092.087;0.3718343416849772;0.3115135475441262;252;
1755694092.12;0.37131376266479493;0.31151168258101847;254;
1755694092.154;0.37026405334472656;0.31008289478443285;254;
1755694092.187;0.37006750106811526;0.3106909857855903;255;
1755694092.22;0.3710752169291178;0.3111454151294849;256;
1755694092.254;0.3711603800455729;0.31063741048177085;257;
1755694092.287;0.37205944061279295;0.30983197247540506;257;
1755694092.32;0.37113523483276367;0.309413825141059;258;
1755694092.354;0.3719090779622396;0.3098540694625289;258;
1755694092.387;0.3725083033243815;0.3092322455512153;258;
1755694092.42;0.3717329661051432;0.30854430022063084;259;
1755694092.454;0.3721712748209635;0.30832576045283566;261;
1755694092.487;0.3722765604654948;0.307967687536169;261;
1755694092.52;0.3720747311909994;0.3087839762369792;263;
1755694092.554;0.37154197692871094;0.3098111753110533;264;
1755694092.587;0.3718470255533854;0.30958410192418984;264;
1755694092.62;0.3713257153828939;0.30872960973668984;266;
1755694092.654;0.3726401964823405;0.30870474356192135;266;
1755694092.687;0.37286787033081054;0.31032059280960644;266;
1755694092.72;0.3733341852823893;0.3109542846679687;267;
1755694092.754;0.3722336451212565;0.31183076081452543;270;
1755694092.787;0.37283639907836913;0.31209343804253475;270;
1755694092.82;0.3745384216308594;0.3121087533456308;271;
1755694092.854;0.3721070607503255;0.31223155834056715;272;
1755694092.887;0.3731119155883789;0.31159967493127894;272;
1755694092.92;0.3723139762878418;0.31127703631365744;273;
1755694092.954;0.3733713150024414;0.3127087628399884;273;
1755694092.987;0.37340564727783204;0.3123919451678241;273;
1755694093.02;0.37291380564371746;0.3139198585792824;274;
1755694093.054;0.3743207295735677;0.31259539568865746;274;
1755694093.087;0.3752372105916341;0.31183861626519094;276;
1755694093.12;0.3748345692952474;0.3112923516167535;277;
1755694093.154;0.3743487675984701;0.31087414776837385;278;
1755694093.187;0.37508633931477864;0.3114845558449074;279;
1755694093.22;0.37630446751912433;0.311722253870081;280;
1755694093.254;0.37579498291015623;0.31270271583839704;281;
1755694093.287;0.3752230962117513;0.3141718546549479;281;
1755694093.32;0.373177973429362;0.3140106201171875;283;
1755694093.354;0.3734400431315104;0.3129174691659433;284;
1755694093.387;0.37253630956014;0.313361895525897;285;
1755694093.42;0.372476069132487;0.3143599898726852;286;
1755694093.454;0.37058995564778646;0.31475479691116903;287;
1755694093.487;0.370135243733724;0.3146988480179398;288;
1755694093.52;0.37119359970092775;0.31519927978515627;288;
1755694093.554;0.3699341138203939;0.31641354031032987;290;
1755694093.587;0.3709331830342611;0.3154735423900463;291;
1755694093.62;0.37082106272379556;0.3142362241391783;291;
1755694093.654;0.3699906349182129;0.31416597719545714;292;
1755694093.687;0.3680187543233236;0.31285304316767937;292;
1755694093.72;0.367838986714681;0.3134073893229167;294;
1755694093.754;0.3678435325622559;0.31333335593894673;296;
1755694093.787;0.3687745730082194;0.3129879421657986;296;
1755694093.82;0.3685534159342448;0.3128956547489873;297;
1755694093.854;0.36852617263793946;0.3122503775137442;297;
1755694093.887;0.3672046661376953;0.31061537000868056;298;
1755694093.92;0.3673854827880859;0.3108154296875;299;
1755694093.954;0.36766208012898766;0.31175017180266207;299;
1755694093.987;0.3664325396219889;0.3124640005606192;299;
1755694094.02;0.36608384450276693;0.3123749344437211;300;
1755694094.054;0.36479403177897135;0.31125640869140625;302;
1755694094.087;0.36427974700927734;0.31134496618200236;302;
1755694094.12;0.36372035344441733;0.3106812088577836;303;
1755694094.154;0.3647104581197103;0.31169846146195024;305;
1755694094.187;0.3653628667195638;0.3123892324942129;306;
1755694094.22;0.3661924044291178;0.3125687775788484;306;
1755694094.254;0.36628700892130533;0.31271464029947915;308;
1755694094.287;0.36583000818888345;0.3133453369140625;309;
1755694094.32;0.3660632451375326;0.3118965996636285;310;
1755694094.354;0.3656794865926107;0.3111102068865741;311;
1755694094.387;0.3659712155659994;0.31234594274450234;312;
1755694094.42;0.36396967569986977;0.31319580078125;313;
1755694094.454;0.3648997942606608;0.31362841570818867;313;
1755694094.487;0.3638511975606283;0.3115238896122685;315;
1755694094.52;0.365033213297526;0.3121626112196181;315;
1755694094.554;0.3653782208760579;0.31198900010850694;316;
1755694094.587;0.36484673817952473;0.3106420446325231;318;
1755694094.62;0.3623945871988932;0.310031184443721;318;
1755694094.654;0.3639635403951009;0.30878589771412035;320;
1755694094.687;0.3638662020365397;0.3079272234881366;320;
1755694094.72;0.363333002726237;0.3078106915509259;321;
1755694094.754;0.35941314697265625;0.3081227620442708;321;
1755694094.787;0.3604122797648112;0.30595640959563075;322;
1755694094.82;0.36096007029215493;0.3037736680772569;322;
1755694094.854;0.35731868743896483;0.3042890760633681;323;
1755694094.887;0.3563573201497396;0.3052014386212384;323;
1755694094.92;0.355544376373291;0.30421973334418406;325;
1755694094.954;0.3544050534566244;0.30471417462384254;326;
1755694094.987;0.35812727610270184;0.3056448477285879;327;
1755694095.02;0.35453917185465494;0.3050774468315972;328;
1755694095.054;0.3539892832438151;0.3053332293475116;328;
1755694095.087;0.3528019905090332;0.3040486653645833;330;
1755694095.12;0.35245993932088215;0.30425420690465854;331;
1755694095.154;0.35190159479777017;0.3058538931387442;331;
1755694095.187;0.3514683405558268;0.30698095251012736;333;
1755694095.22;0.3513577143351237;0.30772846363208917;334;
1755694095.254;0.35579942067464193;0.3068485401294849;334;
1755694095.287;0.3580213228861491;0.3071943495008681;336;
1755694095.32;0.36115121841430664;0.3064013445818866;336;
1755694095.354;0.3622241655985514;0.3038777104130498;336;
1755694095.387;0.3629229227701823;0.3040885077582465;337;
1755694095.42;0.3643984794616699;0.3052552399811921;338;
1755694095.454;0.3640718460083008;0.3056162516276042;339;
1755694095.487;0.36273438135782876;0.30529903835720484;340;
1755694095.52;0.36184717814127604;0.3045433892144097;340;
1755694095.554;0.36298907597859703;0.3028510764793113;342;
1755694095.587;0.36259705225626626;0.3031221742983218;343;
1755694095.62;0.3626117706298828;0.3041175559714988;344;
1755694095.654;0.3627849260965983;0.30500126591435184;344;
1755694095.687;0.3639642079671224;0.30685577392578123;345;
1755694095.72;0.3638705571492513;0.3076884516963252;347;
1755694095.754;0.36439358393351234;0.30883907741970484;347;
1755694095.787;0.3643744150797526;0.30960925066912615;349;
1755694095.82;0.3642618497212728;0.3089012428566261;350;
1755694095.854;0.36359243392944335;0.3067188404224537;351;
1755694095.887;0.3622211774190267;0.30631290011935763;352;
1755694095.92;0.36072848637898763;0.3067656340422453;352;
1755694095.954;0.3600261688232422;0.30692121717664933;353;
1755694095.987;0.3594128926595052;0.3066569575557002;354;
1755694096.02;0.35933005015055336;0.3065557974356192;356;
1755694096.054;0.35847593943277994;0.30570396140769673;357;
1755694096.087;0.35713535944620767;0.30491960313585065;358;
1755694096.12;0.35663684209187824;0.30409738046151624;359;
1755694096.154;0.3536022822062174;0.3043748078522859;360;
1755694096.187;0.3537183443705241;0.3033888075086806;361;
1755694096.22;0.3554032325744629;0.30301191541883676;362;
1755694096.254;0.35682913462320964;0.30452603940610534;363;
1755694096.287;0.3549436887105306;0.3059550532588252;363;
1755694096.32;0.3559680938720703;0.30487902605975115;365;
1755694096.354;0.35879427591959634;0.30477882667824074;365;
1755694096.387;0.3589390436808268;0.3054005940755208;367;
1755694096.42;0.3569689114888509;0.3058424207899305;368;
1755694096.454;0.3549087842305501;0.30643084490740746;368;
1755694096.487;0.3530405044555664;0.30627763536241315;369;
1755694096.52;0.3511740366617839;0.30573527018229163;371;
1755694096.554;0.3507197380065918;0.3055602462203414;371;
1755694096.587;0.35291404724121095;0.30605864348234957;372;
1755694096.62;0.3564633369445801;0.3071039270471644;374;
1755694096.654;0.3575982411702474;0.30822160508897567;374;
1755694096.687;0.3588463147481283;0.30914521393952543;375;
1755694096.72;0.35834973653157554;0.3098060890480324;377;
1755694096.754;0.3585527737935384;0.3095961394133391;377;
1755694096.787;0.36044489542643227;0.3101281060112847;378;
1755694096.82;0.36000947952270507;0.3105544478804977;380;
1755694096.854;0.3611987749735514;0.310208977593316;381;
1755694096.887;0.36184005737304686;0.31072642008463547;381;
1755694096.92;0.36164706548055015;0.31031788013599537;382;
1755694096.954;0.36168152491251626;0.3097609343352141;383;
1755694096.987;0.36220512390136717;0.3110609266493055;383;
1755694097.02;0.36294272740681965;0.3121646457248264;383;
1755694097.054;0.3628682772318522;0.3133463541666667;384;
1755694097.087;0.36251357396443684;0.3147599962022569;384;
1755694097.12;0.3621559143066406;0.31326005723741324;386;
1755694097.154;0.3612393697102865;0.3134968510380498;388;
1755694097.187;0.3609376589457194;0.3138641922562211;389;
1755694097.22;0.3601984659830729;0.31453891330295136;390;
1755694097.254;0.35994160970052086;0.3147577921549479;391;
1755694097.287;0.3614262898763021;0.31501419632523153;391;
1755694097.32;0.36132777531941734;0.31542550546151615;393;
1755694097.354;0.3613612492879232;0.315249690303096;394;
1755694097.387;0.360377566019694;0.31391691984953707;394;
1755694097.42;0.36033595403035484;0.31395280626085065;394;
1755694097.454;0.3601352691650391;0.31466522216796877;397;
1755694097.487;0.3610817909240723;0.31475541856553824;398;
1755694097.52;0.36099650065104166;0.31531383373119215;398;
1755694097.554;0.3613127072652181;0.31587100558810766;400;
1755694097.587;0.36080754597981773;0.3163277520073785;400;
1755694097.62;0.3607549031575521;0.3163123236762153;402;
1755694097.654;0.3596159299214681;0.3158009281864873;403;
1755694097.687;0.3592005411783854;0.31574560094762727;404;
1755694097.72;0.3600548426310221;0.31632543493200227;404;
1755694097.754;0.36016063690185546;0.31763616491247104;406;
1755694097.787;0.3597847620646159;0.3186720671477141;406;
1755694097.82;0.35878877639770507;0.31937329327618635;408;
1755694097.854;0.3602232297261556;0.32014883535879635;409;
1755694097.887;0.3600481351216634;0.3186481617115162;410;
1755694097.92;0.35936266581217446;0.3165789568865741;411;
1755694097.954;0.3605491320292155;0.3156767668547453;412;
1755694097.987;0.3602387110392253;0.31632769549334494;412;
1755694098.02;0.3597026507059733;0.3171916820384838;413;
1755694098.054;0.3601872444152832;0.31714601869936343;415;
1755694098.087;0.3608959197998047;0.3175815158420139;416;
1755694098.12;0.363065497080485;0.31838604962384254;417;
1755694098.154;0.3633629163106283;0.3184245356807003;418;
1755694098.187;0.3633744239807129;0.31700219048394096;419;
1755694098.221;0.36384671529134116;0.3171828658492477;419;
1755694098.254;0.36357669830322265;0.31719948097511574;421;
1755694098.287;0.3638014793395996;0.3177190144856771;421;
1755694098.321;0.36489152908325195;0.316379631890191;423;
1755694098.354;0.3644627253214518;0.3152257848668981;424;
1755694098.387;0.3627293586730957;0.3138575236002604;425;
1755694098.421;0.36232150395711266;0.3131672611942997;425;
1755694098.454;0.3613370577494303;0.31247428611472805;427;
1755694098.487;0.36175549825032555;0.31136983235677085;427;
1755694098.521;0.36143646240234373;0.3112694069191262;428;
1755694098.554;0.3609749476114909;0.3117526584201389;429;
1755694098.587;0.3600701014200846;0.31149710196035885;431;
1755694098.621;0.35989106496175133;0.3119501749674479;431;
1755694098.654;0.35866095225016276;0.31216707582826964;432;
1755694098.687;0.3577241897583008;0.31042113127531834;434;
1755694098.721;0.3588781992594401;0.3094385217737269;434;
1755694098.754;0.3591705004374186;0.31013403998480904;436;
1755694098.787;0.3583126703898112;0.3102893970630787;437;
1755694098.821;0.35789381663004555;0.3103888052481192;437;
1755694098.854;0.35765005747477213;0.3102270620840567;438;
1755694098.887;0.35717713038126625;0.30946530942563655;440;
1755694098.921;0.3572096824645996;0.30891944037543406;440;
1755694098.954;0.35799827575683596;0.30814740216290504;441;
1755694098.987;0.35890789031982423;0.3076408103660301;443;
1755694099.021;0.36004759470621744;0.30790925202546293;444;
1755694099.054;0.3606597900390625;0.30730500397858795;444;
1755694099.087;0.3614860852559408;0.3070011280201099;446;
1755694099.121;0.3611275672912598;0.30603479456018523;446;
1755694099.154;0.36210877100626626;0.305305254900897;448;
1755694099.187;0.3620096524556478;0.30529039171006944;449;
1755694099.221;0.36190004348754884;0.30466365107783566;449;
1755694099.254;0.3618658701578776;0.30416881419994213;451;
1755694099.287;0.36175381342569984;0.3033711186161747;452;
1755694099.321;0.3615547815958659;0.3030622129087095;452;
1755694099.354;0.36245317459106446;0.30395485206886574;453;
1755694099.387;0.3618641217549642;0.3038948341652199;455;
1755694099.421;0.3621305147806803;0.30415101227936925;455;
1755694099.454;0.3617442766825358;0.305930413140191;456;
1755694099.487;0.3615831057230631;0.3059874358000578;458;
1755694099.521;0.36230945587158203;0.3052458021375868;459;
1755694099.554;0.36236511866251625;0.30565535933883103;460;
1755694099.587;0.36166836420694987;0.3070252595124421;461;
1755694099.621;0.36149956385294596;0.3073937875253183;461;
1755694099.654;0.36323954264322916;0.3073031955295139;462;
1755694099.687;0.36389166514078775;0.307163718894676;464;
1755694099.721;0.36359990437825523;0.30637190077039933;464;
1755694099.754;0.3639005343119303;0.3061739321108218;466;
1755694099.787;0.3631840705871582;0.30553453233506944;467;
1755694099.821;0.3639834403991699;0.3056134259259259;468;
1755694099.854;0.36539719899495443;0.3053165577076099;468;
1755694099.887;0.36607577006022135;0.305385109230324;470;
1755694099.921;0.36724793116251625;0.3045112892433449;471;
1755694099.954;0.366886838277181;0.30461222330729165;471;
1755694099.987;0.3675415356953939;0.3046346028645833;472;
1755694100.021;0.3671263058980306;0.30468015317563657;474;
1755694100.054;0.36698729197184243;0.30501059072989;474;
1755694100.087;0.36750863393147787;0.3041509557653357;475;
1755694100.121;0.3665882428487142;0.30396960223162617;477;
1755694100.154;0.3669164021809896;0.30491977267795134;477;
1755694100.187;0.3677011807759603;0.30541557029441546;479;
1755694100.221;0.3686920483907064;0.3059140240704572;480;
1755694100.254;0.3687711397806803;0.3068641380027488;480;
1755694100.287;0.3678798039754232;0.3063997621889467;482;
1755694100.321;0.36974658966064455;0.30584315547236685;483;
1755694100.354;0.3695697784423828;0.3065081561053241;483;
1755694100.387;0.3691468874613444;0.3083241215458623;485;
1755694100.421;0.36872215270996095;0.30996715404369213;486;
1755694100.454;0.36821985244750977;0.31296680591724535;486;
1755694100.487;0.0;1.0;487;
1755694100.521;0.0;1.0;489;
1755694100.554;0.0;1.0;490;
1755694100.587;0.0;1.0;490;
1755694100.621;0.37852776845296227;0.3363326461226852;492;
1755694100.654;0.3778524080912272;0.33170346860532407;492;
1755694100.687;0.3751892407735189;0.32846804018373843;494;
1755694100.721;0.37335383097330727;0.3257137722439236;494;
1755694100.754;0.37304039001464845;0.32312802915219907;496;
1755694100.787;0.37449690500895183;0.32097060592086224;496;
1755694100.821;0.37609062194824217;0.3198467113353588;498;
1755694100.854;0.37646268208821615;0.3188679447880498;498;
1755694100.887;0.3755061149597168;0.31771528455946185;499;
1755694100.921;0.37642685572306317;0.318501451280382;501;
1755694100.954;0.3767045656840006;0.3194689715350115;501;
1755694100.987;0.3773242314656576;0.3212999131944444;502;
1755694101.021;0.3764435450236003;0.3221514101381655;503;
1755694101.054;0.37602354685465494;0.3242089730721933;504;
1755694101.087;0.37526912689208985;0.32313859727647565;506;
1755694101.121;0.37416629791259765;0.322569896556713;507;
1755694101.154;0.37378336588541666;0.323755787037037;508;
1755694101.187;0.3738681793212891;0.3244422630027488;508;
1755694101.221;0.37253446578979493;0.3249098036024306;510;
1755694101.254;0.37208417256673176;0.32515055338541665;511;
1755694101.287;0.37133858998616537;0.3248171771014178;511;
1755694101.321;0.3714234670003255;0.3249135335286458;513;
1755694101.354;0.37142804463704426;0.3227417557327835;514;
1755694101.387;0.3713505744934082;0.32190466986762156;514;
1755694101.421;0.3724789619445801;0.321345802589699;516;
1755694101.454;0.3737443606058756;0.32090307165075227;517;
1755694101.487;0.374076239267985;0.31972661901403354;517;
1755694101.521;0.3743178367614746;0.31917526810257524;519;
1755694101.554;0.3759402592976888;0.31909942626953125;520;
1755694101.587;0.37588844299316404;0.3186591819480613;520;
1755694101.621;0.3749924341837565;0.3187817608868634;520;
1755694101.654;0.3731815338134766;0.31902516682942705;523;
1755694101.687;0.3731440226236979;0.31856836389612264;523;
1755694101.721;0.3746280034383138;0.31935362639250575;525;
1755694101.754;0.3781056722005208;0.3199102896231192;526;
1755694101.787;0.3793354034423828;0.3214931346752026;526;
1755694101.821;0.37865324020385743;0.3205297399450231;527;
1755694101.854;0.3769957224527995;0.3205699779369213;529;
1755694101.887;0.3766640027364095;0.3199053729021991;530;
1755694101.921;0.3765116691589355;0.3204472859700521;531;
1755694101.954;0.37284539540608724;0.321334386754919;532;
1755694101.987;0.0;1.0;533;
1755694102.021;0.0;1.0;534;
1755694102.054;0.0;1.0;535;
1755694102.087;0.0;1.0;536;
1755694102.121;0.0;1.0;537;
1755694102.154;0.7409715016682943;0.16608118127893523;538;
1755694102.187;0.0;1.0;539;
1755694102.221;0.7179155349731445;0.18116686785662617;540;
1755694102.254;0.6467740376790364;0.19495770489728004;541;
1755694102.287;0.635432243347168;0.19740651448567703;541;
1755694102.321;0.0;1.0;543;
1755694102.354;0.6249151229858398;0.19949934217664933;544;
1755694102.387;0.5662999471028646;0.20890915482132522;545;
1755694102.421;0.5745419184366862;0.2022365428783276;545;
1755694102.454;0.5798754374186198;0.2035632663302951;547;
1755694102.487;0.5818368275960286;0.19820228859230327;548;
1755694102.521;0.5345635732014974;0.21389352303964115;549;
1755694102.554;0.539526621500651;0.2126823707863137;550;
1755694102.587;0.5296190897623698;0.22859847457320603;551;
1755694102.621;0.5210580825805664;0.23099766484013307;551;
1755694102.654;0.5124814351399739;0.23613106056495947;552;
1755694102.687;0.4694677988688151;0.2558017871997974;553;
1755694102.721;0.47099520365397135;0.26276584201388886;555;
1755694102.754;0.4718738873799642;0.26931440565321185;555;
1755694102.787;0.47065143585205077;0.2717338279441551;555;
1755694102.821;0.4688567161560059;0.2647684733072917;555;
1755694102.854;0.46719834009806316;0.26871383101851853;555;
1755694102.887;0.46492961247762044;0.2689314665617766;557;
1755694102.921;0.46420418421427406;0.2767173484519676;557;
1755694102.954;0.46209704081217445;0.27837626139322913;558;
1755694102.987;0.46247609456380206;0.27953965928819446;558;
1755694103.021;0.4623499552408854;0.27070798520688655;559;
1755694103.054;0.456981627146403;0.2667349356192129;559;
1755694103.087;0.4561120351155599;0.26859424732349535;560;
1755694103.121;0.4574901262919108;0.2687202171043114;560;
1755694103.154;0.4602044423421224;0.2529773288302951;561;
1755694103.187;0.45796709060668944;0.24029281051070606;562;
1755694103.221;0.4546482721964518;0.2408304285120081;562;
1755694103.254;0.4516289710998535;0.24317898220486112;563;
1755694103.287;0.4510073661804199;0.23880259195963538;563;
1755694103.321;0.4494552930196126;0.23575529875578705;564;
1755694103.354;0.445760981241862;0.23558451334635422;564;
1755694103.387;0.44383309682210287;0.2229010122793692;565;
1755694103.421;0.43847643534342445;0.20473435013382524;565;
1755694103.454;0.4362135887145996;0.20496634024160876;565;
1755694103.487;0.4344315528869629;0.21778620967158568;566;
1755694103.521;0.43108011881510416;0.21948942961516205;567;
1755694103.554;0.38766164779663087;0.23074990731698497;567;
1755694103.587;0.384092903137207;0.23475494384765627;567;
1755694103.621;0.3872519493103027;0.24427806712962963;568;
1755694103.654;0.3751332918802897;0.24089219835069442;568;
1755694103.687;0.3774728775024414;0.24516318992332176;570;
1755694103.721;0.36915820439656577;0.250733326099537;570;
1755694103.754;0.36637795766194664;0.2489756266276042;571;
1755694103.787;0.36201273600260414;0.2631818983289931;573;
1755694103.821;0.361551030476888;0.27446984185112844;573;
1755694103.854;0.3605146090189616;0.27555491129557297;575;
1755694103.887;0.3541202227274577;0.27321059615523724;575;
1755694103.921;0.3507623036702474;0.2653448034215856;575;
1755694103.954;0.35276625951131185;0.25928401240596066;576;
1755694103.987;0.3533543268839518;0.25522896095558445;577;
1755694104.021;0.3595696131388346;0.2515611436631945;577;
1755694104.054;0.36342061360677086;0.24397453025535298;577;
1755694104.087;0.36447089513142905;0.2386125352647569;578;
1755694104.121;0.36872733434041344;0.24017639160156246;578;
1755694104.154;0.3716808636983236;0.237234044958044;579;
1755694104.187;0.374063237508138;0.22942114935980906;579;
1755694104.221;0.3775405248006185;0.22125521059389464;580;
1755694104.254;0.3779309590657552;0.22371780960648147;581;
1755694104.287;0.38125921885172526;0.22705637613932295;581;
1755694104.321;0.38763742446899413;0.233161700213397;582;
1755694104.354;0.3945446968078613;0.23887764259620947;582;
1755694104.387;0.39293190638224285;0.23589370162398726;582;
1755694104.421;0.3974453926086426;0.23833606861255785;583;
1755694104.454;0.39505573908487956;0.24229815447771996;584;
1755694104.487;0.3886066436767578;0.2372469301576967;584;
1755694104.521;0.3861492156982422;0.23474991409866897;586;
1755694104.554;0.3364145278930664;0.24199427851924193;587;
1755694104.587;0.2835063934326172;0.23648630777994795;587;
1755694104.621;0.2829154014587402;0.23555360016999416;588;
1755694104.654;0.28754800160725913;0.2383575439453125;589;
1755694104.687;0.2861147880554199;0.2431467692057292;589;
1755694104.721;0.28583412170410155;0.23888267234519678;590;
1755694104.754;0.28867177963256835;0.2337196632667824;590;
1755694104.787;0.2896810213724772;0.23091340241608793;590;
1755694104.821;0.2900238037109375;0.22479038944950813;591;
1755694104.854;0.26863813400268555;0.22603217230902772;593;
1755694104.887;0.26660006841023765;0.22755957709418406;594;
1755694104.921;0.2671802520751953;0.2252054285120081;594;
1755694104.954;0.26423614819844565;0.21942019992404516;597;
1755694104.987;0.2618019262949626;0.21535130253544565;598;
1755694105.021;0.24147745768229167;0.1928883870442708;598;
1755694105.054;0.24033815066019695;0.18923402009186918;598;
1755694105.087;0.2436741352081299;0.19843484384042243;598;
1755694105.121;0.24554368654886882;0.20166145607277197;598;
1755694105.154;0.24340990384419758;0.20297433358651618;598;
1755694105.187;0.38302106857299806;0.20703526249638315;598;
1755694105.221;0.49013153711954754;0.24235636393229165;600;
1755694105.254;0.49865891138712565;0.24959716796874998;601;
1755694105.287;0.5053014119466146;0.2543114556206597;601;
1755694105.321;0.5140178044637044;0.2568077935112847;603;
1755694105.354;0.516786766052246;0.2594365437825521;604;
1755694105.387;0.5176461855570476;0.2637537073206019;604;
1755694105.421;0.5098537762959798;0.2674289844654224;605;
1755694105.454;0.5119205792744954;0.2722539265950521;606;
1755694105.487;0.4223552068074544;0.269936286078559;606;
1755694105.521;0.4167253812154134;0.2686575995551215;607;
1755694105.554;0.41863317489624025;0.2640333952727141;607;
1755694105.587;0.41560983657836914;0.2627357765480324;608;
1755694105.621;0.41674089431762695;0.26263715955946176;608;
1755694105.654;0.4162689844767253;0.26286072907624425;608;
1755694105.687;0.4229077657063802;0.2617583663375289;609;
1755694105.721;0.4270024299621582;0.26178978814019094;610;
1755694105.754;0.43373746871948243;0.2605139273184317;610;
1755694105.787;0.4365915934244792;0.26290006284360534;611;
1755694105.821;0.4419511477152506;0.2650527388961227;611;
1755694105.854;0.4433920860290527;0.26520916974103004;611;
1755694105.887;0.45615018208821617;0.2673714531792535;612;
1755694105.921;0.4558851877848307;0.2697651615849248;614;
1755694105.954;0.4563478151957194;0.27596723768446185;615;
1755694105.987;0.5874972025553385;0.2817478321216724;616;
1755694106.021;0.5903655370076497;0.283589341905382;617;
1755694106.054;0.5819068272908529;0.2885622942889178;617;
1755694106.087;0.5754618326822917;0.29033265290436916;618;
1755694106.121;0.571151860555013;0.2931762130172164;619;
1755694106.154;0.5650081634521484;0.2953629670319734;619;
1755694106.187;0.5578690846761067;0.2976725260416667;620;
1755694106.221;0.5463406244913737;0.3010140878182871;620;
1755694106.254;0.5358868281046549;0.2992641872829861;620;
1755694106.287;0.5236972490946452;0.30234906231915504;621;
1755694106.321;0.5235596974690755;0.3072868064597801;621;
1755694106.354;0.5206656455993652;0.310665837040654;622;
1755694106.387;0.5150121370951335;0.31492744728370947;622;
1755694106.421;0.5115714073181152;0.3179528695565683;623;
1755694106.454;0.5021893819173177;0.31739880597149883;623;
1755694106.487;0.49660463333129884;0.31628220169632526;624;
1755694106.521;0.4857775370279948;0.31978635434751157;625;
1755694106.554;0.41360190709431965;0.32797218605324074;625;
1755694106.587;0.41665252049763996;0.32584821912977435;625;
1755694106.621;0.42035608291625975;0.31976843939887156;626;
1755694106.654;0.41696208318074546;0.3198198106553819;626;
1755694106.687;0.4125897725423177;0.3169000696252894;628;
1755694106.721;0.4075594902038574;0.31240019621672455;629;
1755694106.754;0.40267550150553383;0.3114908854166667;630;
1755694106.787;0.4036985715230306;0.30749443901909723;630;
1755694106.821;0.4016902923583984;0.30290403012876155;632;
1755694106.854;0.40033731460571287;0.3022102073386863;632;
1755694106.887;0.40576648712158203;0.29726251672815396;634;
1755694106.921;0.40589288075764973;0.29459398057725694;635;
1755694106.954;0.41659329732259115;0.2904642740885417;635;
1755694106.987;0.0;1.0;635;
1755694107.021;0.2641209920247396;0.2706840232566551;636;
1755694107.054;0.25754561424255373;0.2686024983723958;637;
1755694107.087;0.25460209846496584;0.26772715250651047;637;
1755694107.121;0.2549731731414795;0.26694675021701386;638;
1755694107.154;0.2557588895161947;0.26717800564236116;638;
1755694107.187;0.26005353927612307;0.2659097177010995;639;
1755694107.221;0.2639128049214681;0.26492744728370954;639;
1755694107.254;0.26473188400268555;0.2657086972837095;640;
1755694107.287;0.27325878143310545;0.26497684054904513;641;
1755694107.321;0.2830336252848307;0.2645617449725116;641;
1755694107.354;0.28974758783976234;0.26243489583333335;643;
1755694107.387;0.2944104512532552;0.2599921897605614;644;
1755694107.421;0.2992956797281901;0.25767415364583335;645;
1755694107.454;0.30647322336832683;0.2568661159939236;645;
1755694107.487;0.31002785364786783;0.25494752106843166;647;
1755694107.521;0.31209487915039064;0.2539609555844907;647;
1755694107.554;0.0;1.0;649;
1755694107.587;0.5065929412841796;0.2506823504412615;650;
1755694107.621;0.5102197647094726;0.2521105730975116;651;
1755694107.654;0.5092219670613607;0.25113095883969905;651;
1755694107.687;0.5029717763264974;0.25050483986183447;653;
1755694107.721;0.5032204310099284;0.24880958839699074;654;
1755694107.754;0.5043973922729492;0.24821986445674193;654;
1755694107.787;0.5034720738728841;0.2493079856589988;656;
1755694107.821;0.5063061078389486;0.24798131872106477;657;
1755694107.854;0.5071737925211589;0.2488533867730035;658;
1755694107.887;0.5023181279500325;0.24884745279947917;659;
1755694107.921;0.3568476359049479;0.2323514020001447;660;
1755694107.954;0.29722957611083983;0.2327588116681134;661;
1755694107.987;0.30035530726114906;0.23427672209563077;662;
1755694108.021;0.30223395029703776;0.23649263735170722;662;
1755694108.054;0.303105099995931;0.23648585566767943;662;
1755694108.087;0.30324506759643555;0.23596072726779516;665;
1755694108.121;0.3043863296508789;0.23345947265625;665;
1755694108.154;0.3041929562886556;0.23216903121383103;667;
1755694108.187;0.30296290715535484;0.23131369131582757;668;
1755694108.221;0.3115158398946126;0.22990349663628473;669;
1755694108.254;0.48829895655314126;0.21332442672164353;670;
1755694108.287;0.609905751546224;0.2221312911422164;671;
1755694108.321;0.6100990931193034;0.22364937111183447;671;
1755694108.354;0.6101755142211914;0.2224106965241609;673;
1755694108.387;0.5458614985148112;0.22163758454499416;674;
1755694108.421;0.5367525100708008;0.22205782289858222;675;
1755694108.454;0.5352865854899088;0.22362077501085065;675;
1755694108.487;0.5268866539001464;0.22585081877531832;676;
1755694108.521;0.5253065745035808;0.2284127694589121;678;
1755694108.554;0.0;1.0;679;
1755694108.587;0.0;1.0;679;
1755694108.621;0.7572610219319661;0.24872916892722796;681;
1755694108.654;0.7554428736368816;0.252199469672309;681;
1755694108.687;0.7476418177286784;0.25370782922815394;683;
1755694108.721;0.7441326141357422;0.253749762641059;683;
1755694108.754;0.7421788533528646;0.25447342484085644;685;
1755694108.787;0.739223861694336;0.2570623327184607;686;
1755694108.821;0.7357720057169597;0.2611418547453703;687;
1755694108.854;0.7336811065673828;0.26169823540581594;688;
1755694108.887;0.7347506205240886;0.2612561261212384;689;
1755694108.921;0.7366271336873372;0.26100684271918406;690;
1755694108.954;0.7381136576334636;0.2613322505244502;691;
1755694108.987;0.7368314107259114;0.2611660992657697;692;
1755694109.021;0.738932736714681;0.26428041811342595;693;
1755694109.054;0.7404474894205729;0.26587507459852433;693;
1755694109.087;0.7428687413533529;0.26636409053096066;695;
1755694109.121;0.7432243347167968;0.2652707135235822;696;
1755694109.154;0.7422183990478516;0.26514920835141786;697;
1755694109.187;0.7436941146850586;0.2679333722149885;698;
1755694109.221;0.7424786885579427;0.2684466326678241;699;
1755694109.254;0.0;1.0;700;
1755694109.287;0.0;1.0;700;
1755694109.321;0.0;1.0;702;
1755694109.354;0.27152913411458335;0.25200624819155093;703;
1755694109.387;0.27080275217692057;0.2501827663845486;703;
1755694109.421;0.269512939453125;0.24844349048755787;705;
1755694109.454;0.2682737032572428;0.25024391456886574;705;
1755694109.487;0.2708985646565755;0.24994958948206014;707;
1755694109.521;0.2722714106241862;0.250340892650463;708;
1755694109.554;0.27380453745524086;0.24959875036168977;709;
1755694109.587;0.27708536783854165;0.24844970703125002;710;
1755694109.621;0.27843109766642254;0.24866881193938084;711;
1755694109.654;0.2783389091491699;0.2503383495189525;711;
1755694109.687;0.2817073822021484;0.25210452609592016;713;
1755694109.721;0.28148508071899414;0.2532852172851563;714;
1755694109.754;0.2842478116353353;0.2536478113245081;715;
1755694109.787;0.28701604207356773;0.2535962140118634;716;
1755694109.821;0.2850725491841634;0.2539953161168982;716;
1755694109.854;0.2852593739827474;0.2511115745261864;718;
1755694109.887;0.2835619290669759;0.2511141741717303;719;
1755694109.921;0.28457552591959634;0.2510499177155672;720;
1755694109.954;0.28379319508870443;0.2506202415183738;721;
1755694109.987;0.281391970316569;0.2513975355360243;722;
1755694110.021;0.2814831097920736;0.2529424596715857;723;
1755694110.054;0.27898197174072265;0.2507548014322917;723;
1755694110.087;0.27984711329142253;0.2476304796006944;725;
1755694110.121;0.27983856201171875;0.2481677020037616;726;
1755694110.154;0.2780631065368652;0.24835905852141205;727;
1755694110.187;0.2789742151896159;0.24608860722294557;728;
1755694110.221;0.2789121627807617;0.24615563286675346;728;
1755694110.254;0.27967828114827475;0.24659016927083333;730;
1755694110.287;0.27748998006184894;0.24662300392433445;730;
1755694110.321;0.27695274353027344;0.24708737973813655;732;
1755694110.354;0.27657155990600585;0.24673043710214115;733;
1755694110.387;0.27790807088216146;0.24558845802589702;734;
1755694110.421;0.38800732294718426;0.2365736784758391;734;
1755694110.454;0.4661321004231771;0.23854579219111693;736;
1755694110.487;0.4680183410644531;0.23889911792896412;737;
1755694110.521;0.4679441452026367;0.23775934290002898;738;
1755694110.554;0.47074934641520183;0.23743715639467589;739;
1755694110.587;0.46704912185668945;0.23897659866898147;739;
1755694110.621;0.4631874720255534;0.23882124159071183;740;
1755694110.654;0.47076215744018557;0.24014174849898728;741;
1755694110.687;0.47837324142456056;0.24071367051866321;742;
1755694110.721;0.47868496576944985;0.24297863995587388;744;
1755694110.754;0.48286279042561847;0.2429805049189815;745;
1755694110.787;0.4879410743713379;0.2434909396701389;745;
1755694110.821;0.4888727823893229;0.2426551536277488;747;
1755694110.854;0.4903157552083333;0.24413949471932872;748;
1755694110.887;0.0;1.0;749;
1755694110.921;0.27960430781046547;0.23408971715856486;750;
1755694110.954;0.28125772476196287;0.23445055926287617;751;
1755694110.987;0.2813461939493815;0.23482236508969911;751;
1755694111.021;0.2847153663635254;0.23591082537615737;752;
1755694111.054;0.2865992863972982;0.23816087510850692;754;
1755694111.087;0.28666133880615235;0.24057040744357638;755;
1755694111.121;0.28820489247639974;0.23989116527416088;755;
1755694111.154;0.28943891525268556;0.24107468216507522;757;
1755694111.187;0.2886018753051758;0.240768884729456;758;
1755694111.221;0.286647097269694;0.23794832582826964;758;
1755694111.254;0.2864933649698893;0.2382183498806424;759;
1755694111.287;0.2827297210693359;0.23788299560546877;761;
1755694111.321;0.2791893005371094;0.23770655879267943;762;
1755694111.354;0.2792090098063151;0.23632778591579862;762;
1755694111.387;0.2766169865926107;0.2353713989257813;764;
1755694111.421;0.27351773579915367;0.23485350432219332;765;
1755694111.454;0.3841449737548828;0.2338417335792824;766;
1755694111.487;0.4912153561909994;0.23721731680410885;767;
1755694111.521;0.48779643376668297;0.2370600947627315;768;
1755694111.554;0.48366422653198243;0.2385342068142361;769;
1755694111.587;0.48157354990641277;0.23777121084707753;770;
1755694111.621;0.47639296849568685;0.2364401358145255;771;
1755694111.654;0.473778502146403;0.23690236409505205;772;
1755694111.687;0.47274659474690756;0.23756256103515627;773;
1755694111.721;0.47240896224975587;0.23567521837022565;773;
1755694111.754;0.4659645716349284;0.23527114303023722;775;
1755694111.787;0.46700286865234375;0.23494324860749416;776;
1755694111.821;0.4654462178548177;0.23400986282913772;776;
1755694111.854;0.4670509656270345;0.23180892379195606;778;
1755694111.887;0.4677614212036133;0.23087655526620365;779;
1755694111.921;0.4662547429402669;0.2290185433846933;780;
1755694111.954;0.46743714014689125;0.2283114397967303;780;
1755694111.987;0.3947802861531576;0.21865036575882524;782;
1755694112.021;0.2698237419128418;0.2108981662326389;783;
1755694112.054;0.2692657152811686;0.2102893970630787;784;
1755694112.087;0.267437998453776;0.21066595006872102;785;
1755694112.121;0.26767797470092775;0.210111321343316;786;
1755694112.154;0.26895942687988283;0.20971272786458328;786;
1755694112.187;0.26252562204996743;0.2093702528211806;788;
1755694112.221;0.2611609141031901;0.20816446940104172;788;
1755694112.254;0.26412790616353354;0.20794084337022567;789;
1755694112.287;0.26739362080891926;0.20805336281105324;791;
1755694112.321;0.26860100428263345;0.20841002287688082;791;
1755694112.354;0.26886094411214195;0.20918963396990742;793;
1755694112.387;0.2687162717183431;0.20879358362268519;793;
1755694112.421;0.2681809107462565;0.21009504530164935;795;
1755694112.454;0.2678976058959961;0.20989300763165508;795;
1755694112.487;0.3921664237976074;0.21586428041811345;797;
1755694112.521;0.45954465866088867;0.22042569760923036;798;
1755694112.554;0.4624878247578939;0.22010628029152202;799;
1755694112.587;0.465989875793457;0.22070945457175928;800;
1755694112.621;0.4679226875305176;0.22125413682725692;801;
1755694112.654;0.4665031433105469;0.2227094297055845;801;
1755694112.687;0.4663493792215983;0.22282952202690975;803;
1755694112.721;0.4681609471638997;0.22911834716796875;804;
1755694112.754;0.47659533818562827;0.232716539171007;805;
1755694112.787;0.47820396423339845;0.23557140209056715;806;
1755694112.821;0.47657044728597003;0.23796714500144678;807;
1755694112.854;0.47862008412679036;0.23883333559389464;808;
1755694112.887;0.48975919087727865;0.24016378897207757;809;
1755694112.921;0.0;1.0;810;
1755694112.954;0.7340717315673828;0.2713973999023438;811;
1755694112.987;0.7338807423909505;0.2723648071289062;811;
1755694113.021;0.7330958684285481;0.27152800383391207;813;
1755694113.054;0.7312336603800456;0.2739874380606192;814;
1755694113.087;0.7256094614664713;0.2763141773365162;815;
1755694113.121;0.7243643442789713;0.2779231318721065;815;
1755694113.154;0.7192461013793945;0.27925561975549773;817;
1755694113.187;0.7170415242513021;0.27935864483868633;818;
1755694113.221;0.7158917744954427;0.2808298746744792;819;
1755694113.254;0.7137790044148763;0.28117438422309027;819;
1755694113.287;0.7131373723347981;0.28606318721064816;820;
1755694113.321;0.7116622924804688;0.2890738593207465;822;
1755694113.354;0.7103384653727214;0.2894546508789062;823;
1755694113.387;0.7065762201944987;0.29302249484592013;823;
1755694113.421;0.7027929306030274;0.2954425953052662;826;
1755694113.454;0.0;1.0;826;
1755694113.487;0.0;1.0;826;
1755694113.521;0.0;1.0;828;
1755694113.554;0.0;1.0;829;
1755694113.587;0.0;1.0;829;
1755694113.621;0.4020216941833496;0.35786477548104745;831;
1755694113.654;0.4126379330952962;0.3525552255135995;831;
1755694113.687;0.42010567982991537;0.3548043145073785;833;
1755694113.721;0.4315220832824707;0.3486979731807003;835;
1755694113.754;0.43632713953653973;0.3481545907479745;835;
1755694113.787;0.4402105967203776;0.34523428457754635;836;
1755694113.821;0.4469591776529948;0.34136199951171875;837;
1755694113.854;0.458186403910319;0.32631542064525465;838;
1755694113.887;0.44854135513305665;0.41102701822916665;839;
1755694113.921;0.43668902715047203;0.5002496790002893;840;
1755694113.954;0.4391990979512533;0.5033004760742188;842;
1755694113.987;0.4382582982381185;0.49593511510778354;843;
1755694114.021;0.44076093037923175;0.47915027759693285;843;
1755694114.054;0.4474033355712891;0.4653409604673032;843;
1755694114.087;0.44358418782552084;0.4475733439127604;844;
1755694114.121;0.0;1.0;845;
1755694114.154;0.0;1.0;847;
1755694114.187;0.4461867650349935;0.43314175075954864;848;
1755694114.221;0.45173190434773763;0.40243677209924766;848;
1755694114.254;0.4532187779744466;0.38226499204282405;848;
1755694114.287;0.49614877700805665;0.3415679931640625;850;
1755694114.321;0.5673473993937175;0.34633240876374416;851;
1755694114.354;0.5665051778157552;0.34648499665436916;852;
1755694114.387;0.5669816335042318;0.3405840273256655;852;
1755694114.421;0.5694035847981771;0.3382563838252315;852;
1755694114.454;0.569960339864095;0.3367591010199653;853;
1755694114.487;0.5703329722086589;0.3350172819914641;853;
1755694114.521;0.5703327178955078;0.335427008734809;854;
1755694114.554;0.562443733215332;0.3290634720413773;856;
1755694114.587;0.5584340413411458;0.32426978217230906;856;
1755694114.621;0.554651387532552;0.3190650092230902;856;
1755694114.654;0.5566326141357422;0.3153006659613715;856;
1755694114.687;0.5598532994588216;0.31247914632161455;857;
1755694114.721;0.568623161315918;0.30696235939308447;858;
1755694114.754;0.5727890014648438;0.2986878006546586;862;
1755694114.787;0.5711873372395834;0.294809412073206;862;
1755694114.821;0.5751548131306966;0.2785348962854456;862;
1755694114.854;0.5792710622151692;0.27454630533854163;862;
1755694114.887;0.46381616592407227;0.32190642180266205;862;
1755694114.921;0.0;1.0;863;
1755694114.954;0.3605511983235677;0.47090075457537617;864;
1755694114.987;0.3609225591023763;0.46788002296730324;865;
1755694115.021;0.36703901290893554;0.4605255126953125;866;
1755694115.054;0.0;1.0;866;
1755694115.087;0.3766117731730143;0.4518028541847512;870;
1755694115.121;0.3858859380086263;0.44196053964120374;870;
1755694115.154;0.3876074473063151;0.43651563856336806;870;
1755694115.187;0.3865899403889974;0.4327175564236111;872;
1755694115.221;0.39016284942626955;0.42601759168836806;872;
1755694115.254;0.39455000559488934;0.41961161295572913;874;
1755694115.287;0.40182269414265953;0.41601647271050346;875;
1755694115.321;0.4058415730794271;0.41305581552010995;875;
1755694115.354;0.4171626408894857;0.4073780201099537;877;
1755694115.387;0.42251485188802085;0.40272781937210644;877;
1755694115.421;0.42942078908284503;0.3978289003725405;879;
1755694115.454;0.43462918599446615;0.3935557612666377;880;
1755694115.487;0.43290723164876305;0.37679980242693867;880;
1755694115.521;0.0;1.0;882;
1755694115.554;0.2598313013712565;0.1792726869936343;883;
1755694115.587;0.2586560885111491;0.17825967294198497;883;
1755694115.621;0.26753104527791344;0.1784024839048033;883;
1755694115.654;0.27425107955932615;0.18098364935980904;884;
1755694115.687;0.2852824529012044;0.18606533474392362;886;
1755694115.721;0.288882573445638;0.19355576126663776;888;
1755694115.754;0.29181591669718426;0.1965813530815972;889;
1755694115.787;0.2972524642944336;0.20362735324435766;890;
1755694115.821;0.0;1.0;891;
1755694115.854;0.3103570302327474;0.2060866179289641;891;
1755694115.887;0.3210566520690918;0.2104413632993345;892;
1755694115.921;0.33308289845784506;0.20813762523509838;892;
1755694115.954;0.338822078704834;0.21070709228515627;895;
1755694115.987;0.34573446909586586;0.20094056306061925;896;
1755694116.021;0.35258239110310874;0.20209943983289935;896;
1755694116.054;0.357379150390625;0.20227310745804394;896;
1755694116.087;0.0;1.0;899;
1755694116.121;0.3682997703552246;0.19826145878544565;899;
1755694116.154;0.37707722981770836;0.19462839762369788;900;
1755694116.187;0.38758058547973634;0.1898725156430845;902;
1755694116.221;0.3937661170959473;0.18652366355613426;904;
1755694116.254;0.39771270751953125;0.18575134277343752;904;
1755694116.287;0.40303169886271156;0.18550143771701388;905;
1755694116.354;0.4078409512837728;0.18339549877025463;907;
1755694116.387;0.41063461303710935;0.18201231779875582;907;
1755694116.421;0.4135001500447591;0.18314192030164933;907;
1755694116.454;0.4154669443766276;0.18196806731047455;910;
1755694116.487;0.41344277064005536;0.18325138798466434;910;
1755694116.521;0.4131462097167969;0.18430254900896992;910;
1755694116.554;0.41341082255045575;0.1854825620298033;913;
1755694116.587;0.4136454264322917;0.1859486332646123;914;
1755694116.621;0.41627200444539386;0.19090118408203127;914;
1755694116.654;0.4169768333435059;0.1894619411892361;916;
1755694116.687;0.4183092753092448;0.18797686541521996;916;
1755694116.721;0.4169408162434896;0.18694650155526615;919;
1755694116.754;0.41558612187703453;0.18644753915292245;919;
1755694116.787;0.40953308741251626;0.1858707569263599;919;
1755694116.821;0.41178353627522785;0.18974688494646996;920;
1755694116.854;0.4109189033508301;0.19093153211805558;922;
1755694116.887;0.41266565322875975;0.19781601517288772;923;
1755694116.921;0.41187372207641604;0.19558348479094334;924;
1755694116.954;0.4111674944559733;0.19647945827907987;924;
1755694116.987;0.41059945424397787;0.1970620614510995;924;
1755694117.021;0.40921974182128906;0.19596348515263307;930;
1755694117.054;0.40826727549235026;0.19733739782262727;930;
1755694117.087;0.407546329498291;0.19597179271556708;932;
1755694117.121;0.4071121533711751;0.2008632518627026;932;
1755694117.154;0.4103803316752116;0.20054038718894673;932;
1755694117.187;0.4088014284769694;0.20374834979021994;932;
1755694117.221;0.4077604611714681;0.20741605405454278;932;
1755694117.254;0.4093440055847168;0.2095760204173901;934;
1755694117.287;0.40981194178263347;0.21120560257523147;935;
1755694117.321;0.41096041997273763;0.21141244393807868;936;
1755694117.354;0.4103467305501302;0.2127805356626158;936;
1755694117.387;0.4099745750427246;0.2151574028862847;937;
1755694117.421;0.4080355962117513;0.2168111730504919;938;
1755694117.454;0.0;1.0;938;
1755694117.487;0.0;1.0;939;
1755694117.521;0.0;1.0;940;
1755694117.554;0.0;1.0;942;
1755694117.587;0.0;1.0;942;
1755694117.621;0.0;1.0;943;
1755694117.654;0.0;1.0;943;
1755694117.687;0.0;1.0;946;
1755694117.721;0.0;1.0;946;
1755694117.754;0.0;1.0;947;
1755694117.787;0.0;1.0;947;
1755694117.821;0.0;1.0;949;
1755694117.854;0.0;1.0;949;
1755694117.887;0.0;1.0;951;
1755694117.921;0.0;1.0;952;
1755694117.954;0.0;1.0;953;
1755694117.987;0.0;1.0;953;
1755694118.021;0.0;1.0;954;
1755694118.054;0.0;1.0;955;
1755694118.087;0.0;1.0;955;
1755694118.121;0.3758955637613932;0.36842120135271994;957;
1755694118.154;0.38486223220825194;0.3595080905490451;959;
1755694118.187;0.39377276102701825;0.35845122160734955;959;
1755694118.221;0.40858116149902346;0.3600188078703703;964;
1755694118.254;0.41039740244547523;0.37369865134910296;964;
1755694118.287;0.0;1.0;964;
1755694118.321;0.0;1.0;964;
1755694118.354;0.0;1.0;965;
1755694118.387;0.0;1.0;966;
1755694118.421;0.0;1.0;967;
1755694118.454;0.0;1.0;968;
1755694118.487;0.0;1.0;969;
1755694118.521;0.0;1.0;969;
1755694118.554;0.0;1.0;971;
1755694118.587;0.0;1.0;972;
1755694118.621;0.0;1.0;972;
1755694118.654;0.0;1.0;972;
1755694118.687;0.0;1.0;972;
1755694118.721;0.0;1.0;973;
1755694118.754;0.0;1.0;973;
1755694118.787;0.0;1.0;974;
1755694118.821;0.0;1.0;975;
1755694118.854;0.0;1.0;977;
1755694118.887;0.0;1.0;977;
1755694118.921;0.0;1.0;979;
1755694118.954;0.0;1.0;980;
1755694118.987;0.3394482612609863;0.1385823567708333;981;
1755694119.021;0.33768749237060547;0.1400264598705151;982;
1755694119.054;0.0;1.0;982;
1755694119.087;0.0;1.0;983;
1755694119.121;0.3643861452738444;0.1520200376157408;984;
1755694119.154;0.4506066640218099;0.16906286168981477;985;
1755694119.187;0.0;1.0;986;
1755694119.221;0.2817762056986491;0.21173129611545138;986;
1755694119.254;0.28511012395222984;0.21254781087239583;987;
1755694119.287;0.3466371536254883;0.22274814181857638;987;
1755694119.321;0.3438268025716146;0.2236370510525174;987;
1755694119.354;0.3567469596862793;0.2214375813802083;989;
1755694119.387;0.4076770464579264;0.2129126654730903;990;
1755694119.421;0.42421185175577797;0.21751991554542827;990;
1755694119.454;0.3588327089945475;0.3116344875759549;992;
1755694119.487;0.0;1.0;992;
1755694119.521;0.35594374338785806;0.3132175021701389;995;
1755694119.554;0.34315745035807294;0.3462652135778357;995;
1755694119.587;0.3680903752644857;0.3788781060112847;996;
1755694119.621;0.3777840296427409;0.38156404848451964;996;
1755694119.654;0.39167629877726234;0.38111900047019676;996;
1755694119.687;0.4407536506652832;0.371071539984809;998;
1755694119.721;0.4372540473937988;0.3718513206199363;999;
1755694119.754;0.45060504277547203;0.3664706194842303;1000;
1755694119.787;0.0;1.0;1002;
1755694119.821;0.0;1.0;1003;
1755694119.854;0.0;1.0;1004;
1755694119.887;0.0;1.0;1005;
1755694119.921;0.0;1.0;1005;
1755694119.954;0.40439154307047526;0.3486347339771412;1007;
1755694119.987;0.41068738301595054;0.3515956737377025;1008;
1755694120.021;0.4138967514038086;0.3513545283564815;1008;
1755694120.054;0.4163982391357422;0.34677338776765043;1009;
1755694120.087;0.42254228591918946;0.3419915093315973;1011;
1755694120.121;0.0;1.0;1011;
1755694120.154;0.43032573064168295;0.35765855577256944;1013;
1755694120.187;0.4372613588968913;0.3603405987774885;1014;
1755694120.221;0.4437885602315267;0.36517407452618633;1014;
1755694120.254;0.44661645889282225;0.3671741626880787;1014;
1755694120.287;0.4507858912150065;0.36884827790436925;1015;
1755694120.321;0.4549175580342611;0.3717152348271122;1015;
1755694120.354;0.4570071538289388;0.37970422815393523;1015;
1755694120.387;0.458098316192627;0.38408361364293986;1016;
1755694120.421;0.45753348668416344;0.3932186550564236;1017;
1755694120.454;0.458404541015625;0.39783003065321176;1020;
1755694120.487;0.0;1.0;1020;
1755694120.521;0.5757452646891276;0.3495222303602431;1020;
1755694120.554;0.5754056294759115;0.3473008897569444;1023;
1755694120.587;0.5742556889851888;0.3528730039243345;1024;
1755694120.621;0.5726638793945312;0.3559565791377315;1025;
1755694120.654;0.5710954666137695;0.36018710666232634;1025;
1755694120.687;0.5689894994099934;0.3820614850079572;1027;
1755694120.721;0.5680950164794922;0.3891858136212384;1027;
1755694120.754;0.5615005493164062;0.40891989248770255;1029;
1755694120.787;0.0;1.0;1030;
1755694120.821;0.0;1.0;1030;
1755694120.854;0.5636896769205729;0.32653989438657405;1031;
1755694120.888;0.0;1.0;1033;
1755694120.921;0.0;1.0;1034;
1755694120.954;0.5631588617960612;0.30144387704354747;1035;
1755694120.988;0.5632529576619466;0.27567353425202545;1036;
1755694121.021;0.5632678349812825;0.25897810194227433;1037;
1755694121.054;0.5610156377156575;0.2494348031503183;1037;
1755694121.088;0.5530996322631836;0.24396074083116315;1038;
1755694121.121;0.5444608052571615;0.23940554018373839;1038;
1755694121.154;0.5387973149617513;0.23757284658926503;1041;
1755694121.188;0.0;1.0;1041;
1755694121.221;0.0;1.0;1043;
1755694121.254;0.7361798604329427;0.21650091100622104;1043;
1755694121.288;0.7046143849690755;0.221094654224537;1045;
1755694121.321;0.7029420216878255;0.22259137188946754;1045;
1755694121.354;0.6486939112345378;0.24706782588252318;1047;
1755694121.388;0.6326543807983398;0.2631685045030382;1047;
1755694121.421;0.605234972635905;0.28431334318938084;1049;
1755694121.454;0.0;1.0;1050;
1755694121.488;0.831704839070638;0.4120512785734953;1050;
1755694121.521;0.8181173960367839;0.3797042846679688;1052;
1755694121.554;0.8056090672810873;0.3746145742910879;1052;
1755694121.588;0.0;1.0;1054;
1755694121.621;0.734739875793457;0.37845718948929397;1054;
1755694121.654;0.7102837880452474;0.3774840178313079;1055;
1755694121.688;0.6783749262491862;0.3752225522641782;1055;
1755694121.721;0.0;1.0;1057;
1755694121.754;0.6864024480183919;0.3784961841724537;1059;
1755694121.788;0.6922788619995117;0.391878424750434;1059;
1755694121.821;0.6890148798624675;0.39967430962456596;1061;
1755694121.854;0.0;1.0;1062;
1755694121.888;0.6715495427449544;0.40757084599247684;1062;
1755694121.921;0.6148223876953125;0.40638710304542824;1064;
1755694121.954;0.610056749979655;0.41377032244646994;1065;
1755694121.988;0.0;1.0;1065;
1755694122.021;0.6021417617797852;0.42915858515986693;1067;
1755694122.054;0.0;1.0;1067;
1755694122.088;0.6022518793741862;0.4204853764286748;1069;
1755694122.121;0.0;1.0;1070;
1755694122.154;0.6955736796061198;0.2832851268627026;1070;
1755694122.188;0.0;1.0;1072;
1755694122.221;0.0;1.0;1073;
1755694122.254;0.0;1.0;1073;
1755694122.288;0.6047119776407878;0.3249491373697917;1075;
1755694122.321;0.6037324905395508;0.33152228461371525;1076;
1755694122.354;0.0;1.0;1076;
1755694122.388;0.0;1.0;1076;
1755694122.421;0.0;1.0;1079;
1755694122.454;0.815939458211263;0.10641739456741894;1080;
1755694122.488;0.8131064097086589;0.11740089699074074;1080;
1755694122.521;0.7696935017903646;0.1280640213577836;1082;
1755694122.554;0.7697086334228516;0.1295485319914641;1082;
1755694122.588;0.7555829366048177;0.1333657723885996;1083;
1755694122.621;0.7105063120524089;0.14399097583912035;1084;
1755694122.654;0.7087445576985677;0.1474463003653067;1085;
1755694122.688;0.7015762329101562;0.1510039718062789;1085;
1755694122.721;0.6607810338338216;0.1732926545319734;1086;
1755694122.754;0.6444283803304036;0.1805070665147569;1086;
1755694122.788;0.6153613408406575;0.17639244927300346;1087;
1755694122.821;0.578062375386556;0.18422591597945603;1089;
1755694122.854;0.5815330505371094;0.18221520317925344;1090;
1755694122.888;0.576991081237793;0.1771270186812789;1091;
1755694122.921;0.0;1.0;1092;
1755694122.954;0.7471534729003906;0.3438557377567998;1094;
1755694122.988;0.7382539749145508;0.344237377025463;1095;
1755694123.021;0.726506233215332;0.3422011198820891;1096;
1755694123.054;0.7242148081461589;0.3418514675564236;1097;
1755694123.088;0.6758636474609375;0.32584855821397574;1097;
1755694123.121;0.6788112004597981;0.32352701822916663;1099;
1755694123.154;0.6701131184895833;0.32097218831380203;1100;
1755694123.188;0.6630205790201823;0.32428441930700236;1100;
1755694123.221;0.6470752716064453;0.32348627161096644;1102;
1755694123.254;0.6132864634195964;0.31783356843171295;1103;
1755694123.288;0.6079537709554036;0.32379613805700236;1104;
1755694123.321;0.6077341715494792;0.3319688019929109;1104;
1755694123.354;0.6091500600179036;0.33407394974320026;1106;
1755694123.388;0.6094660441080729;0.34799375180844905;1106;
1755694123.421;0.5529942830403646;0.3101395783600984;1108;
1755694123.454;0.0;1.0;1109;
1755694123.488;0.5374180475870768;0.289455329047309;1110;
1755694123.521;0.5268257141113282;0.2755554764359086;1110;
1755694123.554;0.5165258089701334;0.2566910355179398;1112;
1755694123.588;0.5121224403381348;0.25735196714048036;1112;
1755694123.621;0.5109166463216146;0.26526483606409146;1114;
1755694123.654;0.403765869140625;0.20166648582175928;1115;
1755694123.688;0.38943551381429037;0.19872696487991903;1115;
1755694123.721;0.3813717524210612;0.1967897768373843;1116;
1755694123.754;0.3796942075093587;0.18996836344401047;1117;
1755694123.788;0.37753674189249675;0.19509316903573493;1118;
1755694123.821;0.37679258982340497;0.2028511329933449;1119;
1755694123.854;0.37769734064737953;0.2180372450086806;1121;
1755694123.888;0.37740306854248046;0.2256509286385996;1122;
1755694123.921;0.0;1.0;1123;
1755694123.954;0.0;1.0;1124;
1755694123.988;0.4975876808166504;0.19219885932074654;1125;
1755694124.021;0.49631077448527017;0.19050089518229163;1125;
1755694124.054;0.4948292096455892;0.19291613543475117;1126;
1755694124.088;0.489825185139974;0.1984764381691262;1127;
1755694124.121;0.48278910319010415;0.20939121952763307;1129;
1755694124.154;0.4617516835530599;0.22842921504267943;1130;
1755694124.188;0.45126578013102214;0.23489131221064818;1131;
1755694124.221;0.439448610941569;0.24274286340784146;1131;
1755694124.254;0.0;1.0;1133;
1755694124.288;0.4320759137471517;0.24199846055772567;1134;
1755694124.321;0.0;1.0;1134;
1755694124.354;0.0;1.0;1136;
1755694124.388;0.0;1.0;1137;
1755694124.421;0.0;1.0;1137;
1755694124.454;0.40991954803466796;0.267371905291522;1138;
1755694124.488;0.41007836659749347;0.263938225640191;1138;
1755694124.521;0.4112413724263509;0.2671419496889468;1138;
1755694124.554;0.4097826639811198;0.2694967764395254;1141;
1755694124.588;0.4087576230367025;0.2703261198820891;1142;
1755694124.621;0.40793685913085936;0.27151353624131946;1143;
1755694124.654;0.40874290466308594;0.27383496319806133;1143;
1755694124.688;0.41056089401245116;0.28685856571903934;1145;
1755694124.721;0.4083658854166667;0.2895108258282697;1146;
1755694124.754;0.4120613098144531;0.2920958342375579;1147;
1755694124.788;0.41218897501627605;0.2927867182978877;1148;
1755694124.821;0.4124830881754557;0.28863830566406246;1148;
1755694124.854;0.41830399831136067;0.2764769942672164;1149;
1755694124.888;0.5073925336201985;0.38326608163339115;1151;
1755694124.921;0.6417745590209961;0.5477065192328558;1152;
1755694124.954;0.0;1.0;1153;
1755694124.988;0.6191264470418294;0.5499003657588253;1154;
1755694125.021;0.606609853108724;0.550264259620949;1154;
1755694125.054;0.5949570973714192;0.5372649016203703;1156;
1755694125.088;0.5912998199462891;0.5418429621943721;1156;
1755694125.121;0.5872428258260091;0.54422528302228;1158;
1755694125.154;0.5848608652750651;0.5474941112377025;1158;
1755694125.188;0.5842032114664714;0.5444313614456742;1160;
1755694125.221;0.5849092483520508;0.5489992212366175;1160;
1755694125.254;0.5867010116577148;0.5548017148618345;1161;
1755694125.288;0.5881713231404623;0.5661153157552083;1162;
1755694125.321;0.5936211268107097;0.5888411627875434;1163;
1755694125.354;0.0;1.0;1164;
1755694125.388;0.0;1.0;1165;
1755694125.421;0.0;1.0;1166;
1755694125.454;0.0;1.0;1168;
1755694125.488;0.0;1.0;1168;
1755694125.521;0.0;1.0;1169;
1755694125.554;0.4602892239888509;0.3513499507197627;1170;
1755694125.588;0.4744580268859863;0.34846078378182865;1170;
1755694125.621;0.4780343691507975;0.3523352163809317;1171;
1755694125.654;0.4885640462239583;0.3535351788556135;1172;
1755694125.688;0.5018033981323242;0.3545241179289641;1173;
1755694125.721;0.5473327000935873;0.35641298647280095;1173;
1755694125.754;0.4866424878438314;0.32034075701678244;1174;
1755694125.788;0.0;1.0;1175;
1755694125.821;0.0;1.0;1177;
1755694125.854;0.0;1.0;1179;
1755694125.888;0.4134921391805013;0.3080893057364005;1180;
1755694125.921;0.4112701416015625;0.3070543077256944;1181;
1755694125.954;0.0;1.0;1182;
1755694125.988;0.43329054514567056;0.3031932124385127;1182;
1755694126.021;0.5060919443766276;0.3102942572699653;1184;
1755694126.054;0.5213351249694824;0.3150169089988426;1184;
1755694126.088;0.5121120134989421;0.31597374810112844;1186;
1755694126.121;0.4189396540323893;0.23758420591001161;1187;
1755694126.154;0.0;1.0;1188;
1755694126.188;0.43152860005696614;0.2386199386031539;1189;
1755694126.221;0.46074021657307945;0.2423056143301504;1190;
1755694126.254;0.47752424875895183;0.24222440366391784;1191;
1755694126.288;0.5026762008666992;0.2605186744972512;1191;
1755694126.321;0.5268548011779786;0.2529060646339699;1193;
1755694126.354;0.0;1.0;1193;
1755694126.388;0.0;1.0;1195;
1755694126.421;0.5573956171671549;0.2752330073603877;1196;
1755694126.454;0.0;1.0;1196;
1755694126.488;0.0;1.0;1196;
1755694126.521;0.0;1.0;1199;
1755694126.554;0.0;1.0;1200;
1755694126.588;0.32945025761922203;0.42646088776765045;1200;
1755694126.621;0.33050311406453453;0.4282717669451678;1201;
1755694126.654;0.382874584197998;0.39861297607421875;1202;
1755694126.688;0.3936086972554525;0.3799597280996817;1204;
1755694126.721;0.0;1.0;1204;
1755694126.754;0.37884305318196615;0.3662320172345197;1206;
1755694126.788;0.0;1.0;1206;
1755694126.821;0.2463776429494222;0.44116487856264464;1208;
1755694126.854;0.0;1.0;1208;
1755694126.888;0.0;1.0;1209;
1755694126.921;0.27673180898030597;0.4228279396339699;1210;
1755694126.954;0.3519638697306315;0.3352446944625289;1212;
1755694126.988;0.3530600547790527;0.32303071198640043;1213;
1755694127.021;0.3968443234761556;0.2821477819372107;1214;
1755694127.054;0.399901549021403;0.2659385398582176;1214;
1755694127.088;0.0;1.0;1216;
1755694127.121;0.4082167625427246;0.2529547232168692;1217;
1755694127.154;0.4118587811787923;0.24065602620442705;1217;
1755694127.188;0.4239501635233561;0.2280419808846933;1218;
1755694127.221;0.4574597358703613;0.17632508454499418;1218;
1755694127.254;0.4594227155049642;0.1695285938404224;1221;
1755694127.288;0.46676158905029297;0.1445348668981481;1223;
1755694127.321;0.49467433293660484;0.0989889639395255;1223;
1755694127.354;0.49500350952148436;0.10534453215422457;1224;
1755694127.388;0.4869426409403483;0.1078151561595776;1225;
1755694127.421;0.489302126566569;0.11324140760633683;1226;
1755694127.454;0.49633976618448894;0.1089702464916088;1226;
1755694127.488;0.5070189793904623;0.1069233647099248;1227;
1755694127.521;0.0;1.0;1228;
1755694127.554;0.0;1.0;1229;
1755694127.588;0.0;1.0;1231;
1755694127.621;0.0;1.0;1231;
1755694127.654;0.40402215321858725;0.36057405825014466;1233;
1755694127.688;0.4098172187805176;0.36798276548032405;1233;
1755694127.721;0.4159478505452474;0.3646848890516493;1235;
1755694127.754;0.4185869852701823;0.3569057323314525;1235;
1755694127.788;0.42843891779581705;0.3488826610423901;1236;
1755694127.821;0.0;1.0;1238;
1755694127.854;0.3555558840433756;0.466417157208478;1240;
1755694127.888;0.3576134999593099;0.46413941559968175;1240;
1755694127.921;0.36246366500854493;0.46242223668981486;1241;
1755694127.954;0.3682972272237142;0.4598832307038484;1242;
1755694127.988;0.3739900588989258;0.45298772741247106;1243;
1755694128.021;0.37705068588256835;0.4555133960865162;1244;
1755694128.054;0.37943719228108724;0.4549610844364873;1244;
1755694128.088;0.38735736211140953;0.4517323246708622;1244;
1755694128.121;0.39107042948404946;0.4565649527090567;1246;
1755694128.154;0.39333909352620444;0.46654069688585065;1247;
1755694128.188;0.38259874979654945;0.48520174379701964;1248;
1755694128.221;0.3897465387980143;0.4876787538881655;1249;
1755694128.254;0.38394457499186196;0.4976920233832465;1249;
1755694128.288;0.5123406092325846;0.47448753074363426;1251;
1755694128.321;0.5148478190104167;0.4809217664930555;1251;
1755694128.354;0.5053722381591796;0.49895822030526615;1254;
1755694128.388;0.5033164024353027;0.504065337004485;1254;
1755694128.421;0.486886723836263;0.5105004769784434;1254;
1755694128.454;0.48935893376668294;0.5085657755533854;1255;
1755694128.488;0.48693199157714845;0.5068415889033564;1257;
1755694128.521;0.4843104044596354;0.512222742151331;1257;
1755694128.554;0.48305800755818684;0.5181341100622107;1259;
1755694128.588;0.5219310442606608;0.24553550437644678;1259;
1755694128.621;0.0;1.0;1261;
1755694128.654;0.0;1.0;1261;
1755694128.688;0.5268034299214681;0.23365354184751153;1263;
1755694128.721;0.527005386352539;0.2200315687391493;1265;
1755694128.754;0.5230567932128907;0.21841538040726272;1265;
1755694128.788;0.52188081741333;0.21860911051432297;1266;
1755694128.821;0.51702880859375;0.21932327835648147;1266;
1755694128.854;0.5127578417460124;0.22169754593460644;1268;
1755694128.888;0.5022627830505371;0.24092220730251734;1268;
1755694128.921;0.5130542437235515;0.25102493851273144;1270;
1755694128.954;0.5181725502014161;0.2556378965024595;1272;
1755694128.988;0.5116568247477213;0.24247255678530089;1272;
1755694129.021;0.5121633529663085;0.2546092280635127;1291;
1755694129.054;0.5051501909891765;0.2609363132052951;1291;
1755694129.088;0.4950695037841797;0.26608790644892943;1291;
1755694129.121;0.4806583722432454;0.26572463424117476;1291;
1755694129.154;0.47463258107503253;0.2626962732385706;1291;
1755694129.188;0.4657719294230143;0.2633483321578415;1291;
1755694129.221;0.45825541814168297;0.2616522329824942;1291;
1755694129.254;0.4538489023844401;0.25828071876808445;1291;
1755694129.288;0.45005785624186195;0.2584581163194445;1291;
1755694129.321;0.44457101821899414;0.25871695059317135;1291;
1755694129.354;0.4382407506306966;0.2672317504882813;1291;
1755694129.388;0.42527440388997395;0.2819825914171007;1291;
1755694129.421;0.47221444447835287;0.28376702202690973;1295;
1755694129.454;0.531442387898763;0.2940396909360532;1296;
1755694129.488;0.5235975901285808;0.2979630646882234;1296;
1755694129.521;0.5152615229288737;0.29429756447120947;1296;
1755694129.554;0.510996945699056;0.2953030621563947;1296;
1755694129.588;0.5104971567789713;0.2952774047851563;1296;
1755694129.621;0.5038252512613932;0.301320054796007;1296;
1755694129.654;0.4969424565633138;0.3101018834997107;1296;
1755694129.688;0.4968716621398926;0.311123600712529;1296;
1755694129.721;0.493630854288737;0.30257432725694444;1296;
1755694129.754;0.4936061859130859;0.29725714789496527;1296;
1755694129.788;0.49353551864624023;0.30139227973090277;1296;
1755694129.821;0.49527289072672526;0.3090809574833623;1296;
1755694129.854;0.49099483489990237;0.31366096779152197;1296;
1755694129.888;0.48271942138671875;0.31933599401403356;1299;
1755694129.921;0.47881441116333007;0.3225713094075521;1299;
1755694129.954;0.4736413637797038;0.31329939100477433;1300;
1755694129.988;0.4733289082845052;0.3255857114438657;1301;
1755694130.021;0.47060565948486327;0.3518165870949074;1302;
1755694130.054;0.47401545842488607;0.38273015905309604;1303;
1755694130.088;0.4770091374715169;0.40659428349247684;1305;
1755694130.121;0.475105349222819;0.41397309479890043;1305;
1755694130.154;0.47389856974283856;0.41526172779224535;1305;
1755694130.188;0.4744660059611003;0.4135330200195313;1307;
1755694130.221;0.47498737970987953;0.40215488009982636;1308;
1755694130.254;0.531852912902832;0.30051342999493635;1309;
1755694130.288;0.0;1.0;1310;
1755694130.321;0.0;1.0;1310;
1755694130.354;0.5367071151733398;0.2446004231770833;1312;
1755694130.388;0.548268191019694;0.11555085358796291;1312;
1755694130.421;0.5459839502970377;0.12912501582392943;1314;
1755694130.454;0.6285514831542969;0.2958207307038484;1315;
1755694130.488;0.0;1.0;1315;
1755694130.521;0.6346398671468099;0.3182200113932292;1317;
1755694130.554;0.6323888142903645;0.33544854058159723;1318;
1755694130.588;0.6271749496459961;0.35142884431061916;1319;
1755694130.621;0.5951991399129232;0.37952112268518523;1320;
1755694130.654;0.5985075632731119;0.40609023482711226;1320;
1755694130.688;0.5611473719278971;0.33870493570963545;1322;
1755694130.721;0.0;1.0;1323;
1755694130.754;0.4440662384033203;0.21288785581235536;1324;
1755694130.788;0.44501371383666993;0.21215509485315398;1325;
1755694130.821;0.4501541455586751;0.22234440556278934;1326;
1755694130.854;0.45234435399373374;0.23141406023943867;1327;
1755694130.888;0.45699539184570315;0.2370990894458912;1327;
1755694130.921;0.4608696619669596;0.24564327663845487;1329;
1755694130.954;0.4678045908610026;0.2523839879918981;1329;
1755694130.988;0.47114044825236;0.2571125171802662;1331;
1755694131.021;0.41935494740804036;0.22113370542173028;1331;
1755694131.054;0.420243771870931;0.2176751030815972;1331;
1755694131.088;0.4256431579589844;0.21309305826822922;1333;
1755694131.121;0.4314451217651367;0.21001937301070606;1335;
1755694131.154;0.0;1.0;1336;
1755694131.188;0.0;1.0;1337;
1755694131.221;0.0;1.0;1338;
1755694131.254;0.0;1.0;1338;
1755694131.288;0.3903559366861979;0.31969830548321754;1340;
1755694131.321;0.39567435582478844;0.3149914211697049;1341;
1755694131.354;0.3980548858642578;0.3100684837058738;1343;
1755694131.388;0.3977775573730469;0.30727482548466434;1343;
1755694131.421;0.3956673940022786;0.29825829399956594;1343;
1755694131.454;0.399444580078125;0.2946394743742766;1345;
1755694131.488;0.399849541982015;0.29100234420211224;1346;
1755694131.521;0.40476764043172203;0.29084596987123845;1346;
1755694131.554;0.40254408518473306;0.27842390272352435;1348;
1755694131.588;0.0;1.0;1348;
1755694131.621;0.0;1.0;1349;
1755694131.654;0.0;1.0;1349;
1755694131.688;0.0;1.0;1350;
1755694131.721;0.0;1.0;1350;
1755694131.754;0.0;1.0;1352;
1755694131.788;0.0;1.0;1353;
1755694131.821;0.0;1.0;1353;
1755694131.854;0.0;1.0;1355;
1755694131.888;0.0;1.0;1357;
1755694131.921;0.0;1.0;1358;
1755694131.954;0.0;1.0;1359;
1755694131.988;0.4924168586730957;0.2179905079029224;1360;
1755694132.021;0.49780565897623696;0.21771375868055554;1361;
1755694132.054;0.41763283411661783;0.16844086823640048;1361;
1755694132.088;0.4184195836385091;0.17405452021846068;1362;
1755694132.121;0.42033170064290365;0.17446888111255787;1363;
1755694132.154;0.4248945871988932;0.1853342126916956;1364;
1755694132.188;0.4323444366455078;0.19509339509186918;1364;
1755694132.221;0.4398188273111979;0.20457605432581016;1366;
1755694132.254;0.43905693689982095;0.21971486409505203;1367;
1755694132.288;0.44077720642089846;0.22862678810402204;1367;
1755694132.321;0.4404144287109375;0.242715906213831;1368;
1755694132.354;0.441045888264974;0.2559034559461806;1369;
1755694132.388;0.43885491689046224;0.26184155499493633;1369;
1755694132.421;0.43600215911865237;0.2642548737702546;1372;
1755694132.454;0.4347972869873047;0.27285840069806133;1373;
1755694132.488;0.4349919637044271;0.2797667891890915;1373;
1755694132.521;0.4348432540893555;0.28621956154152195;1375;
1755694132.554;0.43599430720011395;0.29449485496238426;1377;
1755694132.588;0.43738765716552735;0.2952346236617477;1377;
1755694132.621;0.43707780838012694;0.29751671685112846;1377;
1755694132.654;0.4384741465250651;0.30010240342881944;1379;
1755694132.688;0.4401649157206217;0.30179533781828705;1379;
1755694132.721;0.43968098958333335;0.3002034505208333;1381;
1755694132.754;0.4385114987691244;0.30110993561921295;1381;
1755694132.788;0.43916114171346027;0.29631127251519096;1382;
1755694132.821;0.43777383168538414;0.29584864863642935;1384;
1755694132.854;0.4347417195638021;0.29746687147352435;1385;
1755694132.888;0.43345489501953127;0.29929035328052667;1386;
1755694132.921;0.43253065745035807;0.2944383409288195;1386;
1755694132.954;0.4312289555867513;0.2917412651909722;1388;
1755694132.988;0.43144356409708656;0.2907741405345775;1389;
1755694133.021;0.43522599538167317;0.2969742386429398;1389;
1755694133.054;0.432145627339681;0.2934341995804398;1391;
1755694133.088;0.429758358001709;0.2902212072301794;1392;
1755694133.121;0.43173230489095055;0.2851834332501447;1393;
1755694133.154;0.4310009002685547;0.2838247793692129;1394;
1755694133.188;0.4304308573404948;0.2844414605034722;1395;
1755694133.221;0.43096739451090493;0.2859849717881945;1395;
1755694133.254;0.42876962025960286;0.28951500786675344;1396;
1755694133.288;0.4280030568440755;0.28766801622178817;1398;
1755694133.321;0.4317000389099121;0.28867385299117476;1398;
1755694133.354;0.4322049140930176;0.28642063847294563;1400;
1755694133.388;0.4340709686279297;0.28234066433376737;1402;
1755694133.421;0.43526881535847983;0.2817722461841724;1402;
1755694133.454;0.4357389767964681;0.2813004670319734;1402;
1755694133.488;0.4351717313130697;0.28000533492476853;1403;
1755694133.521;0.4370498021443685;0.27973819308810766;1403;
1755694133.554;0.4368835767110189;0.2753517433449074;1406;
1755694133.588;0.3752642949422201;0.27338821976273153;1407;
1755694133.621;0.0;1.0;1408;
1755694133.654;0.29955933888753256;0.4056371053059896;1408;
1755694133.688;0.30389302571614585;0.40016355161313655;1410;
1755694133.721;0.30629701614379884;0.39943367286964704;1411;
1755694133.754;0.3129814783732096;0.40175204806857634;1411;
1755694133.788;0.3482343355814616;0.49247639973958335;1413;
1755694133.821;0.3475628852844238;0.4938046490704572;1414;
1755694133.854;0.3452678998311361;0.4972425672743056;1414;
1755694133.888;0.3400932629903158;0.49569413926866324;1416;
1755694133.921;0.3821476618448893;0.43253422489872684;1417;
1755694133.954;0.0;1.0;1417;
1755694133.988;0.0;1.0;1419;
1755694134.021;0.4484471003214518;0.2316683733904803;1419;
1755694134.054;0.44709494908650715;0.2337626139322917;1420;
1755694134.088;0.4436890284220378;0.23620045979817705;1420;
1755694134.121;0.441013240814209;0.23899123580367476;1422;
1755694134.154;0.43620707194010416;0.24780906394675928;1423;
1755694134.188;0.0;1.0;1424;
1755694134.221;0.3335950215657552;0.5136141176576967;1425;
1755694134.254;0.3351276397705078;0.5138730649594907;1426;
1755694134.288;0.3369919776916504;0.5126441672996238;1427;
1755694134.321;0.3383270581563314;0.5094904581705729;1428;
1755694134.354;0.33805325826009114;0.5077291983145255;1429;
1755694134.388;0.34444398880004884;0.5009387546115451;1430;
1755694134.421;0.34688711166381836;0.4963734379521123;1431;
1755694134.454;0.35140775044759115;0.4932959097403067;1431;
1755694134.488;0.35677366256713866;0.4903483072916667;1433;
1755694134.521;0.3597182591756185;0.4887203075267651;1434;
1755694134.554;0.3661932945251465;0.48174003318504055;1436;
1755694134.588;0.3674517949422201;0.4748033311631944;1436;
1755694134.621;0.37209676106770834;0.4744205616138599;1436;
1755694134.654;0.37410189310709635;0.47118880660445606;1437;
1755694134.688;0.3814143180847168;0.4632305569118924;1439;
1755694134.721;0.3859751065572103;0.4614790739836516;1440;
1755694134.754;0.3902894020080566;0.46151885986328123;1441;
1755694134.788;0.3940533320109049;0.4609836154513889;1441;
1755694134.821;0.3996316909790039;0.46153344048394096;1443;
1755694134.854;0.4052493413289388;0.47066718207465275;1443;
1755694134.888;0.4116771697998047;0.48287783022280095;1446;
1755694134.921;0.41525179545084634;0.48538467972366894;1446;
1755694134.954;0.41373348236083984;0.48536670826099537;1447;
1755694134.988;0.41435105005900064;0.4914692066333912;1448;
1755694135.021;0.41628618240356446;0.49544824670862264;1449;
1755694135.054;0.4143703460693359;0.5012228506582754;1449;
1755694135.088;0.41537383397420247;0.5063980667679397;1449;
1755694135.121;0.41502933502197265;0.5156657466182002;1451;
1755694135.154;0.4226002375284831;0.5194932160554109;1451;
1755694135.188;0.423689333597819;0.5224362408673322;1452;
1755694135.221;0.4302637736002604;0.5124211629231771;1454;
1755694135.254;0.434845765431722;0.5095270227502893;1455;
1755694135.288;0.4355985005696615;0.5183572839807581;1455;
1755694135.321;0.4421966552734375;0.5177628693757234;1455;
1755694135.354;0.4503580729166667;0.5004774870695892;1457;
1755694135.388;0.45371602376302084;0.5029087207935474;1458;
1755694135.421;0.45864690144856773;0.5055619416413484;1459;
1755694135.454;0.46655521392822263;0.5031426888925058;1460;
1755694135.488;0.4761924425760905;0.5001802232530381;1461;
1755694135.521;0.47591171264648435;0.5007674040617767;1462;
1755694135.554;0.4846000671386719;0.506559470847801;1463;
1755694135.588;0.4840764363606771;0.4981600160951968;1463;
1755694135.621;0.48120304743448894;0.4894539727105035;1465;
1755694135.654;0.4798986752827962;0.4956609655309606;1465;
1755694135.688;0.47937552134195965;0.5006705390082465;1467;
1755694135.721;0.47729533513387046;0.5014257360387732;1467;
1755694135.754;0.47809514999389646;0.5098845870406539;1469;
1755694135.788;0.47835925420125325;0.5102574666341146;1469;
1755694135.821;0.47861356735229493;0.5127789532696759;1471;
1755694135.854;0.47532952626546227;0.505750811541522;1472;
1755694135.888;0.4769336064656576;0.5082988032588251;1473;
1755694135.921;0.47698796590169273;0.5093985663519965;1474;
1755694135.954;0.47863648732503256;0.5069360803674768;1475;
1755694135.988;0.47663148244222003;0.511690040870949;1476;
1755694136.021;0.4761532783508301;0.5112189398871527;1476;
1755694136.054;0.47979278564453126;0.5083435623734085;1478;
1755694136.088;0.48021475474039715;0.5018853646737558;1478;
1755694136.121;0.4783893267313639;0.4966171264648438;1479;
1755694136.154;0.47885414759318035;0.4913525051540799;1481;
1755694136.188;0.47942276000976564;0.48971693250868054;1483;
1755694136.221;0.48063125610351565;0.4927782977068865;1484;
1755694136.254;0.47849582036336263;0.4872958713107639;1484;
1755694136.288;0.47693265279134117;0.481801011827257;1484;
1755694136.321;0.47370856602986655;0.4841324417679398;1486;
1755694136.354;0.47370516459147133;0.4844346223054109;1487;
1755694136.388;0.47099555333455406;0.48247561984592013;1488;
1755694136.421;0.4713372548421224;0.4766112150969328;1488;
1755694136.454;0.4728321393330892;0.47391634340639466;1491;
1755694136.488;0.4745290756225586;0.4693181920934606;1491;
1755694136.521;0.47692022323608396;0.45506167941623266;1491;
1755694136.554;0.4761980056762695;0.4497655232747396;1493;
1755694136.588;0.47935527165730796;0.4372860378689236;1493;
1755694136.621;0.480057430267334;0.43350807472511577;1493;
1755694136.654;0.48023138046264646;0.43370570430049193;1494;
1755694136.688;0.4812718391418457;0.43132199887876155;1495;
1755694136.721;0.4818391799926758;0.4171370894820602;1496;
1755694136.754;0.4860137939453125;0.3994848180700231;1496;
1755694136.788;0.4906678517659505;0.38716385452835644;1499;
1755694136.821;0.49314597447713215;0.37629095006872104;1500;
1755694136.854;0.4939689636230469;0.36988474527994797;1500;
1755694136.888;0.49629185994466146;0.3681099220558449;1501;
1755694136.921;0.49545214970906576;0.3661873146339699;1503;
1755694136.954;0.4975545565287272;0.3630858244719328;1505;
1755694136.988;0.5002151807149251;0.36252266212745954;1505;
1755694137.021;0.500842030843099;0.3607319019458912;1506;
1755694137.054;0.5014012336730957;0.359529791937934;1507;
1755694137.088;0.5030326843261719;0.3587786639178241;1508;
1755694137.121;0.5056400299072266;0.35942874484592013;1508;
1755694137.154;0.5044867833455403;0.35851395218460647;1510;
1755694137.188;0.5049201965332031;0.3596787629304109;1511;
1755694137.221;0.5044363021850586;0.36068482575593175;1512;
1755694137.254;0.5023416837056478;0.3596776891637732;1512;
1755694137.288;0.501126480102539;0.36112320511429397;1514;
1755694137.321;0.5004637718200684;0.3640957867657697;1515;
1755694137.354;0.5019819259643554;0.36117971914785885;1516;
1755694137.388;0.5000769933064778;0.34679209391276045;1517;
1755694137.421;0.5011491139729818;0.3380375614872685;1518;
1755694137.454;0.5018484115600585;0.3299288714373553;1519;
1755694137.488;0.5018788655598958;0.32527307581018516;1521;
1755694137.521;0.5020897865295411;0.3210320366753472;1521;
1755694137.554;0.5039017677307129;0.3191890010127315;1521;
1755694137.588;0.5034911155700683;0.318384693287037;1524;
1755694137.621;0.504280440012614;0.31928693983289935;1524;
1755694137.654;0.5026279131571452;0.3209673846209491;1525;
1755694137.688;0.503418509165446;0.3222783971715857;1525;
1755694137.721;0.5025870641072591;0.32353786892361114;1527;
1755694137.754;0.5023954391479493;0.32393798828125;1528;
1755694137.788;0.4987622896830241;0.3195372404875578;1529;
1755694137.821;0.4978752772013346;0.31730866608796293;1531;
1755694137.854;0.4984073321024577;0.31368176495587385;1531;
1755694137.888;0.4979924519856771;0.3126289650245949;1533;
1755694137.921;0.49756110509236656;0.31281031855830443;1533;
1755694137.954;0.4967918395996094;0.3149121319806134;1534;
1755694137.988;0.4986088752746582;0.3164189656575521;1535;
1755694138.021;0.49884039560953775;0.31679156268084496;1536;
1755694138.054;0.4987871805826823;0.319010755750868;1536;
1755694138.088;0.49645989735921225;0.31934752287688084;1538;
1755694138.121;0.49253775278727213;0.3192155626085069;1539;
1755694138.154;0.4913393338521322;0.3190418949833622;1540;
1755694138.188;0.4907496134440104;0.31877396195023144;1541;
1755694138.221;0.4891207695007324;0.3192681771737558;1542;
1755694138.254;0.48923126856486004;0.3220310352466724;1542;
1755694138.288;0.4896694183349609;0.3235624525282118;1544;
1755694138.321;0.4887395858764648;0.3236725983796296;1545;
1755694138.354;0.4882300059000651;0.32715651900679976;1546;
1755694138.388;0.4891809463500977;0.3285668832284433;1547;
1755694138.421;0.48849404652913414;0.330579913104022;1548;
1755694138.454;0.48638429641723635;0.3317688553421586;1548;
1755694138.488;0.4865938504536947;0.3332828097873264;1550;
1755694138.521;0.48613268534342446;0.3369943124276621;1551;
1755694138.554;0.4838401794433594;0.343559491192853;1552;
1755694138.588;0.483729616800944;0.34549588803891784;1552;
1755694138.621;0.48526070912679037;0.3490783126265914;1553;
1755694138.654;0.4731394449869792;0.4809323346173322;1553;
1755694138.688;0.0;1.0;1554;
1755694138.721;0.47105077107747395;0.49562394883897565;1556;
1755694138.754;0.47047293980916344;0.5035595929181134;1556;
1755694138.788;0.4701945940653483;0.5081884878653067;1558;
1755694138.821;0.4706490198771159;0.5101606580946181;1560;
1755694138.854;0.4707929611206055;0.512616475423177;1560;
1755694138.888;0.47137476603190104;0.5128905684859664;1561;
1755694138.921;0.4697733879089355;0.5129817256221065;1562;
1755694138.954;0.46982736587524415;0.5130940190067999;1562;
1755694138.988;0.46908159255981446;0.5113231517650463;1564;
1755694139.021;0.4716464042663574;0.5093731915509259;1565;
1755694139.054;0.47097148895263674;0.5075297037760417;1565;
1755694139.088;0.4711277008056641;0.5062634503399884;1567;
1755694139.121;0.3792670885721842;0.4403636225947627;1568;
1755694139.154;0.3257101058959961;0.39282927336516205;1569;
1755694139.188;0.32645549774169924;0.39471915916160305;1569;
1755694139.221;0.3277256647745768;0.39582061767578125;1570;
1755694139.288;0.3426458994547526;0.3981250904224537;1574;
1755694139.321;0.3441829999287923;0.3993129588939526;1574;
1755694139.354;0.3440671602884928;0.39931233723958337;1575;
1755694139.388;0.34277935028076173;0.397926104510272;1576;
1755694139.454;0.35105692545572914;0.3936438666449653;1578;
1755694139.521;0.35853773752848306;0.3832941691080729;1580;
1755694139.554;0.3607891082763672;0.3802465368200232;1581;
1755694139.588;0.3635046323140462;0.3773059986255787;1582;
1755694139.621;0.3626620610555013;0.37561323377821176;1583;
1755694139.654;0.3641586939493815;0.37369786015263307;1583;
1755694139.688;0.3635932286580404;0.37217514603226276;1585;
1755694139.721;0.36423892974853517;0.3723314073350694;1585;
1755694139.754;0.36404762268066404;0.37156468144169563;1586;
1755694139.788;0.36491740544637047;0.3706130416304977;1586;
1755694139.821;0.3644268035888672;0.37193857828776045;1588;
1755694139.854;0.3661360740661621;0.37180220992476853;1589;
1755694139.888;0.36683340072631837;0.3724886293764468;1589;
1755694139.921;0.36806468963623046;0.3736809624565972;1591;
1755694139.954;0.36935997009277344;0.3750847710503472;1592;
1755694139.988;0.36965805689493814;0.37337917751736116;1592;
1755694140.021;0.3710651715596517;0.3738792136863426;1594;
1755694140.054;0.376492182413737;0.37749368173104747;1595;
1755694140.088;0.0;1.0;1596;
1755694140.121;0.19281098047892253;0.39745805528428824;1597;
1755694140.154;0.20426770846048992;0.39666945845992474;1598;
1755694140.188;0.2073609511057536;0.3969904016565393;1599;
1755694140.221;0.21437815030415852;0.3959998236762152;1599;
1755694140.254;0.22783851623535156;0.3918900666413484;1601;
1755694140.288;0.23823366165161133;0.3885641592520255;1601;
1755694140.321;0.0;1.0;1603;
1755694140.354;0.23263788223266602;0.4017930207429109;1603;
1755694140.388;0.23282817204793294;0.4106921725802951;1605;
1755694140.421;0.23570359547932943;0.41482334843388313;1606;
1755694140.454;0.2321213404337565;0.41857102005570024;1607;
1755694140.488;0.23234877586364747;0.4185919867621528;1608;
1755694140.521;0.23316362698872883;0.42033804434317135;1609;
1755694140.554;0.2424575169881185;0.4193810356987847;1610;
1755694140.588;0.24521106084187824;0.41821989836516205;1610;
1755694140.621;0.2501835823059082;0.41698642306857636;1611;
1755694140.654;0.25474774042765297;0.41431410047743056;1613;
1755694140.688;0.25717926025390625;0.4122709486219618;1614;
1755694140.721;0.2586190700531006;0.41017489963107634;1614;
1755694140.754;0.25765984853108725;0.4057431821469908;1615;
1755694140.788;0.2591162045796712;0.4045640168366609;1616;
1755694140.821;0.2626864274342855;0.4040791264286747;1618;
1755694140.854;0.2605408191680908;0.4020149513527199;1619;
1755694140.888;0.26066187222798665;0.3999042087131076;1619;
1755694140.921;0.255790106455485;0.40521517153139464;1622;
1755694140.954;0.0;1.0;1622;
1755694140.988;0.0;1.0;1623;
1755694141.021;0.0;1.0;1624;
1755694141.054;0.7232813517252604;0.1079013400607639;1625;
1755694141.088;0.7108559290568034;0.12043976960358793;1626;
1755694141.121;0.7104756037394205;0.1196658664279514;1626;
1755694141.154;0.6909634908040364;0.13655638518156832;1629;
1755694141.188;0.6510061264038086;0.16741751211660882;1629;
1755694141.221;0.6650595347086589;0.16479062680844903;1630;
1755694141.254;0.6636311213175455;0.16531287299262154;1631;
1755694141.288;0.6499603271484375;0.16803803620515045;1631;
1755694141.321;0.0;1.0;1632;
1755694141.354;0.6404294967651367;0.17129646583839697;1632;
1755694141.388;0.5932281494140625;0.2002842090747975;1634;
1755694141.421;0.5949623743693034;0.19921117711950231;1634;
1755694141.454;0.5413763682047527;0.2082091720015914;1635;
1755694141.488;0.5406831741333008;0.20666933412905097;1636;
1755694141.521;0.5289414087931316;0.2064702917028356;1636;
1755694141.554;0.5234554926554362;0.20999575014467597;1638;
1755694141.588;0.5178864479064942;0.2104984424732349;1639;
1755694141.621;0.5069542566935221;0.2126499317310474;1640;
1755694141.654;0.5019387563069662;0.21336952492042827;1640;
1755694141.688;0.4976504325866699;0.21516452365451388;1641;
1755694141.721;0.4960350036621094;0.21482933892144096;1642;
1755694141.754;0.4937623977661133;0.21615210639105897;1644;
1755694141.788;0.4876250267028809;0.2118851273148148;1646;
1755694141.821;0.0;1.0;1646;
1755694141.854;0.0;1.0;1647;
1755694141.888;0.4908373514811198;0.2132197062174479;1648;
1755694141.921;0.492430305480957;0.21600093135127318;1649;
1755694141.954;0.49554897944132487;0.21562313503689234;1650;
1755694141.988;0.49776182174682615;0.21460446958188661;1651;
1755694142.021;0.5024309794108073;0.2111398202401621;1652;
1755694142.054;0.5054289817810058;0.20477758336950236;1652;
1755694142.088;0.47418457667032876;0.26834756356698497;1653;
1755694142.121;0.0;1.0;1655;
1755694142.154;0.33953717549641926;0.4803551567925347;1655;
1755694142.188;0.3382081985473633;0.4813170821578414;1657;
1755694142.221;0.0;1.0;1658;
1755694142.254;0.3538289705912272;0.48071108217592595;1659;
1755694142.288;0.3599843660990397;0.47346852620442703;1661;
1755694142.321;0.3656712849934896;0.46165963632089124;1661;
1755694142.354;0.3696550051371256;0.45528722692418977;1661;
1755694142.388;0.0;1.0;1663;
1755694142.421;0.5614617665608724;0.228531335901331;1664;
1755694142.454;0.5648775736490885;0.22854687726056133;1665;
1755694142.488;0.5538910547892253;0.23843632450810182;1665;
1755694142.521;0.5431926091512044;0.2444335372359664;1666;
1755694142.554;0.5105415026346842;0.18396951180917243;1668;
1755694142.588;0.5013685862223307;0.1836483425564236;1669;
1755694142.621;0.4912734349568685;0.1933441162109375;1670;
1755694142.654;0.4846808433532715;0.20616183810763888;1671;
1755694142.688;0.47714640299479166;0.21881855152271412;1672;
1755694142.721;0.4715641975402832;0.22864911114728004;1673;
1755694142.754;0.46593284606933594;0.24345816153067135;1674;
1755694142.788;0.45746240615844724;0.2595543755425347;1674;
1755694142.821;0.4505361557006836;0.2762930976019965;1676;
1755694142.854;0.45333061218261717;0.26145234284577545;1678;
1755694142.888;0.45797754923502604;0.24923112657335067;1679;
1755694142.921;0.46160901387532555;0.24117137767650465;1679;
1755694142.954;0.4636906941731771;0.23832883481626155;1679;
1755694142.988;0.4673304239908854;0.23612139666521992;1681;
1755694143.021;0.4685663859049479;0.23778641312210647;1683;
1755694143.054;0.46853911081949867;0.24161925139250584;1683;
1755694143.088;0.47311550776163735;0.24164389151114007;1683;
1755694143.121;0.47293240229288735;0.24223101580584494;1684;
1755694143.154;0.4737431844075521;0.24500670256438084;1686;
1755694143.188;0.4765036582946777;0.2517317595305266;1686;
1755694143.221;0.48021793365478516;0.25585191514756944;1689;
1755694143.254;0.4822306315104167;0.2582169144241898;1689;
1755694143.288;0.4831995646158854;0.26242794460720487;1690;
1755694143.321;0.48453041712443035;0.25769478126808454;1691;
1755694143.354;0.45152737299601237;0.09222174750434031;1692;
1755694143.388;0.45015061696370445;0.09218190511067703;1693;
1755694143.421;0.44949960708618164;0.10187078405309602;1695;
1755694143.454;0.44541714986165365;0.1057004575376157;1696;
1755694143.488;0.44387791951497396;0.11471523708767362;1696;
1755694143.521;0.44189160664876304;0.12448193585431133;1697;
1755694143.554;0.44793736139933266;0.12794455069082755;1698;
1755694143.588;0.4500168482462565;0.12876004819516784;1698;
1755694143.621;0.45341669718424477;0.13333644160517943;1699;
1755694143.654;0.4556677182515462;0.13883486147280089;1700;
1755694143.688;0.45764201482137046;0.1453586719654224;1700;
1755694143.721;0.45847628911336263;0.15431631582754635;1702;
1755694143.754;0.45718790690104166;0.16019592285156248;1703;
1755694143.788;0.45248072942097983;0.16387131302445024;1704;
1755694143.821;0.44779214859008787;0.16961376048900467;1704;
1755694143.854;0.44150238037109374;0.1756198459201389;1707;
1755694143.888;0.43499666849772134;0.17761552598741315;1707;
1755694143.921;0.43094762166341144;0.1774477358217592;1708;
1755694143.955;0.4265286127726237;0.17844040482132528;1710;
1755694143.988;0.4258988380432129;0.17950416847511574;1710;
1755694144.021;0.42121267318725586;0.19259072762948493;1711;
1755694144.055;0.0;1.0;1711;
1755694144.088;0.4035254160563151;0.22334312156394676;1713;
1755694144.121;0.36925544738769533;0.27906143753616897;1713;
1755694144.155;0.3680681546529134;0.2780274567780672;1716;
1755694144.188;0.3668415069580078;0.2749237060546875;1716;
1755694144.221;0.37470563252766925;0.3808134290907118;1717;
1755694144.255;0.0;1.0;1718;
1755694144.288;0.3868395805358887;0.4096904613353588;1721;
1755694144.321;0.0;1.0;1721;
1755694144.355;0.3966673851013184;0.4296944512261285;1722;
1755694144.388;0.4018872261047363;0.44701798050491903;1723;
1755694144.421;0.4049377123514811;0.4487655639648438;1723;
1755694144.455;0.4064915339152018;0.4517840915256076;1724;
1755694144.488;0.4072956720987956;0.4522861056857639;1728;
1755694144.521;0.41035486857096354;0.4498179682978878;1728;
1755694144.555;0.4119525909423828;0.4464271827980324;1728;
1755694144.588;0.41167802810668946;0.4467147262008102;1728;
1755694144.621;0.41328293482462564;0.4446563720703125;1728;
1755694144.655;0.4156355857849121;0.4451298466435185;1730;
1755694144.688;0.41749566396077475;0.4422967981409144;1731;
1755694144.721;0.419966189066569;0.44079584192346644;1731;
1755694144.755;0.4250734011332194;0.4382701732494213;1733;
1755694144.788;0.4272995630900065;0.4381304705584491;1734;
1755694144.821;0.429185676574707;0.43718024359809027;1734;
1755694144.855;0.43068571090698243;0.43817522967303246;1735;
1755694144.888;0.430107053120931;0.43958768491391786;1735;
1755694144.921;0.0;1.0;1737;
1755694144.955;0.0;1.0;1739;
1755694144.988;0.0;1.0;1740;
1755694145.021;0.0;1.0;1741;
1755694145.055;0.0;1.0;1742;
1755694145.088;0.0;1.0;1744;
1755694145.121;0.0;1.0;1744;
1755694145.155;0.7196929295857747;-0.013013147424768556;1746;
1755694145.188;0.0;1.0;1747;
1755694145.221;0.7008260091145834;-0.0035047743055556246;1748;
1755694145.255;0.0;1.0;1748;
1755694145.288;0.0;1.0;1750;
1755694145.321;0.0;1.0;1750;
1755694145.355;0.6234441121419271;0.08805383752893514;1752;
1755694145.388;0.628127924601237;0.08730869999638313;1753;
1755694145.421;0.6294553756713868;0.09367144549334494;1754;
1755694145.455;0.628334108988444;0.08982888680917245;1754;
1755694145.488;0.6281339009602864;0.09201942726417822;1755;
1755694145.521;0.6305257161458333;0.09159291585286455;1757;
1755694145.555;0.627053705851237;0.09683238841869213;1757;
1755694145.588;0.6220717112223307;0.10184410942925348;1758;
1755694145.621;0.6246096928914388;0.10348742449725112;1759;
1755694145.655;0.625799560546875;0.10643920898437498;1760;
1755694145.688;0.626506487528483;0.10706798412181717;1761;
1755694145.721;0.625757344563802;0.11047758879484959;1762;
1755694145.755;0.6262277603149414;0.11341094970703125;1763;
1755694145.788;0.6274026870727539;0.11365141691984959;1764;
1755694145.821;0.6301991780598958;0.11512632016782409;1766;
1755694145.855;0.6319506963094076;0.11913909912109377;1766;
1755694145.888;0.6313596725463867;0.12712826199001737;1767;
1755694145.921;0.628559684753418;0.1291742960611979;1769;
1755694145.955;0.6284755071004232;0.12966110794632524;1770;
1755694145.988;0.6323420206705729;0.13119376853660303;1770;
1755694146.021;0.6345347722371419;0.13216807047526047;1772;
1755694146.055;0.6364102681477865;0.1347571478949653;1773;
1755694146.088;0.638987668355306;0.13467955412688082;1773;
1755694146.121;0.6397677103678385;0.13586244936342595;1774;
1755694146.155;0.6398427327473958;0.1377365112304687;1776;
1755694146.188;0.6435147603352864;0.13742737946686923;1777;
1755694146.221;0.6436733881632487;0.13522491455078123;1777;
1755694146.255;0.6447648366292318;0.13393746835214115;1777;
1755694146.288;0.0;1.0;1779;
1755694146.321;0.0;1.0;1780;
1755694146.355;0.0;1.0;1781;
1755694146.388;0.2042837142944336;0.18703149866174773;1783;
1755694146.421;0.2136594295501709;0.18918473985460071;1783;
1755694146.455;0.22639635403951008;0.19579852068865744;1784;
1755694146.488;0.25346129735310874;0.2015794542100694;1786;
1755694146.521;0.2576651891072591;0.20583626076027195;1786;
1755694146.555;0.27796433766682943;0.20964344165943283;1787;
1755694146.588;0.2903710683186849;0.2117901272243924;1789;
1755694146.621;0.29755325317382814;0.21212553801359957;1789;
1755694146.655;0.30460052490234374;0.21061683937355324;1789;
1755694146.688;0.3017195383707682;0.211219561541522;1791;
1755694146.721;0.3096681276957194;0.21001541702835647;1792;
1755694146.755;0.31305761337280275;0.21051816587094907;1793;
1755694146.788;0.3169577598571777;0.20798848470052078;1795;
1755694146.821;0.3227447827657064;0.20919969346788192;1795;
1755694146.855;0.3273526509602865;0.2055607548466435;1796;
1755694146.888;0.338444455464681;0.19782319245515045;1798;
1755694146.921;0.0;1.0;1798;
1755694146.955;0.3461261749267578;0.18916032579210074;1799;
1755694146.988;0.35673933029174804;0.18552636040581594;1800;
1755694147.021;0.3640468597412109;0.18033786349826386;1801;
1755694147.055;0.3718333562215169;0.1824007387514468;1803;
1755694147.088;0.3774638493855794;0.1798336452907986;1803;
1755694147.121;0.3802994728088379;0.1735978303132234;1804;
1755694147.155;0.38203932444254557;0.16679704454210065;1805;
1755694147.188;0.3890909512837728;0.16664683024088545;1806;
1755694147.221;0.3957922617594401;0.16972091109664356;1807;
1755694147.255;0.3977894147237142;0.163116455078125;1808;
1755694147.288;0.40400155385335285;0.14786337393301507;1809;
1755694147.321;0.40752134323120115;0.14501710114655675;1810;
1755694147.355;0.4109533627827962;0.13945521601924193;1811;
1755694147.388;0.41804443995157875;0.1365631668655961;1812;
1755694147.421;0.4260430335998535;0.13622979058159723;1813;
1755694147.455;0.4360347747802734;0.12818818268952548;1813;
1755694147.488;0.44529940287272135;0.1087799072265625;1814;
1755694147.521;0.45830612182617186;0.07438778347439234;1816;
1755694147.555;0.0;1.0;1816;
1755694147.588;0.3421645164489746;0.5742916813603154;1819;
1755694147.621;0.0;1.0;1820;
1755694147.655;0.34055538177490235;0.6676298353407117;1821;
1755694147.688;0.3610729535420736;0.6026400248209636;1822;
1755694147.721;0.35780674616495767;0.6063182406955295;1822;
1755694147.755;0.3840216318766276;0.5365940235279225;1823;
1755694147.788;0.3858921051025391;0.5674023663556134;1825;
1755694147.821;0.3931811968485514;0.562350915979456;1825;
1755694147.855;0.3981088002522786;0.5626969514069734;1825;
1755694147.888;0.4344702084859212;0.5224837691695602;1827;
1755694147.921;0.43358869552612306;0.5240107218424479;1827;
1755694147.955;0.4385052680969238;0.5064385308159722;1828;
1755694147.988;0.4630994160970052;0.4428068938078704;1831;
1755694148.021;0.46387306849161786;0.4365204987702547;1831;
1755694148.055;0.0;1.0;1831;
1755694148.088;0.4703332265218099;0.42710944281684027;1832;
1755694148.121;0.4763439178466797;0.40987916169343175;1835;
1755694148.155;0.48105862935384114;0.3968960232204861;1835;
1755694148.188;0.48531150817871094;0.3835751568829572;1836;
1755694148.221;0.489803949991862;0.37311395715784146;1838;
1755694148.255;0.49577468236287436;0.3689120822482639;1838;
1755694148.288;0.4965617815653483;0.3631396823459201;1839;
1755694148.321;0.4980953216552734;0.35941393816912615;1839;
1755694148.355;0.5022041320800781;0.3569417317708333;1840;
1755694148.388;0.5071304321289063;0.3509175618489583;1842;
1755694148.421;0.4975937843322754;0.3412685253002026;1843;
1755694148.455;0.3837945302327474;0.26802605523003475;1843;
1755694148.488;0.38532371520996095;0.27054692021122684;1844;
1755694148.521;0.3850791295369466;0.26920934606481484;1845;
1755694148.555;0.3855136871337891;0.26946981924551505;1847;
1755694148.588;0.38508373896280923;0.26816587094907407;1848;
1755694148.621;0.3946963310241699;0.27240295410156246;1849;
1755694148.655;0.4663739840189616;0.3379227249710648;1851;
1755694148.688;0.46902573903401695;0.33953648319950813;1851;
1755694148.721;0.47234999338785805;0.3405399463794849;1852;
1755694148.755;0.4742887496948242;0.34055062753182874;1853;
1755694148.788;0.47382307052612305;0.3450808489764178;1854;
1755694148.821;0.47462546030680336;0.354533216688368;1855;
1755694148.855;0.4757940928141276;0.3627860740379051;1856;
1755694148.888;0.4745830217997233;0.3703572591145833;1857;
1755694148.921;0.4768106778462728;0.37195276331018523;1857;
1755694148.955;0.4794384320576986;0.37313554551866324;1859;
1755694148.988;0.4850022633870443;0.3778908058449074;1860;
1755694149.021;0.485574467976888;0.38071758128978583;1861;
1755694149.055;0.48433106740315757;0.3813079833984375;1861;
1755694149.088;0.48486429850260415;0.38304680718315975;1862;
1755694149.121;0.48381354014078776;0.3836506596317998;1863;
1755694149.155;0.48325557708740235;0.3822433471679687;1866;
1755694149.188;0.48438936869303384;0.38105118362991897;1866;
1755694149.221;0.48842360178629557;0.3753794352213542;1867;
1755694149.255;0.49008315404256186;0.37117185239438655;1868;
1755694149.288;0.49232829411824547;0.36829924406828707;1868;
1755694149.321;0.49577833811442057;0.36705118815104165;1870;
1755694149.355;0.4980126698811849;0.36637963189019096;1871;
1755694149.388;0.5000012079874675;0.36513632315176503;1872;
1755694149.421;0.4999629020690918;0.3634094803421586;1873;
1755694149.455;0.5003607749938965;0.36217623110170716;1874;
1755694149.488;0.5009311358133952;0.3592510082103588;1875;
1755694149.521;0.5070171356201172;0.3321715743453414;1876;
1755694149.555;0.5367098490397135;0.2621917724609375;1878;
1755694149.588;0.5356726328531901;0.26337828459563084;1879;
1755694149.621;0.5349208196004231;0.267350995099103;1880;
1755694149.655;0.5316066741943359;0.2683755380135996;1880;
1755694149.688;0.5289675076802571;0.27156925907841434;1881;
1755694149.721;0.5293010393778483;0.27116371437355324;1883;
1755694149.755;0.5268513679504394;0.2738972981770833;1883;
1755694149.788;0.5274140357971191;0.2612418280707465;1884;
1755694149.821;0.5289671897888184;0.2473253038194444;1884;
1755694149.855;0.529050636291504;0.23777697527850117;1886;
1755694149.888;0.5274363835652669;0.23177445023148147;1887;
1755694149.921;0.524276320139567;0.22727632875795722;1887;
1755694149.955;0.5229908307393392;0.22647083423755787;1889;
1755694149.988;0.5190010706583659;0.22802853054470484;1890;
1755694150.021;0.5170343399047852;0.2447453251591435;1892;
1755694150.055;0.5162622451782226;0.25628136528862844;1892;
1755694150.088;0.5173661549886067;0.26297008373119213;1893;
1755694150.121;0.5181010882059733;0.26854078504774304;1894;
1755694150.155;0.5178301811218262;0.2712862933123553;1895;
1755694150.188;0.518345832824707;0.2721016212745949;1896;
1755694150.221;0.5206175486246745;0.2719642921730324;1898;
1755694150.255;0.0;1.0;1899;
1755694150.288;0.0;1.0;1900;
1755694150.321;0.0;1.0;1900;
1755694150.355;0.0;1.0;1901;
1755694150.388;0.0;1.0;1902;
1755694150.421;0.4054632504781087;0.4033309936523437;1903;
1755694150.455;0.41240930557250977;0.405335376880787;1905;
1755694150.488;0.4133042017618815;0.40310143364800344;1906;
1755694150.521;0.4129943529764811;0.4024416323061343;1906;
1755694150.555;0.4136560757954915;0.404594647442853;1907;
1755694150.588;0.45964571634928386;0.4176399513527199;1908;
1755694150.621;0.4602236747741699;0.41604099980107057;1909;
1755694150.655;0.4589811325073242;0.41594006573712383;1909;
1755694150.688;0.45765835444132485;0.4132622612847222;1910;
1755694150.721;0.4593364397684733;0.4095688431351273;1911;
1755694150.755;0.4563456535339355;0.40842076054325815;1913;
1755694150.788;0.45964908599853516;0.4036616572627315;1913;
1755694150.821;0.45985660552978513;0.4008974428530092;1916;
1755694150.855;0.46158727010091144;0.4004178082501447;1917;
1755694150.888;0.4628023147583008;0.3985661824544271;1918;
1755694150.921;0.46326716740926105;0.3967657583731192;1918;
1755694150.955;0.4645291646321615;0.3965290210865162;1919;
1755694150.988;0.4644596735636393;0.3927419026692708;1921;
1755694151.021;0.4630133310953776;0.39041651973017943;1921;
1755694151.055;0.4642170270284017;0.3899985984519676;1921;
1755694151.088;0.46607189178466796;0.3901204992223669;1923;
1755694151.121;0.4656764666239421;0.38955400254991324;1924;
1755694151.155;0.4657690684000651;0.3870983547634549;1925;
1755694151.188;0.46786120732625325;0.38769401267722803;1926;
1755694151.221;0.46687965393066405;0.3879826863606771;1927;
1755694151.255;0.46550219853719077;0.38756436948423034;1927;
1755694151.288;0.46518793106079104;0.38687348542390043;1930;
1755694151.321;0.4642681121826172;0.38728485107421873;1930;
1755694151.355;0.4630055109659831;0.3875929090711806;1931;
1755694151.388;0.4622839291890462;0.3867726643880208;1932;
1755694151.421;0.463179874420166;0.38660052264178246;1933;
1755694151.455;0.46375786463419594;0.3858770299840857;1935;
1755694151.488;0.4655921936035156;0.38558779116030095;1935;
1755694151.521;0.4658550262451172;0.3838107638888889;1936;
1755694151.555;0.46543925603230796;0.381454015661169;1937;
1755694151.588;0.4656532287597656;0.37418048999927667;1938;
1755694151.621;0.46428922017415364;0.37047576904296875;1939;
1755694151.655;0.46112861633300783;0.3737970987955729;1939;
1755694151.688;0.4621624310811361;0.36479333948206016;1941;
1755694151.721;0.4624375661214193;0.36203890200014466;1942;
1755694151.755;0.46077124277750653;0.35780119719328707;1943;
1755694151.788;0.461309814453125;0.35710641366464124;1944;
1755694151.821;0.461605167388916;0.3534201162832754;1946;
1755694151.855;0.4560807228088379;0.35068229392722805;1946;
1755694151.888;0.4602619489034017;0.3458615338360822;1946;
1755694151.921;0.46672452290852867;0.3483587759512442;1948;
1755694151.955;0.46855557759602867;0.34620016592520253;1949;
1755694151.988;0.46733328501383464;0.3436843872070312;1950;
1755694152.021;0.4666140556335449;0.34192109284577543;1951;
1755694152.055;0.4642987887064616;0.34000583224826386;1951;
1755694152.088;0.46440773010253905;0.33560791015625;1953;
1755694152.121;0.4634205182393392;0.3365989402488426;1955;
1755694152.155;0.4631786346435547;0.335222088849103;1956;
1755694152.188;0.46216497421264646;0.3344672874168113;1956;
1755694152.221;0.4620635986328125;0.335357666015625;1957;
1755694152.255;0.46352109909057615;0.33439489293981484;1957;
1755694152.288;0.4625399589538574;0.3313765349211516;1957;
1755694152.321;0.4639818827311198;0.3323886447482639;1960;
1755694152.355;0.4645808219909668;0.3306649102105035;1962;
1755694152.388;0.46629263559977213;0.3315897058557581;1962;
1755694152.421;0.46745007832845054;0.3320279721860533;1963;
1755694152.455;0.46711368560791017;0.3316952175564236;1964;
1755694152.488;0.4705422719319661;0.33408056188512736;1965;
1755694152.521;0.4583962122599284;0.33760489004629635;1967;
1755694152.555;0.39963080088297526;0.35492361563223385;1968;
1755694152.588;0.3998772621154785;0.3569361368815104;1968;
1755694152.621;0.40070708592732746;0.3583131578233507;1969;
1755694152.655;0.40096890131632484;0.35959450050636577;1969;
1755694152.688;0.40402034123738606;0.36333024766710065;1971;
1755694152.721;0.4069828987121582;0.368092515733507;1971;
1755694152.755;0.40838410059611;0.3723056369357639;1973;
1755694152.788;0.4092803955078125;0.37809538664641207;1974;
1755694152.821;0.4103476842244466;0.38101817943431715;1976;
1755694152.855;0.41247552235921225;0.3826229519314236;1976;
1755694152.888;0.412495485941569;0.3830513283058449;1977;
1755694152.921;0.40991204579671225;0.38461377179181133;1978;
1755694152.955;0.41072022120157875;0.3901276199905961;1979;
1755694152.988;0.4080880800882975;0.3947178028247974;1979;
1755694153.021;0.4045016606648763;0.39815962049696185;1981;
1755694153.055;0.3987873395284017;0.4009287516276042;1982;
1755694153.088;0.39488407770792644;0.4045776932327836;1983;
1755694153.121;0.38806905746459963;0.4110074078595197;1984;
1755694153.155;0.44916114807128904;0.38781009250217013;1985;
1755694153.188;0.454722531636556;0.384684583875868;1987;
1755694153.221;0.45926249821980797;0.3854394983362268;1987;
1755694153.255;0.45908632278442385;0.3849293461552372;1988;
1755694153.288;0.4582138697306315;0.3849518952546296;1988;
1755694153.321;0.45647144317626953;0.3794127852828414;1990;
1755694153.355;0.45543476740519206;0.3835692794234664;1991;
1755694153.388;0.4533357620239258;0.38687145091869213;1992;
1755694153.421;0.45469458897908527;0.38375645390263313;1993;
1755694153.455;0.4519333521525065;0.38619910346137154;1994;
1755694153.488;0.45051485697428384;0.38731898555049193;1995;
1755694153.521;0.45105514526367185;0.3870443838614005;1996;
1755694153.555;0.4534113566080729;0.39310359248408566;1998;
1755694153.588;0.4559478441874186;0.39585616500289356;1998;
1755694153.621;0.4550175984700521;0.4009487575954861;1998;
1755694153.655;0.45595032374064126;0.4095444855866609;2000;
1755694153.688;0.4584935188293457;0.4166954888237847;2000;
1755694153.721;0.460344123840332;0.42391363073278354;2001;
1755694153.755;0.4580677032470703;0.44309341995804397;2004;
1755694153.788;0.0;1.0;2004;
1755694153.821;0.4463382085164388;0.4664738972981771;2005;
1755694153.855;0.0;1.0;2006;
1755694153.888;0.0;1.0;2007;
1755694153.921;0.0;1.0;2009;
1755694153.955;0.0;1.0;2010;
1755694153.988;0.0;1.0;2010;
1755694154.021;0.0;1.0;2010;
1755694154.055;0.0;1.0;2012;
1755694154.088;0.48175827662150067;-0.027821632667824003;2014;
1755694154.121;0.4796417236328125;-0.013382862232349524;2014;
1755694154.155;0.4834748268127441;-0.00541856553819442;2015;
1755694154.188;0.4744048754374186;0.019875759548611094;2016;
1755694154.221;0.45301618576049807;0.096550213849103;2018;
1755694154.255;0.0;1.0;2018;
1755694154.288;0.46858917872111;0.07407808657045722;2019;
1755694154.321;0.47593167622884114;0.06330216019241897;2020;
1755694154.355;0.4835117657979329;0.06850263807508683;2021;
1755694154.388;0.4842609723409017;0.07821615713614005;2022;
1755694154.421;0.48306589126586913;0.08740053530092595;2023;
1755694154.455;0.4793347676595052;0.09398724591290508;2024;
1755694154.488;0.4762701988220215;0.10576556170428242;2025;
1755694154.521;0.4717063585917155;0.12043716995804399;2027;
1755694154.555;0.47430620193481443;0.1256336353443287;2027;
1755694154.588;0.4810001373291016;0.11811726888020835;2028;
1755694154.621;0.48371318181355794;0.12270366527416088;2029;
1755694154.655;0.4846685727437337;0.12041852032696754;2030;
1755694154.688;0.48240540822347006;0.12052911829065394;2030;
1755694154.721;0.48159344991048175;0.12363467746310763;2030;
1755694154.755;0.4807189305623372;0.1206723248517072;2033;
1755694154.788;0.48143806457519533;0.1196216724537037;2034;
1755694154.821;0.4800879160563151;0.10543811939380787;2035;
1755694154.855;0.4775278409322103;0.09738385235821756;2035;
1755694154.888;0.0;1.0;2036;
1755694154.921;0.0;1.0;2036;
1755694154.955;0.0;1.0;2038;
1755694154.988;0.0;1.0;2040;
1755694155.021;0.0;1.0;2041;
1755694155.055;0.0;1.0;2041;
1755694155.088;0.3948286692301432;0.6387712831850405;2043;
1755694155.121;0.3946020762125651;0.6351800989221643;2044;
1755694155.155;0.3333041508992513;0.5508867617006655;2045;
1755694155.188;0.3723332722981771;0.5334890294958043;2047;
1755694155.221;0.376282787322998;0.5272700557002314;2047;
1755694155.255;0.3733004252115885;0.5260456791630498;2047;
1755694155.288;0.3355811754862467;0.4741245411060474;2049;
1755694155.321;0.32592941919962565;0.487504803692853;2050;
1755694155.355;0.3241265614827474;0.5017386542426215;2051;
1755694155.388;0.32534058888753253;0.514327550817419;2052;
1755694155.421;0.3267577489217122;0.5212271796332466;2053;
1755694155.455;0.3188661893208822;0.5346308390299479;2054;
1755694155.488;0.2993800481160482;0.5864580225061486;2055;
1755694155.521;0.25054478645324707;0.6905963756419995;2056;
1755694155.555;0.0;1.0;2058;
1755694155.588;0.0;1.0;2059;
1755694155.621;0.0;1.0;2059;
1755694155.655;0.0;1.0;2059;
1755694155.688;0.0;1.0;2061;
1755694155.721;0.4981870969136556;0.056253447356047426;2062;
1755694155.755;0.4948168436686198;0.06460249159071185;2064;
1755694155.788;0.4878145535786947;0.07533671061197922;2064;
1755694155.821;0.48058096567789715;0.07792618362991899;2066;
1755694155.855;0.4735390345255534;0.0871843126085069;2066;
1755694155.888;0.4696655591328939;0.09800194634331594;2066;
1755694155.921;0.46397126515706383;0.10417152687355324;2068;
1755694155.955;0.45909824371337893;0.10639490198206014;2069;
1755694155.988;0.4507701555887858;0.11287056251808447;2071;
1755694156.021;0.4470846176147461;0.11594690393518514;2071;
1755694156.055;0.44309635162353517;0.11699207447193283;2073;
1755694156.088;0.4380600611368815;0.11990582501446756;2073;
1755694156.121;0.4307824770609538;0.12713753029152197;2075;
1755694156.155;0.4418999989827474;0.12063084355107057;2075;
1755694156.188;0.44890057245890297;0.11620805528428824;2077;
1755694156.221;0.4548464775085449;0.10931430392795138;2077;
1755694156.255;0.4637882868448893;0.11966490568938082;2077;
1755694156.288;0.46829582850138346;0.12269027144820599;2078;
1755694156.321;0.46957441965738933;0.1263295491536458;2078;
1755694156.355;0.46895952224731446;0.13250755027488426;2079;
1755694156.388;0.46966396967569984;0.1390687730577257;2080;
1755694156.421;0.47168445587158203;0.14311336941189234;2082;
1755694156.455;0.47022492090861;0.14414746319806138;2082;
1755694156.488;0.4671297709147135;0.14751603868272567;2082;
1755694156.521;0.462933349609375;0.1554732146086516;2084;
1755694156.555;0.45638484954833985;0.1545897872359664;2084;
1755694156.588;0.4545050938924154;0.15641462537977435;2086;
1755694156.621;0.4520045598347982;0.1578329580801504;2086;
1755694156.655;0.45052598317464193;0.15722424542462388;2087;
1755694156.688;0.447641658782959;0.15775332980685763;2087;
1755694156.721;0.44497060775756836;0.14897585268373847;2088;
1755694156.755;0.4420074462890625;0.1484060216833044;2089;
1755694156.788;0.44138075510660807;0.1440067997685185;2091;
1755694156.821;0.4413678487141927;0.1359578450520833;2092;
1755694156.855;0.44146588643391926;0.13342997233072917;2093;
1755694156.888;0.43974968592325847;0.1339663470232928;2095;
1755694156.921;0.44546871185302733;0.13027603714554403;2096;
1755694156.955;0.4470941225687663;0.1284956755461516;2096;
1755694156.988;0.44841527938842773;0.12764570448133683;2096;
1755694157.021;0.45477819442749023;0.12350593849464697;2099;
1755694157.055;0.4566546758015951;0.12357703314887147;2099;
1755694157.088;0.45510549545288087;0.1186690153899016;2100;
1755694157.121;0.45437030792236327;0.11250921178747109;2102;
1755694157.155;0.4576708793640137;0.11765283655237269;2102;
1755694157.188;0.46093537012736;0.11332668728298612;2104;
1755694157.221;0.46630182266235354;0.11070341887297452;2104;
1755694157.255;0.469657834370931;0.11151733398437502;2105;
1755694157.288;0.47406075795491537;0.1117146244755498;2107;
1755694157.321;0.4772294044494629;0.11059270788122111;2107;
1755694157.355;0.4812100092569987;0.10725724962022565;2108;
1755694157.388;0.48195714950561525;0.109504473650897;2109;
1755694157.421;0.4809390068054199;0.10984491418909148;2110;
1755694157.455;0.48185332616170246;0.1091314810293692;2112;
1755694157.488;0.48199675877889;0.112279369212963;2112;
1755694157.521;0.43217137654622395;0.12963499846281834;2114;
1755694157.555;0.42198041280110676;0.12925838894314234;2114;
1755694157.588;0.4188797950744629;0.13596671775535296;2114;
1755694157.621;0.4160040855407715;0.13413911042390048;2117;
1755694157.655;0.4127955436706543;0.1366616708260996;2117;
1755694157.688;0.40877164204915367;0.13620062934027777;2118;
1755694157.721;0.40879319508870443;0.13681527596932874;2119;
1755694157.755;0.4062184969584147;0.14033740008318862;2119;
1755694157.788;0.4016597747802734;0.1398431848596644;2121;
1755694157.821;0.4043118158976237;0.14167067916304976;2121;
1755694157.855;0.4902364730834961;0.10725854944299773;2122;
1755694157.888;0.48651943206787107;0.10700519703052658;2124;
1755694157.921;0.4852386156717936;0.1071517944335938;2124;
1755694157.955;0.4857121467590332;0.1081130981445313;2126;
1755694157.988;0.4826886812845866;0.10629159432870372;2127;
1755694158.021;0.48253370920817057;0.10787053991247109;2128;
1755694158.055;0.4825315475463867;0.11464911566840275;2129;
1755694158.088;0.4820698738098145;0.11813365794994213;2129;
1755694158.121;0.47844069798787436;0.11656273735894096;2130;
1755694158.155;0.4772534688313802;0.11546359592013888;2131;
1755694158.188;0.47532313664754233;0.11684954607928244;2131;
1755694158.221;0.4748906135559082;0.11567190664785876;2133;
1755694158.255;0.4752655347188314;0.11275086579499416;2134;
1755694158.288;0.4761506716410319;0.11224625198929394;2134;
1755694158.321;0.47438201904296873;0.11512948495370368;2136;
1755694158.355;0.47280314763387044;0.1168794985170718;2138;
1755694158.388;0.47300602595011393;0.11281738281249998;2138;
1755694158.421;0.544830322265625;0.09533086706090854;2140;
1755694158.455;0.5433458964029948;0.09675875063295714;2142;
1755694158.488;0.5392560958862305;0.10180483217592595;2142;
1755694158.521;0.5354586283365885;0.10353077076099537;2144;
1755694158.555;0.5270893096923828;0.10161664044415508;2145;
1755694158.588;0.5156625429789226;0.1029801545319734;2145;
1755694158.621;0.5067495663960775;0.10352721037688084;2145;
1755694158.655;0.5028526941935222;0.1042445995189526;2145;
1755694158.688;0.49917739232381186;0.10452451352719905;2146;
1755694158.721;0.4925016085306803;0.1108528984917535;2148;
1755694158.755;0.4918871243794759;0.10821561460141782;2148;
1755694158.788;0.4864170710245768;0.11079056351273153;2150;
1755694158.821;0.4879442850748698;0.11171874999999998;2151;
1755694158.855;0.4866577784220378;0.11262483950014468;2152;
1755694158.888;0.4857712427775065;0.11205642135054972;2153;
1755694158.921;0.4862512588500977;0.11201126663773153;2155;
1755694158.955;0.4828579584757487;0.11358246979890041;2156;
1755694158.988;0.481469980875651;0.1152968230070891;2157;
1755694159.021;0.4807183265686035;0.11817282217520253;2158;
1755694159.055;0.4811417579650879;0.11601364700882522;2158;
1755694159.088;0.0;1.0;2159;
1755694159.121;0.4963514963785807;0.11211802164713547;2160;
1755694159.155;0.506696351369222;0.11058999520760993;2161;
1755694159.188;0.5166059811909993;0.11263845938223382;2163;
1755694159.221;0.5224127769470215;0.11488760489004635;2163;
1755694159.255;0.5245913187662761;0.11672685411241324;2165;
1755694159.288;0.5244621594746908;0.11783407705801507;2165;
1755694159.321;0.5250235875447591;0.12301505759910303;2166;
1755694159.355;0.5226998964945475;0.12383411548755785;2167;
1755694159.388;0.5191186587015788;0.12528036612051507;2169;
1755694159.421;0.5203048706054687;0.12881984004267943;2170;
1755694159.455;0.517819595336914;0.12771222149884254;2170;
1755694159.488;0.5161752700805664;0.12326287163628469;2170;
1755694159.521;0.5153134981791179;0.12166465476707178;2171;
1755694159.555;0.517100461324056;0.12200560393156834;2172;
1755694159.588;0.46920337677001955;0.11275182653356486;2173;
1755694159.621;0.4721928278605143;0.11232469346788199;2175;
1755694159.655;0.47908398310343425;0.11400174741391778;2178;
1755694159.688;0.48229592641194663;0.11466109664351853;2178;
1755694159.721;0.4858493487040202;0.11670554832175928;2180;
1755694159.755;0.48920920689900715;0.11688418918185761;2180;
1755694159.788;0.4912316640218099;0.11718343098958328;2180;
1755694159.821;0.49390824635823566;0.11764995433666092;2181;
1755694159.855;0.4920650482177734;0.11648045292607057;2182;
1755694159.888;0.4937037150065104;0.11478452329282407;2183;
1755694159.921;0.4958251953125;0.11178707546657984;2184;
1755694159.955;0.49837252298990886;0.11053777624059602;2185;
1755694159.988;0.5023235003153483;0.11009600604021996;2187;
1755694160.021;0.5021436055501302;0.11209739402488428;2188;
1755694160.055;0.5041162490844726;0.11051454897280089;2188;
1755694160.088;0.49634291330973307;0.1063973320855035;2189;
1755694160.121;0.4888321876525879;0.10812140570746531;2191;
1755694160.155;0.48495969772338865;0.1121250293872974;2191;
1755694160.188;0.4835711161295573;0.11027611626519096;2193;
1755694160.221;0.4823286692301432;0.10919002956814239;2194;
1755694160.255;0.48320144017537436;0.10750641999421295;2195;
1755694160.288;0.4800500233968099;0.10623287624782984;2195;
1755694160.321;0.47758642832438153;0.10444901077835644;2195;
1755694160.355;0.47619911829630535;0.10718626799406827;2196;
1755694160.388;0.4783025105794271;0.10900890209056713;2196;
1755694160.421;0.4791818618774414;0.10760034631799764;2200;
1755694160.455;0.47801596323649087;0.10319807264539926;2200;
1755694160.488;0.47760899861653644;0.10116091127748839;2201;
1755694160.521;0.47787869771321617;0.1034007884837963;2201;
1755694160.555;0.47564350763956703;0.09701300726996531;2202;
1755694160.588;0.47748289108276365;0.09539043285228588;2203;
1755694160.621;0.4788516998291016;0.09391773365162037;2204;
1755694160.655;0.4779154141743978;0.09658553512008106;2205;
1755694160.688;0.47771902084350587;0.09423534252025467;2206;
1755694160.721;0.479403018951416;0.09603915744357638;2207;
1755694160.755;0.4800555229187012;0.09544242576316553;2208;
1755694160.788;0.4823132514953613;0.09390281394675926;2210;
1755694160.821;0.4829461415608724;0.09512402569806133;2210;
1755694160.855;0.48671166102091473;0.0957077026367188;2211;
1755694160.888;0.4859044075012207;0.09780471236617472;2214;
1755694160.921;0.48777650197347006;0.09600219726562498;2215;
1755694160.955;0.4881892204284668;0.09486796061197922;2215;
1755694160.988;0.4877244313557943;0.09512662534360528;2215;
1755694161.021;0.4871307690938314;0.09488847520616317;2217;
1755694161.055;0.4874352773030599;0.09300118905526622;2217;
1755694161.088;0.486627737681071;0.09198506673177087;2218;
1755694161.121;0.48708823521931965;0.09182965313946756;2219;
1755694161.155;0.48741375605265297;0.0893032497829861;2219;
1755694161.188;0.4898404439290365;0.087590648509838;2220;
1755694161.221;0.5006474812825521;0.0850948192455151;2222;
1755694161.255;0.5085874239603678;0.08243967692057297;2222;
1755694161.288;0.5132865905761719;0.0785261366102431;2224;
1755694161.321;0.513518746693929;0.07763270625361685;2225;
1755694161.355;0.5163987795511882;0.07483989574291083;2226;
1755694161.388;0.5165260950724284;0.07738636158130785;2228;
1755694161.421;0.5153052647908528;0.07910811812789353;2229;
1755694161.455;0.5138021151224772;0.07959396927445028;2229;
1755694161.488;0.510988998413086;0.08382184063946763;2230;
1755694161.521;0.5069480578104655;0.08642329463252318;2232;
1755694161.555;0.5020548184712728;0.09012699833622684;2232;
1755694161.588;0.4994696299235026;0.09229476363570599;2233;
1755694161.621;0.49477017720540367;0.09954116256148726;2235;
1755694161.655;0.4902918497721354;0.10021401864510993;2235;
1755694161.688;0.48525047302246094;0.10518335413049773;2236;
1755694161.721;0.48468281428019205;0.10762012622974537;2237;
1755694161.755;0.4833584467569987;0.11003028021918404;2238;
1755694161.788;0.48571716944376625;0.11096214011863426;2240;
1755694161.821;0.4858355204264323;0.11188422309027779;2240;
1755694161.855;0.4882436434427897;0.11097847267433447;2241;
1755694161.888;0.49432878494262694;0.1013992309570313;2241;
1755694161.921;0.5007376035054525;0.0933010525173611;2242;
1755694161.955;0.5086566925048828;0.08841078016493054;2245;
1755694161.988;0.0;1.0;2246;
1755694162.021;0.0;1.0;2247;
1755694162.055;0.510879389444987;0.09645007098162617;2247;
1755694162.088;0.0;1.0;2248;
1755694162.121;0.524233341217041;0.08622430872034148;2249;
1755694162.155;0.5315886815388997;0.07723360414858216;2251;
1755694162.188;0.5342111587524414;0.07295893916377316;2252;
1755694162.221;0.5374657948811848;0.07040761311848953;2252;
1755694162.255;0.5350603739420573;0.06942223442925344;2254;
1755694162.288;0.0;1.0;2254;
1755694162.321;0.5093897501627604;0.06870473225911455;2255;
1755694162.355;0.46113290786743166;0.06901216860170722;2257;
1755694162.388;0.4621119499206543;0.06582392939814818;2258;
1755694162.421;0.46406644185384116;0.06609977439597803;2258;
1755694162.455;0.4661638577779134;0.06751776801215281;2260;
1755694162.488;0.4674965540568034;0.06633662471064816;2261;
1755694162.521;0.46844364802042643;0.06518187346281834;2261;
1755694162.555;0.4753424644470215;0.059928667986834494;2263;
1755694162.588;0.4770729700724284;0.058968777126736094;2263;
1755694162.621;0.4786188761393229;0.05488371672453707;2264;
1755694162.655;0.4866981506347656;0.04366443775318285;2265;
1755694162.688;0.0;1.0;2265;
1755694162.721;0.0;1.0;2265;
1755694162.755;0.0;1.0;2267;
1755694162.788;0.0;1.0;2268;
1755694162.821;0.0;1.0;2268;
1755694162.855;0.0;1.0;2269;
1755694162.888;0.0;1.0;2270;
1755694162.921;0.0;1.0;2271;
1755694162.955;0.0;1.0;2273;
1755694162.988;0.38064600626627604;0.5597066243489583;2274;
1755694163.021;0.37272303899129233;0.5638823332609953;2275;
1755694163.055;0.37352609634399414;0.5549032988371673;2276;
1755694163.088;0.36776822408040366;0.5452230665418837;2277;
1755694163.121;0.3700680732727051;0.5342533535427517;2279;
1755694163.155;0.366250483194987;0.5171582257306134;2279;
1755694163.188;0.3632158915201823;0.49992647524233214;2281;
1755694163.221;0.43720715840657554;0.3926602398907697;2281;
1755694163.255;0.0;1.0;2281;
1755694163.288;0.0;1.0;2283;
1755694163.321;0.0;1.0;2285;
1755694163.355;0.5325358390808106;0.3039989895290799;2286;
1755694163.388;0.5272534370422364;0.30367889404296877;2287;
1755694163.421;0.522313404083252;0.29883920175057865;2287;
1755694163.455;0.5690125147501628;0.17938051576967595;2288;
1755694163.488;0.569711176554362;0.18341861300998263;2289;
1755694163.521;0.5636236190795898;0.18788632993344911;2289;
1755694163.555;0.5613407770792643;0.18898535834418406;2291;
1755694163.588;0.5581906000773112;0.18783196343315978;2293;
1755694163.621;0.0;1.0;2293;
1755694163.655;0.0;1.0;2293;
1755694163.688;0.4038527170817057;0.3753041020146123;2294;
1755694163.721;0.4038950602213542;0.37195728443287035;2295;
1755694163.755;0.40454940795898436;0.3717387446650753;2296;
1755694163.788;0.4130215644836426;0.37271457248263884;2298;
1755694163.821;0.4156270662943522;0.3717326976634838;2299;
1755694163.855;0.4208947817484538;0.3740303322120949;2300;
1755694163.888;0.4267523447672526;0.3773390028211806;2301;
1755694163.921;0.4276641209920247;0.38419878924334494;2302;
1755694163.955;0.45515638987223306;0.36944082754629626;2303;
1755694163.988;0.5714592615763346;0.15802572744864007;2304;
1755694164.021;0.5771413167317708;0.1428694548430266;2305;
1755694164.055;0.5866912841796875;0.1280470106336805;2306;
1755694164.088;0.5912338892618815;0.12945805302372682;2307;
1755694164.121;0.5892826080322265;0.13677226878978588;2308;
1755694164.155;0.5817481358846028;0.14751733850549764;2309;
1755694164.188;0.5780868530273438;0.16156819661458333;2311;
1755694164.221;0.535571034749349;0.13924249719690396;2311;
1755694164.255;0.5290165583292643;0.15066098813657403;2313;
1755694164.288;0.5238768895467122;0.17761445222077543;2314;
1755694164.321;0.5029454231262207;0.0763033831561053;2315;
1755694164.355;0.0;1.0;2315;
1755694164.388;0.4936366081237793;0.045028912579571756;2316;
1755694164.421;0.0;1.0;2318;
1755694164.455;0.49583123524983724;0.0208535653573495;2319;
1755694164.488;0.5139461199442545;0.0035573323567708037;2319;
1755694164.521;0.0;1.0;2320;
1755694164.555;0.5251986821492513;0.009129390010127358;2320;
1755694164.588;0.5356539408365886;0.01786013002748843;2321;
1755694164.621;0.541496467590332;0.031536187065972276;2321;
1755694164.655;0.5426626205444336;0.032913434063946756;2325;
1755694164.688;0.5378289540608724;0.04752197265625002;2325;
1755694164.721;0.5323287963867187;0.061320043493200194;2325;
1755694164.755;0.5305949529012044;0.06840096932870365;2326;
1755694164.788;0.5305889129638672;0.07570885552300344;2327;
1755694164.821;0.5306056022644043;0.08265137849030668;2331;
1755694164.855;0.5291585286458333;0.08396730776186345;2331;
1755694164.888;0.527287769317627;0.08408005325882528;2331;
1755694164.921;0.5261114756266276;0.08588160762080443;2331;
1755694164.955;0.5240891456604004;0.08499721950954864;2333;
1755694164.988;0.5235596338907877;0.08543695520471639;2333;
1755694165.021;0.5225488026936849;0.0843564068829572;2336;
1755694165.055;0.5262282371520997;0.08908295808015043;2336;
1755694165.088;0.5281081199645996;0.08876229745370368;2339;
1755694165.121;0.5277841567993165;0.08372203685619217;2340;
1755694165.155;0.5292070388793946;0.08335051359953705;2341;
1755694165.188;0.52890043258667;0.08409327754267937;2341;
1755694165.221;0.5320778528849284;0.08461953622323493;2341;
1755694165.255;0.5332412719726562;0.08439483642578127;2341;
1755694165.288;0.5392075856526692;0.07815529152199074;2342;
1755694165.321;0.5416362126668294;0.07665896945529516;2352;
1755694165.355;0.5440717061360677;0.07417189986617478;2353;
1755694165.388;0.5502668380737304;0.0646791811342593;2353;
1755694165.421;0.5591534932454427;0.04617524323640043;2353;
1755694165.455;0.0;1.0;2353;
1755694165.488;0.0;1.0;2353;
1755694165.521;0.0;1.0;2353;
1755694165.555;0.0;1.0;2353;
1755694165.588;0.34064935048421224;0.6736065052173756;2353;
1755694165.621;0.34450883865356446;0.6670029251663774;2353;
1755694165.655;0.36549034118652346;0.6108213919180411;2353;
1755694165.688;0.37446533838907875;0.6086512247721354;2355;
1755694165.721;0.0;1.0;2356;
1755694165.755;0.3857932726542155;0.5915836192943431;2357;
1755694165.788;0.496488094329834;0.5382597464102286;2357;
1755694165.821;0.5021612167358398;0.5344152379918982;2359;
1755694165.855;0.5090054829915365;0.5245239822952836;2359;
1755694165.888;0.5147339185078939;0.5200342248987269;2359;
1755694165.921;0.0;1.0;2361;
1755694165.955;0.5153620719909668;0.4939639621310764;2363;
1755694165.988;0.0;1.0;2363;
1755694166.021;0.0;1.0;2365;
1755694166.055;0.5183605511983236;0.47455235234013315;2365;
1755694166.088;0.5284569740295411;0.40675455729166665;2367;
1755694166.121;0.5288721402486165;0.403566657172309;2367;
1755694166.155;0.5270755132039388;0.3956684253833912;2369;
1755694166.188;0.5265957832336425;0.39233907063802087;2369;
1755694166.221;0.527195930480957;0.3869655467845775;2369;
1755694166.255;0.5276232401529948;0.38246149133752894;2371;
1755694166.288;0.5263255755106608;0.37191337302879046;2372;
1755694166.321;0.5254571278889973;0.3654041431568287;2374;
1755694166.355;0.5273386319478353;0.35443974247685184;2374;
1755694166.388;0.5297455787658691;0.348839032208478;2374;
1755694166.421;0.5316318194071452;0.34252545392071754;2376;
1755694166.455;0.4236180623372396;0.3041300455729167;2378;
1755694166.488;0.36267919540405275;0.31385277642144094;2378;
1755694166.521;0.366532834370931;0.3193939774124711;2380;
1755694166.555;0.36888742446899414;0.31840882477936916;2381;
1755694166.588;0.36869560877482094;0.32065096254701964;2381;
1755694166.621;0.36876967748006184;0.32168336091218175;2381;
1755694166.655;0.3672306696573893;0.3243461891456887;2382;
1755694166.688;0.42002442677815754;0.3269458346896701;2383;
1755694166.721;0.5473578135172527;0.348844231499566;2383;
1755694166.755;0.5398775100708008;0.3454773514359085;2384;
1755694166.788;0.5416824340820312;0.3482057359483507;2385;
1755694166.821;0.5304906209309895;0.3447168420862269;2387;
1755694166.855;0.5223824501037597;0.3429355762622974;2387;
1755694166.888;0.5166209220886231;0.34015355993200236;2388;
1755694166.921;0.5082451184590657;0.3389126812970197;2390;
1755694166.955;0.5021491050720215;0.337741145381221;2391;
1755694166.988;0.49611117045084635;0.3368109809027777;2391;
1755694167.022;0.491063658396403;0.33722025553385415;2392;
1755694167.055;0.4852982838948568;0.3379313716182002;2394;
1755694167.088;0.48277076085408527;0.3370275991934317;2395;
1755694167.122;0.48081849416097006;0.33789638943142364;2395;
1755694167.155;0.4789068539937337;0.34030603479456023;2395;
1755694167.188;0.4780684153238932;0.3436069629810474;2397;
1755694167.222;0.4769357045491536;0.3444799352575232;2397;
1755694167.255;0.4725763956705729;0.34989335801866317;2398;
1755694167.288;0.4749060312906901;0.3527287801106771;2399;
1755694167.322;0.47363144556681314;0.35498843722873263;2399;
1755694167.355;0.47355308532714846;0.35559878879123263;2401;
1755694167.388;0.4741842269897461;0.3565634268301504;2401;
1755694167.422;0.47362756729125977;0.3562893902813947;2402;
1755694167.455;0.4729471206665039;0.36044820149739587;2404;
1755694167.488;0.4721043268839518;0.36179493091724535;2404;
1755694167.522;0.47185099919637047;0.36061373110170714;2406;
1755694167.555;0.4705078442891439;0.36091715494791665;2407;
1755694167.588;0.46918430328369143;0.3611507274486401;2407;
1755694167.622;0.4678321838378906;0.3573941831235532;2409;
1755694167.655;0.46665515899658205;0.3570959585684317;2409;
1755694167.688;0.4655543963114421;0.3579137731481481;2411;
1755694167.722;0.4648869196573893;0.3549709178783276;2411;
1755694167.755;0.4672184944152832;0.3538739804868345;2413;
1755694167.788;0.46800034840901694;0.35619523790147567;2414;
1755694167.822;0.4672543525695801;0.3576035676179109;2415;
1755694167.855;0.4666372617085775;0.35574052598741324;2415;
1755694167.888;0.46716572443644205;0.35508377640335653;2416;
1755694167.922;0.4656944910685221;0.352218175817419;2417;
1755694167.955;0.4668249766031901;0.34695615415219905;2419;
1755694167.988;0.4686235745747884;0.34360300699869795;2420;
1755694168.022;0.47199519475301105;0.34056820339626737;2421;
1755694168.055;0.4747629165649414;0.3389971132631655;2421;
1755694168.088;0.4795515696207682;0.3347197921187789;2421;
1755694168.122;0.48486967086791993;0.3312516389069734;2423;
1755694168.155;0.4867817560831706;0.33092702229817705;2423;
1755694168.188;0.48748947779337565;0.32580809416594325;2425;
1755694168.222;0.48973242441813153;0.319646312572338;2425;
1755694168.255;0.49030265808105467;0.313847068504051;2426;
1755694168.288;0.49409354527791344;0.31016184488932297;2428;
1755694168.322;0.49388806025187176;0.30510886863425923;2428;
1755694168.355;0.49301122029622396;0.3040222733109086;2429;
1755694168.388;0.49200846354166666;0.29981045193142364;2431;
1755694168.422;0.4932862281799316;0.29689585367838545;2431;
1755694168.455;0.4921441396077474;0.2944952505606192;2432;
1755694168.488;0.489793332417806;0.2951510959201389;2434;
1755694168.522;0.48798255920410155;0.29651455349392364;2434;
1755694168.555;0.4888577461242676;0.29829824942129635;2434;
1755694168.588;0.4895003000895182;0.3004990754304109;2435;
1755694168.622;0.4886653900146484;0.30079865632233793;2436;
1755694168.655;0.4852629025777181;0.3015176278573496;2437;
1755694168.688;0.485399055480957;0.30215228045428244;2437;
1755694168.722;0.48538052241007484;0.3041272198712385;2439;
1755694168.755;0.48252573013305666;0.3040369104456019;2439;
1755694168.788;0.4786025365193685;0.3041498254846644;2440;
1755694168.822;0.47380263010660806;0.30310917607060184;2441;
1755694168.855;0.4722027142842611;0.3012814557110822;2441;
1755694168.888;0.4706378936767578;0.29740487557870365;2441;
1755694168.922;0.4716875712076823;0.29599778917100694;2443;
1755694168.955;0.47191956837972004;0.2965773405852141;2444;
1755694168.988;0.0;1.0;2444;
1755694169.022;0.0;1.0;2447;
1755694169.055;0.0;1.0;2447;
1755694169.088;0.0;1.0;2448;
1755694169.122;0.0;1.0;2450;
1755694169.155;0.44171644846598307;0.3324748286494502;2451;
1755694169.188;0.44693304697672526;0.32789685284649883;2451;
1755694169.222;0.44804147084554036;0.3212170636212385;2452;
1755694169.255;0.4533129374186198;0.32140960693359377;2453;
1755694169.288;0.45696805318196615;0.319361255787037;2455;
1755694169.322;0.4603512128194173;0.3155108416521991;2456;
1755694169.355;0.4640755335489909;0.31243885181568287;2456;
1755694169.388;0.46858577728271483;0.3109879670319734;2457;
1755694169.422;0.4725744883219401;0.3081481368453415;2457;
1755694169.455;0.4759130795796712;0.30611453586154513;2458;
1755694169.488;0.4786945025126139;0.30573272705078125;2458;
1755694169.522;0.47622334162394203;0.30510915120442705;2460;
1755694169.555;0.48173535664876305;0.30000548186125575;2461;
1755694169.588;0.48715359369913735;0.2955377084237558;2461;
1755694169.622;0.4893287340799967;0.2940195719401042;2463;
1755694169.655;0.4903783162434896;0.29202197039568867;2463;
1755694169.688;0.49442714055379233;0.29084580032913776;2464;
1755694169.722;0.494760004679362;0.2904661390516493;2466;
1755694169.755;0.4983778953552246;0.2901802910698785;2467;
1755694169.788;0.4972532590230306;0.2904934918438947;2467;
1755694169.822;0.4952781041463216;0.29022476761429394;2468;
1755694169.855;0.4967947006225586;0.2922250253182871;2469;
1755694169.888;0.4978162447611491;0.2945107919198495;2471;
1755694169.922;0.4995968500773112;0.2988210042317708;2472;
1755694169.955;0.5022496541341146;0.2980422408492477;2472;
1755694169.988;0.5022320111592611;0.29891453495732057;2474;
1755694170.022;0.5029313087463378;0.2995669894748264;2474;
1755694170.055;0.5040156364440918;0.29763454861111116;2475;
1755694170.088;0.5063133239746094;0.2975892243561922;2477;
1755694170.122;0.5058766682942708;0.2985291092484086;2478;
1755694170.155;0.5047146797180175;0.29920840793185766;2478;
1755694170.188;0.5059087753295899;0.29832594129774304;2480;
1755694170.222;0.5083168665568034;0.297691571270978;2480;
1755694170.255;0.5110795974731446;0.2968235157154224;2481;
1755694170.288;0.5158448219299316;0.29645238805700236;2483;
1755694170.322;0.5221033096313477;0.2930450439453125;2484;
1755694170.355;0.5247121493021647;0.2930631284360532;2485;
1755694170.388;0.5283244132995606;0.2935262044270833;2486;
1755694170.422;0.5307543754577637;0.29235862449363426;2486;
1755694170.455;0.5322471936543782;0.2958119145146123;2486;
1755694170.488;0.5378218332926432;0.2987450493706597;2488;
1755694170.522;0.3617033322652181;0.19971697771990737;2489;
1755694170.555;0.0;1.0;2490;
1755694170.588;0.2430129051208496;0.17025604248046877;2491;
1755694170.622;0.25391244888305664;0.1741136338975694;2491;
1755694170.655;0.3018850644429525;0.19811203568070024;2492;
1755694170.688;0.30230410893758136;0.1966461746780961;2492;
1755694170.722;0.3399141947428385;0.20723509611906832;2492;
1755694170.755;0.3357752482096354;0.20255969012225117;2494;
1755694170.788;0.3354312896728516;0.20609272144458912;2494;
1755694170.822;0.34918238321940104;0.2234904536494502;2495;
1755694170.855;0.34677206675211586;0.2341599641022859;2496;
1755694170.888;0.35227365493774415;0.24044313783998839;2497;
1755694170.922;0.35654964447021487;0.24326934814453127;2499;
1755694170.955;0.36385027567545575;0.24217258029513888;2499;
1755694170.988;0.37342751820882164;0.24869345205801507;2500;
1755694171.022;0.38348894119262694;0.2598609076605902;2502;
1755694171.055;0.3891808827718099;0.2623433996129919;2502;
1755694171.088;0.394204584757487;0.2716206303349248;2504;
1755694171.122;0.39744688669840494;0.27216452139395253;2505;
1755694171.155;0.39946940739949544;0.2737895824291088;2506;
1755694171.188;0.4040098508199056;0.2761560510706018;2506;
1755694171.222;0.4115346590677897;0.2836373223198785;2508;
1755694171.255;0.4122766494750977;0.28721488670066553;2509;
1755694171.288;0.41441936492919923;0.29066789415147565;2509;
1755694171.322;0.41535043716430664;0.294033756962529;2511;
1755694171.355;0.4165090560913086;0.2962113557038484;2511;
1755694171.388;0.41572996775309246;0.2950109411168982;2513;
1755694171.422;0.4180523236592611;0.2969533284505208;2514;
1755694171.455;0.42085787455240886;0.3006400214301215;2514;
1755694171.488;0.422510560353597;0.3010109230324074;2516;
1755694171.522;0.423654301961263;0.3035243846752026;2516;
1755694171.555;0.4252028783162435;0.307871839735243;2517;
1755694171.588;0.4229475975036621;0.31155717637803815;2519;
1755694171.622;0.4868882179260254;0.2498788904260706;2519;
1755694171.655;0.4856930096944173;0.2482339364510996;2520;
1755694171.688;0.48380009333292645;0.2491769861291956;2520;
1755694171.722;0.4845801671346029;0.25145828812210647;2522;
1755694171.755;0.48469025293986;0.2536690606011285;2524;
1755694171.788;0.48299274444580076;0.25672353108723955;2525;
1755694171.822;0.4840920130411784;0.25955381040219905;2526;
1755694171.855;0.48399330774943033;0.2607047752097801;2527;
1755694171.888;0.4506442387898763;0.30342723705150465;2527;
1755694171.922;0.4447956403096517;0.32067204228153934;2529;
1755694171.955;0.4398401578267415;0.3333441275137442;2529;
1755694171.988;0.43428869247436525;0.3415942156756365;2531;
1755694172.022;0.4314075152079264;0.34125219274450236;2532;
1755694172.055;0.4307345708211263;0.3457622386791088;2532;
1755694172.088;0.42903207143147787;0.3449290522822628;2533;
1755694172.122;0.42870473861694336;0.3474781742802373;2534;
1755694172.155;0.4270878473917643;0.3487249868887442;2534;
1755694172.188;0.4224456151326497;0.34633291739004635;2536;
1755694172.222;0.4193481127421061;0.3485774852611401;2537;
1755694172.255;0.40843083063761393;0.3703396267361111;2539;
1755694172.288;0.4019568125406901;0.37342241075303817;2539;
1755694172.321;0.3859621365865072;0.3903478551793982;2540;
1755694172.355;0.0;1.0;2541;
1755694172.388;0.0;1.0;2543;
1755694172.421;0.0;1.0;2543;
1755694172.455;0.32738304138183594;0.45320468478732634;2544;
1755694172.488;0.331387996673584;0.44986679642288774;2545;
1755694172.521;0.3344586372375488;0.4482388531720197;2545;
1755694172.555;0.3387522061665853;0.44748580367476853;2546;
1755694172.588;0.34020779927571615;0.44655857792607057;2548;
1755694172.621;0.3469319979349772;0.44778781467013884;2549;
1755694172.655;0.3883374214172363;0.4165032845956308;2551;
1755694172.688;0.38778181076049806;0.41744797318070026;2551;
1755694172.721;0.38843708038330077;0.4097967642324942;2553;
1755694172.755;0.3914541562398275;0.40435186315465854;2554;
1755694172.788;0.39805145263671876;0.3953589545355902;2554;
1755694172.821;0.40183900197347006;0.3839979383680555;2555;
1755694172.855;0.4062580426534017;0.3815575493706598;2556;
1755694172.888;0.4096731503804525;0.38312926115813084;2557;
1755694172.921;0.4115558942159017;0.38363087972005205;2558;
1755694172.955;0.4174788157145182;0.3754879986798322;2559;
1755694172.988;0.4184837023417155;0.3728927047164352;2559;
1755694173.021;0.40632864634195964;0.3793701171875;2561;
1755694173.055;0.39737787246704104;0.3809155499493634;2562;
1755694173.088;0.4009733200073242;0.39083415843822333;2564;
1755694173.121;0.4015664100646973;0.4005041616934317;2565;
1755694173.155;0.39989824295043946;0.4118663081416377;2566;
1755694173.188;0.3967679659525553;0.41568015769675926;2566;
1755694173.221;0.39349454243977866;0.42157445836950236;2568;
1755694173.255;0.3880816141764323;0.4350372314453125;2568;
1755694173.288;0.38548081715901694;0.46072630705656825;2570;
1755694173.321;0.3724559148152669;0.5308286596227576;2571;
1755694173.355;0.0;1.0;2572;
1755694173.388;0.0;1.0;2573;
1755694173.421;0.0;1.0;2574;
1755694173.455;0.0;1.0;2574;
1755694173.488;0.0;1.0;2576;
1755694173.521;0.0;1.0;2577;
1755694173.555;0.5606032053629557;0.24545135498046877;2577;
1755694173.588;0.5575299580891927;0.22233321578414356;2579;
1755694173.621;0.0;1.0;2579;
1755694173.655;0.0;1.0;2580;
1755694173.688;0.0;1.0;2581;
1755694173.721;0.0;1.0;2582;
1755694173.755;0.0;1.0;2583;
1755694173.788;0.0;1.0;2584;
1755694173.821;0.0;1.0;2586;
1755694173.855;0.0;1.0;2587;
1755694173.888;0.0;1.0;2588;
1755694173.922;0.0;1.0;2589;
1755694173.955;0.0;1.0;2589;
1755694173.988;0.3770192464192708;0.4593152081524884;2590;
1755694174.022;0.3875962575276693;0.45463488543475117;2592;
1755694174.055;0.40070950190226234;0.4456816496672453;2592;
1755694174.088;0.4044528007507324;0.4443660029658565;2593;
1755694174.122;0.4119024912516276;0.4431520250108507;2595;
1755694174.155;0.420161501566569;0.44152492947048616;2596;
1755694174.188;0.4320331573486328;0.44665770354094325;2596;
1755694174.222;0.4367114384969076;0.4499516805013021;2598;
1755694174.255;0.4470609347025553;0.4543433295355903;2598;
1755694174.288;0.44901485443115235;0.44529588487413196;2598;
1755694174.322;0.4535943667093913;0.45661338523582173;2601;
1755694174.355;0.4581514676411947;0.473360358344184;2601;
1755694174.388;0.0;1.0;2602;
1755694174.422;0.0;1.0;2604;
1755694174.455;0.0;1.0;2605;
1755694174.488;0.0;1.0;2605;
1755694174.522;0.0;1.0;2607;
1755694174.555;0.45630607604980467;0.18845163981119795;2608;
1755694174.588;0.4576328913370768;0.19971952085141786;2609;
1755694174.622;0.4593073844909668;0.20650640417028354;2610;
1755694174.655;0.4555925051371256;0.21256583884910296;2610;
1755694174.688;0.45352179209391275;0.22546398021556713;2611;
1755694174.722;0.4533130645751953;0.24436402497468168;2611;
1755694174.755;0.4539966583251953;0.2517225477430556;2614;
1755694174.788;0.45080178578694663;0.25457611083984377;2615;
1755694174.822;0.44765103658040367;0.2566918832284433;2615;
1755694174.855;0.44409027099609377;0.2590298687970197;2616;
1755694174.888;0.43859875996907555;0.2596055207429109;2618;
1755694174.922;0.43711099624633787;0.2665477611400463;2618;
1755694174.955;0.43543923695882164;0.269921875;2619;
1755694174.988;0.43297662734985354;0.27842723705150463;2620;
1755694175.022;0.4314863840738932;0.2848845870406539;2622;
1755694175.055;0.4326716423034668;0.28513584843388307;2622;
1755694175.088;0.43173176447550454;0.29325148970992476;2623;
1755694175.122;0.43068917592366535;0.2991249367042824;2625;
1755694175.155;0.4277483940124512;0.30147394250940396;2626;
1755694175.188;0.42365713119506837;0.31069720232928244;2627;
1755694175.222;0.42382691701253256;0.31357320149739587;2627;
1755694175.255;0.42280139923095705;0.3186462967484086;2628;
1755694175.288;0.4248910903930664;0.32406825312861687;2629;
1755694175.322;0.4298346201578776;0.32759546350549773;2630;
1755694175.355;0.43446276982625326;0.33266104239004635;2632;
1755694175.388;0.437838077545166;0.336754071270978;2632;
1755694175.422;0.44850893020629884;0.33996938069661453;2632;
1755694175.455;0.4570870081583659;0.34404065167462383;2634;
1755694175.488;0.468389638264974;0.344833826135706;2634;
1755694175.522;0.4744050661722819;0.3448372734917535;2637;
1755694175.555;0.4817551294962565;0.3447737517180266;2637;
1755694175.588;0.4895933151245117;0.34685674596715854;2639;
1755694175.622;0.4939079920450846;0.34581208405671293;2639;
1755694175.655;0.49450197219848635;0.34625125461154516;2641;
1755694175.688;0.496713129679362;0.34748959011501734;2642;
1755694175.722;0.5015239079793294;0.3483486034252026;2642;
1755694175.755;0.5064421971638997;0.3483367354781539;2644;
1755694175.788;0.5094944318135579;0.3475008364076968;2645;
1755694175.822;0.5108115514119466;0.3484143292462384;2645;
1755694175.855;0.512799326578776;0.34880150689019096;2647;
1755694175.888;0.5164506276448567;0.34643628155743633;2647;
1755694175.922;0.5167165438334147;0.34545293737340854;2649;
1755694175.955;0.5176877975463867;0.34553143536603004;2650;
1755694175.988;0.5173884709676106;0.3453491776077836;2650;
1755694176.022;0.5156019846598308;0.34720815022786455;2650;
1755694176.055;0.5157108942667643;0.34611929434317135;2654;
1755694176.088;0.5183681170145671;0.3464292738172743;2654;
1755694176.122;0.5186576843261719;0.3468339708116319;2655;
1755694176.155;0.5192255973815918;0.34989132351345487;2656;
1755694176.188;0.5180506706237793;0.3514138680917246;2657;
1755694176.222;0.5200302759806316;0.3498501812970197;2658;
1755694176.255;0.5191604614257812;0.3519901982060185;2658;
1755694176.288;0.5163072903951009;0.3515241269712095;2659;
1755694176.322;0.5145860989888509;0.3501881352177373;2660;
1755694176.355;0.5139840126037598;0.34818098280164933;2662;
1755694176.388;0.5157399813334147;0.34746331108940975;2662;
1755694176.422;0.5153064727783203;0.3464526706271701;2662;
1755694176.455;0.5162403106689453;0.3436115971317998;2665;
1755694176.488;0.5147973378499349;0.3422011198820891;2665;
1755694176.522;0.5144737243652344;0.33951675980179397;2665;
1755694176.555;0.5130373954772949;0.3375577573423032;2667;
1755694176.588;0.5225986162821452;0.33667551676432295;2668;
1755694176.622;0.5321844100952149;0.3335693924515336;2668;
1755694176.655;0.5394879659016927;0.33375475848162617;2669;
1755694176.688;0.5433882395426433;0.33272507279007524;2671;
1755694176.722;0.5465417861938476;0.32971310085720484;2671;
1755694176.755;0.5549171447753907;0.3322743168583623;2672;
1755694176.788;0.559187380472819;0.33787231445312504;2674;
1755694176.822;0.5646948496500651;0.3405836882414641;2675;
1755694176.855;0.5660642623901367;0.3407081886574074;2675;
1755694176.888;0.569577407836914;0.3410688612196181;2677;
1755694176.922;0.571391741434733;0.34183406123408566;2678;
1755694176.955;0.5734639485677083;0.3423398618344907;2679;
1755694176.988;0.573697853088379;0.3414143315067998;2680;
1755694177.022;0.5758313496907552;0.34005635579427085;2680;
1755694177.055;0.5774525324503581;0.3369730631510417;2681;
1755694177.088;0.5770750045776367;0.3355508309823495;2683;
1755694177.122;0.5778282165527344;0.3332093415436921;2684;
1755694177.155;0.5785551071166992;0.33391474971064816;2685;
1755694177.188;0.5780378341674804;0.3339318169487847;2685;
1755694177.222;0.5798819859822592;0.3328305279767072;2687;
1755694177.255;0.5800513585408529;0.3320202862774885;2687;
1755694177.288;0.579840087890625;0.32965675636574077;2688;
1755694177.322;0.5795562744140625;0.33026196515118633;2690;
1755694177.355;0.5812593460083008;0.3290547123661748;2690;
1755694177.388;0.580902099609375;0.3283650151005497;2692;
1755694177.422;0.5806536356608073;0.3256754557291667;2693;
1755694177.455;0.5793239593505859;0.32489228425202543;2693;
1755694177.488;0.5770759582519531;0.32258566397207755;2695;
1755694177.522;0.5733025232950847;0.32106684932002316;2696;
1755694177.555;0.5712945938110352;0.3217491432472511;2697;
1755694177.588;0.5699816385904948;0.3211667096173322;2697;
1755694177.622;0.5682617823282877;0.32083248562282984;2698;
1755694177.655;0.5666854858398438;0.31916108308015045;2699;
1755694177.688;0.5658475240071614;0.3181308322482639;2699;
1755694177.722;0.5645334879557292;0.31718297887731484;2701;
1755694177.755;0.561969502766927;0.31664779097945606;2703;
1755694177.788;0.5615343729654948;0.3139295789930555;2703;
1755694177.822;0.55667724609375;0.3124207108109086;2705;
1755694177.855;0.5533449808756511;0.30937347412109373;2705;
1755694177.888;0.548333485921224;0.3084509390371817;2707;
1755694177.922;0.5421834309895833;0.2990713048864294;2708;
1755694177.955;0.5329325358072917;0.29158500388816555;2709;
1755694177.988;0.5278470357259114;0.2870820222077546;2710;
1755694178.022;0.5228264808654786;0.28785050003616897;2711;
1755694178.055;0.519027582804362;0.28631817853009256;2711;
1755694178.088;0.5181626637776693;0.2843896936487269;2712;
1755694178.122;0.5185275713602702;0.2866113733362269;2714;
1755694178.155;0.5216714223225911;0.28800986961082176;2714;
1755694178.188;0.5190665562947591;0.2879737571433738;2715;
1755694178.222;0.5192529678344726;0.28826327853732636;2717;
1755694178.255;0.5203718503316244;0.2901715313946759;2717;
1755694178.288;0.5187503814697265;0.29526836253978583;2719;
1755694178.322;0.5210056304931641;0.2930453265154803;2719;
1755694178.355;0.5247276306152344;0.2926638567889178;2720;
1755694178.388;0.5224448521931966;0.2961293538411458;2721;
1755694178.422;0.5223686218261718;0.3004545423719618;2723;
1755694178.455;0.5287404696146647;0.318461439344618;2723;
1755694178.488;0.5289643287658692;0.33288172969111685;2723;
1755694178.522;0.5276101748148601;0.3428253173828125;2724;
1755694178.555;0.525354512532552;0.3491302490234375;2727;
1755694178.588;0.522766653696696;0.3518507215711806;2728;
1755694178.622;0.5276638984680175;0.34828395137080437;2728;
1755694178.655;0.5320173581441243;0.34416616934317135;2729;
1755694178.688;0.5393360773722331;0.33985217059100115;2729;
1755694178.722;0.542883555094401;0.33470368561921293;2729;
1755694178.755;0.5447179794311523;0.33204328748914935;2732;
1755694178.788;0.5474066416422526;0.32841955114293986;2732;
1755694178.822;0.5527765274047851;0.32401778609664356;2734;
1755694178.855;0.55824400583903;0.32092810736762156;2735;
1755694178.888;0.5625258127848307;0.31803085892288774;2735;
1755694178.922;0.5626503626505533;0.3151723225911458;2737;
1755694178.955;0.5617814381917318;0.31167235197844334;2738;
1755694178.988;0.5637205759684245;0.31169591833043986;2739;
1755694179.022;0.5626848220825196;0.310797119140625;2740;
1755694179.055;0.560645866394043;0.3108281453450521;2740;
1755694179.088;0.5606323877970377;0.30971199318214704;2740;
1755694179.122;0.5603741963704427;0.31034025969328705;2743;
1755694179.155;0.5584018707275391;0.31095705385561345;2744;
1755694179.188;0.5605812072753906;0.3156602647569444;2745;
1755694179.222;0.5642249425252278;0.3197265625;2745;
1755694179.255;0.5657496134440104;0.3203180383752894;2747;
1755694179.288;0.5702821731567382;0.32477490460431135;2747;
1755694179.322;0.5747058868408204;0.3262876722547743;2748;
1755694179.355;0.5793786366780599;0.32805458351417827;2750;
1755694179.388;0.5816019694010417;0.33152669270833335;2751;
1755694179.422;0.5827644983927409;0.3322035047743056;2752;
1755694179.455;0.5807724634806315;0.3322289926034433;2753;
1755694179.488;0.5783660888671875;0.33158586290147574;2753;
1755694179.522;0.573607063293457;0.3305500171802662;2754;
1755694179.555;0.5701898574829102;0.3291789867259838;2756;
1755694179.588;0.5656938552856445;0.3275561297381365;2757;
1755694179.622;0.5609217325846354;0.3250686645507812;2757;
1755694179.655;0.5561501185099283;0.3234219586407697;2759;
1755694179.688;0.5511716842651367;0.3194872820818866;2760;
1755694179.722;0.5484754562377929;0.3180008499710648;2760;
1755694179.755;0.544310188293457;0.31778971354166663;2762;
1755694179.788;0.5403818766276042;0.3179853086118345;2763;
1755694179.822;0.5389382680257161;0.3167883413809317;2763;
1755694179.855;0.5353055318196615;0.3157639680085359;2764;
1755694179.888;0.5358894983927409;0.315788495099103;2766;
1755694179.922;0.5337188084920247;0.31612096715856486;2767;
1755694179.955;0.5342931747436523;0.31313606544777195;2768;
1755694179.988;0.5351309458414714;0.311747572157118;2769;
1755694180.022;0.5376832326253255;0.30982869466145835;2769;
1755694180.055;0.5386426289876302;0.3077687016239873;2771;
1755694180.088;0.5401009241739909;0.3079494335033276;2772;
1755694180.122;0.5422408421834309;0.3060268260814526;2773;
1755694180.155;0.5422800064086915;0.3056009928385417;2774;
1755694180.188;0.5437582651774089;0.3057342529296875;2774;
1755694180.222;0.5442211151123046;0.30668063693576386;2775;
1755694180.255;0.5440952936808269;0.30414784749348955;2776;
1755694180.288;0.544399642944336;0.3015899658203125;2778;
1755694180.322;0.5438791275024414;0.3042425084997107;2778;
1755694180.355;0.5461331685384114;0.3033899943033854;2780;
1755694180.388;0.5480054219563802;0.3017478660300926;2781;
1755694180.422;0.5488365173339844;0.30059661865234377;2781;
1755694180.455;0.5486969629923503;0.29759572347005203;2782;
1755694180.488;0.5480454762776693;0.29709325719762736;2783;
1755694180.522;0.5497227350870768;0.29525999846281825;2784;
1755694180.555;0.547916030883789;0.29310330991391786;2785;
1755694180.588;0.5451135635375977;0.29396916142216434;2787;
1755694180.622;0.5426698048909505;0.29307686134620947;2787;
1755694180.655;0.5411290486653646;0.2904005262586805;2788;
1755694180.688;0.5400823593139649;0.28880021837022574;2790;
1755694180.722;0.5368136723836263;0.28893031367549193;2791;
1755694180.755;0.5315210342407226;0.28806728786892366;2792;
1755694180.788;0.5251426060994466;0.2869906390154803;2793;
1755694180.822;0.5210398356119792;0.28555908203125;2794;
1755694180.855;0.5188482284545899;0.28439828378182874;2794;
1755694180.888;0.523549747467041;0.2781138102213542;2796;
1755694180.922;0.5247443834940593;0.274063562463831;2796;
1755694180.955;0.5247732480367024;0.27079450819227435;2797;
1755694180.988;0.5266470909118652;0.2646911055953415;2799;
1755694181.022;0.5280463536580403;0.2629898071289063;2800;
1755694181.055;0.5276263236999512;0.26323451289424193;2800;
1755694181.088;0.5307667414347331;0.2617648654513889;2801;
1755694181.122;0.5293801943461101;0.25802431459780095;2803;
1755694181.155;0.5266101837158204;0.2559067337601273;2803;
1755694181.188;0.5226061503092448;0.2544908311631945;2805;
1755694181.222;0.5208349863688151;0.25003707320601853;2806;
1755694181.255;0.5167762756347656;0.24751389114945022;2806;
1755694181.288;0.513715394337972;0.2460292674877026;2807;
1755694181.322;0.5125535647074382;0.24406551784939234;2809;
1755694181.355;0.5126584053039551;0.24472164577907984;2810;
1755694181.388;0.5085235913594564;0.24219908537688084;2810;
1755694181.422;0.510470199584961;0.2398291693793403;2812;
1755694181.455;0.5106314977010091;0.23750519929108793;2813;
1755694181.488;0.5093529383341472;0.23775103533709496;2814;
1755694181.522;0.5075359980265299;0.238563311541522;2814;
1755694181.555;0.5028117179870606;0.23810470015914353;2814;
1755694181.588;0.5044545491536458;0.2361168755425347;2816;
1755694181.622;0.507906436920166;0.23529894793475115;2817;
1755694181.655;0.5079531033833822;0.23763653790509254;2817;
1755694181.688;0.5092229843139648;0.23982131392867478;2817;
1755694181.722;0.508745797475179;0.2398810492621528;2818;
1755694181.755;0.5094725926717122;0.24033869990596068;2820;
1755694181.788;0.5101701100667317;0.24130096435546877;2820;
1755694181.822;0.5096688270568848;0.240916273328993;2823;
1755694181.855;0.5112876256306966;0.24038323296440978;2823;
1755694181.888;0.5119315465291341;0.23953919587311923;2825;
1755694181.922;0.5095825831095377;0.23939299406828707;2826;
1755694181.955;0.5088233311971029;0.2372151692708333;2826;
1755694181.988;0.5072219212849934;0.23695339626736112;2828;
1755694182.022;0.5066845893859864;0.2354686030635127;2829;
1755694182.055;0.5057284673055013;0.23507560447410303;2829;
1755694182.088;0.5064808845520019;0.23421201352719911;2830;
1755694182.122;0.5056876500447591;0.23372198034215852;2832;
1755694182.155;0.5055944442749023;0.23467124656394678;2833;
1755694182.188;0.507413387298584;0.2358282018590856;2833;
1755694182.222;0.5069611549377442;0.2348672372323496;2835;
1755694182.255;0.5051753997802735;0.2316274572301794;2836;
1755694182.288;0.5030554453531901;0.23133183232060184;2837;
1755694182.322;0.5031455039978028;0.23216710973668986;2837;
1755694182.355;0.5052465756734212;0.23322906494140627;2838;
1755694182.388;0.5080822626749675;0.23222582781756362;2839;
1755694182.422;0.5059894879659017;0.2320232815212674;2841;
1755694182.455;0.5076364199320476;0.23440065737123839;2841;
1755694182.488;0.5059669494628907;0.23540304678457757;2842;
1755694182.522;0.5082768122355144;0.2357344450774016;2844;
1755694182.555;0.5078389167785644;0.23544051558883106;2845;
1755694182.588;0.5097166379292806;0.23730361373336228;2846;
1755694182.622;0.5095408121744792;0.23844152379918981;2847;
1755694182.655;0.5107618014017741;0.23799240677445022;2847;
1755694182.688;0.5096920649210612;0.2388340137622974;2849;
1755694182.722;0.5069409688313802;0.23859377260561343;2850;
1755694182.755;0.5071537971496582;0.23781337031611693;2850;
1755694182.788;0.508229128519694;0.23857229727285878;2853;
1755694182.822;0.5116071701049805;0.2378840693721065;2853;
1755694182.855;0.5091263771057128;0.2359205457899306;2853;
1755694182.888;0.5050375938415528;0.23629393400969334;2853;
1755694182.922;0.509071413675944;0.23697368480541092;2855;
1755694182.955;0.5075027465820312;0.23633886266637727;2855;
1755694182.988;0.5056603431701661;0.2371966326678241;2857;
1755694183.022;0.5093276023864746;0.23729016339337383;2857;
1755694183.055;0.5102636337280273;0.23598553692853008;2860;
1755694183.088;0.5126898765563965;0.23508300781250002;2861;
1755694183.122;0.5125853538513183;0.23311767578124998;2862;
1755694183.155;0.5065066655476888;0.23181666621455443;2863;
1755694183.188;0.5050939242045085;0.23107876247829862;2864;
1755694183.222;0.5065378506978353;0.22804746274594911;2865;
1755694183.255;0.5079960823059082;0.22614361798321758;2866;
1755694183.288;0.5030114491780598;0.2251803927951389;2867;
1755694183.322;0.5021507898966472;0.22285721390335644;2867;
1755694183.355;0.49910475413004557;0.2202152958622685;2869;
1755694183.388;0.49890387852986656;0.21838022867838547;2869;
1755694183.422;0.49882319768269856;0.21716692889178246;2870;
1755694183.455;0.49715884526570636;0.21431116174768516;2871;
1755694183.488;0.4997622807820638;0.21822588885271987;2873;
1755694183.522;0.5002379417419434;0.22096241138599537;2873;
1755694183.555;0.49975659052530924;0.22217203776041672;2874;
1755694183.588;0.5027881940205892;0.22477614791304978;2875;
1755694183.622;0.5036574045817057;0.2253576773184317;2876;
1755694183.655;0.5051285743713378;0.22789334897641778;2878;
1755694183.688;0.5070432345072429;0.22875886140046298;2878;
1755694183.722;0.5101451873779297;0.22858598497178817;2880;
1755694183.755;0.5112451871236166;0.22849511040581594;2881;
1755694183.788;0.5119376182556152;0.2276677449544271;2882;
1755694183.822;0.5105435371398925;0.22679522479021996;2882;
1755694183.855;0.5112255096435547;0.2279184977213542;2883;
1755694183.888;0.510653018951416;0.22589478669343166;2885;
1755694183.922;0.5110401471455892;0.22517502396195022;2885;
1755694183.955;0.5093996047973632;0.22717714662905097;2887;
1755694183.988;0.5102269490559895;0.22800694218388307;2888;
1755694184.022;0.5068998336791992;0.22892501265914356;2889;
1755694184.055;0.5063170115152995;0.22973084626374418;2889;
1755694184.088;0.5054598490397135;0.23000539143880205;2890;
1755694184.122;0.5085196495056152;0.23227883798104743;2890;
1755694184.155;0.5077325820922851;0.23367772985387736;2890;
1755694184.188;0.5084606488545735;0.23343505859375002;2891;
1755694184.222;0.5066935857137044;0.23632501672815398;2891;
1755694184.255;0.5067204157511394;0.2363702844690394;2893;
1755694184.288;0.5073139826456706;0.23532663981119795;2896;
1755694184.322;0.5078996340433757;0.23503751401548034;2896;
1755694184.355;0.5107288996378581;0.23418940791377318;2896;
1755694184.388;0.512521489461263;0.2335767957899305;2898;
1755694184.422;0.5130806605021159;0.23152075873480904;2899;
1755694184.455;0.5142615000406902;0.2301363344545717;2899;
1755694184.488;0.5148293813069661;0.22938204164858222;2900;
1755694184.522;0.5135669708251953;0.22668745252821176;2901;
1755694184.555;0.5142319679260254;0.22595141375506367;2902;
1755694184.588;0.5132701873779297;0.22021015308521408;2904;
1755694184.622;0.5124028205871582;0.22150296811704284;2904;
1755694184.655;0.5096246719360351;0.22130680790653934;2905;
1755694184.688;0.5079226493835449;0.21811190004701964;2906;
1755694184.722;0.50692720413208;0.21641427499276622;2906;
1755694184.755;0.5050809860229493;0.2171763102213542;2908;
1755694184.788;0.5038232803344727;0.21670430501302085;2909;
1755694184.822;0.5018307050069173;0.21703349925853588;2910;
1755694184.855;0.5019137700398763;0.2184980039243345;2911;
1755694184.888;0.49979591369628906;0.22068164966724535;2913;
1755694184.922;0.4987056096394857;0.22164250126591434;2913;
1755694184.955;0.4961589495340983;0.22533450656467013;2914;
1755694184.988;0.49432195027669273;0.22829595495153354;2916;
1755694185.022;0.4954276402791341;0.22931518554687502;2916;
1755694185.055;0.4978097597757975;0.22998131646050346;2917;
1755694185.088;0.4997162183125814;0.23132459852430554;2919;
1755694185.122;0.5007795651753744;0.2340174357096354;2920;
1755694185.155;0.5029580116271972;0.23418285228587965;2920;
1755694185.188;0.5024613698323568;0.233085858380353;2922;
1755694185.222;0.501248550415039;0.23303437409577543;2922;
1755694185.255;0.5022397677103678;0.23400347674334487;2923;
1755694185.288;0.5021318117777507;0.2356309678819445;2924;
1755694185.322;0.5024337768554688;0.23462428340205443;2926;
1755694185.355;0.502823289235433;0.23265838623046875;2926;
1755694185.388;0.5038743654886881;0.23187244556568287;2928;
1755694185.422;0.5044378598531087;0.23289574517144096;2929;
1755694185.455;0.5033506711324056;0.23220192238136572;2929;
1755694185.488;0.5016170819600423;0.23031311035156254;2931;
1755694185.522;0.5012650489807129;0.23300826461226853;2932;
1755694185.555;0.501431401570638;0.23485350432219332;2933;
1755694185.588;0.5010752042134603;0.2341958505135996;2934;
1755694185.622;0.5014746348063152;0.23398375334563082;2934;
1755694185.655;0.5018667538960775;0.2369497793692129;2934;
1755694185.688;0.4996373494466146;0.2378606160481771;2937;
1755694185.722;0.49886954625447594;0.23743077030888315;2937;
1755694185.755;0.49860881169637045;0.23753040455005792;2938;
1755694185.788;0.49708360036214194;0.23481241861979163;2939;
1755694185.822;0.498953119913737;0.23762223985460074;2941;
1755694185.855;0.4992452303568522;0.23862050374348953;2941;
1755694185.888;0.5016638120015462;0.2385043108904803;2941;
1755694185.922;0.5015246709187825;0.23685850920500584;2943;
1755694185.955;0.5028622627258301;0.23680674235026045;2943;
1755694185.988;0.5040870348612467;0.23664222999855322;2945;
1755694186.022;0.5060503959655762;0.23552025689019096;2947;
1755694186.055;0.5058599789937337;0.2350257590964988;2947;
1755694186.088;0.5046268145243327;0.23468791820384838;2949;
1755694186.122;0.5073424021402995;0.235114825213397;2950;
1755694186.155;0.5072561581929524;0.23591935899522565;2951;
1755694186.188;0.5090291023254394;0.2348791616934317;2951;
1755694186.222;0.5081820487976074;0.2377994113498264;2953;
1755694186.255;0.5098671913146973;0.2368473759403935;2953;
1755694186.288;0.5083313624064127;0.23469837330005783;2954;
1755694186.322;0.5056097984313965;0.23199688946759256;2955;
1755694186.355;0.5056341171264649;0.23238169352213545;2956;
1755694186.388;0.5046378453572591;0.23294180410879628;2957;
1755694186.422;0.5068750381469727;0.2347638730649595;2958;
1755694186.455;0.5094395955403646;0.23417256673177078;2958;
1755694186.488;0.5091543833414713;0.23346619782624423;2960;
1755694186.522;0.5122040430704753;0.23416838469328705;2961;
1755694186.555;0.5080169995625814;0.23637757477936916;2961;
1755694186.588;0.5114656766255696;0.23843395091869213;2963;
1755694186.622;0.5109875679016114;0.24085162127459492;2964;
1755694186.655;0.5106627782185872;0.24234913013599535;2966;
1755694186.688;0.5087648073832194;0.24443624990957757;2966;
1755694186.722;0.507399304707845;0.2456225925021701;2968;
1755694186.755;0.5074238777160645;0.2430588333695023;2968;
1755694186.788;0.5066354115804036;0.2445285373263889;2970;
1755694186.822;0.5057611465454102;0.24639711733217595;2970;
1755694186.855;0.5080170631408691;0.247217701099537;2971;
1755694186.888;0.5074733416239421;0.24882784242983214;2972;
1755694186.922;0.506271489461263;0.251521979437934;2973;
1755694186.955;0.5033692042032878;0.25159770824291083;2974;
1755694186.988;0.5034229278564453;0.2517923990885417;2974;
1755694187.022;0.5046341896057129;0.2531175401475695;2976;
1755694187.088;0.5049163818359375;0.25546993679470487;2978;
1755694187.122;0.5043400446573894;0.2560610735857928;2978;
1755694187.155;0.5021060625712077;0.2572759557653357;2978;
1755694187.188;0.5011086463928223;0.25631640398943867;2978;
1755694187.222;0.49906015396118164;0.2550473248517072;2980;
1755694187.255;0.49903914133707683;0.2557718912760417;2981;
1755694187.288;0.4987163543701172;0.25530587655526615;2981;
1755694187.322;0.4985602378845215;0.254897619176794;2982;
1755694187.355;0.4990069389343262;0.2533122309932002;2984;
1755694187.388;0.49789358774820963;0.25339536313657407;2985;
1755694187.422;0.49720881779988607;0.2534898546006944;2986;
1755694187.455;0.4950571060180664;0.2541744656032986;2986;
1755694187.488;0.49493109385172523;0.2545312386971933;2987;
1755694187.522;0.49634148279825846;0.25501409459997104;2988;
1755694187.555;0.4960947036743164;0.25601580584490746;2990;
1755694187.588;0.4949636459350586;0.2556634973596643;2991;
1755694187.622;0.49324042002360025;0.2544300785771123;2992;
1755694187.655;0.4907178560892741;0.2542616102430556;2992;
1755694187.688;0.4889254887898763;0.2547039455837674;2992;
1755694187.722;0.48972002665201825;0.25536600748697913;2993;
1755694187.755;0.48884782791137693;0.2572257147894965;2996;
1755694187.788;0.48981720606486;0.25928401240596066;2996;
1755694187.822;0.488651974995931;0.2600165473090278;2998;
1755694187.855;0.48726787567138674;0.2591184262876157;2998;
1755694187.888;0.4844239870707194;0.25784154821325234;3000;
1755694187.922;0.4837404568990072;0.25862839310257524;3000;
1755694187.955;0.4845774014790853;0.25849355061848955;3001;
1755694187.988;0.4863928159077962;0.25875831886574074;3002;
1755694188.022;0.4868906021118164;0.25835921676070606;3004;
1755694188.055;0.48729839324951174;0.2592084531430845;3004;
1755694188.088;0.4881276766459147;0.26000524450231477;3005;
1755694188.122;0.48891458511352537;0.25913379810474535;3005;
1755694188.155;0.4871439297993978;0.25892079671223955;3007;
1755694188.188;0.48788766860961913;0.2587814896195023;3008;
1755694188.222;0.4879407246907552;0.2601794772677951;3008;
1755694188.255;0.48477665583292645;0.2590327510127315;3010;
1755694188.288;0.4841290473937988;0.2581802933304398;3010;
1755694188.322;0.4822022120157878;0.25665808783637156;3011;
1755694188.355;0.48179922103881834;0.25682282624421293;3012;
1755694188.388;0.47999642690022787;0.2576399626555266;3013;
1755694188.422;0.480770746866862;0.2595768681278935;3014;
1755694188.455;0.4805071512858073;0.25946270978009256;3015;
1755694188.488;0.4819854100545247;0.2599724663628472;3015;
1755694188.522;0.4811256408691406;0.2586117779767072;3017;
1755694188.555;0.48155314127604165;0.2569131356698495;3019;
1755694188.588;0.4813810666402181;0.25427743417245374;3020;
1755694188.622;0.48313639958699545;0.25548078748914926;3021;
1755694188.655;0.4835644721984863;0.25549576370804394;3021;
1755694188.688;0.48370838165283203;0.25162675645616317;3023;
1755694188.722;0.4849250793457031;0.25176301179108795;3024;
1755694188.755;0.48745568593343097;0.24944378888165508;3025;
1755694188.788;0.48748919169108074;0.24765969735604743;3026;
1755694188.822;0.488748836517334;0.24717785870587383;3027;
1755694188.855;0.48707939783732096;0.244817211009838;3027;
1755694188.888;0.4894857406616211;0.24291528772424764;3029;
1755694188.922;0.4893795967102051;0.24461579499421293;3030;
1755694188.955;0.4894749959309896;0.24480511700665508;3030;
1755694188.988;0.4894152323404948;0.24258400245949074;3032;
1755694189.022;0.48951311111450196;0.24179546214916092;3032;
1755694189.055;0.48947763442993164;0.24213861536096648;3033;
1755694189.088;0.4872080485026042;0.24226345486111112;3035;
1755694189.122;0.48457110722859703;0.2422309027777778;3035;
1755694189.155;0.4858588536580404;0.24283955891927078;3037;
1755694189.188;0.4856504122416178;0.24299728958695022;3038;
1755694189.222;0.4897392908732096;0.23949584960937498;3039;
1755694189.255;0.49118432998657224;0.23825660988136577;3039;
1755694189.288;0.494196097056071;0.2386139481155961;3041;
1755694189.322;0.494422976175944;0.23647274441189237;3041;
1755694189.355;0.49395008087158204;0.2340210526077836;3043;
1755694189.388;0.4920885721842448;0.2339040120442708;3044;
1755694189.422;0.4914430618286133;0.23343957971643514;3044;
1755694189.455;0.490953254699707;0.23095753987630208;3046;
1755694189.488;0.4914264996846517;0.22925047697844325;3047;
1755694189.522;0.49181559880574544;0.22871246337890627;3047;
1755694189.555;0.4935527165730794;0.2288425021701389;3049;
1755694189.588;0.4928028424580892;0.23061811659071185;3050;
1755694189.622;0.4930993715922038;0.23009004946108214;3050;
1755694189.655;0.4922586758931478;0.23253755922670716;3050;
1755694189.688;0.49186134338378906;0.23622962103949652;3051;
1755694189.722;0.49167362848917645;0.24042844419126153;3052;
1755694189.755;0.4923916498819987;0.24097821270978004;3053;
1755694189.788;0.49106597900390625;0.2426175717954282;3055;
1755694189.822;0.49057963689168294;0.2461898803710938;3056;
1755694189.855;0.49110072453816733;0.24350953278718168;3057;
1755694189.888;0.4889569918314616;0.2395516854745371;3058;
1755694189.922;0.4895985921223958;0.23952953197337967;3059;
1755694189.955;0.4893989562988281;0.23928397849754046;3060;
1755694189.988;0.4884941101074219;0.23640560574001734;3060;
1755694190.022;0.48988027572631837;0.2371723881474248;3061;
1755694190.055;0.48787047068277994;0.23785485161675346;3062;
1755694190.088;0.4858157475789388;0.23610189932364;3063;
1755694190.122;0.48156859079996744;0.23528804072627318;3063;
1755694190.155;0.4787909189860026;0.23338470458984373;3064;
1755694190.188;0.478353214263916;0.2330219975224248;3066;
1755694190.222;0.47818400065104166;0.22876615171079284;3068;
1755694190.255;0.4760126113891602;0.22713221797236693;3068;
1755694190.289;0.4762738545735677;0.22476817943431715;3070;
1755694190.322;0.47480249404907227;0.22164391411675344;3071;
1755694190.355;0.4759755452473958;0.22167482729311339;3072;
1755694190.389;0.47278963724772133;0.22121395534939237;3072;
1755694190.422;0.4700584411621094;0.22127380371093752;3073;
1755694190.455;0.46883039474487304;0.22215621383101847;3074;
1755694190.489;0.46642866134643557;0.22043536150896992;3074;
1755694190.522;0.46601025263468426;0.2194033022280093;3077;
1755694190.555;0.46647446950276694;0.21832043683087388;3078;
1755694190.589;0.4657086054484049;0.21751595956307868;3079;
1755694190.622;0.465038267771403;0.21789562084056713;3080;
1755694190.655;0.46435619990030924;0.21825838442201972;3080;
1755694190.689;0.4622736612955729;0.2216909903067129;3082;
1755694190.722;0.4640815734863281;0.22056353533709494;3083;
1755694190.755;0.4647332509358724;0.21998777036313655;3084;
1755694190.789;0.4644160270690918;0.22155750415943287;3085;
1755694190.822;0.4619600296020508;0.22247348361545138;3085;
1755694190.855;0.4612959543863932;0.22063683403862844;3086;
1755694190.889;0.4619482676188151;0.2237416585286458;3088;
1755694190.922;0.462641970316569;0.22413047507957173;3088;
1755694190.955;0.4631646474202474;0.22357584635416672;3090;
1755694190.989;0.46247247060139973;0.226593017578125;3090;
1755694191.022;0.46311203638712567;0.229454266583478;3092;
1755694191.055;0.46375360488891604;0.22931196424696176;3092;
1755694191.089;0.46131582260131837;0.23170115152994797;3093;
1755694191.122;0.4613677978515625;0.23202429877387154;3094;
1755694191.155;0.4611026446024577;0.23228788022641778;3094;
1755694191.189;0.46359996795654296;0.23186538131148726;3095;
1755694191.222;0.4653050740559896;0.2322478682906539;3097;
1755694191.255;0.4662506103515625;0.23185419153284148;3097;
1755694191.289;0.4664743423461914;0.23169171368634256;3099;
1755694191.322;0.4656129201253255;0.2324678209092882;3101;
1755694191.355;0.46666138966878257;0.23404800980179397;3102;
1755694191.389;0.46896088918050133;0.23367428249782984;3102;
1755694191.422;0.4673203786214193;0.23280628345630783;3103;
1755694191.455;0.4661093711853027;0.23286963568793406;3104;
1755694191.489;0.4663815498352051;0.2312824955692998;3106;
1755694191.522;0.4679962158203125;0.23130538375289356;3107;
1755694191.555;0.46803325017293296;0.23223181830512152;3108;
1755694191.589;0.4681026140848796;0.2357872856987847;3109;
1755694191.622;0.4696715672810872;0.23525582772714115;3110;
1755694191.655;0.4685773213704427;0.234883287217882;3111;
1755694191.689;0.4667975425720215;0.23492601182725692;3112;
1755694191.722;0.46797609329223633;0.23513517026548036;3113;
1755694191.755;0.4658076286315918;0.2375482064706308;3114;
1755694191.789;0.46613686879475913;0.2381280404550058;3115;
1755694191.822;0.4650044123331706;0.2372982449001736;3115;
1755694191.855;0.4664117495218913;0.23783145480685763;3117;
1755694191.889;0.4663252830505371;0.23685444019458912;3117;
1755694191.922;0.4676333427429199;0.23486638952184602;3119;
1755694191.955;0.46878652572631835;0.23463530363859952;3120;
1755694191.989;0.46745688120524087;0.23410734953703705;3120;
1755694192.022;0.465829340616862;0.23320295545789926;3121;
1755694192.055;0.46538718541463214;0.23309998688874423;3123;
1755694192.089;0.46530097325642905;0.22958995677806715;3124;
1755694192.122;0.4671042442321777;0.22938464129412617;3125;
1755694192.155;0.46910050710042317;0.2293938530815972;3126;
1755694192.189;0.4709271748860677;0.2271039609555845;3127;
1755694192.222;0.4686597188313802;0.22461858678747104;3128;
1755694192.255;0.4692474683125814;0.22350175645616321;3129;
1755694192.289;0.4711475690205892;0.22224618417245368;3130;
1755694192.322;0.4724192301432292;0.22198294180410882;3131;
1755694192.355;0.4734132130940755;0.22132065384476274;3132;
1755694192.389;0.4747830073038737;0.2202255249023437;3133;
1755694192.422;0.47487430572509765;0.21878820348668981;3134;
1755694192.455;0.475853697458903;0.21948468243634256;3135;
1755694192.489;0.47729466756184896;0.2245596426504629;3136;
1755694192.522;0.476591968536377;0.2253103185583044;3136;
1755694192.555;0.4726344426472982;0.22431052879050928;3138;
1755694192.589;0.4751245180765788;0.22458140055338538;3139;
1755694192.622;0.47528301874796547;0.22611219618055556;3139;
1755694192.655;0.47434301376342775;0.2282612553349248;3140;
1755694192.689;0.4729464848836263;0.2282084147135417;3141;
1755694192.722;0.47119642893473307;0.23045705159505203;3143;
1755694192.755;0.4695306142171224;0.23224283854166672;3144;
1755694192.789;0.4700738271077474;0.23293948703342016;3145;
1755694192.822;0.46992238362630206;0.23415945547598382;3145;
1755694192.855;0.4711130142211914;0.2330794157805266;3147;
1755694192.889;0.4746893564860026;0.23254134566695606;3148;
1755694192.922;0.4744632403055827;0.2335664537217882;3149;
1755694192.955;0.4718250592549642;0.2337731255425347;3150;
1755694192.989;0.47076257069905597;0.2332793624312789;3151;
1755694193.022;0.4703017870585124;0.23557767514829286;3151;
1755694193.055;0.47132657368977865;0.23404710557725694;3153;
1755694193.089;0.46863889694213867;0.23269562897858798;3154;
1755694193.122;0.4675519307454427;0.23484830503110532;3155;
1755694193.155;0.46748510996500653;0.23504672580295138;3155;
1755694193.189;0.4671688715616862;0.2347520616319444;3157;
1755694193.222;0.47233521143595375;0.23435544614438653;3158;
1755694193.255;0.4740081469217936;0.23425603795934602;3158;
1755694193.289;0.47737471262613934;0.23409712049696185;3160;
1755694193.322;0.4800677935282389;0.23341460051359952;3161;
1755694193.355;0.48340895970662434;0.23374351218894673;3162;
1755694193.389;0.48357652028401693;0.23342268202039929;3163;
1755694193.422;0.48275270462036135;0.23212178548177087;3163;
1755694193.455;0.47814531326293946;0.23288506401909725;3164;
1755694193.489;0.4732086499532064;0.23378459789134842;3166;
1755694193.522;0.4712183634440104;0.2341511479130498;3166;
1755694193.555;0.4691206932067871;0.2344384087456597;3167;
1755694193.589;0.4662242571512858;0.2351486206054687;3169;
1755694193.622;0.46673291524251304;0.2358113606770833;3169;
1755694193.655;0.46354878743489586;0.23618746157045722;3171;
1755694193.689;0.46450204849243165;0.23438274242259838;3172;
1755694193.722;0.46557401021321615;0.23400308114510993;3173;
1755694193.755;0.46654125849405925;0.23288653338396992;3174;
1755694193.789;0.4645842552185059;0.2309870967158565;3175;
1755694193.822;0.4654147466023763;0.229423749005353;3176;
1755694193.855;0.46627651850382484;0.22904052734375002;3176;
1755694193.889;0.4626682599385579;0.2288653338396991;3178;
1755694193.922;0.46231552759806316;0.2283196343315972;3179;
1755694193.955;0.46089309056599936;0.22950196442780668;3180;
1755694193.989;0.45927321116129555;0.23002053719979743;3181;
1755694194.022;0.4601551373799642;0.23109820330584496;3182;
1755694194.055;0.4613301912943522;0.2319611160843461;3183;
1755694194.089;0.46240008672078453;0.23266494185836228;3184;
1755694194.122;0.4622873624165853;0.23398324471932874;3185;
1755694194.155;0.46372137069702146;0.23565589057074654;3186;
1755694194.189;0.4641674041748047;0.23892460575810182;3187;
1755694194.222;0.4642621676127116;0.24008941650390625;3188;
1755694194.255;0.4625552495320638;0.2402307581018519;3189;
1755694194.289;0.46021356582641604;0.24064206723813653;3190;
1755694194.322;0.45994882583618163;0.2420385290075231;3191;
1755694194.355;0.4623527526855469;0.2435007165979456;3191;
1755694194.389;0.4602534294128418;0.24502529568142362;3193;
1755694194.422;0.4616377512613932;0.24628996672453707;3194;
1755694194.455;0.46149473190307616;0.2473635073061342;3195;
1755694194.489;0.4624139467875163;0.2470748901367188;3195;
1755694194.522;0.46226638158162436;0.2483269020363137;3197;
1755694194.555;0.46316601435343424;0.24949137369791663;3197;
1755694194.589;0.4639472961425781;0.24938337537977429;3198;
1755694194.622;0.4635565439860026;0.250256743254485;3200;
1755694194.655;0.46751108169555666;0.2525933724862558;3200;
1755694194.689;0.47042919794718424;0.25529502586082176;3202;
1755694194.722;0.4732684135437012;0.2554537172670718;3203;
1755694194.755;0.4743604024251302;0.256362462926794;3203;
1755694194.789;0.4749580383300781;0.25593465169270835;3205;
1755694194.822;0.4784743626912435;0.2572625619393808;3206;
1755694194.855;0.48147500356038414;0.2569172611942998;3207;
1755694194.889;0.4852334976196289;0.2566655476888021;3207;
1755694194.922;0.4887378692626953;0.25503624810112846;3209;
1755694194.955;0.48772478103637695;0.2555293330439815;3210;
1755694194.989;0.488835080464681;0.25451575385199654;3210;
1755694195.022;0.48844944636027016;0.2541650277596933;3212;
1755694195.055;0.48852628072102866;0.2550698739510996;3212;
1755694195.089;0.49003353118896487;0.2546759711371528;3213;
1755694195.122;0.49238739013671873;0.25249447292751737;3215;
1755694195.155;0.49122387568155923;0.25073140462239585;3216;
1755694195.189;0.4916277249654134;0.24900224473741317;3216;
1755694195.222;0.4907324155171712;0.24531973379629635;3218;
1755694195.255;0.49007043838500974;0.24100341796875002;3219;
1755694195.289;0.4905005137125651;0.23882723207826972;3219;
1755694195.322;0.4891921679178874;0.23702307807074652;3221;
1755694195.355;0.4895479202270508;0.2383806581850405;3222;
1755694195.389;0.4905751864115397;0.237314294885706;3223;
1755694195.422;0.4905123710632324;0.23681007667824072;3224;
1755694195.455;0.4903694152832031;0.23667732521339702;3224;
1755694195.489;0.49396419525146484;0.24159206814236112;3225;
1755694195.522;0.49197285970052085;0.24224921332465277;3227;
1755694195.555;0.4935076077779134;0.2486619737413195;3228;
1755694195.589;0.4950992584228516;0.2534132215711805;3229;
1755694195.622;0.49573965072631837;0.2587495591905382;3229;
1755694195.655;0.4963733037312826;0.2618631998697917;3230;
1755694195.689;0.49604775110880533;0.26649152967664935;3230;
1755694195.722;0.49699942270914715;0.27512325710720487;3231;
1755694195.755;0.49855076471964516;0.2813323974609375;3233;
1755694195.789;0.4972838401794434;0.2891529789677373;3235;
1755694195.822;0.49662659962972006;0.30190621835214115;3236;
1755694195.855;0.49683189392089844;0.30715857611762154;3236;
1755694195.889;0.49806124369303384;0.31672770182291665;3238;
1755694195.922;0.49729782740275064;0.3214877093279803;3238;
1755694195.955;0.49433809916178384;0.31982568811487266;3240;
1755694195.989;0.4913787523905436;0.32217932807074656;3241;
1755694196.022;0.4885663668314616;0.3250774807400174;3241;
1755694196.055;0.48803551991780597;0.32769340232566546;3242;
1755694196.089;0.48766193389892576;0.3270261976453993;3242;
1755694196.122;0.48280906677246094;0.32685185185185184;3243;
1755694196.155;0.48159631093343097;0.32692339861834496;3244;
1755694196.189;0.4799961090087891;0.32716878255208337;3245;
1755694196.222;0.47988866170247396;0.3234534369574653;3245;
1755694196.255;0.47875436147054035;0.32107108787254046;3248;
1755694196.289;0.5597768783569336;0.315487614384404;3249;
1755694196.322;0.0;1.0;3250;
1755694196.355;0.6613787333170573;0.410933996129919;3251;
1755694196.389;0.0;1.0;3252;
1755694196.422;0.0;1.0;3252;
1755694196.455;0.640603764851888;0.414100420916522;3252;
1755694196.489;0.6033358256022135;0.41445284242983216;3254;
1755694196.522;0.6046790440877279;0.40350053575303824;3255;
1755694196.555;0.0;1.0;3257;
1755694196.589;0.6015790939331055;0.404570628978588;3257;
1755694196.622;0.5974499384562174;0.39788699679904516;3259;
1755694196.655;0.5930866877237956;0.39018260814525463;3259;
1755694196.689;0.0;1.0;3259;
1755694196.722;0.0;1.0;3260;
1755694196.755;0.0;1.0;3262;
1755694196.789;0.0;1.0;3263;
1755694196.822;0.0;1.0;3264;
1755694196.855;0.0;1.0;3266;
1755694196.889;0.48311182657877605;0.27860152633101853;3267;
1755694196.922;0.48840290705362954;0.2847909998010706;3267;
1755694196.955;0.4921947161356608;0.2844710173430266;3269;
1755694196.989;0.4967517852783203;0.28707326253255205;3270;
1755694197.022;0.49861408869425455;0.2876893785264757;3271;
1755694197.055;0.5009305318196614;0.2877601906105324;3274;
1755694197.089;0.5062410990397136;0.2857732137044271;3274;
1755694197.122;0.5064257939656576;0.2875328911675348;3275;
1755694197.155;0.5100665728251139;0.2899366590711806;3275;
1755694197.189;0.5133044242858886;0.2949544270833333;3276;
1755694197.222;0.5132619857788085;0.29350648102936916;3276;
1755694197.255;0.5141351064046223;0.2931143866644965;3277;
1755694197.289;0.5142971992492675;0.289838946307147;3279;
1755694197.322;0.5122036298116048;0.2851494683159722;3280;
1755694197.355;0.5140298525492351;0.28307059959129055;3280;
1755694197.389;0.5116048494974772;0.28178857873987273;3282;
1755694197.422;0.5101229667663574;0.27852585404007524;3282;
1755694197.455;0.5046106020609538;0.2747597023292824;3282;
1755694197.489;0.5027962366739909;0.27308632179542824;3283;
1755694197.522;0.5020899136861166;0.27102146855107057;3283;
1755694197.555;0.5000516255696614;0.26719026918764466;3285;
1755694197.589;0.4975559870402018;0.26861657036675346;3285;
1755694197.622;0.49657758076985675;0.2625803629557292;3286;
1755694197.655;0.4947991371154785;0.2596836231372974;3288;
1755694197.689;0.4922739664713542;0.2573860451027199;3288;
1755694197.722;0.49154628117879234;0.252614000108507;3289;
1755694197.755;0.4949481010437012;0.2512482254593461;3292;
1755694197.789;0.4990196863810221;0.24588589138454864;3293;
1755694197.822;0.5013819376627604;0.24387986924913196;3294;
1755694197.855;0.5061904271443685;0.244008947301794;3294;
1755694197.889;0.5047253290812175;0.24186158356843168;3295;
1755694197.922;0.5066691716512044;0.24185751455801507;3296;
1755694197.955;0.5077886581420898;0.2374799375180845;3298;
1755694197.989;0.5147775332132976;0.23487215395326966;3299;
1755694198.022;0.5194127400716145;0.23632620352285882;3300;
1755694198.055;0.5227745056152344;0.23609963876229745;3300;
1755694198.089;0.5293012936909993;0.23437307852285882;3301;
1755694198.122;0.0;1.0;3303;
1755694198.155;0.0;1.0;3303;
1755694198.189;0.0;1.0;3304;
1755694198.222;0.0;1.0;3305;
1755694198.255;0.31823851267496744;0.5262806645146123;3306;
1755694198.289;0.322217051188151;0.5264300593623408;3307;
1755694198.322;0.34276914596557617;0.5212743688512731;3308;
1755694198.355;0.3545880953470866;0.517296063458478;3309;
1755694198.389;0.3625319480895996;0.5116561889648438;3311;
1755694198.422;0.4100462277730306;0.49368941695601853;3312;
1755694198.455;0.0;1.0;3312;
1755694198.489;0.40870189666748047;0.4890513102213542;3312;
1755694198.522;0.4674311637878418;0.42419563576027197;3315;
1755694198.555;0.5871688842773437;0.29526350233289933;3316;
1755694198.589;0.0;1.0;3316;
1755694198.622;0.5969038645426432;0.289787518536603;3318;
1755694198.655;0.5959821701049804;0.287328197337963;3318;
1755694198.689;0.5885236104329427;0.2862921255606192;3318;
1755694198.722;0.5723419825236002;0.2857019495081019;3320;
1755694198.755;0.5321788152058919;0.2851159554940683;3320;
1755694198.789;0.5247296651204427;0.2835593894675926;3323;
1755694198.822;0.5239264806111653;0.28077483000578707;3324;
1755694198.855;0.5226723988850911;0.27912388554325807;3324;
1755694198.889;0.5243240674336751;0.2796610514322917;3324;
1755694198.922;0.5252251625061035;0.2805405793366609;3327;
1755694198.955;0.5238790512084961;0.2794147067599826;3328;
1755694198.989;0.5248118082682292;0.28047926161024306;3328;
1755694199.022;0.5235898335774739;0.28199587221498845;3330;
1755694199.055;0.5245076497395833;0.28418918185763886;3331;
1755694199.089;0.5249572436014811;0.28869323730468754;3332;
1755694199.122;0.5236288388570149;0.2904307612666377;3332;
1755694199.155;0.5227563858032227;0.2927903917100695;3333;
1755694199.189;0.5266107241312663;0.2987233479817708;3334;
1755694199.222;0.5295315424601237;0.29825750280309604;3336;
1755694199.255;0.5321872075398763;0.30112219916449656;3336;
1755694199.289;0.5407313028971354;0.3036977132161458;3337;
1755694199.322;0.5402702967325846;0.3050049393265336;3338;
1755694199.355;0.5448741277058919;0.3043254145869503;3340;
1755694199.389;0.5468914031982421;0.30336699309172455;3340;
1755694199.422;0.5471505482991537;0.3062064276801215;3342;
1755694199.455;0.5463594436645508;0.30777678313078705;3343;
1755694199.489;0.5453613917032878;0.3075527049877026;3343;
1755694199.522;0.5468632380167643;0.3066764548972801;3345;
1755694199.555;0.5479766209920247;0.3076936509874132;3345;
1755694199.589;0.5492047627766927;0.30859335440176505;3347;
1755694199.622;0.5489298502604166;0.30927310519748263;3347;
1755694199.655;0.548390007019043;0.3079457600911458;3348;
1755694199.689;0.5500283559163411;0.30286910445601856;3349;
1755694199.722;0.5519861857096354;0.30460261592158566;3350;
1755694199.755;0.5536806106567382;0.30084742793330443;3351;
1755694199.789;0.5537606557210286;0.29741052698206016;3353;
1755694199.822;0.5537788391113281;0.2965643423574942;3353;
1755694199.855;0.5535060882568359;0.29332230179398144;3355;
1755694199.889;0.5545358022054037;0.29343273021556715;3356;
1755694199.922;0.552318255106608;0.29458606861255787;3357;
1755694199.955;0.5488745371500651;0.2904339260525174;3358;
1755694199.989;0.5466423670450846;0.2886950457537616;3359;
1755694200.022;0.5437808354695638;0.2868976169162326;3360;
1755694200.055;0.541633415222168;0.2837215847439236;3360;
1755694200.089;0.5398589452107747;0.2828705964265046;3361;
1755694200.122;0.5402551015218099;0.27747299759476274;3363;
1755694200.155;0.5379657109578451;0.2709531430844907;3364;
1755694200.189;0.5389455795288086;0.26602150245949074;3364;
1755694200.222;0.5378012339274089;0.2642161616572627;3365;
1755694200.255;0.5399417241414388;0.2622430306893808;3366;
1755694200.289;0.5345653533935547;0.2628471091941551;3368;
1755694200.322;0.5288094838460287;0.26549433955439816;3369;
1755694200.355;0.5213324546813964;0.2678965250651042;3370;
1755694200.389;0.0;1.0;3370;
1755694200.422;0.0;1.0;3372;
1755694200.455;0.650946299235026;0.15337055347583917;3373;
1755694200.489;0.6467013041178385;0.16252317075376155;3374;
1755694200.522;0.0;1.0;3374;
1755694200.555;0.6469460805257161;0.17750023735894094;3376;
1755694200.589;0.6281354268391927;0.2187127007378472;3377;
1755694200.622;0.0;1.0;3378;
1755694200.655;0.0;1.0;3378;
1755694200.689;0.27052504221598306;0.48523666946976274;3379;
1755694200.722;0.35498034159342445;0.4768906769929109;3381;
1755694200.755;0.0;1.0;3382;
1755694200.789;0.0;1.0;3382;
1755694200.822;0.4243494987487793;0.44624255145037617;3384;
1755694200.855;0.4273884137471517;0.44108886718749996;3384;
1755694200.889;0.4366392771402995;0.42393691451461224;3385;
1755694200.922;0.47439184188842776;0.4012373747649016;3387;
1755694200.955;0.4593541463216146;0.40749393039279513;3387;
1755694200.989;0.44357401529947915;0.41883194534866897;3389;
1755694201.022;0.43457304636637367;0.4212046870478877;3390;
1755694201.055;0.43098166783650715;0.4215092411747685;3390;
1755694201.089;0.4290266672770182;0.4151746961805556;3391;
1755694201.122;0.42467228571573895;0.41117457637080435;3393;
1755694201.155;0.4223003387451172;0.4029071949146412;3394;
1755694201.189;0.42013848622639977;0.39677830448857065;3395;
1755694201.222;0.4827278137207031;0.3530225965711805;3395;
1755694201.255;0.4897384961446126;0.3501391375506365;3396;
1755694201.289;0.4938281695048014;0.3441325434932002;3398;
1755694201.322;0.4953997294108073;0.3420163189923322;3399;
1755694201.355;0.49608192443847654;0.33942950213396994;3399;
1755694201.389;0.4921839396158854;0.3449257179542824;3401;
1755694201.422;0.4891639709472656;0.3464551007306135;3401;
1755694201.455;0.48591359456380206;0.34965503833912037;3401;
1755694201.489;0.481969674428304;0.3559904875578703;3404;
1755694201.522;0.4834363301595052;0.35971425374348953;3405;
1755694201.555;0.47894503275553385;0.3635846738462095;3406;
1755694201.589;0.0;1.0;3407;
1755694201.622;0.0;1.0;3407;
1755694201.655;0.0;1.0;3409;
1755694201.689;0.0;1.0;3410;
1755694201.722;0.4665555000305176;0.36708566171151624;3411;
1755694201.755;0.4671395937601725;0.37111646864149306;3412;
1755694201.789;0.470691712697347;0.36853179931640623;3413;
1755694201.822;0.46972020467122394;0.36510122793692135;3413;
1755694201.855;0.46990715662638344;0.3619459929289641;3415;
1755694201.889;0.46912374496459963;0.35856085883246525;3415;
1755694201.922;0.470329221089681;0.3558729948820891;3416;
1755694201.955;0.4738597551981608;0.34274365460431133;3418;
1755694201.989;0.47730862299601234;0.3330669261791088;3418;
1755694202.022;0.4792774518330892;0.3224116007486979;3419;
1755694202.055;0.48254181543986;0.31874536584924773;3420;
1755694202.089;0.48249330520629885;0.31714234528718166;3422;
1755694202.122;0.48334197998046874;0.313286053692853;3424;
1755694202.155;0.48283411661783854;0.3108174076786747;3424;
1755694202.189;0.484315013885498;0.30936934859664356;3424;
1755694202.222;0.4848935127258301;0.3084668194806134;3426;
1755694202.255;0.4851744333902995;0.3077608461733218;3426;
1755694202.289;0.4868711789449056;0.30670205575448495;3428;
1755694202.322;0.486207389831543;0.3054937292028357;3429;
1755694202.355;0.48551581700642904;0.3063802648473669;3429;
1755694202.389;0.4860363960266113;0.30657670762803824;3431;
1755694202.422;0.4860627810160319;0.30663644296151615;3431;
1755694202.455;0.4881150245666504;0.30874283402054403;3431;
1755694202.489;0.49044516881306965;0.3097286083080151;3431;
1755694202.522;0.49270836512247723;0.3110820063838252;3432;
1755694202.555;0.4951448122660319;0.3127139621310764;3433;
1755694202.622;0.4952398300170898;0.3147433245623553;3435;
1755694202.655;0.49656588236490884;0.315216968677662;3436;
1755694202.689;0.500821876525879;0.3208019115306713;3437;
1755694202.722;0.503820006052653;0.32982335973668986;3437;
1755694202.755;0.5023815155029296;0.3270215069806134;3439;
1755694202.789;0.4982616106669108;0.285055089879919;3439;
1755694202.822;0.4967813491821289;0.29031360767505787;3440;
1755694202.855;0.4942042350769043;0.26250158239293986;3440;
1755694202.889;0.49177497227986655;0.260982033058449;3440;
1755694202.922;0.4922177314758301;0.2682816116898148;3442;
1755694202.955;0.48987131118774413;0.26248016357421877;3442;
1755694202.989;0.4839532534281413;0.2568151968496817;3444;
1755694203.022;0.476912784576416;0.24880845811631946;3445;
1755694203.055;0.4749147097269694;0.25023176405164926;3445;
1755694203.089;0.45877097447713217;0.2443309642650463;3449;
1755694203.122;0.4499776522318522;0.24386607982494213;3449;
1755694203.155;0.440093994140625;0.24161326090494795;3450;
1755694203.189;0.4445772806803385;0.24926859537760415;3450;
1755694203.222;0.432534917195638;0.2412777936017072;3451;
1755694203.255;0.42638282775878905;0.2409077962239583;3451;
1755694203.289;0.4177237510681152;0.23663341380931713;3452;
1755694203.322;0.4136919339497884;0.2310770670572917;3454;
1755694203.355;0.40481866200764977;0.22822203459563084;3454;
1755694203.389;0.4144396464029948;0.23760901557074654;3461;
1755694203.422;0.4183103879292806;0.24403228759765627;3461;
1755694203.455;0.4235110282897949;0.2584252251519097;3461;
1755694203.489;0.4804450352986654;0.3490405047381365;3461;
1755694203.522;0.4871548652648926;0.3536559493453414;3461;
1755694203.555;0.49080737431844074;0.3634859438295718;3461;
1755694203.589;0.4930760383605957;0.3735467981409144;3461;
1755694203.622;0.4958444913228353;0.3859120686848958;3461;
1755694203.655;0.4999668121337891;0.39289985939308447;3461;
1755694203.689;0.5025120417277018;0.40224694146050344;3461;
1755694203.722;0.50564546585083;0.4063286110206886;3461;
1755694203.755;0.5067217826843262;0.41073930528428815;3461;
1755694203.789;0.45048739115397135;0.3940876148365162;3461;
1755694203.822;0.44994916915893557;0.39448756465205437;3461;
1755694203.855;0.45098660786946615;0.397468340838397;3461;
1755694203.889;0.45521697998046873;0.40017440230758106;3461;
1755694203.922;0.455895201365153;0.4025401927806713;3461;
1755694203.955;0.4613387107849121;0.40598613597728583;3461;
1755694203.989;0.46214481989542644;0.4099045930085359;3461;
1755694204.022;0.4645181973775228;0.412176513671875;3461;
1755694204.055;0.46326993306477865;0.41509970205801505;3461;
1755694204.089;0.4641781489054362;0.4162412290219908;3461;
1755694204.122;0.4690602938334147;0.42877632423683454;3461;
1755694204.155;0.47274370193481446;0.4249835544162326;3461;
1755694204.189;0.0;1.0;3461;
1755694204.222;0.0;1.0;3462;
1755694204.255;0.0;1.0;3462;
1755694204.289;0.0;1.0;3462;
1755694204.322;0.0;1.0;3462;
1755694204.355;0.0;1.0;3463;
1755694204.389;0.4447210947672526;0.19886491563585074;3463;
1755694204.422;0.4458215395609538;0.19868683991608793;3463;
1755694204.455;0.0;1.0;3464;
1755694204.489;0.0;1.0;3465;
1755694204.522;0.5704200108846028;0.4604467321325232;3465;
1755694204.555;0.567462666829427;0.4592189647533276;3465;
1755694204.589;0.5618281046549479;0.45547587076822915;3467;
1755694204.622;0.5596994400024414;0.45321067527488423;3467;
1755694204.655;0.5565629323323568;0.4477240103262442;3468;
1755694204.689;0.554005495707194;0.4421136361581308;3468;
1755694204.722;0.5473211924235026;0.4315696433738426;3469;
1755694204.755;0.5376631418863932;0.41732714617693867;3470;
1755694204.789;0.5319066047668457;0.4072574191623264;3470;
1755694204.822;0.5304846127827962;0.39547706886574074;3471;
1755694204.855;0.5307897885640462;0.387644788953993;3471;
1755694204.889;0.527963924407959;0.37739336932146994;3471;
1755694204.922;0.5243214925130208;0.37156162968388307;3472;
1755694204.955;0.5284544944763183;0.3635376541702836;3473;
1755694204.989;0.5320500691731771;0.35717762134693287;3473;
1755694205.022;0.5369508743286133;0.35236607304325807;3474;
1755694205.055;0.5422996520996094;0.34876347294560184;3475;
1755694205.089;0.5477041880289714;0.3437891642252604;3478;
1755694205.122;0.5475226720174153;0.34361227530020255;3478;
1755694205.155;0.5460053126017252;0.3436785662615741;3478;
1755694205.189;0.5438545227050782;0.34592499909577545;3479;
1755694205.222;0.5467273712158203;0.3492129855685764;3480;
1755694205.255;0.5432285944620768;0.35271041304976847;3480;
1755694205.289;0.5398513793945312;0.35762521249276624;3480;
1755694205.322;0.5375008900960286;0.36106883861400463;3480;
1755694205.355;0.5351647059122722;0.3639598705150463;3480;
1755694205.389;0.5342976888020833;0.3646678783275463;3481;
1755694205.422;0.5335859934488932;0.364731287073206;3481;
1755694205.455;0.5350325266520183;0.3650058322482639;3483;
1755694205.489;0.536161231994629;0.3678274084020544;3483;
1755694205.522;0.540579350789388;0.3676658347800926;3484;
1755694205.555;0.5377305348714193;0.36685581913700815;3484;
1755694205.589;0.5384362538655599;0.36522612395109955;3484;
1755694205.622;0.5417963027954101;0.36499831588179976;3484;
1755694205.655;0.5457052866617839;0.36308062518084494;3484;
1755694205.689;0.5482380549112956;0.3610855667679398;3485;
1755694205.722;0.5489336013793945;0.36196577284071185;3485;
1755694205.755;0.5501094182332357;0.36368408203125;3485;
1755694205.789;0.5499746322631835;0.3611395376699942;3485;
1755694205.822;0.5519822438557943;0.360171565303096;3485;
1755694205.855;0.5487841288248698;0.3618978994864005;3485;
1755694205.889;0.4991948445638021;0.3859582971643518;3485;
1755694205.922;0.500167973836263;0.3867643568250868;3485;
1755694205.955;0.4944994608561198;0.3862708762839988;3485;
1755694205.989;0.4950834274291992;0.38511979844835065;3485;
1755694206.022;0.4956916491190592;0.3852443553783276;3485;
1755694206.055;0.4946414947509766;0.38329676875361685;3485;
1755694206.089;0.49219770431518556;0.3805547078450521;3486;
1755694206.122;0.4891665776570638;0.37958667896412035;3486;
1755694206.155;0.48761297861735026;0.38154686821831596;3486;
1755694206.189;0.4873449961344401;0.3835403442382812;3486;
1755694206.222;0.4907724380493164;0.38635892514829284;3486;
1755694206.255;0.4932937304178874;0.38756956877531834;3486;
1755694206.289;0.49504671096801756;0.39087349220558454;3486;
1755694206.322;0.49418665568033854;0.39558749728732634;3486;
1755694206.355;0.4948353131612142;0.40019469084563075;3486;
1755694206.389;0.49646968841552735;0.407198248969184;3486;
1755694206.422;0.5017600695292155;0.4134301644784433;3486;
1755694206.455;0.5063252449035645;0.4209319503219039;3487;
1755694206.489;0.5153455098470052;0.4296166879159433;3487;
1755694206.522;0.5168978691101074;0.4399467750831887;3487;
1755694206.555;0.0;1.0;3487;
1755694206.589;0.5195508003234863;0.4432042439778646;3488;
1755694206.622;0.0;1.0;3488;
1755694206.655;0.0;1.0;3488;
1755694206.689;0.44362370173136395;0.20855424669053824;3488;
1755694206.722;0.4472653388977051;0.21048877857349535;3488;
1755694206.755;0.4496161460876465;0.21400948983651624;3488;
1755694206.789;0.45149161020914713;0.21915435791015625;3489;
1755694206.822;0.45658861796061195;0.22742806893807865;3489;
1755694206.855;0.4593226432800293;0.23330411557798036;3489;
1755694206.889;0.46231393814086913;0.24142145227502898;3490;
1755694206.922;0.465901788075765;0.24750004521122682;3491;
1755694206.955;0.4677751541137695;0.25070201732494213;3491;
1755694206.989;0.4723616600036621;0.2491140294958044;3491;
1755694207.022;0.4711650848388672;0.2483476426866319;3492;
1755694207.055;0.4700567881266276;0.24671721281828707;3493;
1755694207.089;0.46914765040079753;0.24571634928385422;3494;
1755694207.122;0.46879447301228844;0.2458500614872685;3494;
1755694207.155;0.46932411193847656;0.24622124565972225;3494;
1755694207.189;0.0;1.0;3494;
1755694207.222;0.0;1.0;3495;
1755694207.255;0.0;1.0;3495;
1755694207.289;0.0;1.0;3495;
1755694207.322;0.0;1.0;3495;
1755694207.355;0.5795048395792644;0.6013791967321325;3495;
1755694207.389;0.5753857294718424;0.5857640301739728;3497;
1755694207.422;0.0;1.0;3497;
1755694207.455;0.5747141520182292;0.5745478877314815;3498;
1755694207.489;0.5819164276123047;0.5655730918601707;3498;
1755694207.522;0.5782002131144206;0.5427311367458767;3499;
1755694207.555;0.5761573791503907;0.528530431676794;3499;
1755694207.589;0.5768579483032227;0.5191440723560474;3499;
1755694207.622;0.5615575154622395;0.4571252893518518;3500;
1755694207.655;0.5600943883260091;0.4453466344762731;3500;
1755694207.689;0.5579564412434895;0.4425411083080151;3500;
1755694207.722;0.0;1.0;3500;
1755694207.755;0.5548121134440104;0.43075143319589115;3501;
1755694207.789;0.5547088623046875;0.4152133517795139;3502;
1755694207.822;0.5541436513264973;0.40629300717954286;3502;
1755694207.855;0.5502646764119467;0.3946397569444444;3502;
1755694207.889;0.5507249196370443;0.3899270516854746;3502;
1755694207.922;0.5546512603759766;0.38328450520833335;3502;
1755694207.955;0.5616212209065755;0.3843681052879051;3503;
1755694207.989;0.5722516377766927;0.39488231517650463;3503;
1755694208.022;0.5319467862447103;0.27698172110098385;3504;
1755694208.055;0.41927998860677085;0.16343615496600117;3504;
1755694208.089;0.4279454231262207;0.1722835399486401;3504;
1755694208.122;0.4537947654724121;0.21536435727719905;3506;
1755694208.155;0.45649118423461915;0.2233414826569734;3506;
1755694208.189;0.4548106829325358;0.22717262550636574;3506;
1755694208.222;0.4517743428548177;0.22639776159215852;3506;
1755694208.255;0.45322694778442385;0.23532127097800926;3506;
1755694208.289;0.4557061195373535;0.2416490342881944;3506;
1755694208.322;0.4579703648885091;0.24960010669849542;3506;
1755694208.355;0.5511699040730794;0.307461491337529;3507;
1755694208.389;0.0;1.0;3507;
1755694208.422;0.0;1.0;3507;
1755694208.455;0.5786778132120768;0.33802569354021994;3508;
1755694208.489;0.6307783126831055;0.382798993145978;3508;
1755694208.522;0.6252875010172526;0.39086264151114003;3509;
1755694208.555;0.6292678833007812;0.38286618833188657;3510;
1755694208.589;0.6294757843017578;0.38472889087818285;3510;
1755694208.622;0.6284904479980469;0.3869001600477431;3511;
1755694208.655;0.626418940226237;0.38413927996600117;3511;
1755694208.689;0.627963638305664;0.38476019965277775;3512;
1755694208.722;0.6277114232381185;0.3842094138816551;3512;
1755694208.755;0.5447221755981445;0.36078926368995945;3512;
1755694208.789;0.5055294672648112;0.3342861034252026;3513;
1755694208.822;0.5037429809570313;0.3361707899305556;3513;
1755694208.855;0.5019990921020507;0.3344506157769097;3513;
1755694208.889;0.49889774322509767;0.336786792896412;3513;
1755694208.922;0.498717212677002;0.33577745225694444;3513;
1755694208.955;0.49900226593017577;0.3366540414315683;3514;
1755694208.989;0.50083802541097;0.3368233009620949;3515;
1755694209.022;0.5012670199076334;0.33893551296657987;3515;
1755694209.055;0.5041697502136231;0.3401380750868056;3516;
1755694209.089;0.5058552106221517;0.34430615460431135;3516;
1755694209.122;0.504984442392985;0.34679305465133103;3516;
1755694209.155;0.5066657066345215;0.35190282751012736;3517;
1755694209.189;0.5056688944498698;0.3524662159107349;3517;
1755694209.222;0.5095870971679688;0.35369658293547457;3517;
1755694209.255;0.5216000556945801;0.35400390625;3517;
1755694209.289;0.5337685902913412;0.35226463035300926;3518;
1755694209.322;0.5358739217122396;0.34909978795934604;3519;
1755694209.355;0.5394264221191406;0.3423537077727141;3519;
1755694209.389;0.5391150156656901;0.336422672978154;3520;
1755694209.422;0.5345833460489909;0.32613214563440396;3520;
1755694209.455;0.533845329284668;0.3162486323603877;3520;
1755694209.489;0.5310929298400879;0.3055272420247396;3521;
1755694209.522;0.5280314127604167;0.2984496505172164;3521;
1755694209.555;0.5249283790588379;0.2951517175745081;3522;
1755694209.589;0.5242345174153645;0.2923146565755208;3522;
1755694209.622;0.5219216346740723;0.2867645828812211;3523;
1755694209.655;0.5206540743509929;0.2802155671296296;3523;
1755694209.689;0.5219255765279134;0.27389142071759254;3524;
1755694209.722;0.5258856455485026;0.27225889983000584;3525;
1755694209.755;0.5266271909077962;0.265190350567853;3525;
1755694209.789;0.5278285662333171;0.26000982213903356;3526;
1755694209.822;0.5293624877929688;0.2569834956416377;3526;
1755694209.855;0.5304205576578777;0.25102211281105324;3527;
1755694209.889;0.5291990598042806;0.24841726797598385;3527;
1755694209.922;0.5318043390909831;0.2460514209888599;3528;
1755694209.955;0.5349075317382812;0.24515623869719327;3528;
1755694209.989;0.5369096755981445;0.24327940764250577;3529;
1755694210.022;0.5379815419514974;0.24170323124638315;3529;
1755694210.055;0.5382270812988281;0.23941017433449074;3529;
1755694210.089;0.5441460291544596;0.23771594012225117;3531;
1755694210.122;0.5434658686319987;0.23732458043981486;3531;
1755694210.155;0.5423228581746419;0.23634231002242478;3531;
1755694210.189;0.5426232020060221;0.23667286060474535;3532;
1755694210.222;0.5408920288085938;0.23764812328197338;3532;
1755694210.255;0.5395665486653646;0.2373391610604746;3532;
1755694210.289;0.5390241622924805;0.23519920066550926;3534;
1755694210.322;0.5393470128377279;0.23575399893301507;3535;
1755694210.355;0.5389384587605794;0.23483722828052667;3536;
1755694210.389;0.5384209314982097;0.23419760244864007;3537;
1755694210.422;0.5426972071329753;0.2371639110423901;3537;
1755694210.455;0.5458718617757161;0.23832273130063653;3538;
1755694210.489;0.5453315734863281;0.23476031268084496;3539;
1755694210.522;0.5468096415201823;0.2348815352828414;3539;
1755694210.555;0.5481572469075521;0.2344135425708912;3540;
1755694210.589;0.5479872385660808;0.23354373508029513;3540;
1755694210.622;0.5477843602498372;0.2295257003219039;3541;
1755694210.655;0.5468914031982421;0.22886776394314234;3541;
1755694210.689;0.5473669052124024;0.22911241319444442;3542;
1755694210.722;0.5456753412882487;0.22945234510633683;3542;
1755694210.755;0.5461682637532552;0.22868228488498266;3542;
1755694210.789;0.5443078994750976;0.229222728587963;3543;
1755694210.822;0.5436524709065755;0.23080184371383106;3544;
1755694210.855;0.5438291549682617;0.23171081542968752;3545;
1755694210.889;0.5426137924194336;0.23280927870008683;3546;
1755694210.922;0.5428162256876627;0.2349851820203993;3547;
1755694210.955;0.5429496765136719;0.23834217212818287;3548;
1755694210.989;0.5391310373942058;0.24016130235460065;3549;
1755694211.022;0.5372378667195638;0.2383874398690683;3549;
1755694211.055;0.5344223022460938;0.23776652018229172;3550;
1755694211.089;0.5350372314453125;0.23682974356192132;3551;
1755694211.122;0.5343246459960938;0.2362647162543403;3552;
1755694211.155;0.5366537729899089;0.23628862169053821;3553;
1755694211.189;0.5371825536092122;0.23593512641059022;3553;
1755694211.222;0.5350485483805338;0.23596609610098385;3553;
1755694211.255;0.5340877532958984;0.23632789894386574;3554;
1755694211.289;0.5354126612345378;0.2353790848343461;3555;
1755694211.322;0.5374858220418294;0.23294875533492476;3556;
1755694211.355;0.5382726033528645;0.23185645209418404;3557;
1755694211.389;0.5359798431396484;0.22942747893156834;3559;
1755694211.422;0.5353883743286133;0.22907613118489578;3559;
1755694211.455;0.5367106119791667;0.22847900390624998;3559;
1755694211.489;0.5318009694417317;0.23103044297960074;3560;
1755694211.522;0.5274584452311198;0.2326782791702836;3562;
1755694211.555;0.5277681986490885;0.23352813720703125;3563;
1755694211.589;0.5251338322957356;0.23297689932364007;3563;
1755694211.622;0.5213956197102865;0.23131838198061339;3566;
1755694211.655;0.5233851114908854;0.23320080792462383;3566;
1755694211.689;0.5207099278767904;0.23421116581669565;3566;
1755694211.722;0.517344601949056;0.23431503861038772;3567;
1755694211.755;0.5173609415690105;0.23334706624348955;3569;
1755694211.789;0.5175688743591309;0.234301362214265;3569;
1755694211.822;0.5166262308756511;0.2346089115849248;3571;
1755694211.855;0.5187567392985026;0.2341209694191262;3571;
1755694211.889;0.5215648969014486;0.23262538203486693;3572;
1755694211.922;0.5232859929402669;0.23183881971571185;3573;
1755694211.955;0.5269959131876628;0.23113753707320606;3573;
1755694211.989;0.5287325859069825;0.2316442984121817;3573;
1755694212.022;0.5301369349161784;0.2326713844581887;3574;
1755694212.055;0.529901917775472;0.23192986382378478;3574;
1755694212.089;0.532710075378418;0.23052351209852429;3575;
1755694212.122;0.5332110404968262;0.23019793475115746;3577;
1755694212.155;0.5332974116007487;0.2321196944625289;3578;
1755694212.189;0.5325596809387207;0.23039675112123847;3579;
1755694212.222;0.5338432947794597;0.2286367345739294;3580;
1755694212.255;0.5323709805806478;0.2293731124312789;3580;
1755694212.289;0.5340844472249349;0.2290298461914062;3582;
1755694212.322;0.5391585667928059;0.2289089061595776;3583;
1755694212.355;0.5371242523193359;0.22879271330656825;3583;
1755694212.389;0.5386550267537434;0.22965330900969327;3584;
1755694212.422;0.5402269999186198;0.23029372603804976;3584;
1755694212.455;0.5388540903727214;0.22923826994719332;3585;
1755694212.489;0.5377443313598633;0.22919967086226856;3585;
1755694212.522;0.5365341822306315;0.22966732449001737;3585;
1755694212.555;0.5367225646972656;0.22864402488425928;3587;
1755694212.589;0.546165402730306;0.24186570909288196;3587;
1755694212.622;0.5507424672444662;0.2502612643771701;3588;
1755694212.655;0.5552011489868164;0.25791812472873266;3589;
1755694212.689;0.5574849446614584;0.2637653492115162;3589;
1755694212.722;0.5608806610107422;0.2673849600332755;3591;
1755694212.755;0.5630894978841146;0.2705161765769676;3592;
1755694212.789;0.5618605931599935;0.2731265032732928;3593;
1755694212.822;0.5598588307698568;0.2755985401294849;3595;
1755694212.855;0.5605422973632812;0.27999747947410303;3595;
1755694212.889;0.5585287729899089;0.28577643500434025;3595;
1755694212.922;0.5597078959147136;0.2930079142252604;3596;
1755694212.955;0.5600250244140625;0.29966583251953127;3596;
1755694212.989;0.5620901107788085;0.3087773075810185;3596;
1755694213.022;0.5652422587076823;0.3176599573206018;3597;
1755694213.055;0.5663762410481771;0.3234779640480324;3598;
1755694213.089;0.0;1.0;3598;
1755694213.122;0.0;1.0;3598;
1755694213.155;0.5747203826904297;0.5983929104275174;3599;
1755694213.189;0.574000867207845;0.5940588209364149;3600;
1755694213.222;0.5741947174072266;0.5915979456018519;3601;
1755694213.255;0.5730690002441406;0.5896408363624855;3601;
1755694213.289;0.571744155883789;0.585743487322772;3603;
1755694213.322;0.5729497273763021;0.5825175532588251;3604;
1755694213.355;0.5716168721516927;0.577455704300492;3605;
1755694213.389;0.5696495691935222;0.5702259205005786;3607;
1755694213.422;0.5676402409871419;0.571974097357856;3607;
1755694213.455;0.5638785044352214;0.5701517740885417;3608;
1755694213.489;0.5631960550944011;0.567417483859592;3608;
1755694213.522;0.5630519231160481;0.5628499914098669;3608;
1755694213.555;0.5455299377441406;0.49519167299623845;3609;
1755694213.589;0.5448869069417318;0.4851590191876447;3610;
1755694213.622;0.5485330581665039;0.4784922281901042;3610;
1755694213.655;0.5526354471842448;0.4755816989474826;3610;
1755694213.689;0.5597718556722006;0.4758321126302083;3611;
1755694213.722;0.5647108713785808;0.47999216715494797;3612;
1755694213.755;0.5671621958414713;0.4845566926179109;3613;
1755694213.789;0.5571160634358724;0.4028963442201967;3614;
1755694213.822;0.0;1.0;3615;
1755694213.855;0.0;1.0;3615;
1755694213.889;0.5415137608846029;0.35632691559968166;3617;
1755694213.922;0.4948938687642415;0.26502668592664935;3617;
1755694213.955;0.4974498748779297;0.2628685280128762;3619;
1755694213.989;0.48890577952067055;0.2447067825882523;3620;
1755694214.022;0.4867918650309245;0.23347167968750004;3620;
1755694214.055;0.48221508661905926;0.2265505190248842;3621;
1755694214.089;0.4857086499532064;0.22388102213541672;3621;
1755694214.122;0.48654038111368814;0.22333956117983222;3622;
1755694214.155;0.49079151153564454;0.2247033013237847;3622;
1755694214.189;0.4951345761617025;0.22509432192201972;3623;
1755694214.222;0.4958916664123535;0.22621556034794565;3623;
1755694214.255;0.4963934580485026;0.22746740270543986;3623;
1755694214.289;0.49722604751586913;0.22945697925708908;3624;
1755694214.322;0.4987389882405599;0.22868793628833917;3625;
1755694214.355;0.5026687304178874;0.22972943341290508;3625;
1755694214.389;0.508349068959554;0.23447310836226853;3626;
1755694214.422;0.511353079477946;0.23542163990162035;3627;
1755694214.455;0.514205519358317;0.23403896755642362;3627;
1755694214.489;0.5170178413391113;0.2329592104311342;3629;
1755694214.522;0.5208139419555664;0.2354904739945023;3629;
1755694214.556;0.5188919385274251;0.23809740984881367;3630;
1755694214.589;0.5189049720764161;0.23839173493561916;3632;
1755694214.622;0.5169634819030762;0.23693932427300346;3633;
1755694214.656;0.5165072123209635;0.2399958857783565;3633;
1755694214.689;0.5177906036376954;0.24232335973668984;3636;
1755694214.722;0.5202182451883952;0.2429689760561342;3636;
1755694214.756;0.5216360727945963;0.24331116852936918;3637;
1755694214.789;0.5219785690307617;0.2450418542932581;3639;
1755694214.822;0.5208685557047527;0.24420522054036453;3639;
1755694214.856;0.5224272092183431;0.2431437739619502;3640;
1755694214.889;0.5252373695373536;0.24340786404079862;3640;
1755694214.922;0.5278512318929036;0.24333609121817135;3641;
1755694214.956;0.5315523783365885;0.24408428050853592;3641;
1755694214.989;0.5336961110432943;0.2449653908058449;3642;
1755694215.022;0.5351189295450847;0.2442976209852431;3642;
1755694215.056;0.5306087176005045;0.24725771303530097;3642;
1755694215.089;0.5264570236206054;0.249074865270544;3643;
1755694215.122;0.5252320607503255;0.24565813982928242;3646;
1755694215.156;0.5265270551045735;0.24493826406973385;3646;
1755694215.189;0.5281569798787434;0.2425798204210069;3647;
1755694215.222;0.5286656697591146;0.24175256799768519;3648;
1755694215.256;0.5316309293111166;0.2409122043185764;3648;
1755694215.289;0.532329813639323;0.23977401168258106;3650;
1755694215.322;0.5331931749979655;0.236182940447772;3651;
1755694215.356;0.5355297088623047;0.23097240306712963;3652;
1755694215.389;0.5362582524617513;0.22944126835575807;3653;
1755694215.422;0.5394240061442057;0.2246307938187211;3654;
1755694215.456;0.540794308980306;0.22315430817780668;3654;
1755694215.489;0.5392007191975912;0.21854445845992476;3656;
1755694215.522;0.538670031229655;0.21535384566695603;3657;
1755694215.556;0.5349189758300781;0.2122662579571759;3657;
1755694215.589;0.529619820912679;0.2101199679904514;3658;
1755694215.622;0.5277616500854492;0.20770037615740744;3661;
1755694215.656;0.5256846110026042;0.206196763780382;3661;
1755694215.689;0.5254384994506835;0.2058744077329282;3661;
1755694215.722;0.5233896891276042;0.20431620279947915;3663;
1755694215.756;0.5206488927205404;0.20201133445457176;3664;
1755694215.789;0.5216618220011393;0.20244502314814816;3665;
1755694215.822;0.5205241521199544;0.2014838324652778;3666;
1755694215.856;0.5196522394816081;0.19936353895399306;3667;
1755694215.889;0.5208912531534831;0.19931838424117476;3667;
1755694215.922;0.5198283831278483;0.20020672833478004;3669;
1755694215.956;0.5218565940856934;0.20014676694516786;3669;
1755694215.989;0.5201945304870605;0.19999135335286455;3671;
1755694216.022;0.5195025761922201;0.19997061270254635;3672;
1755694216.056;0.5206847190856934;0.2007583053023727;3673;
1755694216.089;0.5185021718343099;0.20380294234664353;3673;
1755694216.122;0.5212123235066731;0.20601637098524306;3675;
1755694216.156;0.5209091822306315;0.2076054325810185;3676;
1755694216.189;0.5205879211425781;0.20951651114004632;3676;
1755694216.222;0.5232518831888835;0.21235775417751734;3677;
1755694216.256;0.5238177299499511;0.21239878336588547;3679;
1755694216.289;0.527369213104248;0.21522985387731486;3680;
1755694216.322;0.5300130208333333;0.21819458007812498;3681;
1755694216.356;0.5297914822896321;0.21845494023075807;3681;
1755694216.389;0.5331228892008464;0.22030424895109957;3682;
1755694216.422;0.5319664637247722;0.22129437481915504;3685;
1755694216.456;0.5312031428019206;0.22013323748553237;3686;
1755694216.489;0.5320310592651367;0.21982133653428815;3686;
1755694216.522;0.5348562240600586;0.2205651742440683;3687;
1755694216.556;0.5350270589192708;0.2199809321650752;3688;
1755694216.589;0.532394536336263;0.21741033483434602;3689;
1755694216.622;0.5290971438090006;0.21409618236400463;3690;
1755694216.656;0.528244145711263;0.2125000565140336;3691;
1755694216.689;0.5266466776529948;0.21011075620298036;3692;
1755694216.722;0.5265714645385742;0.20584417272497102;3693;
1755694216.756;0.5278041203816731;0.20378564905237273;3694;
1755694216.789;0.5296034812927246;0.20162336561414929;3695;
1755694216.822;0.5315059979756673;0.19984820330584496;3696;
1755694216.856;0.5291260401407878;0.19851972791883676;3697;
1755694216.889;0.5301587422688802;0.19585119176793986;3698;
1755694216.922;0.5290584564208984;0.19371320936414926;3699;
1755694216.956;0.5318583170572917;0.19246656629774306;3701;
1755694216.989;0.5370553970336914;0.19115493209273726;3701;
1755694217.022;0.5398799260457356;0.19195031060112844;3703;
1755694217.056;0.5417434056599935;0.19309630217375584;3703;
1755694217.089;0.5427898406982422;0.1930134526005498;3704;
1755694217.122;0.5433375040690104;0.19143450701678244;3705;
1755694217.156;0.540860366821289;0.1899269386574074;3706;
1755694217.189;0.5374370574951172;0.1884576868127894;3706;
1755694217.222;0.5348595937093099;0.18680007369429974;3707;
1755694217.256;0.5342202504475911;0.18782540780526624;3709;
1755694217.289;0.5362946192423502;0.19067230224609377;3710;
1755694217.322;0.5367060343424479;0.19148859094690396;3710;
1755694217.356;0.5379648208618164;0.19281491880063661;3712;
1755694217.389;0.5354260126749675;0.19446360270182295;3713;
1755694217.422;0.5333503723144531;0.1941351996527778;3714;
1755694217.456;0.5296728134155273;0.19492453115957753;3715;
1755694217.489;0.5285909652709961;0.19668590404369213;3716;
1755694217.522;0.5266955057779948;0.20051535147207755;3717;
1755694217.556;0.526100222269694;0.200362707067419;3717;
1755694217.589;0.5263558705647786;0.20174752694589115;3717;
1755694217.622;0.5272939682006836;0.20793157506872106;3719;
1755694217.656;0.5232570012410481;0.20691110116464118;3719;
1755694217.689;0.5223405202229817;0.20541200991030095;3719;
1755694217.722;0.5230196634928386;0.20370161268446185;3721;
1755694217.756;0.5264129002888998;0.20789207175925928;3723;
1755694217.789;0.5285989125569661;0.2071651317455151;3724;
1755694217.822;0.5275043805440267;0.20707962601273144;3725;
1755694217.856;0.5283566157023112;0.21183109989872684;3727;
1755694217.889;0.5292347590128581;0.21074817798755785;3727;
1755694217.922;0.5311951637268066;0.20945423267505792;3728;
1755694217.956;0.5335339228312175;0.21281348334418404;3730;
1755694217.989;0.5304555257161458;0.21414913601345487;3730;
1755694218.022;0.5246444384256999;0.21362474229600692;3730;
1755694218.056;0.5245845794677735;0.21665903727213542;3732;
1755694218.089;0.5217808405558269;0.21775964807581016;3733;
1755694218.122;0.5220168749491374;0.2193809791847512;3734;
1755694218.156;0.5216142654418945;0.22187093098958333;3735;
1755694218.189;0.520245615641276;0.22411131682219332;3737;
1755694218.222;0.5207056999206543;0.22677827058015043;3737;
1755694218.256;0.5228731791178386;0.227323235405816;3738;
1755694218.289;0.5221388498942058;0.23218581588179976;3739;
1755694218.322;0.5216729482014973;0.2349416097005208;3740;
1755694218.356;0.5186451594034831;0.23697831895616317;3741;
1755694218.389;0.5203527132670085;0.2395009923864294;3742;
1755694218.422;0.521646785736084;0.24292201289424187;3743;
1755694218.456;0.5227650324503581;0.24484241626880787;3745;
1755694218.489;0.5226396878560384;0.2446971752025463;3745;
1755694218.522;0.5222729365030925;0.24640734637225115;3745;
1755694218.556;0.5228941599527995;0.2509138319227431;3747;
1755694218.589;0.5282910029093425;0.24282170048466434;3748;
1755694218.622;0.5287561416625977;0.2382615831163194;3748;
1755694218.656;0.5287071545918782;0.23973049587673612;3748;
1755694218.689;0.5268170674641927;0.24172080711082178;3750;
1755694218.722;0.5234594345092773;0.23875907615379055;3751;
1755694218.756;0.5213181495666503;0.23873890064380787;3752;
1755694218.789;0.5216303507486979;0.24097872133608222;3753;
1755694218.822;0.5216582934061686;0.24052010995370365;3756;
1755694218.856;0.5176100730895996;0.24081991690176507;3756;
1755694218.889;0.5178567250569661;0.2422167742693866;3757;
1755694218.922;0.5183818817138672;0.2435862788447627;3758;
1755694218.956;0.5217832247416179;0.24474758572048616;3760;
1755694218.989;0.5215723037719726;0.24567984121817132;3760;
1755694219.022;0.5232607205708821;0.24598654287832755;3761;
1755694219.056;0.525835927327474;0.24494425455729163;3762;
1755694219.089;0.5249375661214193;0.24400922987196183;3764;
1755694219.122;0.5237460136413574;0.24296496355975117;3764;
1755694219.156;0.5270618756612142;0.24431847466362844;3765;
1755694219.189;0.5331952412923177;0.24465716326678244;3767;
1755694219.222;0.5375343322753906;0.24331116852936918;3767;
1755694219.256;0.5385347366333008;0.24164988199869797;3768;
1755694219.289;0.5379971822102865;0.2422682020399306;3770;
1755694219.322;0.5373364130655924;0.24293919316044565;3770;
1755694219.356;0.5371734619140625;0.24267917209201384;3770;
1755694219.389;0.5349829355875652;0.24410937273943867;3773;
1755694219.422;0.5361042022705078;0.24490740740740746;3773;
1755694219.456;0.5319888432820638;0.24419154414424193;3774;
1755694219.489;0.528002675374349;0.24707997639973955;3776;
1755694219.522;0.5253888448079427;0.24767365632233795;3776;
1755694219.556;0.5222152392069499;0.24793339482060184;3777;
1755694219.589;0.5183917999267578;0.25057565194589115;3778;
1755694219.622;0.5152555783589681;0.25168530499493635;3779;
1755694219.656;0.5114786148071289;0.25068342420789935;3780;
1755694219.689;0.5116700490315755;0.2503889860930266;3781;
1755694219.722;0.5107867240905761;0.2516882437246817;3782;
1755694219.756;0.5069674809773763;0.2553285951967592;3783;
1755694219.789;0.5057666142781575;0.25706787109374996;3783;
1755694219.822;0.5079826672871908;0.25695444742838547;3785;
1755694219.856;0.5070836385091145;0.2574953432436342;3786;
1755694219.889;0.506624698638916;0.25797932942708335;3787;
1755694219.922;0.5063499132792155;0.2575560958297164;3788;
1755694219.956;0.50770689646403;0.256248700177228;3788;
1755694219.989;0.5078474998474121;0.25698722556785303;3790;
1755694220.022;0.5096834818522136;0.25741537588614005;3791;
1755694220.056;0.5091684977213542;0.25610357213903356;3792;
1755694220.089;0.508472188313802;0.2536512586805556;3792;
1755694220.122;0.5087921142578125;0.25230051676432297;3794;
1755694220.156;0.506765079498291;0.24915884512442132;3796;
1755694220.189;0.505991808573405;0.2470177544487847;3796;
1755694220.222;0.5054544130961101;0.24364160608362273;3797;
1755694220.256;0.5057687123616537;0.24081889964916092;3799;
1755694220.289;0.5048085530598958;0.23997689706307868;3799;
1755694220.322;0.5049114863077799;0.23865463821976274;3800;
1755694220.356;0.5078348477681478;0.23854313603153932;3802;
1755694220.389;0.5098018646240234;0.23917518898292822;3802;
1755694220.422;0.509514331817627;0.23752057110821756;3803;
1755694220.456;0.5122451146443685;0.23550771077473953;3803;
1755694220.489;0.5139906883239747;0.23633355034722225;3803;
1755694220.522;0.5139241854349772;0.23612891303168404;3806;
1755694220.556;0.5144547780354818;0.23605657506872102;3807;
1755694220.589;0.5121773401896159;0.23627093279803246;3808;
1755694220.622;0.5095911026000977;0.2374107078269676;3809;
1755694220.656;0.5076141993204752;0.23684381555627898;3810;
1755694220.689;0.5072941780090332;0.23458647551359957;3811;
1755694220.722;0.5055899620056152;0.23333022506148726;3812;
1755694220.756;0.5049452781677246;0.23129244203920718;3813;
1755694220.789;0.5034691174825032;0.23005987096715852;3814;
1755694220.822;0.5032345136006673;0.23078607629846648;3816;
1755694220.856;0.501239013671875;0.23033831561053242;3816;
1755694220.889;0.5010446866353353;0.22884137188946763;3816;
1755694220.922;0.5017077763875325;0.23115132649739578;3818;
1755694220.956;0.5053216298421224;0.23702788176359957;3819;
1755694220.989;0.5072389284769694;0.2411326090494792;3820;
1755694221.022;0.5072298685709635;0.24213013825593166;3821;
1755694221.056;0.5084005037943522;0.24494645860460074;3822;
1755694221.089;0.5088733990987142;0.2473257559317129;3823;
1755694221.122;0.5074185053507487;0.24589578134042245;3825;
1755694221.156;0.5076896667480468;0.24812927246093752;3825;
1755694221.189;0.5072302182515462;0.2504105744538484;3826;
1755694221.222;0.5066917419433594;0.25116701479311343;3827;
1755694221.256;0.506159782409668;0.25115379050925923;3828;
1755694221.289;0.5050585428873698;0.24762013753255208;3829;
1755694221.322;0.5064080874125163;0.24522970694082757;3830;
1755694221.356;0.5071334838867188;0.2425356264467593;3830;
1755694221.389;0.506924819946289;0.24015118634259258;3833;
1755694221.422;0.5081065813700358;0.2381457858615451;3833;
1755694221.456;0.5081202824910481;0.23787700511791088;3834;
1755694221.489;0.5127704620361329;0.24032711452907984;3836;
1755694221.522;0.5141337394714356;0.23967381230107065;3836;
1755694221.556;0.5145105679829916;0.2375530666775174;3836;
1755694221.589;0.5113131841023763;0.23762726960358793;3838;
1755694221.622;0.5119786898295084;0.23828684488932295;3839;
1755694221.656;0.5099284172058105;0.23870131881148726;3840;
1755694221.689;0.5081411043802897;0.23985330087167245;3840;
1755694221.722;0.5077725092569987;0.24161218713831023;3842;
1755694221.756;0.50867706934611;0.24404455114293977;3844;
1755694221.789;0.5065964380900065;0.24408925374348955;3844;
1755694221.822;0.5083792686462403;0.24794774938512731;3846;
1755694221.856;0.5053818384806316;0.24577902334707757;3846;
1755694221.889;0.5124870618184407;0.25431942409939234;3847;
1755694221.922;0.516937255859375;0.25941399468315973;3847;
1755694221.956;0.5168740590413411;0.2548411051432292;3850;
1755694221.989;0.5161703745524089;0.2535523026077836;3850;
1755694222.022;0.5129073778788249;0.2563281589084201;3851;
1755694222.056;0.5136917114257813;0.2612088803891782;3852;
1755694222.089;0.5174136161804199;0.2628628200954861;3853;
1755694222.122;0.5208018938700358;0.26402904369212965;3854;
1755694222.156;0.5218447367350261;0.26559674298321756;3855;
1755694222.189;0.5237661043802897;0.26723649766710067;3856;
1755694222.222;0.5243639945983887;0.2664486355251736;3857;
1755694222.256;0.5247813542683919;0.264613624855324;3858;
1755694222.289;0.5275005658467611;0.2638897365993924;3859;
1755694222.322;0.5269480387369792;0.2637440999348958;3860;
1755694222.356;0.5266680717468262;0.26382581922743054;3861;
1755694222.389;0.5278563499450684;0.2640838623046875;3862;
1755694222.422;0.5252499580383301;0.2643081665039062;3862;
1755694222.456;0.5261069615681966;0.27315351698133683;3864;
1755694222.489;0.5258294423421224;0.2720714427806713;3866;
1755694222.522;0.5245680809020996;0.27112924081307865;3866;
1755694222.556;0.5240065574645996;0.2725227638527199;3866;
1755694222.589;0.5227415084838867;0.273492431640625;3868;
1755694222.622;0.5193941116333007;0.27710413049768523;3869;
1755694222.656;0.5192634582519531;0.27350175645616315;3869;
1755694222.689;0.5150187492370606;0.274173030146846;3870;
1755694222.722;0.5130448341369629;0.2719936229564526;3870;
1755694222.756;0.5120502789815267;0.2703344274450231;3873;
1755694222.789;0.5122575124104818;0.26709023934823495;3874;
1755694222.822;0.5107161839803059;0.2680997495298032;3875;
1755694222.856;0.5075601259867351;0.26841272424768514;3876;
1755694222.889;0.5090930938720704;0.26804193567346646;3877;
1755694222.922;0.5085596402486166;0.264687262641059;3878;
1755694222.956;0.5055304209391276;0.26184669777199077;3878;
1755694222.989;0.5060037930806478;0.2620064629448785;3880;
1755694223.022;0.5040766716003418;0.26107573332609957;3881;
1755694223.056;0.5038231531778972;0.26092331497757526;3881;
1755694223.089;0.505528990427653;0.262216638635706;3884;
1755694223.122;0.5062680244445801;0.26094405562789347;3884;
1755694223.156;0.5049755732218425;0.26003237123842593;3884;
1755694223.189;0.504030704498291;0.26082955819589115;3885;
1755694223.222;0.5055695215861002;0.2605595341435185;3887;
1755694223.256;0.508193556467692;0.26019987883391205;3887;
1755694223.289;0.5051738739013671;0.25932114212601276;3887;
1755694223.322;0.5042156537373861;0.26200889304832176;3888;
1755694223.356;0.5037204106648763;0.26213537145543986;3889;
1755694223.389;0.5018389383951823;0.2607849686234086;3891;
1755694223.422;0.49723968505859373;0.2611300998263889;3892;
1755694223.456;0.49709625244140626;0.26416162561487266;3894;
1755694223.489;0.49809204737345375;0.26524675157335065;3894;
1755694223.522;0.49743194580078126;0.2667437518084491;3895;
1755694223.556;0.49776089986165367;0.2680948893229167;3896;
1755694223.589;0.49868377049763996;0.27075534396701384;3897;
1755694223.622;0.5011966069539388;0.27406616210937496;3897;
1755694223.656;0.5041334152221679;0.2746520430953414;3898;
1755694223.689;0.5054233551025391;0.27740235505280675;3898;
1755694223.722;0.5053640683492024;0.2796693589952257;3899;
1755694223.756;0.5065147399902343;0.281488037109375;3899;
1755694223.789;0.507596492767334;0.2842183430989583;3901;
1755694223.822;0.5107260386149088;0.28518326370804403;3903;
1755694223.856;0.5138814926147461;0.2882837931315104;3904;
1755694223.889;0.5142271041870117;0.2904060646339699;3905;
1755694223.922;0.5140133539835612;0.28926159894024883;3906;
1755694223.956;0.5086585362752278;0.29038238525390625;3907;
1755694223.989;0.5063569068908691;0.2952767266167535;3907;
1755694224.022;0.5063069979349772;0.29992099338107636;3909;
1755694224.056;0.5049599965413412;0.3028797290943287;3910;
1755694224.089;0.49984006881713866;0.3038739239728009;3911;
1755694224.122;0.4971616744995117;0.3030077898943866;3912;
1755694224.156;0.4961893399556478;0.3053350943106192;3914;
1755694224.189;0.49593162536621094;0.3073356345847801;3914;
1755694224.222;0.4957072893778483;0.311886540165654;3916;
1755694224.256;0.4945480982462565;0.3160587452076099;3916;
1755694224.289;0.49277044932047526;0.3179870040328414;3918;
1755694224.322;0.4943928082784017;0.31608055962456594;3918;
1755694224.356;0.49403085708618166;0.3179056803385417;3919;
1755694224.389;0.4943072319030762;0.31748595061125584;3919;
1755694224.422;0.49203802744547526;0.3159407439055266;3921;
1755694224.456;0.4893090883890788;0.31202816433376734;3921;
1755694224.489;0.4914971987406413;0.30970945005063655;3922;
1755694224.522;0.49001283645629884;0.3070266723632813;3923;
1755694224.556;0.49384365081787107;0.30554555257161453;3924;
1755694224.589;0.49819730122884115;0.3043840196397569;3925;
1755694224.622;0.5003576914469401;0.30265661168981484;3927;
1755694224.656;0.5005953788757325;0.30107342755353006;3927;
1755694224.689;0.49911699295043943;0.2988958853262442;3929;
1755694224.722;0.4979200998942057;0.29769874855324074;3931;
1755694224.756;0.49802252451578777;0.2968578197337963;3931;
1755694224.789;0.49949220021565754;0.29277326795789926;3931;
1755694224.822;0.5009512901306152;0.29171854654947915;3933;
1755694224.856;0.5012270291646321;0.290168536150897;3934;
1755694224.889;0.5050500551859538;0.2898482146086516;3935;
1755694224.922;0.5036398887634277;0.28676921703197333;3935;
1755694224.956;0.5014334996541341;0.28277989140263315;3936;
1755694224.989;0.5015823364257812;0.2819080494068287;3937;
1755694225.022;0.5006289482116699;0.2799153645833333;3939;
1755694225.056;0.501274299621582;0.27572134512442126;3940;
1755694225.089;0.5016658147176106;0.27293435555917245;3941;
1755694225.122;0.5017252604166667;0.2710215815791377;3943;
1755694225.156;0.5017328262329102;0.26964506926359955;3943;
1755694225.189;0.5017649014790853;0.26822492811414933;3944;
1755694225.222;0.5004206339518229;0.26710894549334496;3945;
1755694225.256;0.4990934054056803;0.26566128200954864;3946;
1755694225.289;0.500701904296875;0.2655037208839699;3946;
1755694225.322;0.499587345123291;0.2651042796947338;3948;
1755694225.356;0.49999157587687176;0.26579572889539926;3950;
1755694225.389;0.49990784327189125;0.2639470418294271;3951;
1755694225.422;0.4990062395731608;0.26391590259693287;3951;
1755694225.456;0.5000410079956055;0.264651545771846;3952;
1755694225.489;0.5019165356953939;0.2627215915256076;3952;
1755694225.522;0.5037102699279785;0.26168438946759254;3955;
1755694225.556;0.504060935974121;0.26065967701099535;3955;
1755694225.589;0.5038091659545898;0.2568941469545718;3956;
1755694225.622;0.5016283988952637;0.25211362485532407;3957;
1755694225.656;0.50206298828125;0.24989725748697922;3958;
1755694225.689;0.5021179835001628;0.2478074815538195;3959;
1755694225.722;0.5022348721822103;0.24735412597656248;3959;
1755694225.756;0.5002586364746093;0.2470062820999711;3961;
1755694225.789;0.5017890294392904;0.24626606128833917;3961;
1755694225.822;0.5010889053344727;0.24548317238136574;3963;
1755694225.856;0.5003340403238933;0.24599671540436918;3964;
1755694225.889;0.4991337776184082;0.2474672105577257;3965;
1755694225.922;0.4979493459065755;0.24801262749565978;3965;
1755694225.956;0.499333127339681;0.2483679312246817;3967;
1755694225.989;0.5020700136820475;0.24815199110243058;3968;
1755694226.022;0.5027628580729167;0.24596721507884833;3969;
1755694226.056;0.505101744333903;0.24536522759331603;3970;
1755694226.089;0.5040498415629069;0.24381996437355324;3972;
1755694226.122;0.5027454376220704;0.2448055691189236;3972;
1755694226.156;0.5016829808553059;0.2440042566370081;3974;
1755694226.189;0.5019431114196777;0.2449943259910301;3975;
1755694226.222;0.5024172782897949;0.24457408763744215;3975;
1755694226.256;0.5052211125691731;0.24301633481626161;3976;
1755694226.289;0.5053260167439778;0.24231578685619215;3977;
1755694226.322;0.505573018391927;0.24079273365162035;3978;
1755694226.356;0.5038409868876139;0.24013705783420136;3979;
1755694226.389;0.5033579508463542;0.24047540735315398;3980;
1755694226.422;0.5036608695983886;0.240447998046875;3981;
1755694226.456;0.5057599067687988;0.2411464549877026;3982;
1755694226.489;0.5040343284606934;0.2399161444769965;3983;
1755694226.522;0.5021766344706218;0.2382113986545139;3984;
1755694226.556;0.49888451894124347;0.239290534125434;3985;
1755694226.589;0.4979465166727702;0.23850205032913774;3986;
1755694226.622;0.4972784678141276;0.23734786422164356;3987;
1755694226.656;0.49801225662231446;0.2359207153320313;3987;
1755694226.689;0.49824981689453124;0.23585080747251153;3988;
1755694226.722;0.49823328653971355;0.2389200846354167;3989;
1755694226.789;0.49817927678426105;0.23959435356987846;3992;
1755694226.822;0.501411787668864;0.23834262424045138;3993;
1755694226.856;0.503631051381429;0.23747908980758103;3995;
1755694226.889;0.5036693255106608;0.23800291838469334;3995;
1755694226.922;0.5050769488016764;0.23799014621310766;3996;
1755694226.956;0.5044962247212728;0.2372688010886863;3998;
1755694226.989;0.5027812639872233;0.24034553810402204;3999;
1755694227.022;0.5034375190734863;0.24358503553602429;3999;
1755694227.056;0.5044398307800293;0.2460385357892072;3999;
1755694227.089;0.5015694618225097;0.24652167426215277;4001;
1755694227.122;0.4957050005594889;0.24875137894241894;4002;
1755694227.156;0.49076433181762696;0.2501299257631655;4003;
1755694227.189;0.4869637171427409;0.24819810655381946;4005;
1755694227.222;0.48564087549845375;0.24783681233723953;4006;
1755694227.256;0.48293889363606773;0.24837979917173036;4006;
1755694227.289;0.4834659894307454;0.24913539180049193;4007;
1755694227.322;0.483105723063151;0.24667725739655666;4008;
1755694227.356;0.48319937388102213;0.24499845151548028;4009;
1755694227.389;0.48299023310343425;0.24353276005497682;4010;
1755694227.422;0.48135868708292645;0.24399216263382528;4011;
1755694227.456;0.4803932189941406;0.24238970721209496;4011;
1755694227.489;0.481425412495931;0.2408541644061053;4013;
1755694227.522;0.48238795598347983;0.24175494158709487;4015;
1755694227.556;0.4819524129231771;0.24151419180410882;4015;
1755694227.589;0.481175168355306;0.24127660680700236;4017;
1755694227.622;0.48240089416503906;0.24283226860894103;4017;
1755694227.656;0.48529392878214517;0.24474125614872688;4017;
1755694227.689;0.48590679168701173;0.24632297092013888;4019;
1755694227.722;0.4848358154296875;0.2467233163339121;4021;
1755694227.756;0.4830610911051432;0.2475114045319734;4021;
1755694227.789;0.48231480916341146;0.24603022822627318;4022;
1755694227.822;0.48243592580159506;0.2456149065936053;4023;
1755694227.856;0.4812459945678711;0.24559405291521996;4024;
1755694227.889;0.48150628407796225;0.2452587551540799;4026;
1755694227.922;0.4814839998881022;0.24448423032407407;4026;
1755694227.956;0.47944211959838867;0.24637603759765625;4027;
1755694227.989;0.4793310801188151;0.24705957483362273;4029;
1755694228.022;0.4818598747253418;0.2470696908456308;4029;
1755694228.056;0.48146804173787433;0.24677858705873845;4030;
1755694228.089;0.481290594736735;0.2448385733145254;4031;
1755694228.122;0.4833720525105794;0.2436238606770833;4032;
1755694228.156;0.4828137715657552;0.24224989149305554;4033;
1755694228.189;0.48257134755452474;0.24056729917173036;4034;
1755694228.222;0.4815390586853027;0.23949387161820024;4035;
1755694228.256;0.48520145416259763;0.23961469862196183;4035;
1755694228.289;0.4865787188212077;0.24055803087022565;4037;
1755694228.322;0.4879824956258138;0.2423424614800347;4038;
1755694228.356;0.4897192637125651;0.24375988995587383;4039;
1755694228.389;0.4902030944824219;0.2431066442418981;4040;
1755694228.422;0.49185384114583336;0.24280073377821176;4041;
1755694228.456;0.4937050501505534;0.2423160129123264;4042;
1755694228.489;0.49305760065714516;0.2424994574652778;4043;
1755694228.522;0.4914021809895833;0.2402530811451099;4045;
1755694228.556;0.4915668487548828;0.24228391294126161;4045;
1755694228.589;0.4929142951965332;0.2435766714590567;4045;
1755694228.622;0.49467693964640297;0.2432197288230613;4048;
1755694228.656;0.49135224024454754;0.23956954390914353;4048;
1755694228.689;0.4911342620849609;0.23629314281322333;4048;
1755694228.722;0.49122412999471027;0.2362685026945891;4050;
1755694228.756;0.4907915433247884;0.23369383635344332;4052;
1755694228.789;0.49178969065348305;0.23175167507595484;4052;
1755694228.822;0.4892224629720052;0.2304213912398727;4053;
1755694228.856;0.48841104507446287;0.23098562735098382;4054;
1755694228.889;0.4900397300720215;0.2304316202799479;4055;
1755694228.922;0.4907447179158529;0.2296304773401331;4057;
1755694228.956;0.4926942189534505;0.23082642731843173;4057;
1755694228.989;0.49381707509358724;0.23000968650535303;4057;
1755694229.022;0.4968256632486979;0.23046694155092595;4059;
1755694229.056;0.4967378616333008;0.2313333016854745;4060;
1755694229.089;0.49644877115885416;0.2301266140407986;4061;
1755694229.122;0.4955953598022461;0.2289370501482928;4063;
1755694229.156;0.49428300857543944;0.2303844310619213;4063;
1755694229.189;0.4964294751485189;0.23029361300998263;4064;
1755694229.222;0.49638166427612307;0.2297246862340856;4064;
1755694229.256;0.4987147331237793;0.23014068603515625;4066;
1755694229.289;0.5002328872680664;0.23074018690321185;4066;
1755694229.322;0.5017356872558594;0.2313819037543403;4068;
1755694229.356;0.5007356325785319;0.23058189109519678;4069;
1755694229.389;0.49931484858194985;0.23045026991102435;4071;
1755694229.422;0.49914299647013344;0.22938814516420714;4071;
1755694229.456;0.4991335868835449;0.22874139856409148;4072;
1755694229.489;0.49833799997965494;0.22952281810619213;4072;
1755694229.522;0.4969962120056152;0.23090775101273153;4074;
1755694229.556;0.4943899472554525;0.22947704173900463;4075;
1755694229.589;0.49454625447591144;0.22855710630063653;4075;
1755694229.622;0.4906961441040039;0.22770543981481484;4078;
1755694229.656;0.4889336585998535;0.22771606445312498;4078;
1755694229.689;0.4879094123840332;0.22612106888382522;4078;
1755694229.722;0.4875923792521159;0.2252065022786458;4079;
1755694229.756;0.48678948084513346;0.22599097357855902;4081;
1755694229.789;0.484472115834554;0.22608959056712963;4082;
1755694229.822;0.48577791849772134;0.22588500976562498;4083;
1755694229.856;0.48607578277587893;0.22803056504991315;4084;
1755694229.889;0.4849309285481771;0.22806153474030666;4086;
1755694229.922;0.48287671407063804;0.22605788619429978;4086;
1755694229.956;0.4823664347330729;0.2244468971535012;4087;
1755694229.989;0.482274595896403;0.22399376763237844;4088;
1755694230.022;0.48188180923461915;0.22422118010344327;4089;
1755694230.056;0.4817922274271647;0.2239769829644097;4090;
1755694230.089;0.48293244043986;0.2257945307978877;4091;
1755694230.122;0.48330980936686196;0.22563838252314816;4093;
1755694230.156;0.484552256266276;0.22703953495732065;4094;
1755694230.189;0.4846981366475423;0.22818004466869213;4095;
1755694230.222;0.48273868560791017;0.22719743516710067;4095;
1755694230.256;0.4826882680257161;0.2263924492730035;4096;
1755694230.289;0.48186848958333334;0.22535507767288776;4097;
1755694230.322;0.48128865559895834;0.22461090087890623;4099;
1755694230.356;0.4798005739847819;0.22426271791811347;4100;
1755694230.389;0.48060038884480794;0.2232626455801504;4100;
1755694230.422;0.4804392178853353;0.22304331461588545;4102;
1755694230.456;0.4798972447713216;0.22376906783492478;4102;
1755694230.489;0.4808386166890462;0.22456252486617478;4102;
1755694230.522;0.4810739199320475;0.22481729012948493;4104;
1755694230.556;0.4798295021057129;0.22636277940538196;4105;
1755694230.589;0.4818394343058268;0.22681217900028938;4106;
1755694230.622;0.4837893803914388;0.22981250904224537;4106;
1755694230.656;0.48253777821858723;0.23462614836516205;4108;
1755694230.689;0.4849856376647949;0.23973654287832757;4108;
1755694230.722;0.0;1.0;4108;
1755694230.756;0.0;1.0;4110;
1755694230.789;0.0;1.0;4111;
1755694230.822;0.0;1.0;4112;
1755694230.856;0.0;1.0;4113;
1755694230.889;0.486113452911377;0.2681658144350405;4115;
1755694230.922;0.4853957176208496;0.26533485695167824;4115;
1755694230.956;0.48527196248372395;0.26192095721209496;4116;
1755694230.989;0.48461573918660483;0.2578965363679109;4117;
1755694231.022;0.4833100954691569;0.25446432608145253;4118;
1755694231.056;0.4842164675394694;0.25355518482349537;4119;
1755694231.089;0.4861521085103353;0.25126371030454286;4120;
1755694231.122;0.485975456237793;0.2514862060546875;4121;
1755694231.156;0.4839627265930176;0.25245954725477426;4123;
1755694231.189;0.4850605964660645;0.2543062563295717;4123;
1755694231.222;0.4817297617594401;0.25671160662615744;4124;
1755694231.256;0.4793860117594401;0.2567327428747106;4124;
1755694231.289;0.4750892003377279;0.2579350789388021;4126;
1755694231.322;0.4739485740661621;0.259702385796441;4127;
1755694231.356;0.47010567982991536;0.26124815764250575;4128;
1755694231.389;0.4690745989481608;0.2627016420717593;4130;
1755694231.422;0.4657742500305176;0.2613206086335359;4131;
1755694231.456;0.4554371198018392;0.2573177761501736;4132;
1755694231.489;0.4686605453491211;0.26269350405092595;4132;
1755694231.522;0.0;1.0;4134;
1755694231.556;0.47649993896484377;0.2663163361725984;4135;
1755694231.589;0.490369987487793;0.28104541919849535;4135;
1755694231.622;0.48977368672688804;0.2743418375651042;4135;
1755694231.656;0.4906378110249837;0.2829479641384549;4137;
1755694231.689;0.477336851755778;0.27589405201099537;4139;
1755694231.722;0.0;1.0;4140;
1755694231.756;0.0;1.0;4140;
1755694231.789;0.6510325749715169;0.5869080154984085;4141;
1755694231.822;0.0;1.0;4143;
1755694231.856;0.0;1.0;4143;
1755694231.889;0.0;1.0;4144;
1755694231.922;0.5719456354777018;0.5582714787235967;4145;
1755694231.956;0.5748620351155599;0.558599853515625;4147;
1755694231.989;0.0;1.0;4147;
1755694232.022;0.575533676147461;0.559028399432147;4148;
1755694232.056;0.5676217397054036;0.47723902949580443;4148;
1755694232.089;0.5532982508341472;0.22269298412181715;4151;
1755694232.122;0.5474160512288412;0.22663178620515045;4151;
1755694232.156;0.546937624613444;0.24685115107783562;4152;
1755694232.189;0.546344502766927;0.26179120099103004;4153;
1755694232.222;0.5442616780598958;0.2788846051251447;4154;
1755694232.256;0.5476839065551757;0.29187147352430554;4155;
1755694232.289;0.544452158610026;0.3043159202293113;4156;
1755694232.322;0.5444210688273112;0.3163302951388889;4157;
1755694232.356;0.5435642878214518;0.326767419885706;4158;
1755694232.389;0.5407118479410807;0.33319606074580443;4159;
1755694232.422;0.5406363169352214;0.3417818987811053;4160;
1755694232.456;0.0;1.0;4160;
1755694232.489;0.0;1.0;4161;
1755694232.522;0.0;1.0;4163;
1755694232.556;0.0;1.0;4164;
1755694232.589;0.0;1.0;4165;
1755694232.622;0.0;1.0;4166;
1755694232.656;0.0;1.0;4168;
1755694232.689;0.5216919263203939;0.1910134774667246;4169;
1755694232.722;0.5105272610982259;0.1962286489981192;4169;
1755694232.756;0.4024727503458659;0.27187143961588545;4171;
1755694232.789;0.405159600575765;0.2675217805085359;4171;
1755694232.822;0.4117258071899414;0.26661829065393516;4173;
1755694232.856;0.41306180953979493;0.2667739868164063;4173;
1755694232.889;0.41348406473795574;0.2622216683846933;4175;
1755694232.922;0.4131267547607422;0.25613917598017943;4176;
1755694232.956;0.41644280751546225;0.2528240062572338;4177;
1755694232.989;0.5626835505167643;0.19916048403139464;4177;
1755694233.022;0.5716742833455404;0.19583785445601853;4178;
1755694233.056;0.5710548400878906;0.20070433440031832;4179;
1755694233.089;0.5620991388956705;0.20434559009693287;4181;
1755694233.122;0.5608118057250977;0.20160612883391205;4181;
1755694233.156;0.5494017283121745;0.20751834445529516;4183;
1755694233.189;0.5600032170613607;0.3406227394386574;4184;
1755694233.222;0.0;1.0;4185;
1755694233.256;0.5658138910929362;0.49845756248191553;4185;
1755694233.289;0.566502571105957;0.49263656051070603;4185;
1755694233.322;0.5614896774291992;0.4838672214084201;4188;
1755694233.356;0.5568183898925781;0.4668392040111401;4188;
1755694233.389;0.5511482874552409;0.46058287443938084;4188;
1755694233.422;0.5476064046223958;0.44372349491825813;4190;
1755694233.456;0.5466144561767579;0.4446378354673033;4191;
1755694233.489;0.5455582936604818;0.4179797702365451;4192;
1755694233.522;0.5462380091349284;0.422874676739728;4192;
1755694233.556;0.57188720703125;0.4415978890878183;4195;
1755694233.589;0.5720272064208984;0.5424711439344618;4195;
1755694233.622;0.0;1.0;4196;
1755694233.656;0.0;1.0;4197;
1755694233.689;0.23658210436503094;0.2869877567997685;4198;
1755694233.722;0.0;1.0;4199;
1755694233.756;0.0;1.0;4200;
1755694233.789;0.40412699381510414;0.3373219242802372;4202;
1755694233.822;0.4454861323038737;0.35259071632667827;4203;
1755694233.856;0.0;1.0;4203;
1755694233.889;0.43434203465779625;0.353007337782118;4204;
1755694233.922;0.47849353154500324;0.3635636506257234;4205;
1755694233.956;0.482154115041097;0.3641124584056713;4207;
1755694233.989;0.4811894734700521;0.36310373942057295;4207;
1755694234.022;0.4839432716369629;0.35733009620949074;4209;
1755694234.056;0.48337046305338544;0.35950328685619215;4209;
1755694234.089;0.49072354634602866;0.3551520453559027;4210;
1755694234.122;0.48879327774047854;0.3520889847366898;4210;
1755694234.156;0.4899950663248698;0.3443524961118345;4213;
1755694234.189;0.48927876154581706;0.3359730473271123;4213;
1755694234.222;0.48631579081217446;0.3273884526005497;4213;
1755694234.256;0.47958081563313804;0.3153458206741898;4215;
1755694234.289;0.47630058924357094;0.30978715684678815;4217;
1755694234.322;0.4722661336263021;0.3041034274631076;4217;
1755694234.356;0.4661388397216797;0.2965553566261574;4218;
1755694234.389;0.455897585550944;0.29325386329933445;4219;
1755694234.422;0.45029096603393554;0.2899756537543403;4221;
1755694234.456;0.4378986358642578;0.2850156430844908;4221;
1755694234.489;0.4285103797912598;0.27380648012514464;4223;
1755694234.522;0.43248116175333656;0.2640728420681424;4223;
1755694234.556;0.43242549896240234;0.2615753173828125;4224;
1755694234.589;0.4263326644897461;0.26198012740523724;4225;
1755694234.622;0.4232905069986979;0.2601625230577257;4227;
1755694234.656;0.4185824712117513;0.25539584689670136;4227;
1755694234.689;0.41274598439534504;0.25124330873842593;4228;
1755694234.722;0.4055785814921061;0.24866638183593748;4228;
1755694234.756;0.40115016301472983;0.24512170862268523;4230;
1755694234.789;0.39735399881998695;0.25239789044415506;4231;
1755694234.822;0.35511480967203773;0.31762056703920716;4232;
1755694234.856;0.35401376088460285;0.3213496455439815;4233;
1755694234.889;0.35218823750813805;0.32349000153718166;4233;
1755694234.922;0.35090243021647133;0.32385338677300346;4235;
1755694234.956;0.3499088923136393;0.32133127848307297;4235;
1755694234.989;0.3497056325276693;0.3213172630027489;4236;
1755694235.022;0.347730827331543;0.3187179000289352;4237;
1755694235.056;0.3447538057963053;0.3172363846390336;4238;
1755694235.089;0.33695249557495116;0.3155613086841724;4239;
1755694235.122;0.31261714299519855;0.3186947292751736;4241;
1755694235.156;0.29396397272745767;0.31742881492332176;4243;
1755694235.189;0.0;1.0;4244;
1755694235.222;0.0;1.0;4244;
1755694235.256;0.0;1.0;4245;
1755694235.289;0.0;1.0;4246;
1755694235.322;0.5820954004923503;0.24613438359013307;4247;
1755694235.356;0.0;1.0;4249;
1755694235.389;0.5695383707682292;0.2378156308774595;4250;
1755694235.422;0.5293260892232259;0.24070355450665504;4251;
1755694235.456;0.5286366780598958;0.23435872395833335;4251;
1755694235.489;0.515595022837321;0.21594430428964118;4252;
1755694235.522;0.4883569081624349;0.11916351318359375;4253;
1755694235.556;0.47758086522420246;0.10635929814091438;4253;
1755694235.589;0.4467217763264974;0.07528759991681133;4255;
1755694235.622;0.4593268076578776;0.06432495117187498;4256;
1755694235.656;0.0;1.0;4257;
1755694235.689;0.0;1.0;4259;
1755694235.722;0.0;1.0;4259;
1755694235.756;0.0;1.0;4261;
1755694235.789;0.0;1.0;4262;
1755694235.822;0.0;1.0;4262;
1755694235.856;0.0;1.0;4264;
1755694235.889;0.0;1.0;4264;
1755694235.922;0.0;1.0;4265;
1755694235.956;0.0;1.0;4265;
1755694235.989;0.0;1.0;4268;
1755694236.022;0.0;1.0;4268;
1755694236.056;0.0;1.0;4269;
1755694236.089;0.0;1.0;4270;
1755694236.122;0.0;1.0;4271;
1755694236.156;0.0;1.0;4272;
1755694236.189;0.0;1.0;4274;
1755694236.222;0.0;1.0;4275;
1755694236.256;0.0;1.0;4275;
1755694236.289;0.0;1.0;4276;
1755694236.322;0.0;1.0;4277;
1755694236.356;0.0;1.0;4278;
1755694236.389;0.0;1.0;4280;
1755694236.422;0.0;1.0;4281;
1755694236.456;0.0;1.0;4281;
1755694236.489;0.0;1.0;4283;
1755694236.522;0.0;1.0;4283;
1755694236.556;0.0;1.0;4284;
1755694236.589;0.0;1.0;4286;
1755694236.622;0.0;1.0;4286;
1755694236.656;0.0;1.0;4287;
1755694236.689;0.0;1.0;4287;
1755694236.722;0.0;1.0;4289;
1755694236.756;0.0;1.0;4291;
1755694236.789;0.44510142008463544;0.2177507753725405;4291;
1755694236.822;0.44890317916870115;0.22170568395543977;4293;
1755694236.856;0.45234587987263997;0.22743812843605327;4293;
1755694236.889;0.4569856643676758;0.2449551617657697;4293;
1755694236.922;0.4644572893778483;0.24681577329282411;4294;
1755694236.956;0.4723003387451172;0.24629544858579278;4294;
1755694236.989;0.4746137936909994;0.25057457817925344;4296;
1755694237.023;0.4781924883524577;0.25535069218388307;4297;
1755694237.056;0.48134469985961914;0.2644234551323785;4299;
1755694237.089;0.4840198834737142;0.2729622734917535;4299;
1755694237.123;0.4860365867614746;0.2803103976779514;4300;
1755694237.156;0.4844384511311849;0.28416465476707176;4303;
1755694237.189;0.48240435918172203;0.2897741247106481;4304;
1755694237.223;0.48040084838867186;0.29470028347439237;4304;
1755694237.256;0.4809794743855794;0.2977719342267072;4306;
1755694237.289;0.4801441828409831;0.3018371016890914;4306;
1755694237.323;0.4786905606587728;0.30419503671151615;4307;
1755694237.356;0.4767756462097168;0.30948514585141784;4307;
1755694237.389;0.47427422205607095;0.31506370261863426;4309;
1755694237.423;0.47437928517659506;0.3171483922887731;4310;
1755694237.456;0.4697468121846517;0.32000851101345484;4310;
1755694237.489;0.4670642534891764;0.3212038393373843;4312;
1755694237.523;0.4632025400797526;0.3247199164496528;4312;
1755694237.556;0.460472043355306;0.3257158067491319;4314;
1755694237.589;0.45826361974080404;0.3276119090892651;4315;
1755694237.623;0.4610650698343913;0.3277021620008681;4316;
1755694237.656;0.5535914103190104;0.3203033447265625;4317;
1755694237.689;0.5508822123209636;0.3239931459780092;4317;
1755694237.723;0.5486432393391927;0.32469437210648144;4320;
1755694237.756;0.5463891347249349;0.3251529834888599;4320;
1755694237.789;0.5435298919677735;0.3251938996491609;4321;
1755694237.823;0.5422792434692383;0.32471731680410876;4322;
1755694237.856;0.5417877197265625;0.3277111477322049;4324;
1755694237.889;0.5402098337809245;0.32944912380642366;4324;
1755694237.923;0.5386111577351888;0.32827577944155095;4325;
1755694237.956;0.5345216115315755;0.32387576633029513;4326;
1755694237.989;0.5319645881652832;0.324928961859809;4326;
1755694238.023;0.5300812721252441;0.3243540445963542;4328;
1755694238.056;0.5295711199442545;0.32230224609375;4329;
1755694238.089;0.5286972681681316;0.3194221214011863;4330;
1755694238.123;0.5295658747355143;0.3166736744068287;4331;
1755694238.156;0.5329687118530273;0.3068366156684028;4332;
1755694238.189;0.5336308797200521;0.29862326162832753;4332;
1755694238.223;0.5360960642496745;0.293686365198206;4334;
1755694238.256;0.5376304626464844;0.2881067346643519;4335;
1755694238.289;0.5400460561116537;0.28232777913411455;4337;
1755694238.323;0.5401821136474609;0.2759858873155382;4338;
1755694238.356;0.540942637125651;0.27010317201967593;4338;
1755694238.389;0.5379786809285482;0.27006915057146996;4339;
1755694238.423;0.5380797068277995;0.27016528094256365;4341;
1755694238.456;0.535420290629069;0.27340850830078123;4342;
1755694238.489;0.5356197357177734;0.2774944729275174;4343;
1755694238.523;0.5374429066975911;0.27944420708550344;4343;
1755694238.556;0.5367848714192708;0.2804071497034144;4344;
1755694238.589;0.5373323440551758;0.2784132780852141;4346;
1755694238.623;0.5378101984659831;0.27955915662977426;4346;
1755694238.622;0.537721316019694;0.278767564561632;4346;
1755694238.656;0.5387687047322591;0.27812206127025463;4348;
1755694238.689;0.5394057591756185;0.27774449101200815;4348;
1755694238.723;0.5396299362182617;0.27838004783347803;4348;
1755694238.756;0.5433801015218099;0.27954378481264464;4350;
1755694238.789;0.5440356572469075;0.2784068354853877;4350;
1755694238.823;0.5446398417154948;0.2781796490704572;4352;
1755694238.856;0.5455155690511068;0.2816105030201099;4353;
1755694238.889;0.5452637354532878;0.28077499954788776;4354;
1755694238.923;0.5478155136108398;0.28222757975260415;4356;
1755694238.956;0.5479418436686198;0.2948100337275752;4356;
1755694238.989;0.5459416071573894;0.30608853940610536;4357;
1755694239.023;0.5425957997639974;0.31085657190393523;4359;
1755694239.056;0.540843391418457;0.3137224550600405;4359;
1755694239.089;0.5362301508585612;0.3130291974103009;4360;
1755694239.123;0.5338158925374349;0.30817808928313084;4361;
1755694239.156;0.5352235158284505;0.3072454947012442;4363;
1755694239.189;0.5299842834472657;0.3053170663339121;4363;
1755694239.223;0.5315715154012044;0.30326645462601276;4365;
1755694239.256;0.5276113828023274;0.29988109447337963;4366;
1755694239.289;0.5257527669270833;0.2903797856083623;4366;
1755694239.323;0.5241208712259928;0.28348603425202545;4367;
1755694239.356;0.5222355206807454;0.27924188684534146;4368;
1755694239.389;0.5201766331990559;0.2770256890190972;4370;
1755694239.423;0.5199415206909179;0.2749719125253183;4370;
1755694239.456;0.5188360850016276;0.27197966399016205;4371;
1755694239.489;0.5183701515197754;0.27301833541304976;4372;
1755694239.523;0.5174429893493653;0.273841631854022;4373;
1755694239.556;0.5170927047729492;0.27388153076171873;4373;
1755694239.589;0.5135155359903971;0.2739193386501736;4375;
1755694239.623;0.5101612726847331;0.272984935619213;4376;
1755694239.656;0.5072762489318847;0.27106227168330443;4377;
1755694239.689;0.5035623868306478;0.2723422015154803;4378;
1755694239.723;0.5010998407999675;0.27219786467375584;4380;
1755694239.756;0.49909766515096027;0.2761084097403067;4380;
1755694239.789;0.49339192708333335;0.1953648885091146;4382;
1755694239.823;0.4922785758972168;0.1943949381510417;4383;
1755694239.856;0.49363816579182945;0.19385811134620945;4383;
1755694239.889;0.4961025555928548;0.20000853361906834;4385;
1755694239.923;0.4970945994059245;0.20690296314380785;4385;
1755694239.956;0.4949553807576497;0.21212158203124998;4386;
1755694239.989;0.49348681767781577;0.22085232204861116;4388;
1755694240.023;0.4926025708516439;0.22573779070818867;4388;
1755694240.056;0.4931560834248861;0.2318412498191551;4389;
1755694240.089;0.49589192072550453;0.23753164785879632;4390;
1755694240.123;0.4970038414001465;0.24339141845703127;4391;
1755694240.156;0.4983096122741699;0.2505883110894097;4392;
1755694240.189;0.49762255350748696;0.25669945610894096;4394;
1755694240.223;0.5371992111206054;0.2764307092737268;4395;
1755694240.256;0.5362314860026042;0.2721116807725694;4395;
1755694240.289;0.5293890317281087;0.28134415237991894;4397;
1755694240.323;0.5241477966308594;0.291375732421875;4397;
1755694240.356;0.5152493158976237;0.29971319127965856;4399;
1755694240.389;0.5150893847147624;0.3079505637839989;4400;
1755694240.423;0.5121141751607259;0.31300224021629053;4400;
1755694240.456;0.5090833346048991;0.31971085159866897;4400;
1755694240.489;0.5096694946289062;0.32468397352430556;4401;
1755694240.523;0.5054856618245442;0.32509782579210067;4402;
1755694240.556;0.5031574249267579;0.3260325113932292;4404;
1755694240.589;0.4997498194376628;0.32450058548538774;4406;
1755694240.623;0.50312925974528;0.32030882658781834;4406;
1755694240.656;0.5075661659240722;0.3212429470486111;4407;
1755694240.689;0.5191527048746745;0.30594007703993054;4408;
1755694240.723;0.5220547993977864;0.305658863208912;4409;
1755694240.756;0.5242069880167644;0.2994511922200521;4411;
1755694240.789;0.5208443959554037;0.3008031209309896;4411;
1755694240.823;0.5157647132873535;0.32624449553313084;4412;
1755694240.856;0.5173451423645019;0.3396403559932002;4412;
1755694240.889;0.5158304532368978;0.3521108556676794;4415;
1755694240.923;0.5150607744852702;0.35643643979673034;4415;
1755694240.956;0.5148444175720215;0.35749743426287617;4417;
1755694240.989;0.5169705708821615;0.3547705756293402;4417;
1755694241.023;0.5194091796875;0.3520250108506945;4418;
1755694241.056;0.5211546579996745;0.348673841688368;4418;
1755694241.089;0.5254266103108723;0.34617688214337383;4420;
1755694241.123;0.5267915725708008;0.34544598614728006;4422;
1755694241.156;0.528988774617513;0.3446954232675058;4422;
1755694241.189;0.5309992472330729;0.3426494457103588;4424;
1755694241.223;0.5337940216064453;0.34058493155020253;4424;
1755694241.256;0.5326002756754558;0.3390774762188947;4425;
1755694241.289;0.532678731282552;0.3372217814127604;4425;
1755694241.323;0.5368033727010091;0.33298458523220487;4427;
1755694241.356;0.5399348576863606;0.3301150851779514;4429;
1755694241.389;0.5429393132527669;0.3300237019856771;4429;
1755694241.423;0.5465460459391276;0.32853783501519096;4430;
1755694241.456;0.5494465510050456;0.3272509539568865;4431;
1755694241.489;0.5518939971923829;0.32539520263671873;4432;
1755694241.523;0.5518393198649089;0.3246995148835359;4433;
1755694241.556;0.5510976791381836;0.3224797566731771;4434;
1755694241.589;0.5510664621988932;0.32009390371817126;4435;
1755694241.623;0.549912961324056;0.3174719916449653;4436;
1755694241.656;0.5517908096313476;0.3172559950086805;4437;
1755694241.689;0.5526055018107097;0.31733822292751734;4439;
1755694241.723;0.5505574544270834;0.31581923873336226;4439;
1755694241.756;0.5496060053507487;0.31541454173900463;4440;
1755694241.789;0.550407600402832;0.3147355256257234;4440;
1755694241.823;0.5510864893595377;0.3150712189850984;4442;
1755694241.856;0.5509857813517253;0.3167325055157697;4442;
1755694241.889;0.5496365229288737;0.317952134874132;4444;
1755694241.923;0.552349853515625;0.31880199291087963;4444;
1755694241.956;0.5536380767822265;0.31756439208984377;4446;
1755694241.989;0.5531023661295573;0.3170839662905093;4447;
1755694242.023;0.5543149948120117;0.3162984777379919;4449;
1755694242.056;0.5541261672973633;0.3175931012188947;4449;
1755694242.089;0.5549516677856445;0.31992893925419563;4450;
1755694242.123;0.5544458389282226;0.32078540943287037;4452;
1755694242.156;0.5549112319946289;0.3214049727828414;4453;
1755694242.189;0.5534763971964518;0.32191320348668984;4453;
1755694242.223;0.5526943206787109;0.32308293095341434;4454;
1755694242.256;0.5523152669270833;0.3240462126555266;4455;
1755694242.289;0.5484413146972656;0.32542396827980324;4457;
1755694242.323;0.5485240936279296;0.32602719907407407;4457;
1755694242.356;0.5483041127522786;0.3258646647135417;4458;
1755694242.389;0.5475180308024089;0.32735929135923036;4460;
1755694242.423;0.5471949259440104;0.3287885312680845;4460;
1755694242.456;0.544550069173177;0.3279365256980613;4461;
1755694242.489;0.5466040293375651;0.3279451723451967;4462;
1755694242.523;0.5461049397786458;0.3274097583912037;4464;
1755694242.556;0.5560953776041667;0.3161732426396122;4464;
1755694242.589;0.5626478830973307;0.2941847059461805;4465;
1755694242.623;0.5621082305908203;0.2790857950846354;4466;
1755694242.656;0.5607024510701497;0.2670432761863426;4466;
1755694242.689;0.5563467661539714;0.26062096489800346;4468;
1755694242.723;0.551460329691569;0.2549970273618345;4468;
1755694242.756;0.5462488174438477;0.24737808792679394;4468;
1755694242.789;0.5422532399495442;0.24355564823857057;4470;
1755694242.823;0.5411762873331706;0.2389672738534433;4470;
1755694242.856;0.5410201390584309;0.2379589504665799;4472;
1755694242.889;0.5418760299682617;0.2388578061704283;4472;
1755694242.923;0.5384171168009441;0.24084218343098962;4474;
1755694242.956;0.5357618967692057;0.23982007061993638;4476;
1755694242.989;0.5332183837890625;0.2378472222222222;4477;
1755694243.023;0.5314970016479492;0.23559355559172457;4478;
1755694243.056;0.5249780972798666;0.2350803516529224;4478;
1755694243.089;0.5209070523579915;0.23363460964626737;4479;
1755694243.123;0.515597407023112;0.23465463143807874;4479;
1755694243.156;0.5125061988830566;0.23654768202039933;4481;
1755694243.189;0.5118597030639649;0.23905029296875002;4482;
1755694243.223;0.5108348846435546;0.24197359438295718;4483;
1755694243.256;0.5090299288431803;0.2459288985640914;4484;
1755694243.289;0.5066025733947754;0.24774525960286453;4484;
1755694243.323;0.5054157892862956;0.2491036874276621;4487;
1755694243.356;0.5058394114176432;0.24822721128110536;4487;
1755694243.389;0.5046541849772136;0.2463385122793692;4488;
1755694243.423;0.5078534444173177;0.24573895489728004;4489;
1755694243.456;0.5089673360188802;0.24449287697120947;4490;
1755694243.489;0.5102675120035808;0.24476504855685766;4490;
1755694243.523;0.5127084732055665;0.24403991699218752;4492;
1755694243.556;0.5122336705525716;0.24105620207609957;4494;
1755694243.589;0.5120022773742676;0.23850764521846068;4495;
1755694243.623;0.5063889503479004;0.23358176902488426;4496;
1755694243.656;0.5074761390686036;0.23143971761067705;4496;
1755694243.689;0.5103048006693522;0.23143112747757522;4498;
1755694243.723;0.5093473116556804;0.23062286376953123;4498;
1755694243.756;0.5082714080810546;0.22925867151331014;4499;
1755694243.789;0.5064976692199707;0.22742727774160876;4500;
1755694243.823;0.502245839436849;0.22552897135416672;4502;
1755694243.856;0.49915043512980145;0.22122955322265625;4503;
1755694243.889;0.49552472432454425;0.2178349247685185;4504;
1755694243.923;0.49323720932006837;0.21500747115523722;4505;
1755694243.956;0.4924793561299642;0.214513255931713;4505;
1755694243.989;0.4914003690083822;0.2137997097439236;4507;
1755694244.023;0.4916142145792643;0.21441757767288772;4507;
1755694244.056;0.4942295710245768;0.21544539840133103;4509;
1755694244.089;0.498127810160319;0.21901697229456019;4509;
1755694244.123;0.5032591819763184;0.22218345359519676;4511;
1755694244.156;0.5072590827941894;0.2249244407371238;4511;
1755694244.189;0.5120667775472005;0.22778800681785305;4513;
1755694244.223;0.5127470970153809;0.2289424189814815;4514;
1755694244.256;0.51532990137736;0.23110950611255787;4514;
1755694244.289;0.5165169715881348;0.23254592330367474;4516;
1755694244.323;0.5178292274475098;0.23343850594979743;4516;
1755694244.356;0.5183252652486166;0.23606171784577545;4517;
1755694244.389;0.5225282986958821;0.23519586633752898;4519;
1755694244.423;0.5228183746337891;0.23250732421874998;4519;
1755694244.456;0.5222840309143066;0.23045156973379632;4521;
1755694244.489;0.5240645408630371;0.22568868001302078;4521;
1755694244.523;0.5232155799865723;0.22399371111834487;4521;
1755694244.556;0.526682186126709;0.22608840377242478;4522;
1755694244.589;0.5281589508056641;0.22566437897858793;4524;
1755694244.623;0.529400889078776;0.22501158537688082;4525;
1755694244.656;0.5324371973673503;0.2261176215277778;4525;
1755694244.689;0.5364171346028646;0.22726355658637154;4527;
1755694244.723;0.0;1.0;4528;
1755694244.756;0.0;1.0;4530;
1755694244.789;0.0;1.0;4530;
1755694244.823;0.0;1.0;4532;
1755694244.856;0.0;1.0;4532;
1755694244.889;0.0;1.0;4533;
1755694244.923;0.5218821207682292;0.3123378612377026;4535;
1755694244.956;0.5214125633239746;0.3111117892795139;4535;
1755694244.989;0.5242859204610189;0.3138844807942708;4537;
1755694245.023;0.5222619692484538;0.3142459445529514;4538;
1755694245.056;0.5260779698689778;0.3138439037181713;4538;
1755694245.089;0.5327233632405599;0.31602721037688075;4539;
1755694245.123;0.5374507268269857;0.3178428932472511;4540;
1755694245.156;0.5443920135498047;0.31768284550419557;4540;
1755694245.189;0.5472148259480795;0.3159821686921296;4543;
1755694245.223;0.5495164235432942;0.31416705096209496;4544;
1755694245.256;0.5535813649495442;0.31172095404730904;4544;
1755694245.289;0.5580741882324218;0.3071745130750868;4545;
1755694245.323;0.5626084009806315;0.30760407624421293;4546;
1755694245.356;0.4192731539408366;0.3972308123553241;4547;
1755694245.389;0.0;1.0;4549;
1755694245.423;0.403101380666097;0.4156272605613426;4549;
1755694245.456;0.3955576260884603;0.4280282479745371;4550;
1755694245.489;0.0;1.0;4551;
1755694245.523;0.3989797910054525;0.4306606151439526;4552;
1755694245.556;0.46499945322672526;0.42304732711226856;4552;
1755694245.589;0.45939420064290365;0.4256332397460938;4553;
1755694245.623;0.46994101206461586;0.42760026719835065;4553;
1755694245.656;0.5139779408772787;0.3620750144675926;4554;
1755694245.689;0.5137630144755045;0.3623440212673611;4555;
1755694245.723;0.514198366800944;0.3652856332284433;4556;
1755694245.756;0.512235164642334;0.36977872495298036;4557;
1755694245.789;0.5108256340026855;0.37321291323061345;4558;
1755694245.823;0.5100749015808106;0.37880740695529513;4560;
1755694245.856;0.5077611923217773;0.38424722177010995;4560;
1755694245.889;0.5058958689371745;0.3885513870804398;4561;
1755694245.923;0.5036463101704916;0.39029473198784725;4563;
1755694245.956;0.49808934529622395;0.39559659604673036;4565;
1755694245.989;0.49569851557413735;0.39976490162037037;4565;
1755694246.023;0.4919147491455078;0.4070908157913773;4566;
1755694246.056;0.491450564066569;0.4082413284866898;4567;
1755694246.089;0.4897694269816081;0.4115345707646123;4569;
1755694246.123;0.48879559834798175;0.41625733552155675;4569;
1755694246.156;0.48909565607706706;0.4239929764359086;4571;
1755694246.189;0.4874241511027018;0.4308713559751157;4572;
1755694246.223;0.48252239227294924;0.4386736834490741;4573;
1755694246.256;0.48209104537963865;0.44364104094328705;4573;
1755694246.289;0.48076756795247394;0.4462496157045718;4573;
1755694246.323;0.4805676778157552;0.4504819516782408;4575;
1755694246.356;0.48102105458577477;0.45154288963035305;4576;
1755694246.389;0.477594788869222;0.4538133409288194;4577;
1755694246.423;0.47352717717488607;0.4562643545645254;4579;
1755694246.456;0.4696253140767415;0.4579789903428819;4579;
1755694246.489;0.46607945760091146;0.45722311514395253;4580;
1755694246.523;0.46108099619547527;0.4538010773835359;4581;
1755694246.556;0.4555304527282715;0.44667878327546295;4582;
1755694246.589;0.45026706059773763;0.4384419193974247;4583;
1755694246.623;0.44625975290934244;0.4363703974971065;4584;
1755694246.656;0.44205156962076825;0.4326214260525174;4585;
1755694246.689;0.4374114990234375;0.4298849035192419;4585;
1755694246.723;0.4329297383626302;0.42986359772858795;4585;
1755694246.756;0.4329793930053711;0.42931614628544557;4587;
1755694246.789;0.43031657536824547;0.42546578866464124;4589;
1755694246.823;0.42948935826619467;0.4217672842520255;4589;
1755694246.856;0.4292247454325358;0.418361183449074;4591;
1755694246.889;0.42954896291097006;0.4149538393373843;4593;
1755694246.923;0.43087422053019203;0.41244388156467016;4594;
1755694246.956;0.43495041529337564;0.40995590775101276;4595;
1755694246.989;0.4393201510111491;0.4092517428927951;4595;
1755694247.023;0.43862295150756836;0.4388853850188079;4597;
1755694247.056;0.4387493133544922;0.447842350712529;4597;
1755694247.089;0.43791383107503257;0.4695956759982639;4598;
1755694247.123;0.0;1.0;4599;
1755694247.156;0.4457965850830078;0.4578148170753762;4600;
1755694247.189;0.4531124114990234;0.47098524305555556;4601;
1755694247.223;0.459351634979248;0.48242543538411453;4601;
1755694247.256;0.45953133900960286;0.4869557698567708;4603;
1755694247.289;0.4630526860555013;0.49659706398292824;4604;
1755694247.323;0.46467364629109703;0.499329517505787;4605;
1755694247.356;0.46709152857462566;0.5019583242910879;4607;
1755694247.389;0.4695135116577148;0.5040788438585069;4608;
1755694247.423;0.47123406728108724;0.5036556667751736;4609;
1755694247.456;0.47177375157674156;0.5042565804940683;4609;
1755694247.489;0.4747015953063965;0.49528684262876155;4610;
1755694247.523;0.4796394983927409;0.48335995144314237;4612;
1755694247.556;0.48155517578125;0.47282562255859373;4613;
1755694247.589;0.48843053181966145;0.463284245243779;4614;
1755694247.623;0.4930034319559733;0.45221410680700236;4614;
1755694247.656;0.49555575052897133;0.43444456877531834;4616;
1755694247.689;0.5016574859619141;0.42178904215494795;4617;
1755694247.723;0.5061866124471028;0.4110840974030672;4617;
1755694247.756;0.5109894434611003;0.4053910997178819;4619;
1755694247.789;0.0;1.0;4619;
1755694247.823;0.5151463826497396;0.39858556676793977;4620;
1755694247.856;0.5204492251078288;0.38290337456597223;4621;
1755694247.889;0.5264344215393066;0.3696386831778067;4622;
1755694247.923;0.5286605834960938;0.3614163999204283;4623;
1755694247.956;0.5301497141520183;0.35193464491102433;4625;
1755694247.989;0.5284413019816081;0.3450311166268808;4625;
1755694248.023;0.5248624165852864;0.33776985451027197;4627;
1755694248.056;0.5168703715006511;0.3240788777669271;4627;
1755694248.089;0.5111122131347656;0.3107103135850694;4628;
1755694248.123;0.5084394137064616;0.3014035260235822;4629;
1755694248.156;0.5061932245890299;0.2932457817925347;4630;
1755694248.189;0.5041563034057617;0.2888200547960069;4631;
1755694248.223;0.5044150352478027;0.29425828721788194;4633;
1755694248.256;0.5058944702148438;0.29436396846064816;4634;
1755694248.289;0.5043213844299317;0.2889903315791378;4635;
1755694248.323;0.504325803120931;0.28288257740162037;4635;
1755694248.356;0.5082859992980957;0.26859204327618635;4637;
1755694248.389;0.5067281087239583;0.2566542448820891;4638;
1755694248.423;0.49947296778361;0.2518633242006655;4638;
1755694248.456;0.49790124893188475;0.23992789939597803;4639;
1755694248.489;0.48995574315388996;0.23903514720775465;4640;
1755694248.523;0.48279924392700196;0.23034956190321176;4640;
1755694248.556;0.4769069989522298;0.24236546269169557;4642;
1755694248.589;0.4720328330993652;0.2404228493019387;4643;
1755694248.623;0.460339609781901;0.2403042263454861;4645;
1755694248.656;0.4501079877217611;0.2616794162326389;4645;
1755694248.689;0.44190092086791993;0.27733770299840854;4646;
1755694248.723;0.4363196055094401;0.23343562373408566;4647;
1755694248.756;0.4332427660624186;0.2556998923972801;4648;
1755694248.789;0.4258027712504069;0.25188756872106477;4650;
1755694248.823;0.4236045519510905;0.2487138536241319;4650;
1755694248.856;0.4215838432312012;0.26493575484664356;4650;
1755694248.889;0.4176541646321615;0.26600562201605904;4652;
1755694248.923;0.4135878245035807;0.2627330638744213;4653;
1755694248.956;0.41221017837524415;0.268107435438368;4654;
1755694248.989;0.40952838261922203;0.26382361518012154;4656;
1755694249.023;0.40560871760050454;0.2600079006618924;4656;
1755694249.056;0.4014856974283854;0.2503606725622106;4657;
1755694249.089;0.40318368275960287;0.25214623345269094;4658;
1755694249.123;0.4034327824910482;0.2551442464192708;4659;
1755694249.156;0.40533339182535805;0.24930527298538774;4660;
1755694249.189;0.4162562370300293;0.23833075629340272;4662;
1755694249.223;0.4548765500386556;0.21182703088831023;4662;
1755694249.256;0.4582981109619141;0.22003784179687502;4663;
1755694249.289;0.4602140108744303;0.22082508228443287;4665;
1755694249.323;0.4607606252034505;0.22414042154947922;4665;
1755694249.356;0.4675646146138509;0.22369537353515623;4666;
1755694249.389;0.4738715171813965;0.21605981897424764;4667;
1755694249.423;0.4787597338358561;0.21054970070167822;4668;
1755694249.456;0.48086986541748045;0.20454728868272565;4669;
1755694249.489;0.4828409830729167;0.20431433783637154;4669;
1755694249.523;0.4832171440124512;0.20471343994140623;4672;
1755694249.556;0.4819785753885905;0.2053501270435475;4673;
1755694249.589;0.4767711639404297;0.2094888757776331;4673;
1755694249.623;0.4778475125630697;0.21143697102864578;4675;
1755694249.656;0.47763919830322266;0.21431455258969911;4675;
1755694249.689;0.47393706639607747;0.21056518554687498;4677;
1755694249.723;0.47080535888671876;0.2101615058051215;4677;
1755694249.756;0.46686973571777346;0.20987130624276618;4678;
1755694249.789;0.4659146626790365;0.20732235378689234;4679;
1755694249.823;0.4595240592956543;0.20672760009765623;4681;
1755694249.856;0.4581733703613281;0.20486128065321185;4681;
1755694249.889;0.4554568290710449;0.20230113841869213;4682;
1755694249.923;0.4567850112915039;0.20259054678457755;4683;
1755694249.956;0.4607036272684733;0.20153678611472803;4683;
1755694249.989;0.46413116455078124;0.20310900652850117;4685;
1755694250.023;0.46669855117797854;0.20490671793619797;4686;
1755694250.056;0.4695968945821126;0.20546168574580437;4687;
1755694250.089;0.47160930633544923;0.20717168737340852;4687;
1755694250.123;0.4710521697998047;0.21013341833043986;4690;
1755694250.156;0.47198317845662435;0.2120962072301794;4690;
1755694250.189;0.47055848439534503;0.2139016610604746;4691;
1755694250.223;0.46693598429361977;0.21599364104094332;4693;
1755694250.289;0.0;1.0;4695;
1755694250.323;0.0;1.0;4696;
1755694250.356;0.0;1.0;4696;
1755694250.389;0.0;1.0;4698;
1755694250.423;0.41532777150472006;0.2849544383861401;4698;
1755694250.456;0.4129674275716146;0.2889526932327836;4700;
1755694250.489;0.41544303894042967;0.2905493842230903;4700;
1755694250.523;0.4132504463195801;0.2900689584237558;4701;
1755694250.556;0.4126373608907064;0.29337548149956594;4702;
1755694250.589;0.0;1.0;4703;
1755694250.623;0.0;1.0;4705;
1755694250.656;0.0;1.0;4705;
1755694250.689;0.0;1.0;4708;
1755694250.723;0.0;1.0;4708;
1755694250.756;0.0;1.0;4709;
1755694250.789;0.0;1.0;4710;
1755694250.823;0.0;1.0;4710;
1755694250.856;0.0;1.0;4711;
1755694250.889;0.0;1.0;4712;
1755694250.923;0.0;1.0;4714;
1755694250.956;0.0;1.0;4715;
1755694250.989;0.0;1.0;4716;
1755694251.023;0.0;1.0;4717;
1755694251.056;0.0;1.0;4717;
1755694251.089;0.0;1.0;4719;
1755694251.123;0.0;1.0;4719;
1755694251.156;0.0;1.0;4721;
1755694251.223;0.0;1.0;4722;
1755694251.256;0.0;1.0;4724;
1755694251.289;0.0;1.0;4725;
1755694251.323;0.0;1.0;4726;
1755694251.356;0.0;1.0;4727;
1755694251.389;0.0;1.0;4728;
1755694251.423;0.0;1.0;4728;
1755694251.456;0.0;1.0;4730;
1755694251.489;0.0;1.0;4731;
1755694251.523;0.0;1.0;4731;
1755694251.556;0.0;1.0;4733;
1755694251.589;0.0;1.0;4733;
1755694251.623;0.0;1.0;4734;
1755694251.656;0.0;1.0;4736;
1755694251.689;0.0;1.0;4736;
1755694251.723;0.0;1.0;4736;
1755694251.756;0.0;1.0;4739;
1755694251.789;0.0;1.0;4739;
1755694251.823;0.0;1.0;4740;
1755694251.856;0.0;1.0;4741;
1755694251.889;0.0;1.0;4742;
1755694251.923;0.0;1.0;4744;
1755694251.956;0.0;1.0;4744;
1755694251.989;0.0;1.0;4744;
1755694252.023;0.0;1.0;4746;
1755694252.056;0.0;1.0;4748;
1755694252.089;0.0;1.0;4748;
1755694252.156;0.0;1.0;4751;
1755694252.189;0.0;1.0;4752;
1755694252.223;0.0;1.0;4753;
1755694252.256;0.0;1.0;4753;
1755694252.289;0.0;1.0;4754;
1755694252.323;0.0;1.0;4756;
1755694252.356;0.0;1.0;4757;
1755694252.389;0.4612155278523763;0.2829333270037616;4757;
1755694252.423;0.4616629918416341;0.27854642514829286;4758;
1755694252.456;0.4610043207804362;0.2757239447699653;4760;
1755694252.489;0.45764598846435545;0.2734077736183449;4761;
1755694252.523;0.45649760564168296;0.27215898301866315;4762;
1755694252.556;0.45379613240559896;0.2709769354926215;4762;
1755694252.589;0.4555995305379232;0.26849862557870374;4763;
1755694252.623;0.45560715993245443;0.27228500931351274;4764;
1755694252.656;0.458163579305013;0.275221026385272;4765;
1755694252.689;0.45382061004638674;0.2765979342990451;4767;
1755694252.723;0.45398251215616864;0.2777005230938947;4767;
1755694252.756;0.4533451716105143;0.2782159875940393;4767;
1755694252.789;0.4572869300842285;0.27827758789062496;4770;
1755694252.823;0.457928721110026;0.27907675283926503;4771;
1755694252.856;0.45674107869466146;0.27612027768735536;4771;
1755694252.889;0.45427236557006834;0.2747291847511574;4772;
1755694252.923;0.0;1.0;4772;
1755694252.956;0.0;1.0;4774;
1755694252.989;0.0;1.0;4776;
1755694253.023;0.0;1.0;4777;
1755694253.056;0.0;1.0;4777;
1755694253.089;0.0;1.0;4778;
1755694253.123;0.0;1.0;4779;
1755694253.156;0.0;1.0;4781;
1755694253.189;0.0;1.0;4782;
1755694253.223;0.0;1.0;4782;
1755694253.256;0.0;1.0;4783;
1755694253.289;0.0;1.0;4784;
1755694253.323;0.0;1.0;4786;
1755694253.356;0.0;1.0;4786;
1755694253.389;0.0;1.0;4788;
1755694253.423;0.0;1.0;4788;
1755694253.456;0.0;1.0;4790;
1755694253.489;0.0;1.0;4791;
1755694253.523;0.0;1.0;4791;
1755694253.556;0.0;1.0;4793;
1755694253.589;0.0;1.0;4794;
1755694253.623;0.5583120981852213;0.2872104786060474;4794;
1755694253.656;0.561572011311849;0.2884792186595776;4795;
1755694253.689;0.5627370834350586;0.2885542692961516;4796;
1755694253.723;0.5596561431884766;0.28955366346571176;4796;
1755694253.756;0.5549449284871419;0.29215003119574656;4798;
1755694253.789;0.5488712310791015;0.29289974636501737;4800;
1755694253.823;0.5481847127278646;0.2942018862123843;4800;
1755694253.856;0.5494469960530599;0.29519721137152777;4801;
1755694253.889;0.5467566172281901;0.29590069806134256;4803;
1755694253.923;0.5476409912109375;0.2964847140842014;4804;
1755694253.956;0.5503086090087891;0.29687240035445606;4805;
1755694253.989;0.552448590596517;0.29397402162905095;4806;
1755694254.023;0.5484310785929362;0.28524678548177085;4807;
1755694254.056;0.5490987777709961;0.27830431902850117;4807;
1755694254.089;0.5467387517293294;0.2724395186812789;4808;
1755694254.123;0.537216059366862;0.26935277868200236;4810;
1755694254.156;0.5310017903645833;0.26614747224030666;4810;
1755694254.189;0.5321189880371093;0.2628536083080151;4812;
1755694254.223;0.5302516937255859;0.26183567753544557;4813;
1755694254.256;0.5331001281738281;0.2621082447193287;4814;
1755694254.289;0.5308630625406902;0.2611233746563947;4815;
1755694254.323;0.5293140411376953;0.25818114104094325;4816;
1755694254.356;0.5228579203287761;0.2558691519278067;4817;
1755694254.389;0.5146329243977864;0.25085064923321754;4817;
1755694254.423;0.5111591339111328;0.24579179551866315;4819;
1755694254.456;0.5100242614746093;0.24210487648292822;4819;
1755694254.489;0.5096901575724284;0.24001374421296295;4821;
1755694254.523;0.5086944580078125;0.23740793863932297;4822;
1755694254.556;0.5054678281148275;0.23794804325810182;4823;
1755694254.589;0.5081979115804036;0.24089202880859373;4823;
1755694254.623;0.5095823923746745;0.24158924244068292;4824;
1755694254.656;0.505380916595459;0.25605700457537617;4825;
1755694254.689;0.506112798055013;0.2665118747287326;4826;
1755694254.723;0.5070264180501302;0.274359130859375;4827;
1755694254.756;0.5089663187662761;0.28046451144748263;4828;
1755694254.789;0.5114233016967773;0.2855127405237269;4828;
1755694254.823;0.0;1.0;4831;
1755694254.856;0.0;1.0;4832;
1755694254.889;0.0;1.0;4832;
1755694254.923;0.0;1.0;4834;
1755694254.956;0.0;1.0;4834;
1755694254.989;0.0;1.0;4836;
1755694255.023;0.0;1.0;4836;
1755694255.056;0.0;1.0;4837;
1755694255.089;0.0;1.0;4838;
1755694255.123;0.0;1.0;4840;
1755694255.156;0.0;1.0;4841;
1755694255.189;0.5099269231160481;0.2729011253074364;4841;
1755694255.223;0.5098791122436523;0.2571441085250289;4843;
1755694255.256;0.5122950553894043;0.24758634214048036;4843;
1755694255.289;0.5122090657552083;0.24476917408130783;4844;
1755694255.323;0.5114144643147787;0.24047325981987844;4846;
1755694255.356;0.5096294403076171;0.23802818015769678;4846;
1755694255.389;0.5089104334513347;0.2384364940502025;4848;
1755694255.423;0.5102200508117676;0.23602261013454862;4850;
1755694255.456;0.5121251424153646;0.24115860550491897;4850;
1755694255.489;0.5153394381205241;0.2418325918692129;4850;
1755694255.523;0.5152968724568685;0.24526785391348382;4852;
1755694255.556;0.5162670135498046;0.24563779477719905;4852;
1755694255.589;0.5155149141947428;0.24498392740885422;4853;
1755694255.623;0.5135253588358561;0.24383126718026615;4853;
1755694255.656;0.5168404579162598;0.24580168547453707;4856;
1755694255.689;0.5181149164835612;0.2446499859845197;4857;
1755694255.723;0.5197911262512207;0.24483930799696185;4857;
1755694255.756;0.5196574846903483;0.24558506718388307;4859;
1755694255.789;0.5194886207580567;0.2469679090711806;4859;
1755694255.823;0.5164826075236003;0.2472387808340567;4860;
1755694255.856;0.5177353541056315;0.24807846634476272;4862;
1755694255.889;0.5164985020955404;0.249519122088397;4863;
1755694255.923;0.518175729115804;0.2500852796766493;4863;
1755694255.956;0.5168875376383464;0.2518432052047165;4863;
1755694255.989;0.5180413246154785;0.2637369791666667;4865;
1755694256.023;0.0;1.0;4865;
1755694256.056;0.0;1.0;4867;
1755694256.089;0.0;1.0;4867;
1755694256.123;0.0;1.0;4868;
1755694256.156;0.0;1.0;4870;
1755694256.189;0.0;1.0;4870;
1755694256.223;0.0;1.0;4873;
1755694256.256;0.0;1.0;4874;
1755694256.289;0.0;1.0;4874;
1755694256.323;0.0;1.0;4875;
1755694256.356;0.0;1.0;4876;
1755694256.389;0.0;1.0;4876;
1755694256.423;0.0;1.0;4877;
1755694256.456;0.0;1.0;4878;
1755694256.489;0.0;1.0;4879;
1755694256.523;0.0;1.0;4880;
1755694256.556;0.0;1.0;4880;
1755694256.589;0.0;1.0;4882;
1755694256.623;0.0;1.0;4883;
1755694256.656;0.0;1.0;4883;
1755694256.689;0.0;1.0;4885;
1755694256.723;0.0;1.0;4886;
1755694256.756;0.0;1.0;4887;
1755694256.789;0.0;1.0;4888;
1755694256.823;0.0;1.0;4890;
1755694256.856;0.0;1.0;4890;
1755694256.889;0.0;1.0;4890;
1755694256.923;0.0;1.0;4892;
1755694256.956;0.0;1.0;4893;
1755694256.989;0.0;1.0;4895;
1755694257.023;0.0;1.0;4895;
1755694257.056;0.0;1.0;4897;
1755694257.089;0.0;1.0;4898;
1755694257.123;0.0;1.0;4898;
1755694257.156;0.0;1.0;4900;
1755694257.189;0.0;1.0;4901;
1755694257.223;0.0;1.0;4902;
1755694257.256;0.0;1.0;4902;
1755694257.289;0.0;1.0;4903;
1755694257.323;0.0;1.0;4905;
1755694257.356;0.0;1.0;4906;
1755694257.389;0.6145320892333984;0.1507500542534722;4907;
1755694257.423;0.6086814880371094;0.1553473578559028;4907;
1755694257.456;0.5781310399373373;0.22720325611255787;4907;
1755694257.489;0.0;1.0;4910;
1755694257.523;0.5564943313598633;0.2342725965711806;4911;
1755694257.556;0.5096914291381835;0.2569647894965278;4911;
1755694257.589;0.5116045951843262;0.2561412669994213;4912;
1755694257.623;0.5128419240315755;0.25142810962818285;4913;
1755694257.656;0.5138797124226888;0.24764754683883106;4914;
1755694257.689;0.5147474924723308;0.24612794099030666;4916;
1755694257.723;0.5113813400268554;0.2504347624602141;4917;
1755694257.756;0.5104334513346355;0.24207854094328707;4917;
1755694257.789;0.5063305536905924;0.23609771728515627;4918;
1755694257.823;0.5044217745463053;0.23511962890625004;4919;
1755694257.856;0.5051782608032227;0.23386349148220487;4920;
1755694257.889;0.5031304359436035;0.23904221146195026;4922;
1755694257.923;0.49911734263102214;0.23343302408854172;4922;
1755694257.956;0.46774384180704753;0.15985559534143523;4923;
1755694257.989;0.4708146413167318;0.15964745415581594;4925;
1755694258.023;0.46930138270060223;0.16583478009259256;4926;
1755694258.056;0.46986090342203773;0.17045022469979743;4926;
1755694258.089;0.4733160654703776;0.17701545997902202;4926;
1755694258.123;0.47407922744750974;0.1806285151728877;4928;
1755694258.156;0.47654603322347006;0.16831755461516207;4929;
1755694258.189;0.4785050710042318;0.1584195737485532;4931;
1755694258.223;0.4809730847676595;0.15476571542245365;4932;
1755694258.256;0.4813778559366862;0.14906299732349537;4932;
1755694258.289;0.4785365104675293;0.14710060402199077;4934;
1755694258.323;0.4833063761393229;0.14794192843967013;4935;
1755694258.356;0.5137584050496419;0.22145860460069444;4936;
1755694258.389;0.5207174936930339;0.238922119140625;4936;
1755694258.423;0.5265160242716471;0.2560075547960069;4937;
1755694258.456;0.5296089808146159;0.2650123313621239;4939;
1755694258.489;0.5329289436340332;0.27469714129412615;4939;
1755694258.523;0.5334960301717122;0.28145486337167247;4941;
1755694258.556;0.5335520426432292;0.286396959092882;4942;
1755694258.589;0.5358956019083659;0.28864034016927087;4942;
1755694258.623;0.5378577550252278;0.2925056174949363;4943;
1755694258.656;0.5391172409057617;0.291785967791522;4943;
1755694258.689;0.5382165273030599;0.2955926400643808;4944;
1755694258.723;0.5397520065307617;0.29761098225911453;4944;
1755694258.756;0.5434237798055013;0.2988551952220776;4946;
1755694258.789;0.547146733601888;0.29875426115813075;4948;
1755694258.823;0.5488528569539388;0.2979525530779803;4948;
1755694258.856;0.5517946243286133;0.29813119393807874;4948;
1755694258.889;0.5519966761271159;0.29696570502387154;4951;
1755694258.923;0.5546680450439453;0.2975744176793982;4951;
1755694258.956;0.5576051712036133;0.2935268825954861;4952;
1755694258.989;0.5602130889892578;0.29127146402994797;4953;
1755694259.023;0.562368901570638;0.2881668090820313;4955;
1755694259.056;0.5617644627888997;0.28540389449508097;4955;
1755694259.089;0.56034361521403;0.28453431306061916;4957;
1755694259.123;0.5584889729817708;0.2864552815755208;4958;
1755694259.156;0.5578621546427409;0.28399443449797457;4958;
1755694259.189;0.5563463846842448;0.2806807341399016;4959;
1755694259.223;0.5589651743570964;0.2735586095739294;4960;
1755694259.256;0.5608990987141927;0.272948314525463;4960;
1755694259.289;0.5608076095581055;0.26947343614366315;4962;
1755694259.323;0.0;1.0;4962;
1755694259.356;0.0;1.0;4963;
1755694259.389;0.0;1.0;4964;
1755694259.423;0.0;1.0;4966;
1755694259.456;0.5203468322753906;0.1017257690429687;4967;
1755694259.489;0.5178941408793132;0.10371031584563084;4968;
1755694259.523;0.5157501220703125;0.10500465675636572;4968;
1755694259.556;0.5167054494222005;0.10326577645760993;4968;
1755694259.589;0.5175104777018229;0.10236432110821758;4970;
1755694259.623;0.5198238372802735;0.10236607304325807;4971;
1755694259.656;0.5190745035807292;0.09480709499782991;4972;
1755694259.689;0.0;1.0;4972;
1755694259.723;0.0;1.0;4974;
1755694259.756;0.0;1.0;4975;
1755694259.789;0.0;1.0;4975;
1755694259.823;0.0;1.0;4978;
1755694259.856;0.0;1.0;4978;
1755694259.923;0.0;1.0;4982;
1755694259.956;0.0;1.0;4982;
1755694259.989;0.0;1.0;4983;
1755694260.023;0.0;1.0;4984;
1755694260.056;0.0;1.0;4984;
1755694260.089;0.4160677274068197;0.36549682617187496;4985;
1755694260.123;0.41976887385050454;0.35893475567853006;4986;
1755694260.156;0.4189417839050293;0.34598292598017943;4988;
1755694260.189;0.4176837285359701;0.33219694914641207;4989;
1755694260.289;0.4178892453511556;0.30526744701244213;4992;
1755694260.323;0.4198820432027181;0.29477550365306715;4993;
1755694260.356;0.4224336306254069;0.28473284686053246;4994;
1755694260.389;0.42603063583374023;0.27737358940972223;4994;
1755694260.423;0.42969141006469724;0.2683685867874711;4995;
1755694260.456;0.43822895685831703;0.26323225233289926;4997;
1755694260.49;0.4423161188761393;0.25725510208695024;4997;
1755694260.556;0.443345578511556;0.2501472190574363;5000;
1755694260.59;0.446172841389974;0.24588165283203123;5000;
1755694260.623;0.44492311477661134;0.25119594997829864;5002;
1755694260.656;0.4412713368733724;0.2521239104094328;5002;
1755694260.69;0.4403329531351725;0.2562016805013021;5002;
1755694260.723;0.4386160850524902;0.2551912660951967;5004;
1755694260.756;0.4351357460021973;0.25887694182219334;5006;
1755694260.79;0.4322264035542806;0.2628425880714699;5006;
1755694260.823;0.42939023971557616;0.2674988358109086;5007;
1755694260.856;0.42876532872517903;0.26946902804904516;5009;
1755694260.89;0.4296329816182454;0.27710249159071176;5010;
1755694260.923;0.4335432688395182;0.2807440863715278;5010;
1755694260.956;0.4362473487854004;0.2778401692708333;5010;
1755694260.99;0.4394553184509277;0.27969445122612846;5012;
1755694261.023;0.4478571573893229;0.2769446478949653;5012;
1755694261.056;0.4530085563659668;0.28107955367476856;5013;
1755694261.09;0.45634552637736003;0.2814264933268229;5014;
1755694261.123;0.46621440251668295;0.28323985912181715;5014;
1755694261.156;0.4728997548421224;0.28634575737847223;5016;
1755694261.19;0.48056119283040366;0.2881966484917535;5018;
1755694261.223;0.4879054387410482;0.2903461597583912;5020;
1755694261.256;0.49402389526367185;0.2900489524558738;5020;
1755694261.29;0.4990174611409505;0.2922944245515047;5021;
1755694261.323;0.4973795255025228;0.2931407222041378;5021;
1755694261.356;0.4991378466288249;0.2950703938802083;5021;
1755694261.39;0.503097407023112;0.29684866446035885;5023;
1755694261.423;0.5040704727172851;0.2996949372468172;5024;
1755694261.456;0.5053606669108073;0.30040865297670716;5025;
1755694261.49;0.5066168785095215;0.3030414722583912;5026;
1755694261.523;0.5103275299072265;0.30431128607855906;5027;
1755694261.556;0.5105312983194987;0.3057700828269676;5029;
1755694261.59;0.5113707860310872;0.3070354320384838;5030;
1755694261.623;0.5127354939778646;0.3088942351164641;5031;
1755694261.656;0.5108727137247722;0.30902749520760997;5031;
1755694261.69;0.5117754300435384;0.3123315316659433;5033;
1755694261.723;0.5121773401896159;0.31373680962456596;5033;
1755694261.756;0.5160284678141276;0.3164068716543692;5035;
1755694261.79;0.5182202974955241;0.3180617720992477;5038;
1755694261.823;0.5228878339131673;0.3177622477213542;5038;
1755694261.856;0.5212779680887858;0.3198326958550347;5038;
1755694261.89;0.5206397692362468;0.3217013888888889;5038;
1755694261.923;0.5189418792724609;0.3223182960792824;5039;
1755694261.956;0.5193869908650716;0.3241185506184896;5039;
1755694261.99;0.5228272120157877;0.3247561419451678;5042;
1755694262.023;0.5220163345336915;0.3260296856915509;5042;
1755694262.056;0.5184464454650879;0.3262215508355035;5043;
1755694262.09;0.5171692530314128;0.327952406141493;5045;
1755694262.123;0.5194817860921224;0.32809804280598953;5046;
1755694262.156;0.5149714787801106;0.3281171445493345;5046;
1755694262.19;0.5078866958618165;0.3268610071252893;5048;
1755694262.223;0.5036837895711263;0.326863267686632;5049;
1755694262.256;0.49460681279500324;0.32562640154803246;5049;
1755694262.29;0.49016329447428386;0.3252074630172165;5051;
1755694262.323;0.48566068013509117;0.32571546766493054;5051;
1755694262.356;0.48161617914835614;0.33109407778139466;5053;
1755694262.39;0.4807127952575684;0.33553285951967593;5054;
1755694262.423;0.47733949025472006;0.3379878291377315;5055;
1755694262.456;0.47247982025146484;0.3406222308123553;5055;
1755694262.49;0.47161569595336916;0.3438000714337385;5057;
1755694262.523;0.466993522644043;0.3484401561595776;5058;
1755694262.556;0.4664066950480143;0.3501379507559317;5058;
1755694262.59;0.4681028683980306;0.3514925356264468;5060;
1755694262.623;0.4661887486775716;0.3553957338686342;5060;
1755694262.656;0.467870553334554;0.35837306269892943;5060;
1755694262.69;0.46651334762573243;0.36278127034505203;5060;
1755694262.723;0.47149445215861;0.3491105256257234;5060;
1755694262.756;0.5059072494506835;0.18918485288266784;5061;
1755694262.79;0.5038338343302409;0.18405484799985528;5062;
1755694262.823;0.49775851567586266;0.1844082867657697;5063;
1755694262.856;0.49577366511027016;0.1854617648654514;5064;
1755694262.89;0.4895403544108073;0.20051218668619797;5066;
1755694262.923;0.48667771021525064;0.20588706687644676;5067;
1755694262.956;0.48468974431355794;0.2158682929144965;5067;
1755694262.99;0.48540172576904295;0.22337725604021996;5069;
1755694263.023;0.48658250172932943;0.22971914785879632;5070;
1755694263.056;0.4925784746805827;0.3298760308159723;5070;
1755694263.09;0.0;1.0;5071;
1755694263.123;0.5186081568400065;0.48540496826171875;5073;
1755694263.156;0.0;1.0;5073;
1755694263.19;0.5179486910502116;0.4660515114113136;5075;
1755694263.223;0.5145860354105631;0.45066760027850117;5076;
1755694263.256;0.5135685920715332;0.43869843659577545;5076;
1755694263.29;0.5151912053426106;0.42832686812789356;5077;
1755694263.323;0.5152560551961263;0.4166127522786458;5079;
1755694263.356;0.5168613115946452;0.4061383282696759;5079;
1755694263.39;0.5176479975382487;0.39981638590494795;5080;
1755694263.423;0.5174098014831543;0.39137951886212385;5080;
1755694263.456;0.5182155291239421;0.3881873236762152;5082;
1755694263.49;0.5216084798177083;0.3845818978768808;5082;
1755694263.523;0.5287733713785807;0.38194348370587383;5083;
1755694263.556;0.5330179850260417;0.37875626175491894;5083;
1755694263.59;0.5349972407023112;0.3778771294487847;5084;
1755694263.623;0.5362466176350912;0.37596972430193865;5085;
1755694263.656;0.53306458791097;0.37272084554036455;5086;
1755694263.69;0.5333607355753581;0.3685729415328415;5086;
1755694263.723;0.5359014511108399;0.3671385588469329;5086;
1755694263.756;0.5391783396402995;0.35936991373697913;5087;
1755694263.79;0.5438519159952799;0.3517981070059317;5089;
1755694263.823;0.5486928304036458;0.34926260489004635;5090;
1755694263.856;0.5561720530192057;0.34659028229890043;5090;
1755694263.89;0.5522778193155925;0.3450459233036748;5090;
1755694263.923;0.5471068064371745;0.34251488579644096;5090;
1755694263.956;0.5389029820760091;0.33934094464337383;5092;
1755694263.99;0.5341606775919596;0.33644301803023724;5094;
1755694264.023;0.5259475708007812;0.3315104166666667;5095;
1755694264.056;0.5194230079650879;0.32864509865089697;5095;
1755694264.09;0.5127970695495605;0.3237045288085938;5096;
1755694264.123;0.5126827875773112;0.3164858782732928;5098;
1755694264.156;0.5082109451293946;0.31579957184968166;5099;
1755694264.19;0.5079175949096679;0.30790795220269096;5099;
1755694264.223;0.5100380897521972;0.29952347366898147;5100;
1755694264.256;0.5112884521484375;0.2956686514395255;5101;
1755694264.29;0.5144059499104817;0.29066427725332755;5102;
1755694264.323;0.5173600832621257;0.28559960259331596;5104;
1755694264.356;0.5193372408548991;0.2798694751880787;5105;
1755694264.39;0.5221183141072591;0.27504244203920714;5105;
1755694264.423;0.5271237373352051;0.2704744692201968;5106;
1755694264.456;0.5289689381917317;0.2679113317418982;5107;
1755694264.49;0.5292971293131511;0.26859108253761577;5108;
1755694264.523;0.5267683982849121;0.26904370343243633;5109;
1755694264.556;0.5250046730041504;0.2719438906069155;5110;
1755694264.59;0.5253303527832032;0.27689768473307297;5111;
1755694264.623;0.5240962028503418;0.2832578870985243;5111;
1755694264.656;0.5214977900187174;0.28712175157335074;5112;
1755694264.69;0.5188484827677409;0.29297954418041083;5113;
1755694264.723;0.519246514638265;0.2954850373444734;5113;
1755694264.756;0.5195919354756673;0.29947187635633676;5115;
1755694264.79;0.5171297073364258;0.30485432942708335;5117;
1755694264.823;0.517119820912679;0.3069159048574942;5118;
1755694264.856;0.5169734319051107;0.3109978569878472;5118;
1755694264.89;0.5197917938232421;0.3174927888093171;5119;
1755694264.923;0.5195318539937337;0.31841244167751737;5120;
1755694264.956;0.5203965822855632;0.3200150666413484;5121;
1755694264.99;0.5225807507832845;0.3228906136971933;5122;
1755694265.023;0.5230708758036295;0.32549144603587965;5123;
1755694265.056;0.5211035728454589;0.3264671608253762;5124;
1755694265.09;0.5223950703938802;0.32764231363932295;5125;
1755694265.123;0.5222820599873861;0.3273915043583623;5126;
1755694265.156;0.5241572380065918;0.3268092967845776;5127;
1755694265.19;0.5253279368082683;0.3255715829354745;5128;
1755694265.223;0.524877421061198;0.32552857575593175;5129;
1755694265.256;0.5248065630594889;0.3251434326171875;5130;
1755694265.29;0.5230754534403483;0.32456461588541663;5131;
1755694265.323;0.5240146001180013;0.32398681640625004;5133;
1755694265.356;0.5278357187906901;0.3226365831163195;5134;
1755694265.39;0.5297254244486491;0.32210128219039347;5134;
1755694265.423;0.5281816800435384;0.3266728719075521;5136;
1755694265.456;0.5288057963053385;0.3320356580946181;5137;
1755694265.49;0.5289244651794434;0.3353420681423611;5137;
1755694265.523;0.5299749374389648;0.33609460901331023;5138;
1755694265.556;0.5317833900451661;0.33839597348813655;5140;
1755694265.59;0.5338417689005533;0.34030507405598953;5141;
1755694265.623;0.538668696085612;0.340753173828125;5142;
1755694265.656;0.5398440678914388;0.3398143061885127;5142;
1755694265.69;0.5403170267740885;0.33923854121455443;5144;
1755694265.723;0.5422264734903971;0.3390076248734085;5145;
1755694265.756;0.541867446899414;0.3388602362738715;5145;
1755694265.79;0.5425100962320963;0.337713623046875;5147;
1755694265.823;0.5410769780476888;0.3379459522388599;5147;
1755694265.856;0.5386892318725586;0.33742285834418406;5147;
1755694265.89;0.5382144292195638;0.33788158275462965;5150;
1755694265.923;0.5357709884643554;0.3387231332284433;5151;
1755694265.956;0.5350950241088868;0.3384734542281539;5152;
1755694265.99;0.533124574025472;0.3389838889793113;5153;
1755694266.023;0.5335606257120769;0.33934026647497106;5153;
1755694266.056;0.5382729848225911;0.33913387722439237;5154;
1755694266.09;0.5451089223225911;0.340520336009838;5155;
1755694266.123;0.5489519119262696;0.34120251690899883;5156;
1755694266.156;0.5520532608032227;0.3431033099139178;5158;
1755694266.19;0.5569191614786784;0.34548017713758683;5159;
1755694266.223;0.5603381474812825;0.34676977086950234;5160;
1755694266.256;0.556683349609375;0.3468466299551505;5160;
1755694266.29;0.5590726852416992;0.3475491559063947;5162;
1755694266.323;0.5585823694864909;0.3489095052083333;5163;
1755694266.356;0.5584796269734701;0.3479631212022569;5164;
1755694266.39;0.5566191991170247;0.34916410092954286;5164;
1755694266.423;0.5565566380818685;0.3486238267686632;5166;
1755694266.456;0.5572420756022135;0.34801957872178824;5166;
1755694266.49;0.5579992930094401;0.3477040608723958;5168;
1755694266.523;0.5570223490397136;0.3463270399305556;5169;
1755694266.556;0.5574194590250651;0.3443793402777777;5169;
1755694266.59;0.5565570831298828;0.34466055410879626;5171;
1755694266.623;0.5541787465413411;0.34571815773292824;5171;
1755694266.656;0.5551082611083984;0.3453510990849248;5172;
1755694266.69;0.5550552368164062;0.3455257274486401;5173;
1755694266.723;0.5544001897176106;0.345555736400463;5173;
1755694266.756;0.5553791046142578;0.345383142541956;5173;
1755694266.79;0.557300313313802;0.3456068250868055;5175;
1755694266.823;0.5581307729085286;0.34663289388020835;5177;
1755694266.856;0.557835070292155;0.3463400381582754;5177;
1755694266.89;0.5548413594563802;0.34886180736400463;5179;
1755694266.923;0.5557177861531576;0.34930928548177087;5180;
1755694266.956;0.5557928721110026;0.3503082840530961;5181;
1755694266.99;0.5556297938028971;0.3538079155815972;5181;
1755694267.023;0.5537878672281901;0.3531817966037326;5183;
1755694267.056;0.5564284006754557;0.3537259137188947;5183;
1755694267.09;0.5553281148274739;0.3552065248842593;5184;
1755694267.123;0.5556338628133138;0.3591005113389757;5186;
1755694267.156;0.5517971674601237;0.3610670301649306;5187;
1755694267.19;0.5519478480021159;0.3622217814127604;5188;
1755694267.223;0.5506765365600585;0.36435998987268514;5189;
1755694267.256;0.5544541041056316;0.36587439643012154;5190;
1755694267.29;0.5568250020345052;0.3664206045645254;5190;
1755694267.323;0.5571080525716146;0.36686440927011;5192;
1755694267.356;0.5605014165242513;0.3681653058087384;5192;
1755694267.39;0.5605812072753906;0.3690934357819734;5194;
1755694267.423;0.5600377400716146;0.36907602945963547;5195;
1755694267.456;0.5590356190999349;0.36980845133463547;5195;
1755694267.49;0.5608221689860026;0.3691060384114583;5195;
1755694267.523;0.5571022669474284;0.3697035047743056;5197;
1755694267.556;0.5570133845011394;0.36965286820023147;5198;
1755694267.59;0.5530789057413737;0.3657505176685475;5198;
1755694267.623;0.5567836761474609;0.36922375714337385;5200;
1755694267.656;0.5565804163614909;0.36980042634186916;5200;
1755694267.69;0.5632939020792643;0.3732542249891493;5202;
1755694267.723;0.5659615834554036;0.3727420383029514;5203;
1755694267.756;0.5637935638427735;0.37617701777705437;5203;
1755694267.79;0.5622738520304362;0.377142333984375;5203;
1755694267.823;0.561044438680013;0.3788205182110822;5206;
1755694267.856;0.5581539789835612;0.38047705756293404;5206;
1755694267.89;0.560231335957845;0.38104994032118056;5208;
1755694267.923;0.5634243647257487;0.3797440705475984;5209;
1755694267.956;0.5688411712646484;0.37873388219762727;5210;
1755694267.99;0.561825942993164;0.3784289889865451;5211;
1755694268.023;0.513455327351888;0.31471325909649883;5212;
1755694268.056;0.5111347516377767;0.31147980866608793;5212;
1755694268.09;0.4455044428507487;0.2065226802119502;5213;
1755694268.123;0.4386794408162435;0.2067784627278646;5213;
1755694268.156;0.4350480397542318;0.2026848687065972;5215;
1755694268.19;0.43771820068359374;0.20779526321976272;5215;
1755694268.223;0.44061361948649086;0.20774694372106484;5215;
1755694268.256;0.4425573984781901;0.21158695927372684;5217;
1755694268.29;0.44615983963012695;0.22120530870225696;5218;
1755694268.323;0.45033833185831706;0.22993554009331596;5220;
1755694268.356;0.45531339645385743;0.2375534057617188;5221;
1755694268.39;0.4627789179484049;0.24811361807364007;5221;
1755694268.423;0.0;1.0;5223;
1755694268.456;0.0;1.0;5223;
1755694268.49;0.45540733337402345;0.279243243182147;5225;
1755694268.523;0.0;1.0;5225;
1755694268.556;0.0;1.0;5226;
1755694268.59;0.0;1.0;5226;
1755694268.623;0.46276264190673827;0.13801049126519094;5228;
1755694268.656;0.4654078483581543;0.13779878969545722;5228;
1755694268.69;0.5101944287618001;0.11956165455005785;5228;
1755694268.723;0.5136250178019206;0.1127034505208333;5230;
1755694268.756;0.5153904596964518;0.11022559271918397;5231;
1755694268.79;0.5132688840230306;0.11217035364221639;5232;
1755694268.823;0.5156895001729329;0.10972295690465861;5233;
1755694268.856;0.5138312021891276;0.1164906254521123;5234;
1755694268.89;0.5132836023966472;0.11685316297743054;5236;
1755694268.923;0.5269007047017416;0.11443436234085647;5236;
1755694268.956;0.5373938242594402;0.11385379367404513;5237;
1755694268.99;0.541119130452474;0.11329136601200807;5238;
1755694269.023;0.5440099080403645;0.11517848262080443;5240;
1755694269.056;0.5429606119791667;0.11952961109302662;5240;
1755694269.09;0.5384846369425456;0.19489361798321758;5241;
1755694269.123;0.5427131652832031;0.20469835069444442;5244;
1755694269.156;0.5379791895548502;0.22134173357928244;5244;
1755694269.19;0.533474858601888;0.22932349310980904;5245;
1755694269.223;0.5348409016927084;0.23666800039785885;5246;
1755694269.256;0.5301517804463705;0.23950443974247682;5246;
1755694269.29;0.5290133476257324;0.2419098465530961;5247;
1755694269.323;0.5308435440063477;0.24028325963903352;5247;
1755694269.356;0.526611042022705;0.2303263911494502;5248;
1755694269.39;0.5223379770914713;0.22357465955946176;5249;
1755694269.423;0.5133826255798339;0.21092631022135422;5250;
1755694269.456;0.5038230260213216;0.18625233968098953;5251;
1755694269.49;0.0;1.0;5251;
1755694269.523;0.5142357508341472;0.18332745587384258;5253;
1755694269.556;0.0;1.0;5254;
1755694269.59;0.0;1.0;5255;
1755694269.623;0.0;1.0;5257;
1755694269.656;0.0;1.0;5257;
1755694269.69;0.0;1.0;5258;
1755694269.723;0.5324175516764323;0.3595165676540799;5258;
1755694269.756;0.0;1.0;5260;
1755694269.79;0.5346279144287109;0.34660265887225117;5262;
1755694269.823;0.5329626083374024;0.3300850197120949;5263;
1755694269.856;0.5338624318440756;0.32220091643156834;5264;
1755694269.89;0.5321852684020996;0.3072231151439525;5265;
1755694269.923;0.5255130449930827;0.3033636022497106;5265;
1755694269.956;0.5230545997619629;0.2976813422309028;5267;
1755694269.99;0.5214104016621908;0.29264305962456594;5268;
1755694270.023;0.5205440521240234;0.2874985871491609;5269;
1755694270.056;0.5196195920308431;0.28332242612485536;5269;
1755694270.09;0.5185309727986653;0.280557703088831;5271;
1755694270.123;0.5162972132364909;0.2781071980794271;5271;
1755694270.156;0.5169888178507487;0.2766594780815972;5271;
1755694270.19;0.5193899154663086;0.2722987987377026;5274;
1755694270.223;0.5191418965657552;0.27302590829354745;5274;
1755694270.256;0.5226965586344401;0.270548841688368;5274;
1755694270.29;0.5239957491556804;0.2682579888237847;5275;
1755694270.323;0.5282408078511556;0.2665285463686342;5275;
1755694270.356;0.5283474286397298;0.26484906231915506;5275;
1755694270.39;0.5307476043701171;0.2644961321795428;5278;
1755694270.423;0.5341417948404948;0.26571429217303244;5279;
1755694270.456;0.5340638478597005;0.2670015688295717;5279;
1755694270.49;0.5371971130371094;0.26930965847439237;5281;
1755694270.523;0.5372596104939779;0.27075110541449654;5282;
1755694270.556;0.5376176198323568;0.272487555609809;5283;
1755694270.59;0.5355312983194987;0.272919605396412;5283;
1755694270.623;0.5355087280273437;0.27322240758825234;5284;
1755694270.656;0.5351497014363606;0.27342766655815975;5285;
1755694270.69;0.5360499699910481;0.2746419835973669;5287;
1755694270.723;0.5376927693684895;0.2790360627350984;5288;
1755694270.756;0.5392207463582357;0.2817880135995371;5288;
1755694270.79;0.5401641209920247;0.28643917507595484;5290;
1755694270.823;0.536946169535319;0.288914207175926;5290;
1755694270.856;0.5376092910766601;0.28999537715205437;5290;
1755694270.89;0.5361302057902019;0.2921013726128472;5292;
1755694270.923;0.5351301193237304;0.29396068431712963;5292;
1755694270.956;0.5353133519490559;0.2966518260814526;5294;
1755694270.99;0.534493891398112;0.29724646674262156;5294;
1755694271.023;0.5337947845458985;0.29812203866464115;5297;
1755694271.056;0.5341384887695313;0.2995461923104745;5298;
1755694271.09;0.5302473386128743;0.3006877757884838;5300;
1755694271.123;0.5310857772827149;0.3011808042173032;5300;
1755694271.156;0.5304515202840169;0.3007198757595486;5301;
1755694271.19;0.5291696866353353;0.30128705060040506;5301;
1755694271.223;0.5274065653483073;0.3021068431712963;5303;
1755694271.256;0.5285325686136881;0.3030246310763889;5303;
1755694271.29;0.5278208732604981;0.3034830164026331;5305;
1755694271.323;0.5266734441121419;0.30424838595920134;5306;
1755694271.356;0.5265761057535807;0.30492322003399885;5307;
1755694271.39;0.5259380340576172;0.3055543122468172;5308;
1755694271.423;0.5267764409383138;0.30467297589337383;5309;
1755694271.456;0.5243502934773763;0.3058817545572917;5309;
1755694271.49;0.5228628476460775;0.3058432119864004;5309;
1755694271.523;0.5207847913106283;0.30874515109592016;5311;
1755694271.556;0.5195906321207683;0.3115657665111401;5311;
1755694271.59;0.5199563026428222;0.3126237657335069;5311;
1755694271.623;0.5184688568115234;0.3146215933340567;5312;
1755694271.656;0.5164334297180175;0.32242273401331023;5313;
1755694271.69;0.5179612159729003;0.3273548267505787;5313;
1755694271.723;0.5176609039306641;0.3312653153030961;5315;
1755694271.756;0.5165625890096028;0.337788560655382;5316;
1755694271.79;0.5160642941792806;0.3459389015480324;5318;
1755694271.823;0.518719736735026;0.35496622721354165;5318;
1755694271.856;0.5208760579427083;0.3531678376374421;5319;
1755694271.89;0.5217062314351399;0.34686680546513315;5321;
1755694271.923;0.5255001068115235;0.35384713632089115;5321;
1755694271.956;0.522681713104248;0.35554278338396994;5322;
1755694271.99;0.5222286542256673;0.3584490740740741;5324;
1755694272.023;0.5228493372599284;0.3625881618923611;5324;
1755694272.056;0.522801939646403;0.3642947726779514;5326;
1755694272.09;0.5264519373575847;0.37142430058232057;5327;
1755694272.123;0.5180541356404622;0.36549733479817703;5328;
1755694272.156;0.5159226099650065;0.36096750895182295;5329;
1755694272.19;0.5125318845113118;0.35421492965133106;5330;
1755694272.223;0.5134259541829427;0.3503234298140915;5331;
1755694272.256;0.5408219655354818;0.4262132432725695;5332;
1755694272.29;0.5368589401245117;0.42596192536530675;5333;
1755694272.323;0.5300553003946941;0.4252095540364583;5333;
1755694272.356;0.5272301991780599;0.4234087343569155;5335;
1755694272.39;0.5272799809773763;0.42170110631872104;5335;
1755694272.423;0.5257508277893066;0.4189604017469618;5336;
1755694272.456;0.5269492149353028;0.41702892162181715;5338;
1755694272.49;0.5250085512797038;0.41396552191840275;5339;
1755694272.523;0.5220353126525878;0.41261489303023724;5339;
1755694272.556;0.5160395622253418;0.4106725622106482;5341;
1755694272.59;0.5146177927652995;0.40895357485170714;5342;
1755694272.623;0.5142872492472331;0.4097104673032408;5342;
1755694272.656;0.5116671880086263;0.40926530626085067;5344;
1755694272.69;0.5111372947692872;0.4075213396990741;5347;
1755694272.723;0.5026446024576823;0.33598316333912037;5347;
1755694272.756;0.416868782043457;0.16978262442129632;5347;
1755694272.79;0.42070191701253257;0.17162684687861685;5348;
1755694272.823;0.4224870999654134;0.1736789844654224;5348;
1755694272.856;0.42593615849812827;0.17877022072120952;5349;
1755694272.89;0.42819623947143554;0.1854600694444445;5350;
1755694272.923;0.43152847290039065;0.1850633409288195;5352;
1755694272.956;0.4371143341064453;0.19270884195963545;5352;
1755694272.99;0.4379363695780436;0.1990145647967303;5353;
1755694273.023;0.4405154863993327;0.20791219075520828;5355;
1755694273.056;0.4471232096354167;0.20997585720486112;5356;
1755694273.09;0.4554837862650553;0.21509303340205443;5356;
1755694273.123;0.4615170478820801;0.2211092913592303;5357;
1755694273.156;0.46671937306722006;0.22788741500289356;5358;
1755694273.19;0.47369680404663084;0.23085202817563655;5358;
1755694273.223;0.4816619873046875;0.2343735871491609;5360;
1755694273.256;0.48527453740437826;0.23708236129195603;5361;
1755694273.29;0.48934558232625325;0.2393627590603299;5361;
1755694273.323;0.4892208417256673;0.24201609293619797;5363;
1755694273.356;0.4900401433308919;0.24570985016999425;5364;
1755694273.39;0.48731040954589844;0.2525776615849248;5365;
1755694273.423;0.48931744893391926;0.2575245044849537;5366;
1755694273.456;0.4935363451639811;0.26323530409071183;5366;
1755694273.49;0.49647785822550455;0.27040422227647565;5367;
1755694273.523;0.5023138682047527;0.27713430899160885;5368;
1755694273.556;0.5034065882364909;0.26366537588614003;5369;
1755694273.59;0.5040672302246094;0.25344809072989005;5371;
1755694273.623;0.5036623636881511;0.24711382830584494;5372;
1755694273.656;0.502960745493571;0.24448180022063082;5373;
1755694273.69;0.5080958048502604;0.246969152379919;5374;
1755694273.723;0.5132054646809896;0.24857516818576386;5374;
1755694273.756;0.5158429145812988;0.2515163280345776;5376;
1755694273.79;0.5186547597249349;0.2569413361725984;5376;
1755694273.823;0.5183987617492676;0.255244728370949;5378;
1755694273.856;0.521049976348877;0.25803686071325227;5379;
1755694273.89;0.5212819417317708;0.25556069833260997;5380;
1755694273.923;0.5181116422017416;0.2578539813006365;5381;
1755694273.956;0.5198971112569173;0.26116491247106477;5382;
1755694273.99;0.5211264610290527;0.26997160734953707;5383;
1755694274.023;0.523892593383789;0.26966394495081014;5383;
1755694274.056;0.5226293881734212;0.2739443743670428;5384;
1755694274.09;0.5225223223368327;0.27626048900462963;5384;
1755694274.123;0.5207639376322428;0.2798438743308739;5386;
1755694274.156;0.5214406331380208;0.2826862476490162;5388;
1755694274.19;0.5229529698689779;0.2843610975477431;5389;
1755694274.223;0.5217301368713378;0.2854738588686343;5389;
1755694274.256;0.521782112121582;0.28717600504557295;5391;
1755694274.29;0.5214691162109375;0.28886402271412037;5392;
1755694274.323;0.5195993741353353;0.2879180908203125;5393;
1755694274.356;0.5189012209574382;0.2899519178602431;5393;
1755694274.39;0.5193625132242838;0.28929652461299193;5394;
1755694274.423;0.5183702150980631;0.28841648808232057;5396;
1755694274.456;0.516716480255127;0.2882341172960069;5397;
1755694274.49;0.516851298014323;0.2879440307617187;5397;
1755694274.523;0.5155150731404622;0.28510504828559025;5399;
1755694274.556;0.5144717216491699;0.2837340743453415;5399;
1755694274.59;0.5916447957356771;0.33034340187355327;5401;
1755694274.623;0.5971520105997722;0.3377170704029224;5401;
1755694274.656;0.6014493942260742;0.3452631067346643;5402;
1755694274.69;0.6035084406534831;0.3487995854130498;5403;
1755694274.723;0.6045608520507812;0.34931278935185184;5405;
1755694274.756;0.6053927103678386;0.34950719762731486;5406;
1755694274.79;0.6098215738932292;0.34612370243778934;5406;
1755694274.823;0.6114709854125977;0.34432050916883683;5408;
1755694274.856;0.6124087651570638;0.34159370704933445;5408;
1755694274.89;0.6123917897542318;0.33891335946542245;5409;
1755694274.923;0.6129536946614583;0.3368114895290799;5409;
1755694274.956;0.6157689412434896;0.3307323314525463;5410;
1755694274.99;0.0;1.0;5411;
1755694275.023;0.533390998840332;0.25666566071686925;5413;
1755694275.056;0.5323938687642416;0.2554638897931134;5414;
1755694275.09;0.5330027898152669;0.2575475622106481;5415;
1755694275.123;0.5370302200317383;0.2595230667679398;5416;
1755694275.156;0.537834358215332;0.26020377830222796;5416;
1755694275.19;0.5786703109741211;0.3157510828088831;5418;
1755694275.223;0.5772042592366536;0.3158780133282697;5419;
1755694275.256;0.5785544077555339;0.3151562726056134;5419;
1755694275.29;0.5785394668579101;0.31535186767578127;5421;
1755694275.323;0.5780584971110027;0.3117250795717592;5422;
1755694275.356;0.5753199259440104;0.3099217732747396;5423;
1755694275.39;0.5765945434570312;0.31057654486762154;5423;
1755694275.423;0.575355593363444;0.3106673629195602;5425;
1755694275.456;0.5737039566040039;0.3097043072735822;5426;
1755694275.49;0.5736801783243816;0.31090246129918986;5426;
1755694275.523;0.5744672139485677;0.3125802499276621;5428;
1755694275.556;0.5742705663045248;0.31100503427010995;5429;
1755694275.59;0.5745645523071289;0.3089375813802083;5430;
1755694275.623;0.5733800252278646;0.30947695131655095;5431;
1755694275.656;0.5723953247070312;0.3108265629521123;5431;
1755694275.69;0.569879150390625;0.31281890869140627;5433;
1755694275.723;0.5709185282389323;0.31423125090422455;5434;
1755694275.756;0.5698844273885091;0.3155158714011863;5434;
1755694275.79;0.5658411026000977;0.31392573603877316;5435;
1755694275.823;0.5635993321736653;0.31285620795355906;5437;
1755694275.856;0.560895029703776;0.3108629014756944;5438;
1755694275.89;0.5603404998779297;0.3105519047489873;5438;
1755694275.923;0.5602550506591797;0.31132264313874425;5440;
1755694275.956;0.562448247273763;0.31222986291956023;5441;
1755694275.99;0.5620797475179037;0.31879425048828125;5442;
1755694276.023;0.43837191263834635;0.17651090268735536;5442;
1755694276.056;0.3973726272583008;0.1740098176179109;5443;
1755694276.09;0.401456356048584;0.18635649504484952;5444;
1755694276.123;0.4032816251118978;0.19632568359375002;5444;
1755694276.156;0.4025966326395671;0.20143263075086804;5447;
1755694276.19;0.40372238159179685;0.2070809823495371;5447;
1755694276.223;0.40237576166788735;0.21202884250217013;5449;
1755694276.256;0.40319894154866537;0.2136861165364583;5449;
1755694276.29;0.0;1.0;5450;
1755694276.323;0.552142588297526;0.40622818558304397;5452;
1755694276.356;0.5495638529459635;0.4161347000687211;5453;
1755694276.39;0.5465503056844075;0.4227990044487847;5453;
1755694276.423;0.5421618779500326;0.42746423791956023;5454;
1755694276.456;0.5374107996622721;0.42798428005642364;5455;
1755694276.49;0.5325915654500325;0.4279603181061922;5455;
1755694276.523;0.5282625516255697;0.43078387225115744;5457;
1755694276.556;0.5227972348531087;0.42998617666739003;5458;
1755694276.59;0.5220634460449218;0.4294611612955729;5458;
1755694276.623;0.5180259386698405;0.42862136275679974;5460;
1755694276.656;0.5083588282267253;0.42544420030381946;5460;
1755694276.69;0.5037905057271321;0.4216039586950231;5462;
1755694276.723;0.501517899831136;0.4199418244538484;5462;
1755694276.756;0.5017205556233724;0.4173319498697917;5464;
1755694276.79;0.5010537465413412;0.4137383355034723;5465;
1755694276.823;0.5058723131815592;0.4150699191623264;5466;
1755694276.856;0.5067107200622558;0.4123118082682292;5467;
1755694276.89;0.5103318532307942;0.4071050008138021;5467;
1755694276.923;0.5119064966837565;0.40236839011863423;5469;
1755694276.956;0.5127827008565267;0.40070959020543984;5470;
1755694276.99;0.5141975402832031;0.4002734148943866;5470;
1755694277.023;0.5156140963236491;0.3949860184280961;5472;
1755694277.056;0.5168532689412435;0.3930786697952836;5472;
1755694277.09;0.5193123817443848;0.38574433503327543;5474;
1755694277.123;0.5209777196248372;0.383125983344184;5475;
1755694277.156;0.5268995285034179;0.3782765706380208;5476;
1755694277.19;0.5344902038574219;0.37035149468315975;5477;
1755694277.223;0.5375235239664714;0.3699016994900174;5478;
1755694277.256;0.5372315724690755;0.3668186329029225;5479;
1755694277.29;0.5354424158732096;0.3638102778682002;5480;
1755694277.323;0.5342677434285482;0.35950639512803817;5480;
1755694277.356;0.5357232411702474;0.3566144024884259;5482;
1755694277.39;0.5378153483072917;0.35419085467303246;5482;
1755694277.423;0.45184014638264974;0.2780672426576968;5484;
1755694277.456;0.398926575978597;0.23844395390263307;5484;
1755694277.49;0.40338541666666666;0.24475340666594325;5485;
1755694277.523;0.4065721829732259;0.24377051459418397;5487;
1755694277.556;0.41272360483805337;0.2497223465530961;5488;
1755694277.59;0.41447502772013345;0.2537430939850984;5489;
1755694277.623;0.4221124013264974;0.25643220124421295;5489;
1755694277.656;0.4243900934855143;0.2577928331163194;5490;
1755694277.69;0.42891050974527994;0.2616537588614004;5491;
1755694277.723;0.4361446698506673;0.2733509770146123;5492;
1755694277.756;0.43707809448242185;0.27838485152633097;5494;
1755694277.79;0.4436834653218587;0.28922915988498266;5495;
1755694277.823;0.4465894063313802;0.29357695402922457;5496;
1755694277.856;0.4495103200276693;0.30387528030960653;5497;
1755694277.89;0.45024538040161133;0.30808732774522574;5499;
1755694277.923;0.4556602478027344;0.31817694769965277;5499;
1755694277.956;0.45707162221272785;0.3220260620117188;5500;
1755694277.99;0.4595576286315918;0.3258772673430266;5501;
1755694278.023;0.4586451212565104;0.3261934633608218;5502;
1755694278.056;0.4636199951171875;0.326064611364294;5503;
1755694278.09;0.46314385732014973;0.3246718230070891;5504;
1755694278.123;0.46625665028889973;0.3263050785771122;5505;
1755694278.156;0.46835091908772786;0.32061728018301505;5506;
1755694278.19;0.4696592966715495;0.31540284333405666;5507;
1755694278.223;0.47047627766927086;0.3058898360640915;5508;
1755694278.256;0.4685200691223145;0.30419192843967013;5508;
1755694278.29;0.505370807647705;0.3470665260597512;5509;
1755694278.323;0.528870169321696;0.424250171802662;5512;
1755694278.356;0.5298350334167481;0.42372690836588545;5512;
1755694278.39;0.5213857332865397;0.4051935266565394;5512;
1755694278.423;0.5151632308959961;0.3927129109700521;5514;
1755694278.456;0.509205945332845;0.3836064656575521;5515;
1755694278.49;0.5040540059407552;0.37501237657335074;5515;
1755694278.523;0.5026277860005697;0.36698009349681715;5516;
1755694278.556;0.49691807428995766;0.3500920048466435;5518;
1755694278.59;0.49023586908976235;0.33615846987123843;5519;
1755694278.623;0.48783448537190754;0.32555547643590854;5520;
1755694278.656;0.4871006965637207;0.3165499086733218;5520;
1755694278.69;0.4848577817281087;0.3075791535554109;5521;
1755694278.723;0.48329992294311525;0.30094836199725117;5522;
1755694278.756;0.4841423034667969;0.2973258689597801;5524;
1755694278.79;0.48556963602701825;0.29402895326967593;5524;
1755694278.823;0.4860468546549479;0.29450836181640627;5526;
1755694278.856;0.4876158396402995;0.29317333080150465;5528;
1755694278.89;0.48866122563680015;0.295256664134838;5528;
1755694278.923;0.4892013867696126;0.29675162986472803;5529;
1755694278.956;0.4891971588134766;0.2916894983362268;5530;
1755694278.99;0.4876708984375;0.2931957668728299;5531;
1755694279.023;0.4885453542073568;0.2926813196252893;5532;
1755694279.056;0.49023828506469724;0.29227475766782407;5532;
1755694279.09;0.49153226216634116;0.29189470079210067;5533;
1755694279.123;0.4896561940511068;0.29119613082320606;5534;
1755694279.156;0.4908125877380371;0.2901513558846933;5536;
1755694279.19;0.49136603673299156;0.28826785617404516;5537;
1755694279.223;0.49325037002563477;0.2857342190212674;5538;
1755694279.256;0.4936245282491048;0.28155647560402197;5539;
1755694279.29;0.49098548889160154;0.27772731074580437;5540;
1755694279.323;0.4905742009480794;0.27443881564670136;5540;
1755694279.356;0.4886513074239095;0.2689280192057292;5541;
1755694279.39;0.48824183146158856;0.26213034170645255;5542;
1755694279.423;0.4887090682983398;0.2558308919270833;5544;
1755694279.456;0.48617979685465496;0.2513339572482639;5545;
1755694279.49;0.48755385080973307;0.2480474966543692;5545;
1755694279.523;0.4903511683146159;0.23838195800781248;5547;
1755694279.556;0.49254735310872394;0.23291320800781246;5548;
1755694279.59;0.4937132199605306;0.22837366174768514;5549;
1755694279.623;0.49199129740397135;0.22215723108362273;5550;
1755694279.656;0.48974809646606443;0.21509195963541672;5551;
1755694279.69;0.48906122843424477;0.2088918615270544;5552;
1755694279.723;0.4887008349100749;0.20320536295572922;5553;
1755694279.756;0.49064477284749347;0.19897217927155675;5554;
1755694279.79;0.4916823069254557;0.1956373426649306;5555;
1755694279.823;0.49029541015625;0.19435526529947922;5556;
1755694279.856;0.48920183181762694;0.19314264368127898;5556;
1755694279.89;0.4904642422993978;0.1918822677047164;5558;
1755694279.923;0.4897264798482259;0.188810051812066;5559;
1755694279.956;0.4893776575724284;0.18759935167100694;5559;
1755694279.99;0.4913119633992513;0.18656554045500584;5561;
1755694280.023;0.49089349110921227;0.18341313114872682;5561;
1755694280.056;0.4912941296895345;0.182861328125;5563;
1755694280.09;0.49379911422729494;0.18195845992476856;5563;
1755694280.123;0.49443731307983396;0.17916564941406254;5565;
1755694280.156;0.4937153180440267;0.1785199765805845;5565;
1755694280.19;0.49410324096679686;0.17632904052734377;5567;
1755694280.223;0.4949042320251465;0.17433443422670714;5568;
1755694280.256;0.49493643442789714;0.17361698857060182;5569;
1755694280.29;0.49497578938802084;0.17310141104239007;5569;
1755694280.323;0.49716533025105797;0.17387825294777204;5571;
1755694280.356;0.49791361490885416;0.1754100093135127;5572;
1755694280.39;0.49902213414510094;0.1760813960322627;5572;
1755694280.423;0.49670019149780276;0.17674504032841432;5573;
1755694280.456;0.49558795293172203;0.17795670120804397;5574;
1755694280.49;0.497888437906901;0.18217394793475117;5576;
1755694280.523;0.4976152737935384;0.18770322446469911;5577;
1755694280.556;0.498531436920166;0.18920011167173034;5578;
1755694280.59;0.4985464096069336;0.19500625045211228;5578;
1755694280.623;0.5012407938639323;0.2033065230758102;5580;
1755694280.656;0.5025923411051433;0.21118514449508097;5580;
1755694280.69;0.5062071164449056;0.21956730595341434;5581;
1755694280.723;0.5104460716247559;0.23023048683449077;5583;
1755694280.756;0.512839921315511;0.23957406503182865;5584;
1755694280.79;0.5118521372477214;0.243828045880353;5585;
1755694280.823;0.5100021998087565;0.25234991002965856;5586;
1755694280.856;0.5106753667195638;0.2549566198278357;5587;
1755694280.89;0.5116528193155925;0.25924970838758676;5587;
1755694280.923;0.5044260660807292;0.26858983922887736;5589;
1755694280.956;0.4977365493774414;0.27867855495876737;5590;
1755694280.99;0.495553716023763;0.2866520634403935;5590;
1755694281.023;0.49172579447428383;0.2949265656647859;5592;
1755694281.056;0.4919727643330892;0.29649454752604165;5593;
1755694281.09;0.4926541010538737;0.3009891651294849;5594;
1755694281.123;0.49061835606892906;0.304272856535735;5595;
1755694281.156;0.4902011553446452;0.30560720938223385;5596;
1755694281.19;0.49297431310017903;0.3085238986545139;5596;
1755694281.223;0.4961888631184896;0.3129423353407118;5598;
1755694281.256;0.5006934483846028;0.31564150209780095;5599;
1755694281.29;0.5038678169250488;0.3172559950086805;5599;
1755694281.323;0.5087554295857747;0.3195005063657408;5601;
1755694281.356;0.5120770454406738;0.321720603660301;5602;
1755694281.39;0.5162653923034668;0.32768837257667827;5602;
1755694281.423;0.5187506675720215;0.3300395824291088;5604;
1755694281.456;0.5230586369832356;0.331496740270544;5605;
1755694281.49;0.5242548624674479;0.3354128802264178;5605;
1755694281.523;0.5254077275594076;0.3411094382957176;5606;
1755694281.556;0.5290008227030436;0.34397232620804397;5608;
1755694281.59;0.5375030517578125;0.3395108823423032;5609;
1755694281.623;0.5430821736653646;0.343511058666088;5609;
1755694281.656;0.5458093007405599;0.34044754593460647;5610;
1755694281.69;0.5504350662231445;0.3378948635525174;5610;
1755694281.723;0.5538548787434896;0.33743738245081023;5612;
1755694281.756;0.5564070383707682;0.3357092398184317;5613;
1755694281.79;0.5534827550252278;0.33426869710286455;5615;
1755694281.823;0.5544855117797851;0.3292703134042245;5616;
1755694281.856;0.5524363199869792;0.32562391493055554;5617;
1755694281.89;0.5481744130452474;0.3235185411241319;5618;
1755694281.923;0.5453999201456706;0.31897198712384256;5619;
1755694281.956;0.5401218414306641;0.3167189421477141;5620;
1755694281.99;0.5404971440633138;0.3168342872902199;5621;
1755694282.023;0.5381353378295899;0.30215996636284725;5622;
1755694282.056;0.4541948318481445;0.07282364456741897;5622;
1755694282.09;0.0;1.0;5624;
1755694282.123;0.44636847178141276;0.05547869646990744;5625;
1755694282.156;0.44336363474527996;0.05994460494429976;5625;
1755694282.19;0.445822016398112;0.06760197392216438;5627;
1755694282.223;0.44497286478678383;0.07374787507233793;5628;
1755694282.256;0.43899666468302406;0.07190235279224533;5629;
1755694282.29;0.4342708905537923;0.07509143970630783;5630;
1755694282.323;0.42793614069620767;0.07739184344256367;5631;
1755694282.356;0.4215206782023112;0.08309264006438077;5633;
1755694282.39;0.42181949615478515;0.09470429597077545;5633;
1755694282.423;0.4192613919576009;0.10637879548249418;5634;
1755694282.456;0.41631991068522134;0.11352550365306713;5634;
1755694282.49;0.4142963727315267;0.12145442256221062;5636;
1755694282.523;0.41388559341430664;0.13119518138744213;5636;
1755694282.556;0.41690492630004883;0.14338836669921873;5636;
1755694282.59;0.4200710932413737;0.14901247377748839;5638;
1755694282.623;0.4235446294148763;0.14630307798032405;5639;
1755694282.656;0.4232282002766927;0.14399849220558447;5639;
1755694282.69;0.425895627339681;0.14401279025607638;5640;
1755694282.723;0.4260984738667806;0.1475883766456887;5642;
1755694282.756;0.42731850941975913;0.15178889521846062;5642;
1755694282.79;0.4291405995686849;0.15105472140842013;5644;
1755694282.823;0.4271755536397298;0.15396378128616894;5644;
1755694282.856;0.42728290557861326;0.15659677010995365;5645;
1755694282.89;0.42746032079060875;0.16268141004774306;5646;
1755694282.923;0.4327459971110026;0.16209151656539356;5646;
1755694282.956;0.434313710530599;0.16349442093460653;5649;
1755694282.99;0.4354633967081706;0.1662111635561343;5650;
1755694283.023;0.43640190760294595;0.16734862150969332;5651;
1755694283.056;0.4388137181599935;0.16967903419777197;5651;
1755694283.09;0.43927822113037107;0.17181164776837388;5652;
1755694283.123;0.4412583669026693;0.17290389449508103;5652;
1755694283.156;0.43928276697794594;0.1771276403356481;5655;
1755694283.19;0.4475232760111491;0.18045066550925926;5656;
1755694283.223;0.4522447903951009;0.18093261718749998;5657;
1755694283.256;0.4554523150126139;0.18193941469545716;5658;
1755694283.29;0.45510053634643555;0.18976762559678817;5659;
1755694283.323;0.4559479713439941;0.1938398007993345;5660;
1755694283.356;0.45872751871744794;0.1972248783817998;5660;
1755694283.39;0.45744120279947914;0.1994331642433449;5661;
1755694283.423;0.4511685053507487;0.1995548954716435;5663;
1755694283.456;0.45020313262939454;0.20183489764178242;5664;
1755694283.49;0.44707517623901366;0.20819498697916672;5665;
1755694283.523;0.44257526397705077;0.21546043113425928;5666;
1755694283.556;0.4415985425313314;0.22016002513744215;5667;
1755694283.59;0.43937985102335614;0.22126736111111112;5668;
1755694283.623;0.4331721305847168;0.22312893337673612;5669;
1755694283.657;0.43364108403523766;0.2262006971571181;5669;
1755694283.69;0.4320401509602865;0.231307531286169;5670;
1755694283.723;0.42245073318481446;0.23332530834056708;5672;
1755694283.757;0.4149975140889486;0.23269845468026618;5673;
1755694283.79;0.40679140090942384;0.2330885145399305;5674;
1755694283.823;0.4014718691507975;0.23423512776692712;5675;
1755694283.857;0.39467363357543944;0.23361432110821756;5676;
1755694283.89;0.3971826235453288;0.23413074634693287;5677;
1755694283.923;0.3950442949930827;0.2363098709671586;5678;
1755694283.957;0.38920637766520183;0.2361775716145833;5679;
1755694283.99;0.38729257583618165;0.23591478135850696;5680;
1755694284.023;0.3828817049662272;0.23712847674334492;5680;
1755694284.057;0.37946335474650067;0.2361442283347801;5682;
1755694284.09;0.37933197021484377;0.23428463406032984;5682;
1755694284.123;0.378072992960612;0.233836195203993;5684;
1755694284.157;0.3788893381754557;0.23672592728226272;5685;
1755694284.19;0.3781543413798014;0.23645217330367474;5686;
1755694284.223;0.3741524378458659;0.23120331940827543;5687;
1755694284.257;0.37287362416585285;0.2307772035951967;5687;
1755694284.29;0.3688132603963216;0.2309522840711805;5689;
1755694284.323;0.3633556365966797;0.2230407149703414;5690;
1755694284.357;0.36418301264444985;0.22550190113208912;5690;
1755694284.39;0.36418002446492515;0.22442886917679394;5692;
1755694284.423;0.3638109525044759;0.21721219663266778;5692;
1755694284.457;0.3619343121846517;0.21827629937065973;5693;
1755694284.49;0.36096531550089517;0.2182330661349826;5693;
1755694284.523;0.36095851262410483;0.2152266325774016;5696;
1755694284.557;0.3592805544535319;0.21409330014829286;5697;
1755694284.59;0.3558912913004557;0.21806425871672452;5698;
1755694284.623;0.35476112365722656;0.21702959979021996;5699;
1755694284.657;0.35485804875691734;0.2179537172670718;5700;
1755694284.69;0.35320539474487306;0.21905031557436339;5701;
1755694284.723;0.3507079760233561;0.21926749900535303;5702;
1755694284.757;0.34916598002115884;0.21943370677806717;5703;
1755694284.79;0.34907538096110025;0.22018404360170718;5704;
1755694284.823;0.3502195358276367;0.21903669569227435;5705;
1755694284.857;0.3513606071472168;0.22063372576678242;5706;
1755694284.89;0.3511467615763346;0.22158711751302085;5707;
1755694284.923;0.3511369705200195;0.22451007984302662;5708;
1755694284.957;0.3500454584757487;0.2251078852900752;5709;
1755694284.99;0.35199035008748375;0.2285382871274595;5710;
1755694285.023;0.35260839462280275;0.22884741889105897;5710;
1755694285.057;0.3545731862386068;0.23017549867983222;5711;
1755694285.09;0.3577781995137533;0.23166786476417822;5712;
1755694285.123;0.35860681533813477;0.23323714644820603;5712;
1755694285.157;0.3577313741048177;0.23437240035445606;5714;
1755694285.19;0.36004664103190104;0.23545063160083912;5716;
1755694285.223;0.36095733642578126;0.23770853678385417;5717;
1755694285.257;0.3631419817606608;0.2376550179940683;5717;
1755694285.29;0.3645753860473633;0.23873827898943867;5719;
1755694285.323;0.3664531389872233;0.2350931238245081;5720;
1755694285.357;0.36681032180786133;0.2363114533600984;5721;
1755694285.39;0.36742912928263344;0.2353256225585938;5721;
1755694285.423;0.3673269271850586;0.23223390932436339;5723;
1755694285.457;0.3649390856424967;0.23180892379195606;5724;
1755694285.49;0.3658821741739909;0.2310784799081308;5725;
1755694285.523;0.36324917475382484;0.23015142370153352;5725;
1755694285.557;0.3628279685974121;0.22339737503616897;5727;
1755694285.59;0.3620179812113444;0.22214078549985528;5728;
1755694285.623;0.3614713033040365;0.22273469147858793;5728;
1755694285.657;0.3621518135070801;0.22276520905671293;5729;
1755694285.69;0.36129639943440756;0.21977053041811345;5731;
1755694285.723;0.36099475224812827;0.22015188711660882;5732;
1755694285.757;0.3614809036254883;0.21975702356409144;5733;
1755694285.79;0.358079719543457;0.21485041865596066;5734;
1755694285.823;0.35827643076578775;0.2159016361942998;5735;
1755694285.857;0.3590083122253418;0.21702886510778352;5736;
1755694285.89;0.36262038548787434;0.21764339870876737;5736;
1755694285.923;0.3569498062133789;0.2164124100296586;5739;
1755694285.957;0.3545293172200521;0.2219129774305556;5740;
1755694285.99;0.3568816820780436;0.22087894015842013;5740;
1755694286.023;0.3552096684773763;0.2198068124276621;5741;
1755694286.057;0.3584498723347982;0.22152009186921295;5741;
1755694286.09;0.360566520690918;0.22439501727068867;5742;
1755694286.123;0.36277729670206704;0.22652531376591434;5744;
1755694286.157;0.3649482727050781;0.2287459196867766;5745;
1755694286.19;0.36594600677490235;0.2306067007559317;5746;
1755694286.223;0.3662859598795573;0.2300685741283276;5747;
1755694286.257;0.3684936841328939;0.23308139377170134;5748;
1755694286.29;0.37101771036783854;0.23595354998553242;5749;
1755694286.323;0.3742987632751465;0.23977011221426503;5750;
1755694286.357;0.37453460693359375;0.24015152542679397;5751;
1755694286.39;0.37427164713541666;0.24135923032407403;5752;
1755694286.423;0.37562777201334635;0.24426778157552087;5752;
1755694286.457;0.3759538968404134;0.24347008599175346;5754;
1755694286.49;0.3762994130452474;0.24359283447265623;5755;
1755694286.523;0.37516558965047203;0.24152769865813084;5756;
1755694286.557;0.37451375325520836;0.24006912796585644;5757;
1755694286.59;0.3709716478983561;0.23837692825882528;5758;
1755694286.623;0.37029635111490883;0.23767852783203125;5758;
1755694286.657;0.3677046457926432;0.23635886863425926;5760;
1755694286.69;0.3643975257873535;0.23313994231047452;5761;
1755694286.723;0.3670264561971029;0.23403246844256365;5762;
1755694286.757;0.3641112963358561;0.22498383698640045;5763;
1755694286.79;0.3613178253173828;0.2199460064923322;5764;
1755694286.823;0.36112499237060547;0.2397121288158276;5765;
1755694286.857;0.36261653900146484;0.24704776340060763;5766;
1755694286.89;0.36737562815348307;0.25708375153718166;5767;
1755694286.923;0.36656923294067384;0.25356970893012154;5768;
1755694286.957;0.3633559226989746;0.25401831732855906;5769;
1755694286.99;0.36436551411946616;0.2533086140950521;5770;
1755694287.023;0.36295156478881835;0.2439304493091724;5771;
1755694287.057;0.3622615814208984;0.24595755117910878;5772;
1755694287.09;0.3632190704345703;0.24771129466869213;5772;
1755694287.123;0.36537377039591473;0.24733903672960067;5773;
1755694287.157;0.36997731526692706;0.24476448341652202;5774;
1755694287.19;0.3773820241292318;0.24970900924117478;5776;
1755694287.223;0.380544376373291;0.24544677734374998;5777;
1755694287.257;0.37935657501220704;0.24244102195457173;5778;
1755694287.29;0.3797800381978353;0.24086004186559606;5779;
1755694287.323;0.38339640299479166;0.24063720703125002;5780;
1755694287.357;0.38463026682535806;0.23939757170500575;5781;
1755694287.39;0.3918461799621582;0.24086727566189237;5782;
1755694287.423;0.39411818186442055;0.2428277474862558;5783;
1755694287.457;0.3954000155131022;0.24212714301215277;5784;
1755694287.49;0.39282681147257487;0.2399486965603299;5786;
1755694287.523;0.39353631337483724;0.23808356391059027;5786;
1755694287.557;0.3950843811035156;0.2378744619864005;5787;
1755694287.59;0.39849878946940104;0.2381635877821181;5788;
1755694287.623;0.3967949867248535;0.23659453215422455;5789;
1755694287.657;0.39561100006103517;0.23144779911747682;5790;
1755694287.69;0.39812583923339845;0.22144227204499423;5791;
1755694287.723;0.3935731569925944;0.20518499303747106;5793;
1755694287.757;0.38823827107747394;0.19369337293836808;5793;
1755694287.79;0.3853482246398926;0.1842125786675347;5794;
1755694287.823;0.38209075927734376;0.18024088541666672;5795;
1755694287.857;0.3805517832438151;0.17669847276475692;5795;
1755694287.89;0.3790297508239746;0.17264664261429397;5797;
1755694287.923;0.37957741419474283;0.16963043212890627;5798;
1755694287.957;0.3798831303914388;0.1688035753038194;5799;
1755694287.99;0.3811923027038574;0.16970197889539929;5800;
1755694288.023;0.38175010681152344;0.16906144883897567;5801;
1755694288.057;0.3845656394958496;0.16856299506293404;5802;
1755694288.09;0.38890129725138345;0.16708504005714697;5803;
1755694288.123;0.39402472178141273;0.16554571081090852;5804;
1755694288.157;0.39957637786865235;0.16583585385923028;5806;
1755694288.19;0.4013222694396973;0.16851772732204862;5806;
1755694288.223;0.4042310396830241;0.16975973623770257;5807;
1755694288.257;0.4027072588602702;0.1654693038375289;5808;
1755694288.29;0.40209954579671225;0.16424690529152197;5809;
1755694288.323;0.4020869572957357;0.1642673068576389;5810;
1755694288.357;0.4033236821492513;0.1669239185474537;5811;
1755694288.39;0.4066684087117513;0.171595142505787;5813;
1755694288.423;0.4054295857747396;0.17503362584997106;5813;
1755694288.457;0.4017470359802246;0.17590642858434602;5815;
1755694288.49;0.3984897295633952;0.17533411096643514;5815;
1755694288.523;0.3953061739603678;0.1713379471390336;5816;
1755694288.557;0.39468790690104166;0.17239877206307874;5817;
1755694288.59;0.39174766540527345;0.17651344581886574;5818;
1755694288.623;0.39161783854166665;0.17884753191912617;5818;
1755694288.657;0.3909890174865723;0.18349581117983216;5819;
1755694288.69;0.3905612627665202;0.18411622224030666;5820;
1755694288.723;0.38991832733154297;0.1841224387839988;5821;
1755694288.757;0.38921982447306314;0.18626759847005203;5823;
1755694288.79;0.3902271270751953;0.18633304172092013;5824;
1755694288.823;0.3899801254272461;0.18797765661168986;5825;
1755694288.857;0.38946669896443686;0.1885745578342014;5826;
1755694288.89;0.38675266901652017;0.18964391637731481;5826;
1755694288.923;0.3839004834493001;0.18892076280381942;5829;
1755694288.957;0.38324092229207357;0.18734933358651618;5829;
1755694288.99;0.3847465515136719;0.1866354483145255;5829;
1755694289.023;0.38158493041992186;0.18818116364655668;5832;
1755694289.057;0.38269055684407555;0.188812255859375;5832;
1755694289.09;0.38335949579874673;0.18788480405454278;5833;
1755694289.123;0.38308931986490885;0.18708371762876153;5834;
1755694289.157;0.3839042027791341;0.18644861291956016;5835;
1755694289.19;0.38542677561442057;0.18846938521773726;5836;
1755694289.223;0.3828869819641113;0.18955660219545722;5837;
1755694289.257;0.38406473795572915;0.188929126880787;5838;
1755694289.29;0.38128525416056314;0.19308403862847223;5839;
1755694289.323;0.3807290395100911;0.1922091448748553;5840;
1755694289.357;0.3811993916829427;0.18839213053385417;5841;
1755694289.39;0.3830378532409668;0.19151475694444442;5842;
1755694289.423;0.38368008931477865;0.1936379891854746;5843;
1755694289.457;0.38283106486002605;0.19493515579788778;5844;
1755694289.49;0.38220284779866537;0.19247967755353013;5845;
1755694289.523;0.3843631108601888;0.1967715228045428;5846;
1755694289.557;0.3826157887776693;0.19867711950231481;5847;
1755694289.59;0.3821779568990072;0.1948050039785879;5848;
1755694289.623;0.3825375239054362;0.20176329436125584;5849;
1755694289.657;0.38047288258870443;0.20165789568865744;5850;
1755694289.69;0.3787520408630371;0.199416662145544;5851;
1755694289.723;0.37984418869018555;0.19955229582609957;5852;
1755694289.757;0.3777692476908366;0.19770603886357063;5853;
1755694289.79;0.3787611643473307;0.1962761773003472;5854;
1755694289.823;0.38205671310424805;0.19466004548249416;5854;
1755694289.857;0.38332233428955076;0.19255399350766778;5855;
1755694289.89;0.3823771158854167;0.19430010760271987;5858;
1755694289.923;0.3748823483784994;0.18534025969328705;5858;
1755694289.957;0.3739964803059896;0.18552675600405089;5859;
1755694289.99;0.38072738647460935;0.1840815791377315;5859;
1755694290.023;0.3762102762858073;0.17978238706235528;5860;
1755694290.057;0.37499783833821615;0.18306483515986693;5861;
1755694290.09;0.3697153727213542;0.18028451425057868;5862;
1755694290.123;0.3707599639892578;0.180958726671007;5864;
1755694290.157;0.3761069615681966;0.18700787579571754;5865;
1755694290.19;0.37722819646199546;0.18051955611617476;5866;
1755694290.223;0.3769962310791016;0.17700483534071176;5866;
1755694290.257;0.3762608210245768;0.17920277913411453;5868;
1755694290.29;0.37469746271769205;0.18352305094401045;5868;
1755694290.323;0.3760151227315267;0.18416736744068285;5870;
1755694290.357;0.37537015279134117;0.18291659884982636;5872;
1755694290.39;0.37588208516438804;0.18140428331163194;5872;
1755694290.423;0.37661498387654624;0.17836524115668406;5873;
1755694290.457;0.37540836334228517;0.176201092755353;5873;
1755694290.49;0.3729850769042969;0.17433974654586226;5875;
1755694290.523;0.37404918670654297;0.1766448409469039;5876;
1755694290.557;0.3764569600423177;0.17661036738642943;5877;
1755694290.59;0.3756662050882975;0.17442056161386;5879;
1755694290.623;0.3768449783325195;0.17431081136067705;5879;
1755694290.657;0.37782227198282875;0.17494795057508683;5880;
1755694290.69;0.37709128061930336;0.1732295848705151;5881;
1755694290.723;0.37512232462565104;0.17101858633535882;5882;
1755694290.757;0.37485456466674805;0.17078829164858222;5883;
1755694290.79;0.3755723317464193;0.16840814661096648;5884;
1755694290.823;0.37593428293863934;0.16325401023582176;5886;
1755694290.857;0.3836597124735514;0.1705685650860822;5886;
1755694290.89;0.38777186075846354;0.1744854962384259;5887;
1755694290.923;0.3922833760579427;0.1764186717845776;5887;
1755694290.957;0.39454387029012045;0.17858417652271408;5889;
1755694290.99;0.393364683787028;0.17771742078993058;5891;
1755694291.023;0.3935385704040527;0.1780714812102141;5891;
1755694291.057;0.3942377726236979;0.17437518084490744;5892;
1755694291.09;0.0;1.0;5893;
1755694291.123;0.4493851661682129;0.3233699657298901;5894;
1755694291.157;0.4498496691385905;0.32321850811993635;5896;
1755694291.19;0.4504329999287923;0.32212569625289356;5896;
1755694291.223;0.4545113563537598;0.32043089690031834;5897;
1755694291.257;0.45652373631795246;0.3195490519205729;5897;
1755694291.29;0.4506612141927083;0.3217166476779514;5899;
1755694291.323;0.44883289337158205;0.32209031846788194;5900;
1755694291.357;0.4502862930297852;0.31580132378472225;5901;
1755694291.39;0.4502912203470866;0.3145849157262731;5902;
1755694291.423;0.45279318491617837;0.31007803457754635;5904;
1755694291.457;0.45542672475179036;0.3058221322518808;5904;
1755694291.49;0.45930665334065757;0.3004062228732639;5904;
1755694291.523;0.4620112101236979;0.29361962212456594;5905;
1755694291.557;0.4619201342264811;0.2887577763310185;5908;
1755694291.59;0.46405954360961915;0.2836766560872396;5908;
1755694291.623;0.46790380477905275;0.28058166503906246;5909;
1755694291.657;0.4700311024983724;0.2817769368489583;5910;
1755694291.69;0.4691973368326823;0.2758161191587095;5912;
1755694291.723;0.46904354095458983;0.2734280621563947;5912;
1755694291.757;0.4694167137145996;0.27888245759186925;5913;
1755694291.79;0.4708301544189453;0.27598859998914926;5914;
1755694291.823;0.4690791447957357;0.27329751473886;5915;
1755694291.857;0.4689526875813802;0.26391183358651615;5915;
1755694291.89;0.473601500193278;0.2415225558810764;5917;
1755694291.923;0.4733410835266113;0.22838875099464695;5918;
1755694291.957;0.47699680328369143;0.2201763011791088;5919;
1755694291.99;0.48002716700236003;0.2190093994140625;5920;
1755694292.023;0.48135821024576825;0.21801209626374418;5921;
1755694292.057;0.4814391771952311;0.22042089391637731;5921;
1755694292.09;0.4815524101257324;0.2215629860206887;5923;
1755694292.123;0.4815895398457845;0.22574818929036455;5924;
1755694292.157;0.485187562306722;0.2292129516601562;5925;
1755694292.19;0.4846727689107259;0.22993147108289935;5925;
1755694292.223;0.4871572812398275;0.23281493010344334;5927;
1755694292.257;0.47841567993164064;0.22739805998625584;5927;
1755694292.29;0.46638501485188805;0.2210392704716435;5928;
1755694292.323;0.4575712521870931;0.22098010027850112;5929;
1755694292.357;0.44971148173014325;0.21610260009765625;5929;
1755694292.39;0.44461698532104493;0.21103673864293981;5931;
1755694292.423;0.4426040967305501;0.21049533420138888;5932;
1755694292.457;0.43983227411905923;0.20958834047670716;5932;
1755694292.49;0.4314416885375977;0.20795632821542243;5933;
1755694292.523;0.4254743576049805;0.19946786385995374;5935;
1755694292.557;0.421644655863444;0.19154917399088545;5936;
1755694292.59;0.4195698102315267;0.18889482286241321;5938;
1755694292.623;0.4185134251912435;0.18861400462962963;5938;
1755694292.657;0.41691834131876626;0.1896681608977141;5939;
1755694292.69;0.41678991317749026;0.19059442590784148;5940;
1755694292.723;0.41790456771850587;0.19485224971064818;5941;
1755694292.757;0.41666622161865235;0.1948374430338542;5941;
1755694292.79;0.4153847058614095;0.19784212465639472;5943;
1755694292.823;0.4162902514139811;0.1999875103985822;5944;
1755694292.857;0.4191542307535807;0.20714975992838547;5945;
1755694292.89;0.4178763389587402;0.20804641158492476;5947;
1755694292.923;0.4151930809020996;0.20679428665726274;5948;
1755694292.957;0.4144049962361654;0.20483827944155097;5948;
1755694292.99;0.41272544860839844;0.20580071343315975;5948;
1755694293.023;0.41154247919718423;0.20717366536458337;5950;
1755694293.057;0.41161279678344725;0.2103932133427373;5951;
1755694293.09;0.4114590962727865;0.21255900065104172;5951;
1755694293.123;0.4123203913370768;0.21254182038483793;5953;
1755694293.157;0.41068134307861326;0.21307146990740744;5954;
1755694293.19;0.4099238395690918;0.22180260552300346;5954;
1755694293.223;0.40968557993570964;0.2247525250470197;5956;
1755694293.257;0.40796613693237305;0.22441417552806708;5956;
1755694293.29;0.4037817319234212;0.22139847366898147;5958;
1755694293.323;0.3977409680684408;0.22712588840060766;5958;
1755694293.357;0.40025132497151694;0.23115358705873845;5960;
1755694293.39;0.4006838162740072;0.23520971227575227;5961;
1755694293.423;0.3981244405110677;0.2351240935149016;5962;
1755694293.457;0.4007895787556966;0.23619972511574072;5963;
1755694293.49;0.3993006388346354;0.2352120293511285;5963;
1755694293.523;0.3967187245686849;0.23658667670355904;5965;
1755694293.557;0.39444926579793294;0.2395195855034722;5966;
1755694293.59;0.3902805964152018;0.23962882713035305;5967;
1755694293.623;0.3891545613606771;0.24286114728009256;5969;
1755694293.657;0.38588136037190757;0.2448398731372975;5969;
1755694293.69;0.38323933283487954;0.2468412611219618;5970;
1755694293.723;0.38075329462687174;0.2470536408600984;5970;
1755694293.757;0.3804059664408366;0.24967707881221068;5973;
1755694293.79;0.37809712092081704;0.25022910789207176;5973;
1755694293.823;0.37510503133138023;0.24947860152633106;5974;
1755694293.857;0.37467816670735676;0.24505541766131367;5975;
1755694293.89;0.37335020701090493;0.24503315113208912;5975;
1755694293.923;0.371504275004069;0.2461862634729456;5977;
1755694293.957;0.37154982884724935;0.24543129249855322;5978;
1755694293.99;0.37388645807902016;0.24361730504918977;5979;
1755694294.023;0.37653449376424153;0.24533273202401618;5980;
1755694294.057;0.3800411860148112;0.2439779776114005;5981;
1755694294.09;0.38219579060872394;0.24249555799696176;5981;
1755694294.123;0.3836335817972819;0.2385751229745371;5984;
1755694294.157;0.3851503372192383;0.2400394580982349;5985;
1755694294.19;0.38662185668945315;0.24086196334273724;5985;
1755694294.223;0.3864614804585775;0.23873064959490742;5986;
1755694294.257;0.3872309684753418;0.23680770308883103;5987;
1755694294.29;0.3867579460144043;0.2383378770616319;5989;
1755694294.323;0.3872234344482422;0.2410474989149306;5989;
1755694294.357;0.38915653228759767;0.23945357711226856;5990;
1755694294.39;0.38833144505818684;0.23836506031177662;5991;
1755694294.423;0.38866167068481444;0.24021148681640625;5991;
1755694294.457;0.39175484975179037;0.24222050419560182;5993;
1755694294.49;0.3947932561238607;0.24177008734809025;5994;
1755694294.523;0.3972720464070638;0.24157307942708328;5994;
1755694294.557;0.3997966448465983;0.24230035852502896;5997;
1755694294.59;0.4015202840169271;0.24633421721281834;5997;
1755694294.623;0.40246912638346355;0.24845564100477435;5998;
1755694294.657;0.4042137781778971;0.24813673231336808;5999;
1755694294.69;0.402033265431722;0.248825525354456;5999;
1755694294.723;0.39822092056274416;0.2406916865596065;6002;
1755694294.757;0.40115629831949867;0.23903966833043977;6002;
1755694294.79;0.40353590647379556;0.2386671278211806;6003;
1755694294.823;0.4020589192708333;0.2347207528573495;6005;
1755694294.857;0.4045035680135091;0.25006600839120374;6005;
1755694294.89;0.40216471354166666;0.26323682996961806;6006;
1755694294.923;0.40255587895711265;0.27020727086950236;6007;
1755694294.957;0.4044887860616048;0.27343314841941546;6008;
1755694294.99;0.40270843505859377;0.2744629471390335;6009;
1755694295.023;0.403589661916097;0.2760012591326678;6010;
1755694295.057;0.4102222442626953;0.2784237896954572;6011;
1755694295.09;0.41094840367635094;0.2776167127821181;6012;
1755694295.123;0.40925006866455077;0.2779177630389178;6013;
1755694295.157;0.4105879147847494;0.28104462800202545;6015;
1755694295.19;0.4146080652872721;0.2818287037037037;6015;
1755694295.223;0.4154974937438965;0.2813841643156829;6016;
1755694295.257;0.4163316408793131;0.2794695818865741;6017;
1755694295.29;0.4185914675394694;0.2788682160554109;6019;
1755694295.323;0.4201313336690267;0.27845538104021994;6019;
1755694295.357;0.4236414591471354;0.2763836895978009;6020;
1755694295.39;0.42059907913208006;0.274356135615596;6021;
1755694295.423;0.41880728403727213;0.27346479627821185;6022;
1755694295.457;0.4181725819905599;0.2644730179398148;6023;
1755694295.49;0.41409950256347655;0.25926231101707176;6024;
1755694295.523;0.4149269739786784;0.26312753182870374;6025;
1755694295.557;0.4155474980672201;0.2664334332501447;6026;
1755694295.59;0.41462923685709635;0.25659580937138315;6027;
1755694295.623;0.4171398162841797;0.25967226381655095;6029;
1755694295.657;0.4183798789978027;0.2602593881112558;6029;
1755694295.69;0.41914758682250974;0.2583800704390914;6030;
1755694295.723;0.419381586710612;0.24967696578414356;6031;
1755694295.757;0.4196825663248698;0.24805354365596066;6032;
1755694295.79;0.4239024798075358;0.25054530390986685;6033;
1755694295.823;0.4251055399576823;0.24974071361400463;6033;
1755694295.857;0.42680851618448895;0.2480410540545428;6035;
1755694295.89;0.432901128133138;0.24786947744864007;6036;
1755694295.923;0.43768612543741864;0.2475077876338252;6037;
1755694295.957;0.4422367731730143;0.24724375406901045;6038;
1755694295.99;0.44639466603597006;0.24717972366898144;6040;
1755694296.023;0.44862581888834635;0.24708867956090852;6040;
1755694296.057;0.45369396209716795;0.25333387586805556;6041;
1755694296.09;0.4559729258219401;0.25384419759114585;6043;
1755694296.123;0.4538835207621256;0.2511520950882523;6043;
1755694296.157;0.4506074905395508;0.2485867535626447;6044;
1755694296.19;0.44050254821777346;0.24606334544994213;6045;
1755694296.223;0.4335415204366048;0.24534697356047452;6046;
1755694296.257;0.42916622161865237;0.2434280395507813;6047;
1755694296.29;0.4297447840372721;0.24569894296151618;6048;
1755694296.323;0.42811644872029625;0.24616750081380212;6048;
1755694296.357;0.42602195739746096;0.23796511049623847;6050;
1755694296.39;0.4208730379740397;0.2223509046766493;6051;
1755694296.423;0.4187909762064616;0.21080045346860532;6052;
1755694296.457;0.41814053853352867;0.204536211932147;6053;
1755694296.49;0.41619993845621744;0.2020350138346354;6054;
1755694296.523;0.41697988510131834;0.19960864031756365;6056;
1755694296.557;0.4178688685099284;0.19889543321397574;6056;
1755694296.59;0.41697409947713215;0.19768354627821183;6058;
1755694296.623;0.4175797780354818;0.19901705141420722;6058;
1755694296.657;0.41948019663492836;0.19867802372685184;6059;
1755694296.69;0.4183528264363607;0.1973077844690394;6060;
1755694296.723;0.4199709892272949;0.19894239637586808;6061;
1755694296.757;0.4200274467468262;0.2001284563982928;6062;
1755694296.79;0.42046175003051756;0.19992342348451964;6064;
1755694296.823;0.41620089213053385;0.1995215521918403;6065;
1755694296.857;0.4169724464416504;0.19997914632161462;6065;
1755694296.89;0.4157470385233561;0.19933805112485536;6066;
1755694296.923;0.41389430363972984;0.1970529626916956;6068;
1755694296.957;0.4151592254638672;0.19834747314453127;6068;
1755694296.99;0.4155487378438314;0.2017023157190394;6069;
1755694297.023;0.41231584548950195;0.20304299813729743;6071;
1755694297.057;0.41116129557291664;0.20306955973307295;6071;
1755694297.09;0.4112788836161296;0.2032876473885995;6072;
1755694297.123;0.41084391276041665;0.20333110668041088;6073;
1755694297.157;0.4105739911397298;0.20351489031756365;6074;
1755694297.19;0.40939172108968097;0.20587768554687502;6075;
1755694297.223;0.4105104764302572;0.20812072753906252;6077;
1755694297.257;0.41049219767252604;0.20887637668185766;6078;
1755694297.29;0.41132939656575523;0.2096477367259838;6078;
1755694297.323;0.41364850997924807;0.21101091172960074;6079;
1755694297.357;0.41615772247314453;0.21212112991898147;6080;
1755694297.39;0.41739606857299805;0.20926717122395833;6082;
1755694297.423;0.41793591181437173;0.21164573386863428;6082;
1755694297.457;0.41814053853352867;0.2159008449978299;6083;
1755694297.49;0.4197812716166178;0.2156829833984375;6084;
1755694297.523;0.4204396883646647;0.21717721444589122;6086;
1755694297.557;0.4206345240275065;0.21676867449725112;6086;
1755694297.59;0.42010072072347004;0.21866093388310182;6087;
1755694297.623;0.4197922388712565;0.22086837203414356;6088;
1755694297.657;0.4191832224527995;0.2220468591760706;6089;
1755694297.69;0.4200559298197428;0.22227732340494788;6090;
1755694297.723;0.4204286893208822;0.224716638635706;6091;
1755694297.757;0.41794684727986653;0.22783898247612844;6093;
1755694297.79;0.4169663429260254;0.22753442834924764;6093;
1755694297.823;0.41709454854329425;0.2262755782515914;6095;
1755694297.857;0.4158615748087565;0.22796320032190398;6095;
1755694297.89;0.41604302724202474;0.22966574209707757;6096;
1755694297.923;0.4170013745625814;0.2297967416268808;6097;
1755694297.957;0.4169505437215169;0.2277665314850984;6098;
1755694297.99;0.4177705764770508;0.22845374213324654;6099;
1755694298.023;0.41714185078938804;0.2276850382486979;6101;
1755694298.057;0.416938050587972;0.22626043249059602;6102;
1755694298.09;0.4167970975240072;0.22248128255208333;6102;
1755694298.123;0.41873922348022463;0.22058523672598385;6103;
1755694298.157;0.4175057093302409;0.21878622549551507;6104;
1755694298.19;0.4169246037801107;0.2162451850043403;6105;
1755694298.223;0.4119006474812826;0.2143087316442419;6106;
1755694298.257;0.407888921101888;0.21365667272497102;6108;
1755694298.29;0.40665111541748045;0.21927269829644103;6109;
1755694298.323;0.4007857322692871;0.22018692581741894;6109;
1755694298.357;0.3956684748331706;0.22349921332465272;6110;
1755694298.39;0.39253530502319334;0.22467973497178817;6111;
1755694298.423;0.3912673314412435;0.22504328974971066;6112;
1755694298.457;0.3948134104410807;0.22752063892505792;6113;
1755694298.49;0.39582837422688805;0.2310997291847512;6114;
1755694298.523;0.3983886400858561;0.22994780363859957;6115;
1755694298.557;0.39944559733072915;0.22988541214554403;6116;
1755694298.59;0.4012346903483073;0.23764168068214697;6118;
1755694298.623;0.4016269683837891;0.24282164397063077;6118;
1755694298.657;0.4033274968465169;0.24423828125000002;6119;
1755694298.69;0.4059080441792806;0.2467036494502315;6120;
1755694298.723;0.4073981285095215;0.24774446840639464;6121;
1755694298.757;0.40861918131510416;0.2465732150607639;6123;
1755694298.79;0.4092908541361491;0.24509915952329286;6124;
1755694298.823;0.4183611234029134;0.2555436310944734;6124;
1755694298.857;0.4238516171773275;0.26481843171296293;6125;
1755694298.89;0.42877893447875975;0.27143096923828125;6126;
1755694298.923;0.42994581858317055;0.27644704182942703;6128;
1755694298.957;0.42832876841227213;0.2771337438512731;6128;
1755694298.99;0.428693962097168;0.2768397013346354;6129;
1755694299.023;0.43026431401570636;0.27705688476562496;6130;
1755694299.057;0.4297368049621582;0.2747991491247106;6131;
1755694299.09;0.43165995279947916;0.27134857177734373;6132;
1755694299.123;0.43109010060628256;0.2689509639033565;6133;
1755694299.157;0.43046277364095054;0.2679452966760706;6134;
1755694299.19;0.43456439971923827;0.2663273564091435;6135;
1755694299.223;0.4367917696634928;0.2635719581886574;6136;
1755694299.257;0.43426698048909507;0.2608862417715567;6137;
1755694299.29;0.43555256525675456;0.2610292787905093;6138;
1755694299.323;0.43562707901000974;0.2582468668619792;6138;
1755694299.357;0.4361858367919922;0.25548790825737844;6141;
1755694299.39;0.43759047190348305;0.2547489307544849;6141;
1755694299.423;0.43960730234781903;0.2542171336986401;6142;
1755694299.457;0.44164180755615234;0.2526843035662616;6144;
1755694299.49;0.4440382639567057;0.25185394287109375;6144;
1755694299.523;0.44522825876871747;0.2501123498987269;6146;
1755694299.557;0.4475494066874186;0.2499502676504629;6146;
1755694299.59;0.45175962448120116;0.22649457013165508;6147;
1755694299.623;0.453439998626709;0.2114918461552373;6148;
1755694299.657;0.4568545659383138;0.20162167019314237;6149;
1755694299.69;0.45826072692871095;0.19750320999710647;6150;
1755694299.723;0.4597071647644043;0.19878997802734377;6152;
1755694299.757;0.45714540481567384;0.1973567256221065;6152;
1755694299.79;0.4579546292622884;0.1990288628472222;6153;
1755694299.823;0.45529019037882484;0.20463788067853006;6154;
1755694299.857;0.4533667246500651;0.21020377830222803;6155;
1755694299.89;0.4568737030029297;0.2148220486111111;6156;
1755694299.923;0.46455135345458987;0.20037723117404516;6157;
1755694299.957;0.4714052200317383;0.1858649359809028;6158;
1755694299.99;0.48202718098958336;0.17825910780164933;6159;
1755694300.023;0.4872738838195801;0.17410696524160885;6159;
1755694300.057;0.48898906707763673;0.17242346869574654;6159;
1755694300.09;0.4888010025024414;0.17199175799334487;6161;
1755694300.123;0.48017215728759766;0.17372419569227426;6162;
1755694300.157;0.4819609006245931;0.1755377310293692;6164;
1755694300.19;0.48341309229532875;0.17654283311631946;6164;
1755694300.223;0.4799088795979818;0.17748571325231477;6165;
1755694300.257;0.5173035939534505;0.14409055356626155;6167;
1755694300.29;0.5168764114379882;0.14350484212239578;6168;
1755694300.323;0.5183969179789225;0.141944659197772;6169;
1755694300.357;0.5140544255574544;0.1418555930808738;6170;
1755694300.39;0.5083734512329101;0.14165751139322913;6172;
1755694300.423;0.5084686279296875;0.14445388228804978;6172;
1755694300.457;0.5065615336100261;0.1460830688476562;6173;
1755694300.49;0.5067905108133952;0.15235471372251153;6174;
1755694300.523;0.5044590314229329;0.15349855776186339;6175;
1755694300.557;0.502161153157552;0.1457451714409722;6176;
1755694300.59;0.5011128743489583;0.14697084780092595;6176;
1755694300.623;0.49914172490437825;0.14628629331235532;6178;
1755694300.657;0.49507118860880533;0.14425551803023728;6178;
1755694300.69;0.4907930056254069;0.14109384042245365;6179;
1755694300.723;0.4875237782796224;0.14353620741102435;6180;
1755694300.757;0.48886502583821617;0.14720306396484373;6183;
1755694300.79;0.486926015218099;0.1463500411422164;6183;
1755694300.823;0.4394110043843587;0.13212297227647574;6185;
1755694300.857;0.43104155858357746;0.13141439932364007;6185;
1755694300.89;0.4252712567647298;0.1334826434100116;6185;
1755694300.923;0.4223752021789551;0.1347244262695313;6187;
1755694300.957;0.4185063680013021;0.13856517650462963;6188;
1755694300.99;0.4146221796671549;0.13834511085792822;6188;
1755694301.023;0.4134138743082682;0.13756109167028352;6190;
1755694301.057;0.4131505012512207;0.1368940000180845;6191;
1755694301.09;0.41730194091796874;0.13896800853587965;6191;
1755694301.123;0.41548614501953124;0.13877150924117476;6193;
1755694301.157;0.4250166893005371;0.13763936360677087;6194;
1755694301.19;0.4326571782430013;0.1377844916449653;6195;
1755694301.223;0.4379161198933919;0.14049060962818283;6197;
1755694301.257;0.4423246383666992;0.14120291250723382;6198;
1755694301.29;0.4461981773376465;0.13778273970992472;6199;
1755694301.323;0.4485934575398763;0.13680629023799185;6199;
1755694301.357;0.45032567977905275;0.13995700412326384;6201;
1755694301.39;0.45121510823567706;0.1411919487847222;6201;
1755694301.423;0.4539918899536133;0.14122416178385422;6202;
1755694301.457;0.45336615244547523;0.14355553521050346;6202;
1755694301.49;0.4540583928426107;0.14635704888237844;6203;
1755694301.523;0.4555017153422038;0.14708822744864003;6204;
1755694301.557;0.4571769078572591;0.14618615044487848;6205;
1755694301.59;0.45971597035725914;0.147606122052228;6205;
1755694301.623;0.4592561721801758;0.14584531430844905;6208;
1755694301.657;0.45998401641845704;0.14581214057074654;6209;
1755694301.69;0.4608623186747233;0.14613743534794565;6209;
1755694301.723;0.4598105748494466;0.14699786150896987;6210;
1755694301.757;0.4598083178202311;0.14812373408564816;6211;
1755694301.79;0.4586889902750651;0.14629352710865162;6211;
1755694301.823;0.45828653971354166;0.14560196487991894;6213;
1755694301.857;0.4590998649597168;0.14762827555338542;6213;
1755694301.89;0.4596491495768229;0.14667301884403938;6215;
1755694301.923;0.45924692153930663;0.14429383454499423;6216;
1755694301.957;0.4595421473185221;0.14428394458912042;6217;
1755694301.99;0.45807425181070965;0.14203954626012727;6218;
1755694302.023;0.4566733678181966;0.13885345458984377;6218;
1755694302.057;0.45616127649943033;0.14194211606626161;6221;
1755694302.09;0.45398626327514646;0.14143659803602426;6221;
1755694302.123;0.4624047597249349;0.13524056893807868;6222;
1755694302.157;0.46972691218058266;0.13142999719690396;6223;
1755694302.19;0.4764139493306478;0.12923646149811918;6224;
1755694302.223;0.47902603149414064;0.12409780996817132;6226;
1755694302.257;0.4802162488301595;0.12058704517505792;6226;
1755694302.29;0.47970797220865885;0.12047576904296875;6226;
1755694302.323;0.47871777216593425;0.1228346648039641;6228;
1755694302.357;0.4764924685160319;0.12269835295500575;6230;
1755694302.39;0.4780384699503581;0.12313509340639472;6230;
1755694302.423;0.485853385925293;0.12353566487630208;6231;
1755694302.457;0.0;1.0;6232;
1755694302.49;0.48929068247477214;0.12565245451750584;6234;
1755694302.523;0.48937244415283204;0.1286611486364294;6234;
1755694302.557;0.48719975153605144;0.13413029423466438;6235;
1755694302.59;0.4865830103556315;0.1399644639756944;6236;
1755694302.623;0.4828417460123698;0.14028653745298036;6237;
1755694302.657;0.4831477801005046;0.14167084870515045;6238;
1755694302.69;0.48307917912801107;0.14665131745515048;6239;
1755694302.723;0.484709358215332;0.15265988950376153;6241;
1755694302.757;0.4761295000712077;0.1650027239764178;6242;
1755694302.79;0.0;1.0;6243;
1755694302.823;0.0;1.0;6243;
1755694302.857;0.0;1.0;6244;
1755694302.89;0.0;1.0;6244;
1755694302.923;0.37894519170125324;0.3516812924985533;6245;
1755694302.957;0.38053668340047203;0.3572070086443866;6246;
1755694302.99;0.3832939783732096;0.35779588487413194;6246;
1755694303.023;0.38757028579711916;0.3563825819227431;6249;
1755694303.057;0.39348227183024087;0.35186349374276615;6250;
1755694303.09;0.39386412302652996;0.35190407081886577;6250;
1755694303.123;0.4127123514811198;0.2603338170934606;6252;
1755694303.157;0.41173890431722004;0.2581768459743924;6252;
1755694303.19;0.41025371551513673;0.2571634928385417;6253;
1755694303.223;0.41039371490478516;0.2568412498191551;6255;
1755694303.257;0.40898462931315105;0.25367007785373263;6256;
1755694303.29;0.40943883260091146;0.24855957031249998;6257;
1755694303.323;0.40828704833984375;0.23998130515769678;6258;
1755694303.357;0.4130351702372233;0.23306443956163192;6260;
1755694303.39;0.4173940976460775;0.23479738588686339;6260;
1755694303.423;0.4196096738179525;0.23500710946542247;6261;
1755694303.457;0.42000436782836914;0.23056544551142943;6262;
1755694303.49;0.42116556167602537;0.22443666811342589;6263;
1755694303.523;0.0;1.0;6264;
1755694303.557;0.43467009862264;0.19287595395688661;6266;
1755694303.59;0.48017609914143883;0.11373426649305551;6266;
1755694303.623;0.47294162114461263;0.11686469184027781;6267;
1755694303.657;0.46440232594807945;0.11669933177806713;6268;
1755694303.69;0.4508256276448568;0.11941392686631946;6268;
1755694303.723;0.43443648020426434;0.11907648157190398;6270;
1755694303.757;0.37938334147135416;0.12901769567418986;6271;
1755694303.79;0.3803379694620768;0.12302415635850694;6273;
1755694303.823;0.3497863451639811;0.2132164284035012;6273;
1755694303.857;0.0;1.0;6274;
1755694303.89;0.30385780334472656;0.3289827700014467;6274;
1755694303.923;0.3063055992126465;0.32811782271773726;6275;
1755694303.957;0.30616916020711266;0.32915592900028934;6276;
1755694303.99;0.30277185440063475;0.32602002179181133;6279;
1755694304.023;0.3000116030375163;0.32193507441767943;6279;
1755694304.057;0.2978214263916016;0.3132676301179109;6280;
1755694304.09;0.2992423057556152;0.3095739293981481;6280;
1755694304.123;0.29928239186604816;0.30407929597077543;6282;
1755694304.157;0.2985836664835612;0.2967485215928819;6284;
1755694304.19;0.29779027303059896;0.2919978954173901;6284;
1755694304.223;0.29880994160970054;0.26833513047960067;6285;
1755694304.257;0.29849398930867516;0.2566640218098958;6285;
1755694304.29;0.3020622253417969;0.24762771041304976;6288;
1755694304.323;0.30162264506022135;0.24316479718243633;6288;
1755694304.357;0.32980620066324867;0.23525141963252316;6290;
1755694304.39;0.0;1.0;6291;
1755694304.423;0.0;1.0;6291;
1755694304.457;0.7270207722981771;-0.14426891185619217;6292;
1755694304.49;0.0;1.0;6292;
1755694304.523;0.7112062454223633;-0.08004817256221064;6294;
1755694304.557;0.6343915303548177;0.04336152253327541;6296;
1755694304.59;0.0;1.0;6297;
1755694304.623;0.0;1.0;6298;
1755694304.657;0.0;1.0;6299;
1755694304.69;0.5795995076497396;0.08069814046223955;6300;
1755694304.723;0.5792086919148763;0.07857620804398147;6300;
1755694304.757;0.5758220036824544;0.07849731445312502;6301;
1755694304.79;0.5774428685506184;0.07834529170283566;6302;
1755694304.823;0.575326410929362;0.08106745967158568;6303;
1755694304.857;0.573167355855306;0.08283278853804976;6304;
1755694304.89;0.5675504048665364;0.08251823142722803;6305;
1755694304.923;0.5624533335367838;0.08063902678313084;6307;
1755694304.957;0.5604952494303386;0.07809436939380787;6307;
1755694304.99;0.5616603851318359;0.07368565312138309;6309;
1755694305.023;0.5640681584676107;0.0730889779550058;6310;
1755694305.057;0.566640027364095;0.07215429235387727;6310;
1755694305.09;0.568597412109375;0.06855847394024883;6311;
1755694305.123;0.5653473536173502;0.06905065465856486;6313;
1755694305.157;0.5629706064860026;0.06813134087456596;6313;
1755694305.19;0.5641241073608398;0.060944677282262716;6315;
1755694305.223;0.5627611160278321;0.057714448151765074;6315;
1755694305.257;0.5657559712727864;0.057573728208188624;6316;
1755694305.29;0.5689898173014323;0.05106845431857643;6317;
1755694305.323;0.564031982421875;0.04689138906973378;6319;
1755694305.357;0.560132090250651;0.04325968424479165;6320;
1755694305.39;0.5567155838012695;0.03890606915509254;6321;
1755694305.423;0.5564192454020183;0.03189595540364587;6321;
1755694305.457;0.546510887145996;0.028569765444155126;6322;
1755694305.49;0.533927853902181;0.024999095775463;6323;
1755694305.523;0.5236685434977214;0.02864922417534721;6324;
1755694305.557;0.0;1.0;6324;
1755694305.59;0.5194429715474447;0.20530073377821179;6327;
1755694305.623;0.5190988222757975;0.19851565890842016;6327;
1755694305.657;0.514894962310791;0.18614694100839124;6328;
1755694305.69;0.5181448618570964;0.17566788284866897;6329;
1755694305.723;0.5096395492553711;0.17179463704427078;6330;
1755694305.757;0.5120605786641439;0.1572265625;6331;
1755694305.79;0.5138692855834961;0.14374756989655668;6331;
1755694305.823;0.5158013661702474;0.13112629078052662;6333;
1755694305.857;0.0;1.0;6334;
1755694305.89;0.4983401616414388;0.15150118227358222;6335;
1755694305.923;0.49266977310180665;0.1559912222403067;6336;
1755694305.957;0.48798062006632487;0.16024045591001157;6337;
1755694305.99;0.4858692487080892;0.15973007767288772;6338;
1755694306.023;0.4851943333943685;0.16278505678530097;6340;
1755694306.057;0.4839532534281413;0.16627965856481486;6340;
1755694306.09;0.48571659723917643;0.17053137885199654;6341;
1755694306.123;0.4840671221415202;0.17541277850115744;6343;
1755694306.157;0.48401031494140623;0.18067672164351856;6343;
1755694306.19;0.47724755605061847;0.18030440719039353;6344;
1755694306.223;0.4326897303263346;0.13054967809606477;6346;
1755694306.257;0.43334954579671225;0.12848996762876153;6346;
1755694306.29;0.436013921101888;0.1349138047960069;6347;
1755694306.323;0.4355907122294108;0.14208645290798616;6348;
1755694306.357;0.43668835957845054;0.14531396936487273;6349;
1755694306.39;0.43894888559977213;0.14904937744140623;6351;
1755694306.423;0.4413113594055176;0.15314992268880212;6351;
1755694306.457;0.443624210357666;0.1560197053132234;6352;
1755694306.49;0.42694892883300783;0.2464185926649306;6353;
1755694306.523;0.4283275604248047;0.25055428964120374;6354;
1755694306.557;0.43251126607259116;0.2515796802662037;6356;
1755694306.59;0.4331591288248698;0.25076808223017943;6356;
1755694306.623;0.43375752766927084;0.24799098262080443;6358;
1755694306.657;0.43516995112101237;0.24824501320167824;6358;
1755694306.69;0.4377459526062012;0.2438500863534433;6359;
1755694306.723;0.44100109736124676;0.2394031665943287;6360;
1755694306.757;0.44516073862711586;0.2401014539930556;6361;
1755694306.79;0.0;1.0;6361;
1755694306.823;0.0;1.0;6363;
1755694306.857;0.0;1.0;6364;
1755694306.89;0.0;1.0;6365;
1755694306.923;0.0;1.0;6367;
1755694306.957;0.43363351821899415;0.015096706814236138;6367;
1755694306.99;0.43264567057291664;0.01681914152922459;6369;
1755694307.023;0.4336591402689616;0.019703956886574114;6369;
1755694307.057;0.0;1.0;6370;
1755694307.09;0.43316310246785483;0.022972841616030082;6371;
1755694307.123;0.4329197883605957;0.02908155653211808;6372;
1755694307.157;0.4296390215555827;0.03177264178240746;6374;
1755694307.19;0.43108123143514;0.0362468578197338;6374;
1755694307.223;0.4317257563273112;0.05210102222583912;6375;
1755694307.257;0.4303576151529948;0.06269440827546291;6377;
1755694307.29;0.42996190388997396;0.06748928493923612;6378;
1755694307.323;0.4292215665181478;0.0691090901692708;6378;
1755694307.357;0.4325574239095052;0.07183408383969903;6380;
1755694307.39;0.4314654032389323;0.07360930266203702;6380;
1755694307.423;0.4314641316731771;0.07018364800347221;6381;
1755694307.457;0.43427855173746743;0.06985688386140043;6382;
1755694307.49;0.0;1.0;6384;
1755694307.523;0.46738808949788413;0.2470614963107639;6384;
1755694307.59;0.4725308418273926;0.26926422119140625;6386;
1755694307.623;0.0;1.0;6387;
1755694307.657;0.47455339431762694;0.28202949806495947;6387;
1755694307.69;0.47498435974121095;0.28636966281467013;6388;
1755694307.724;0.47943801879882814;0.29701651114004635;6389;
1755694307.757;0.4823719342549642;0.298375560619213;6390;
1755694307.79;0.48274351755777994;0.2935366595232928;6391;
1755694307.824;0.48468109766642253;0.2875613177264178;6393;
1755694307.857;0.48939469655354817;0.29437029803240744;6394;
1755694307.89;0.5013473510742188;0.37133969907407405;6396;
1755694307.924;0.5096790313720703;0.3915137396918402;6396;
1755694307.957;0.5121613184611002;0.3900174741391782;6398;
1755694307.99;0.5133299827575684;0.3710679796006945;6399;
1755694308.024;0.5196475346883138;0.3563313802083333;6400;
1755694308.057;0.5223244984944662;0.35530129891854745;6400;
1755694308.09;0.5249739329020182;0.3483204029224537;6400;
1755694308.124;0.5327294349670411;0.33385925292968754;6401;
1755694308.157;0.0;1.0;6401;
1755694308.19;0.0;1.0;6402;
1755694308.224;0.0;1.0;6403;
1755694308.257;0.0;1.0;6404;
1755694308.29;0.0;1.0;6405;
1755694308.324;0.0;1.0;6406;
1755694308.357;0.33256829579671227;0.4665044713903357;6407;
1755694308.39;0.33807770411173504;0.45801357693142364;6408;
1755694308.424;0.3415500640869141;0.4523754543728299;6410;
1755694308.457;0.0;1.0;6411;
1755694308.49;0.3479993184407552;0.42981154830367474;6411;
1755694308.59;0.3619378089904785;0.36838672779224535;6414;
1755694308.624;0.3690521240234375;0.3644341927987558;6415;
1755694308.657;0.36831277211507163;0.36401355884693287;6416;
1755694308.69;0.3698460578918457;0.3570726182725694;6417;
1755694308.724;0.3728586832682292;0.35380859374999996;6417;
1755694308.757;0.3744316736857096;0.35213611744068285;6419;
1755694308.79;0.3783991495768229;0.34423251681857636;6421;
1755694308.857;0.3663283665974935;0.3513641357421875;6422;
1755694308.89;0.35670626958211266;0.35257314046223953;6423;
1755694308.957;0.34980557759602865;0.3518962718822338;6425;
1755694308.99;0.34927498499552406;0.35050376609519673;6425;
1755694309.024;0.34930664698282876;0.3440616183810764;6427;
1755694309.057;0.3502475738525391;0.34204898410373263;6428;
1755694309.09;0.34832757314046225;0.3413172403971354;6429;
1755694309.124;0.0;1.0;6431;
1755694309.157;0.0;1.0;6431;
1755694309.19;0.0;1.0;6432;
1755694309.224;0.0;1.0;6434;
1755694309.257;0.36692107518514;0.35571893762659146;6434;
1755694309.29;0.36959803899129234;0.35018881338614005;6435;
1755694309.324;0.37158215840657555;0.3399109451859086;6436;
1755694309.357;0.3744826316833496;0.3284601847330729;6437;
1755694309.39;0.3747087478637695;0.3207378246166088;6437;
1755694309.424;0.37441444396972656;0.3142615424262153;6439;
1755694309.457;0.3784259478251139;0.30994963469328707;6440;
1755694309.49;0.38185873031616213;0.3059942174840856;6440;
1755694309.524;0.3855454762776693;0.30492604573567705;6443;
1755694309.557;0.38908621470133464;0.30311431884765627;6443;
1755694309.59;0.3924201647440592;0.30013591625072333;6444;
1755694309.624;0.39529383977254234;0.2944545604564526;6446;
1755694309.657;0.399255625406901;0.29250380904586226;6446;
1755694309.69;0.40184590021769206;0.291531315556279;6446;
1755694309.724;0.4031789779663086;0.29158246075665506;6448;
1755694309.757;0.406076176961263;0.2921305903682002;6449;
1755694309.79;0.4075259844462077;0.2866371437355324;6450;
1755694309.824;0.4084527015686035;0.2820336801034433;6452;
1755694309.857;0.40956668853759765;0.28203034577546293;6452;
1755694309.89;0.4093663533528646;0.2803793447989005;6453;
1755694309.924;0.4098357836405436;0.2787317911783854;6454;
1755694309.957;0.41086994806925453;0.27724332456235534;6454;
1755694309.99;0.4093411127726237;0.27816902443214697;6456;
1755694310.024;0.0;1.0;6457;
1755694310.057;0.4249203364054362;0.2776373969184027;6457;
1755694310.09;0.4340998649597168;0.27587675871672457;6458;
1755694310.124;0.441832447052002;0.2763455991391782;6460;
1755694310.157;0.4452656745910645;0.2793111730504919;6460;
1755694310.19;0.4457740147908529;0.2797580860279224;6463;
1755694310.224;0.4422061284383138;0.2813890245225694;6464;
1755694310.257;0.43640387852986656;0.28627669722945603;6464;
1755694310.29;0.5442003885904948;0.22815715648509838;6466;
1755694310.324;0.0;1.0;6466;
1755694310.357;0.7163214365641276;0.13184011953848385;6467;
1755694310.39;0.7006880442301432;0.14148339165581603;6468;
1755694310.424;0.6930393854777018;0.14642944335937502;6469;
1755694310.457;0.6786219278971354;0.1520272714120371;6471;
1755694310.49;0.6767496744791667;0.15521624529803246;6471;
1755694310.524;0.6592066446940105;0.15828800907841434;6472;
1755694310.557;0.6584011713663737;0.15514062952112273;6474;
1755694310.59;0.6419698079427083;0.15579138861762154;6475;
1755694310.624;0.633146095275879;0.15586400915075227;6475;
1755694310.657;0.6266523361206054;0.15440255624276622;6476;
1755694310.69;0.6202595392862956;0.15526303891782411;6477;
1755694310.724;0.6107985814412434;0.15348182960792822;6477;
1755694310.757;0.6032619476318359;0.14603390163845487;6479;
1755694310.79;0.0;1.0;6480;
1755694310.824;0.5186672846476237;0.3679627029984086;6482;
1755694310.857;0.5167570114135742;0.36872931586371527;6483;
1755694310.89;0.5147849400838216;0.3654497499819155;6483;
1755694310.924;0.5150096257527669;0.36306909631799766;6484;
1755694310.957;0.5178525288899739;0.35671392370153354;6486;
1755694310.99;0.521937084197998;0.35664831090856486;6486;
1755694311.024;0.5224900245666504;0.35502929687499996;6487;
1755694311.057;0.5250679969787597;0.35453722918475117;6488;
1755694311.09;0.5145341237386067;0.36890914351851856;6488;
1755694311.124;0.5120466232299805;0.38436567518446185;6489;
1755694311.157;0.5069405555725097;0.3956527144820602;6490;
1755694311.19;0.508786678314209;0.3925035264756944;6492;
1755694311.224;0.5104158401489258;0.39976823594835065;6492;
1755694311.257;0.5142331123352051;0.3968776561595776;6494;
1755694311.29;0.5367574691772461;0.2793611879701967;6494;
1755694311.324;0.536612065633138;0.2654574924045139;6496;
1755694311.357;0.5391098022460937;0.24296863697193283;6498;
1755694311.39;0.5400311787923177;0.2244701809353299;6499;
1755694311.424;0.5413232167561849;0.21765051947699654;6500;
1755694311.457;0.5448248545328777;0.20495390715422457;6501;
1755694311.49;0.5452044804890951;0.20143924289279513;6501;
1755694311.524;0.5031680425008138;0.371125171802662;6502;
1755694311.557;0.4974731763203939;0.39798075358072915;6503;
1755694311.59;0.4956950823465983;0.4156390154803241;6503;
1755694311.624;0.49379377365112304;0.416060949254919;6504;
1755694311.657;0.4915787696838379;0.417910823115596;6506;
1755694311.69;0.0;1.0;6506;
1755694311.724;0.0;1.0;6507;
1755694311.757;0.46708482106526694;0.46950033682364;6510;
1755694311.79;0.4318684577941895;0.5413674813729745;6510;
1755694311.824;0.43698298136393227;0.5365355880172165;6511;
1755694311.857;0.44186827341715496;0.5376969231499567;6512;
1755694311.89;0.4377621014912923;0.5418422275119358;6512;
1755694311.924;0.4280159632364909;0.5523315712257668;6512;
1755694311.957;0.42320483525594077;0.5076967592592593;6515;
1755694311.99;0.42821648915608723;0.49604882134331596;6517;
1755694312.024;0.424001407623291;0.5004855120623553;6517;
1755694312.057;0.4216577212015788;0.4882412945782697;6518;
1755694312.09;0.0;1.0;6519;
1755694312.124;0.0;1.0;6520;
1755694312.157;0.0;1.0;6521;
1755694312.19;0.0;1.0;6522;
1755694312.224;0.0;1.0;6524;
1755694312.257;0.0;1.0;6525;
1755694312.29;0.0;1.0;6526;
1755694312.324;0.0;1.0;6527;
1755694312.357;0.5549460093180338;0.351280438458478;6528;
1755694312.39;0.5532222747802734;0.3515620478877315;6529;
1755694312.424;0.5523543039957682;0.36182183159722225;6529;
1755694312.457;0.5499684651692708;0.37502113624855327;6530;
1755694312.49;0.546010144551595;0.38987048113787615;6531;
1755694312.524;0.5454808553059896;0.3984019526728877;6533;
1755694312.557;0.5424935658772786;0.39983288800274885;6533;
1755694312.59;0.5390467325846354;0.39231991238064234;6535;
1755694312.624;0.0;1.0;6535;
1755694312.657;0.0;1.0;6536;
1755694312.69;0.0;1.0;6537;
1755694312.724;0.0;1.0;6538;
1755694312.757;0.0;1.0;6539;
1755694312.79;0.0;1.0;6540;
1755694312.824;0.0;1.0;6540;
1755694312.857;0.0;1.0;6542;
1755694312.89;0.0;1.0;6542;
1755694312.924;0.0;1.0;6543;
1755694312.957;0.0;1.0;6546;
1755694312.99;0.0;1.0;6546;
1755694313.024;0.0;1.0;6548;
1755694313.057;0.0;1.0;6548;
1755694313.09;0.0;1.0;6549;
1755694313.124;0.5433809916178386;0.3212248625578704;6551;
1755694313.157;0.5542029062906901;0.31516062418619795;6551;
1755694313.19;0.5676696141560872;0.3128919813368055;6553;
1755694313.224;0.5774134318033854;0.3049876460322627;6553;
1755694313.257;0.5851715087890625;0.3033589115849248;6555;
1755694313.29;0.5950903574625651;0.3056237679940683;6555;
1755694313.324;0.6076845169067383;0.3062225341796875;6555;
1755694313.357;0.6200281143188476;0.3154460200557002;6557;
1755694313.39;0.633855692545573;0.3221813060619213;6558;
1755694313.424;0.0;1.0;6559;
1755694313.457;0.4798713684082031;0.23990020751953123;6561;
1755694313.49;0.5014042218526205;0.23739850079571756;6562;
1755694313.524;0.5345860799153646;0.22926607485170714;6563;
1755694313.557;0.5355915705362956;0.23168956615306713;6564;
1755694313.59;0.6049084981282552;0.25563467520254635;6565;
1755694313.624;0.6004097620646159;0.2516198052300347;6565;
1755694313.657;0.0;1.0;6566;
1755694313.69;0.0;1.0;6568;
1755694313.724;0.0;1.0;6569;
1755694313.757;0.0;1.0;6569;
1755694313.79;0.0;1.0;6571;
1755694313.824;0.0;1.0;6572;
1755694313.857;0.0;1.0;6572;
1755694313.89;0.0;1.0;6574;
1755694313.924;0.0;1.0;6575;
1755694313.957;0.0;1.0;6576;
1755694313.99;0.0;1.0;6577;
1755694314.024;0.0;1.0;6578;
1755694314.057;0.0;1.0;6579;
1755694314.09;0.0;1.0;6579;
1755694314.124;0.0;1.0;6581;
1755694314.157;0.0;1.0;6582;
1755694314.19;0.0;1.0;6582;
1755694314.224;0.0;1.0;6584;
1755694314.257;0.0;1.0;6585;
1755694314.29;0.0;1.0;6586;
1755694314.324;0.0;1.0;6587;
1755694314.357;0.0;1.0;6587;
1755694314.39;0.0;1.0;6588;
1755694314.424;0.0;1.0;6590;
1755694314.457;0.3578014373779297;0.17149392587167245;6590;
1755694314.49;0.0;1.0;6591;
1755694314.524;0.3667703946431478;0.17892100016276047;6592;
1755694314.557;0.41607093811035156;0.21221646909360536;6593;
1755694314.59;0.4124819119771322;0.2123087565104167;6594;
1755694314.624;0.4217120488484701;0.222877276385272;6594;
1755694314.657;0.4328867594401042;0.23666641800491894;6596;
1755694314.69;0.46015068689982097;0.2658654106987848;6596;
1755694314.724;0.46442960103352865;0.275344396520544;6597;
1755694314.757;0.0;1.0;6599;
1755694314.79;0.0;1.0;6600;
1755694314.824;0.0;1.0;6602;
1755694314.857;0.0;1.0;6602;
1755694314.89;0.0;1.0;6603;
1755694314.924;0.0;1.0;6605;
1755694314.957;0.37509632110595703;0.2682383219401042;6606;
1755694314.99;0.37834593454996746;0.27402812816478583;6606;
1755694315.024;0.3920794804890951;0.2893972326208044;6607;
1755694315.057;0.4013907114664714;0.2955792462384259;6608;
1755694315.09;0.4262764612833659;0.3488522564923322;6610;
1755694315.124;0.43185949325561523;0.34995727539062504;6611;
1755694315.157;0.0;1.0;6611;
1755694315.19;0.0;1.0;6612;
1755694315.224;0.0;1.0;6613;
1755694315.257;0.0;1.0;6615;
1755694315.29;0.0;1.0;6615;
1755694315.324;0.36088587443033854;0.23388095431857636;6618;
1755694315.357;0.364246400197347;0.2252719455295139;6618;
1755694315.39;0.3718602498372396;0.22475840250651047;6619;
1755694315.424;0.0;1.0;6619;
1755694315.457;0.38623752593994143;0.23602950484664353;6621;
1755694315.49;0.3995919863382975;0.2493773848922164;6621;
1755694315.524;0.40649639765421547;0.25602433946397574;6624;
1755694315.557;0.42079378763834635;0.27451748318142366;6625;
1755694315.59;0.0;1.0;6625;
1755694315.624;0.2817971229553223;0.3016840616861979;6625;
1755694315.657;0.2816669464111328;0.29430547643590854;6625;
1755694315.69;0.0;1.0;6625;
1755694315.724;0.0;1.0;6628;
1755694315.757;0.0;1.0;6629;
1755694315.79;0.0;1.0;6631;
1755694315.824;0.0;1.0;6631;
1755694315.857;0.0;1.0;6632;
1755694315.89;0.0;1.0;6634;
1755694315.924;0.0;1.0;6634;
1755694315.957;0.0;1.0;6636;
1755694315.99;0.0;1.0;6636;
1755694316.024;0.0;1.0;6638;
1755694316.057;0.0;1.0;6638;
1755694316.09;0.0;1.0;6638;
1755694316.124;0.0;1.0;6640;
1755694316.157;0.0;1.0;6641;
1755694316.19;0.0;1.0;6642;
1755694316.224;0.0;1.0;6643;
1755694316.257;0.0;1.0;6645;
1755694316.29;0.0;1.0;6645;
1755694316.324;0.0;1.0;6646;
1755694316.357;0.0;1.0;6648;
1755694316.39;0.0;1.0;6649;
1755694316.424;0.0;1.0;6649;
1755694316.457;0.0;1.0;6651;
1755694316.49;0.0;1.0;6652;
1755694316.524;0.0;1.0;6652;
1755694316.557;0.0;1.0;6654;
1755694316.59;0.0;1.0;6654;
1755694316.624;0.0;1.0;6655;
1755694316.657;0.0;1.0;6655;
1755694316.69;0.0;1.0;6657;
1755694316.724;0.0;1.0;6658;
1755694316.757;0.0;1.0;6659;
1755694316.79;0.0;1.0;6661;
1755694316.824;0.0;1.0;6662;
1755694316.857;0.0;1.0;6663;
1755694316.89;0.0;1.0;6663;
1755694316.924;0.0;1.0;6663;
1755694316.957;0.0;1.0;6665;
1755694316.99;0.0;1.0;6666;
1755694317.024;0.19684917132059734;0.1198272705078125;6667;
1755694317.057;0.20478027661641438;0.13377606427228006;6668;
1755694317.09;0.0;1.0;6670;
1755694317.124;0.22598570187886555;0.1537555835865162;6670;
1755694317.157;0.29296592076619465;0.18471719247323493;6672;
1755694317.19;0.2994169553120931;0.18332434760199656;6672;
1755694317.224;0.29083948135375975;0.18491572627314812;6674;
1755694317.257;0.32923482259114584;0.2064207288953993;6674;
1755694317.29;0.33490282694498696;0.2073466548213252;6676;
1755694317.324;0.3547057151794434;0.2171323988172743;6677;
1755694317.357;0.360638682047526;0.22382405598958333;6677;
1755694317.39;0.0;1.0;6679;
1755694317.424;0.1977470874786377;0.11092229772497109;6679;
1755694317.457;0.19280284245808918;0.1194813481083623;6681;
1755694317.49;0.2024625778198242;0.12924471254701964;6682;
1755694317.524;0.21607929865519207;0.14154956958912035;6682;
1755694317.557;0.22423276901245118;0.14010173656322333;6683;
1755694317.59;0.22786119778951008;0.15146529586226853;6684;
1755694317.624;0.24260640144348145;0.15600405092592595;6685;
1755694317.657;0.2513561248779297;0.16415071840639472;6686;
1755694317.69;0.29988444646199547;0.1768737227828414;6688;
1755694317.724;0.2945312182108561;0.17071821424696176;6688;
1755694317.757;0.29414666493733727;0.1736121283637153;6689;
1755694317.79;0.28787129720052085;0.17340636076750582;6690;
1755694317.824;0.2850783030192057;0.17058580186631944;6691;
1755694317.857;0.29099852244059243;0.16770516854745365;6691;
1755694317.89;0.2987381935119629;0.1653572930230035;6692;
1755694317.924;0.3141422907511393;0.17847109194155097;6694;
1755694317.957;0.3216754913330078;0.1939691049081308;6695;
1755694317.99;0.32498693466186523;0.20270730477792243;6697;
1755694318.024;0.3228997548421224;0.20569876211660876;6697;
1755694318.057;0.3216005643208822;0.219893957067419;6698;
1755694318.09;0.318315315246582;0.23292168511284728;6700;
1755694318.124;0.3156426429748535;0.23822394476996522;6701;
1755694318.157;0.32804203033447266;0.24605136447482634;6702;
1755694318.19;0.0;1.0;6702;
1755694318.224;0.0;1.0;6704;
1755694318.257;0.0;1.0;6705;
1755694318.29;0.0;1.0;6705;
1755694318.324;0.0;1.0;6706;
1755694318.357;0.0;1.0;6708;
1755694318.39;0.0;1.0;6709;
1755694318.424;0.0;1.0;6709;
1755694318.457;0.0;1.0;6710;
1755694318.49;0.0;1.0;6711;
1755694318.524;0.0;1.0;6713;
1755694318.557;0.0;1.0;6714;
1755694318.59;0.0;1.0;6714;
1755694318.624;0.0;1.0;6716;
1755694318.657;0.0;1.0;6716;
1755694318.69;0.0;1.0;6718;
1755694318.724;0.0;1.0;6718;
1755694318.757;0.0;1.0;6720;
1755694318.79;0.0;1.0;6720;
1755694318.824;0.0;1.0;6721;
1755694318.857;0.0;1.0;6722;
1755694318.89;0.0;1.0;6723;
1755694318.924;0.0;1.0;6725;
1755694318.957;0.0;1.0;6725;
1755694318.99;0.0;1.0;6726;
1755694319.024;0.0;1.0;6726;
1755694319.057;0.0;1.0;6727;
1755694319.09;0.0;1.0;6727;
1755694319.124;0.0;1.0;6728;
1755694319.157;0.0;1.0;6728;
1755694319.19;0.0;1.0;6730;
1755694319.224;0.0;1.0;6731;
1755694319.257;0.0;1.0;6731;
1755694319.29;0.0;1.0;6733;
1755694319.324;0.0;1.0;6733;
1755694319.357;0.0;1.0;6735;
1755694319.39;0.0;1.0;6735;
1755694319.424;0.0;1.0;6736;
1755694319.457;0.0;1.0;6738;
1755694319.49;0.0;1.0;6738;
1755694319.524;0.0;1.0;6738;
1755694319.557;0.0;1.0;6741;
1755694319.59;0.0;1.0;6741;
1755694319.624;0.0;1.0;6743;
1755694319.657;0.0;1.0;6743;
1755694319.69;0.0;1.0;6745;
1755694319.724;0.0;1.0;6746;
1755694319.757;0.0;1.0;6747;
1755694319.79;0.0;1.0;6747;
1755694319.824;0.0;1.0;6749;
1755694319.857;0.0;1.0;6750;
1755694319.89;0.4479302088419596;0.2324821189597801;6751;
1755694319.924;0.4537086486816406;0.227768396448206;6752;
1755694319.957;0.46247215270996095;0.22839773672598385;6753;
1755694319.99;0.47457507451375325;0.22749899405020257;6754;
1755694320.024;0.48121051788330077;0.10054790355541088;6754;
1755694320.057;0.4842229207356771;0.09763850459346068;6755;
1755694320.09;0.49167941411336263;0.09330472592954286;6756;
1755694320.124;0.49619388580322266;0.0758209228515625;6756;
1755694320.157;0.49100478490193683;0.057235378689236116;6757;
1755694320.19;0.49692068099975584;0.046557052047164316;6757;
1755694320.224;0.5072054227193197;0.04422731752748843;6759;
1755694320.257;0.5185264905293783;0.03859456380208337;6759;
1755694320.29;0.5248457908630371;0.05359779640480322;6761;
1755694320.324;0.5303313255310058;0.09015107331452543;6762;
1755694320.357;0.5242014567057292;0.1569990935149016;6764;
1755694320.39;0.5181960423787435;0.16318116364655666;6764;
1755694320.424;0.0;1.0;6764;
1755694320.457;0.5127862612406413;0.1750143545645254;6766;
1755694320.49;0.5034636815388998;0.23931167037398726;6766;
1755694320.524;0.5040374437967936;0.23017233389395253;6767;
1755694320.557;0.5004117965698243;0.22112963641131367;6767;
1755694320.59;0.4960487365722656;0.23224261248553246;6768;
1755694320.624;0.4958370526631673;0.2531915735315393;6768;
1755694320.657;0.49143505096435547;0.2611016732675058;6770;
1755694320.69;0.4879565874735514;0.2514634308991609;6770;
1755694320.724;0.48225377400716146;0.2589348687065972;6771;
1755694320.757;0.4789913177490234;0.2578352751555266;6773;
1755694320.79;0.47550665537516273;0.26774778012876155;6773;
1755694320.824;0.47079925537109374;0.2696538289388021;6775;
1755694320.857;0.46920973459879556;0.2730187875253183;6775;
1755694320.89;0.47372875213623045;0.272879876030816;6777;
1755694320.924;0.482085132598877;0.28176150851779513;6777;
1755694320.957;0.0;1.0;6779;
1755694320.99;0.0;1.0;6779;
1755694321.024;0.34952805836995443;0.24389981870298028;6781;
1755694321.057;0.34069089889526366;0.24228289568865746;6781;
1755694321.09;0.3483179728190104;0.2544881184895833;6782;
1755694321.124;0.3584214528401693;0.2648147017867477;6784;
1755694321.157;0.370623779296875;0.27637792516637727;6785;
1755694321.19;0.4064238866170247;0.308861004864728;6786;
1755694321.224;0.40231453577677406;0.3068619339554398;6788;
1755694321.257;0.0;1.0;6788;
1755694321.29;0.35676549275716146;0.13965471055772571;6789;
1755694321.324;0.3519465446472168;0.13328846119068283;6791;
1755694321.357;0.3587559382120768;0.12396347611038772;6792;
1755694321.39;0.35844332377115884;0.12158683494285305;6793;
1755694321.424;0.35922037760416664;0.1214230007595486;6793;
1755694321.457;0.35707934697469074;0.12167313187210649;6794;
1755694321.49;0.3549872716267904;0.12011600070529516;6794;
1755694321.524;0.0;1.0;6796;
1755694321.557;0.507235336303711;0.36889846236617474;6797;
1755694321.59;0.49678112665812174;0.36365226463035305;6797;
1755694321.624;0.4818763097127279;0.3522387469256366;6798;
1755694321.657;0.4695919354756673;0.3404564751519097;6800;
1755694321.69;0.4388646443684896;0.31249553539134833;6801;
1755694321.724;0.4367217063903809;0.3045748675311053;6802;
1755694321.757;0.4002900759379069;0.2858811555085359;6804;
1755694321.79;0.40271402994791666;0.2833354243525752;6805;
1755694321.824;0.40677461624145506;0.27986043294270835;6805;
1755694321.857;0.4101137479146322;0.27726027877242476;6805;
1755694321.89;0.40916649500528973;0.27807577627676505;6807;
1755694321.924;0.41099446614583335;0.27329864501953127;6807;
1755694321.957;0.41410516103108724;0.270685718677662;6807;
1755694321.99;0.4170442263285319;0.27213869448061345;6808;
1755694322.024;0.4203786849975586;0.2669408727575231;6809;
1755694322.057;0.424996026357015;0.2664859347873264;6809;
1755694322.09;0.428746763865153;0.2635111490885417;6810;
1755694322.124;0.4329288800557454;0.264167559588397;6810;
1755694322.157;0.43746840159098305;0.26481905336733214;6811;
1755694322.19;0.44462156295776367;0.26627101191767943;6813;
1755694322.224;0.44760913848876954;0.26400242558232057;6814;
1755694322.257;0.45358622868855797;0.26770737259476274;6815;
1755694322.29;0.46082948048909506;0.2757983737521701;6817;
1755694322.324;0.47230100631713867;0.28468113651982063;6817;
1755694322.357;0.47994810740152993;0.2898221616391783;6818;
1755694322.39;0.0;1.0;6819;
1755694322.424;0.36746174494425454;0.10145777949580437;6821;
1755694322.457;0.3600252787272135;0.09877240216290506;6822;
1755694322.49;0.3568563461303711;0.10448077166521996;6823;
1755694322.524;0.3562063217163086;0.1045088591399016;6824;
1755694322.557;0.3599493980407715;0.1065469247323495;6824;
1755694322.59;0.3608555793762207;0.10605005334924766;6826;
1755694322.624;0.3653466542561849;0.1095393993236401;6827;
1755694322.657;0.3631497701009115;0.1097086588541667;6827;
1755694322.69;0.3592633565266927;0.10246525517216432;6829;
1755694322.724;0.3567951202392578;0.09668918185763886;6830;
1755694322.757;0.0;1.0;6830;
1755694322.79;0.0;1.0;6832;
1755694322.824;0.46340093612670896;0.29211493598090277;6833;
1755694322.857;0.4595259348551432;0.2914809050383391;6833;
1755694322.89;0.4497787157694499;0.2869646425600405;6835;
1755694322.924;0.44067312876383463;0.27790482132523153;6836;
1755694322.957;0.44208517074584963;0.27236650254991324;6836;
1755694322.99;0.45140981674194336;0.2685091937029803;6838;
1755694323.024;0.4557860056559245;0.2637354532877604;6839;
1755694323.057;0.45743338267008465;0.2583041155779803;6839;
1755694323.09;0.4539129892985026;0.2493042557327836;6839;
1755694323.124;0.4512498219807943;0.24311913384331596;6842;
1755694323.157;0.4515475591023763;0.23925430862991903;6842;
1755694323.19;0.45058075586954754;0.23868713378906248;6844;
1755694323.224;0.45174074172973633;0.2386916549117477;6845;
1755694323.257;0.4538762410481771;0.2379266809534144;6845;
1755694323.29;0.4526638984680176;0.23502039026331023;6845;
1755694323.324;0.4536516825358073;0.23185616952401622;6847;
1755694323.357;0.4536577224731445;0.23123050265842016;6849;
1755694323.39;0.4532274564107259;0.22983720567491317;6849;
1755694323.424;0.45464792251586916;0.22964658383969905;6851;
1755694323.457;0.4551648775736491;0.2299584282769097;6851;
1755694323.49;0.4554698944091797;0.23084428575303817;6853;
1755694323.524;0.4581892649332682;0.23121417010271994;6854;
1755694323.557;0.4616511027018229;0.22968139648437502;6855;
1755694323.59;0.4624566396077474;0.2311588428638599;6855;
1755694323.624;0.4640613555908203;0.23410435429325815;6855;
1755694323.657;0.4636537233988444;0.23623272931134254;6856;
1755694323.69;0.4650959650675456;0.23536133942780668;6857;
1755694323.724;0.467495059967041;0.23475098786530668;6858;
1755694323.757;0.4679974238077799;0.23288489447699656;6859;
1755694323.79;0.4685466766357422;0.23249065257884838;6861;
1755694323.824;0.46777931849161786;0.23274711326316555;6862;
1755694323.857;0.4685899098714193;0.23429763228804978;6862;
1755694323.89;0.4685951232910156;0.2373528374565972;6863;
1755694323.924;0.46821101506551105;0.23807101779513884;6864;
1755694323.957;0.4657466252644857;0.24177664297598378;6865;
1755694323.99;0.4650067647298177;0.2425398649992766;6866;
1755694324.024;0.4652776082356771;0.243833245171441;6867;
1755694324.057;0.4653225580851237;0.24569029631438077;6868;
1755694324.09;0.46627073287963866;0.24983554416232634;6869;
1755694324.124;0.4636331558227539;0.253388355396412;6871;
1755694324.157;0.45856285095214844;0.25967429832175926;6872;
1755694324.19;0.0;1.0;6872;
1755694324.224;0.0;1.0;6874;
1755694324.257;0.0;1.0;6875;
1755694324.29;0.763943862915039;0.18985674822771992;6876;
1755694324.324;0.7243928909301758;0.19504840992115158;6876;
1755694324.357;0.7117940266927083;0.1947465119538484;6878;
1755694324.39;0.6541208902994792;0.21009600604021994;6879;
1755694324.424;0.655279541015625;0.2174833509657118;6879;
1755694324.457;0.6520341873168946;0.22188212076822922;6881;
1755694324.49;0.6235676447550456;0.23987262867115167;6881;
1755694324.524;0.6135885874430339;0.24815719039351847;6882;
1755694324.557;0.0;1.0;6883;
1755694324.59;0.6138739267985026;0.2536336263020833;6884;
1755694324.624;0.670892333984375;0.281870863172743;6886;
1755694324.657;0.6913201649983723;0.2872616803204572;6886;
1755694324.69;0.6089218139648438;0.2841865822120949;6886;
1755694324.724;0.6000999450683594;0.2732961018880208;6888;
1755694324.757;0.0;1.0;6888;
1755694324.79;0.4987263043721517;0.25130700005425344;6889;
1755694324.824;0.4952879269917806;0.2507610744900174;6891;
1755694324.857;0.4883918126424154;0.248951890733507;6891;
1755694324.89;0.48132311503092445;0.250401927806713;6893;
1755694324.924;0.47629086176554364;0.24138093171296293;6893;
1755694324.957;0.46706937154134115;0.24118556269892943;6895;
1755694324.99;0.4546535809834798;0.23798376012731481;6895;
1755694325.024;0.447523307800293;0.23006597448278354;6897;
1755694325.057;0.440923277537028;0.2335018016673901;6897;
1755694325.09;0.4333980878194173;0.22987557870370368;6899;
1755694325.124;0.425241216023763;0.23449537489149308;6900;
1755694325.157;0.41986268361409507;0.238250732421875;6901;
1755694325.19;0.0;1.0;6901;
1755694325.224;0.3989912986755371;0.24705544930917245;6903;
1755694325.257;0.3683368047078451;0.24990319146050344;6903;
1755694325.29;0.3692261060078939;0.24319593641493054;6905;
1755694325.324;0.3704571088155111;0.24669336389612273;6905;
1755694325.357;0.37145795822143557;0.24591578730830443;6907;
1755694325.39;0.3777156829833984;0.24713942916304976;6907;
1755694325.424;0.38312320709228515;0.24719690393518523;6909;
1755694325.457;0.3864025115966797;0.25235985649956594;6910;
1755694325.49;0.38536106745402016;0.25258529097945603;6911;
1755694325.524;0.37961320877075194;0.25455446596498843;6912;
1755694325.557;0.3793941497802734;0.26012895372178824;6912;
1755694325.59;0.3835238774617513;0.2573806762695312;6914;
1755694325.624;0.38716195424397787;0.25389562536168986;6915;
1755694325.657;0.39006315867106117;0.2559695208514178;6916;
1755694325.69;0.3924544016520182;0.2535801075122974;6917;
1755694325.724;0.2744881629943848;0.2738203825774016;6918;
1755694325.757;0.2759427388509115;0.2722784536856192;6919;
1755694325.79;0.28368021647135416;0.27090069806134254;6920;
1755694325.824;0.2895421346028646;0.26626812970196756;6920;
1755694325.857;0.29067719777425133;0.26167161729600696;6921;
1755694325.89;0.2955806732177734;0.26439791078920716;6922;
1755694325.924;0.2972235679626465;0.2616545500578704;6922;
1755694325.957;0.2983194669087728;0.2652638188114873;6923;
1755694325.99;0.29920946756998695;0.2622494732892072;6925;
1755694326.024;0.30317484537760414;0.25959517867476856;6925;
1755694326.057;0.30748217900594077;0.260905287000868;6927;
1755694326.09;0.31001151402791344;0.25688041404441553;6929;
1755694326.124;0.31907421747843423;0.2575606169524016;6930;
1755694326.157;0.3232607205708822;0.25372970015914353;6931;
1755694326.19;0.3212932586669922;0.25158538818359377;6932;
1755694326.224;0.3288254737854004;0.2613859953703703;6933;
1755694326.257;0.0;1.0;6933;
1755694326.29;0.0;1.0;6935;
1755694326.324;0.0;1.0;6935;
1755694326.357;0.0;1.0;6937;
1755694326.39;0.0;1.0;6937;
1755694326.424;0.0;1.0;6938;
1755694326.457;0.4782076517740885;0.2633427937825521;6939;
1755694326.49;0.4872774124145508;0.24551352041739005;6941;
1755694326.524;0.4364842732747396;0.22813082094545722;6942;
1755694326.557;0.34778674443562824;0.23333367241753478;6943;
1755694326.59;0.3479559580485026;0.24388682047526045;6943;
1755694326.624;0.34854377110799156;0.2308319656937211;6945;
1755694326.657;0.3517098108927409;0.2305415965892651;6945;
1755694326.69;0.3520622253417969;0.23714763500072333;6946;
1755694326.724;0.34989519119262696;0.24191007260923036;6948;
1755694326.757;0.35087381998697914;0.2435672336154514;6949;
1755694326.79;0.35394992828369143;0.24111113371672455;6950;
1755694326.824;0.3499409039815267;0.23904837149160885;6951;
1755694326.857;0.3425276438395182;0.24308516890914356;6952;
1755694326.89;0.33776992162068686;0.24645736129195606;6953;
1755694326.924;0.3305952707926432;0.2465884738498264;6954;
1755694326.957;0.3277500470479329;0.24966611508969905;6955;
1755694326.99;0.3268900871276855;0.25020102041739;6956;
1755694327.024;0.3231147448221842;0.2515805844907407;6956;
1755694327.057;0.32390950520833334;0.25314890543619795;6957;
1755694327.09;0.32376890182495116;0.2518096923828125;6959;
1755694327.124;0.32227856318155923;0.253432775426794;6959;
1755694327.157;0.3247089385986328;0.2519796865957754;6961;
1755694327.19;0.0;1.0;6962;
1755694327.224;0.46312570571899414;0.2683390299479167;6963;
1755694327.257;0.47040834426879885;0.26917063395182295;6963;
1755694327.29;0.4711846987406413;0.27252423321759256;6964;
1755694327.324;0.4724051793416341;0.27255508987991894;6966;
1755694327.357;0.4712551116943359;0.2681393658673322;6966;
1755694327.39;0.46840747197469074;0.2694036413122106;6968;
1755694327.424;0.4680288314819336;0.26873756691261574;6969;
1755694327.457;0.4698132197062174;0.26835197166160296;6969;
1755694327.49;0.4788175582885742;0.2697321573893229;6971;
1755694327.524;0.4757887204488119;0.27294989691840277;6972;
1755694327.557;0.4846961975097656;0.27300262451171875;6973;
1755694327.59;0.4321351687113444;0.2611375031647859;6974;
1755694327.624;0.0;1.0;6975;
1755694327.657;0.29461482365926106;0.2567048814561632;6975;
1755694327.69;0.3031275749206543;0.2531094586407697;6977;
1755694327.724;0.30949055353800453;0.25093321623625575;6978;
1755694327.757;0.3144376754760742;0.25180579291449656;6979;
1755694327.79;0.31481784184773765;0.2566094292534722;6979;
1755694327.824;0.3158030192057292;0.2512353402596933;6981;
1755694327.857;0.31443665822347006;0.24492034912109373;6981;
1755694327.89;0.30939273834228515;0.24373722782841434;6982;
1755694327.924;0.3069081942240397;0.24331309000651047;6983;
1755694327.957;0.3049946149190267;0.24132379602502896;6984;
1755694327.99;0.30490808486938475;0.23851838288483795;6986;
1755694328.024;0.3037965138753255;0.2378791526511863;6986;
1755694328.057;0.30279496510823567;0.23526260941116894;6987;
1755694328.09;0.30400972366333007;0.23221729419849535;6988;
1755694328.124;0.3061052322387695;0.22883097330729163;6990;
1755694328.157;0.3014328638712565;0.22719167073567703;6991;
1755694328.19;0.3021066665649414;0.2257495456271701;6991;
1755694328.224;0.2992518107096354;0.22345225016276038;6993;
1755694328.257;0.30053412119547523;0.21984303792317705;6994;
1755694328.29;0.0;1.0;6995;
1755694328.324;0.5294462521870931;0.23608172381365744;6996;
1755694328.357;0.527722962697347;0.23319278293185763;6997;
1755694328.39;0.520199966430664;0.2318484836154514;6998;
1755694328.424;0.5194078763326009;0.23146712691695603;6999;
1755694328.457;0.5116304079691569;0.23440811722366894;7000;
1755694328.49;0.5064418156941731;0.23927487973813655;7001;
1755694328.524;0.5002027193705241;0.24535703305844903;7001;
1755694328.557;0.499600887298584;0.24695084183304394;7002;
1755694328.59;0.499664306640625;0.2506219934534144;7004;
1755694328.624;0.49727891286214193;0.25266503228081594;7004;
1755694328.657;0.4950224240620931;0.25356388798466434;7006;
1755694328.69;0.4961041132609049;0.2579921581127026;7006;
1755694328.724;0.49536638259887694;0.2574939303927951;7008;
1755694328.757;0.4874709129333496;0.2602617617006655;7009;
1755694328.79;0.4790536880493164;0.26257974130135997;7009;
1755694328.824;0.47481997807820636;0.26248022008825234;7010;
1755694328.857;0.471724796295166;0.26301190411603004;7012;
1755694328.89;0.4723966916402181;0.26370877866391784;7012;
1755694328.924;0.47310994466145834;0.2623884412977431;7014;
1755694328.957;0.47463868459065756;0.26303106237340856;7015;
1755694328.99;0.3308783849080404;0.252363360369647;7016;
1755694329.024;0.2782754898071289;0.2490344577365451;7017;
1755694329.057;0.281341552734375;0.25269628454137727;7018;
1755694329.09;0.0;1.0;7018;
1755694329.124;0.28162285486857097;0.2658858122649016;7020;
1755694329.157;0.2908501942952474;0.260238195348669;7021;
1755694329.19;0.29585968653361;0.2591716059932002;7022;
1755694329.224;0.3027846336364746;0.2581121939199942;7023;
1755694329.257;0.30587329864501955;0.25914685284649885;7023;
1755694329.29;0.31043357849121095;0.25784878200954864;7024;
1755694329.324;0.3106720288594564;0.2587992915400752;7026;
1755694329.357;0.31590372721354165;0.25914651376229747;7027;
1755694329.39;0.3158689816792806;0.2615894458912037;7028;
1755694329.424;0.3207228660583496;0.26288067853009256;7029;
1755694329.457;0.3232610066731771;0.26170716462311916;7030;
1755694329.49;0.3133758862813314;0.2637637668185764;7030;
1755694329.524;0.314639949798584;0.26553197790075234;7032;
1755694329.557;0.31441968282063804;0.2656713980215567;7033;
1755694329.59;0.31451403299967445;0.2658804434317129;7034;
1755694329.624;0.3153988838195801;0.26459469265407987;7035;
1755694329.657;0.3137223561604818;0.2655375162760417;7035;
1755694329.69;0.3137215614318848;0.26540894684968175;7037;
1755694329.724;0.0;1.0;7038;
1755694329.757;0.4797369003295898;0.27009735107421873;7038;
1755694329.79;0.4835896809895833;0.2702054624204282;7040;
1755694329.824;0.47787046432495117;0.271168687608507;7040;
1755694329.857;0.4807513872782389;0.27043366608796293;7042;
1755694329.89;0.4802012761433919;0.270006024395978;7043;
1755694329.924;0.4778104782104492;0.2701487223307292;7043;
1755694329.957;0.47535460789998374;0.2690179330331308;7044;
1755694329.99;0.470697021484375;0.26720739293981477;7046;
1755694330.024;0.0;1.0;7046;
1755694330.057;0.7496476491292318;0.2921911734121817;7047;
1755694330.09;0.7423242568969727;0.2921331334997106;7049;
1755694330.124;0.7316879272460938;0.2952610157154224;7049;
1755694330.157;0.7273719787597657;0.29814814814814816;7050;
1755694330.19;0.7254919687906901;0.3007474546079283;7052;
1755694330.224;0.7227423350016277;0.3008404201931424;7052;
1755694330.257;0.721433448791504;0.30239546034071185;7054;
1755694330.29;0.7159868876139323;0.3037817495840567;7055;
1755694330.324;0.7144663492838542;0.3044677169234664;7055;
1755694330.357;0.7122451782226562;0.307762372052228;7057;
1755694330.39;0.0;1.0;7057;
1755694330.424;0.39795262018839517;0.265839527271412;7059;
1755694330.457;0.3094097455342611;0.272603918004919;7059;
1755694330.49;0.3089832941691081;0.27412154586226856;7061;
1755694330.524;0.3100382169087728;0.27738302725332753;7062;
1755694330.557;0.3090648333231608;0.2801432291666667;7063;
1755694330.59;0.3070567448933919;0.2801262184425637;7064;
1755694330.624;0.3010662714640299;0.27878457528573497;7064;
1755694330.657;0.2983117421468099;0.2780132152416088;7065;
1755694330.69;0.2924254099527995;0.2790508694118924;7067;
1755694330.724;0.286563237508138;0.2773630777994792;7068;
1755694330.757;0.28542728424072267;0.2773324471932871;7069;
1755694330.79;0.2838899612426758;0.2783026801215278;7069;
1755694330.824;0.2838063875834147;0.27881373652705443;7071;
1755694330.857;0.28540496826171874;0.2783724184389468;7071;
1755694330.89;0.28468710581461587;0.27790165653935184;7073;
1755694330.924;0.28925517400105794;0.2769358317057292;7074;
1755694330.957;0.28968423207600913;0.277439597800926;7075;
1755694330.99;0.0;1.0;7076;
1755694331.024;0.4644176483154297;0.28731536865234375;7077;
1755694331.057;0.45944687525431316;0.2873538547092014;7078;
1755694331.09;0.4618867874145508;0.29041120741102433;7079;
1755694331.124;0.4612971941630046;0.29138081868489585;7080;
1755694331.157;0.46357844670613607;0.2916012799298322;7081;
1755694331.19;0.4653560320536296;0.2916756523980035;7082;
1755694331.224;0.4673128763834635;0.29112695764612273;7082;
1755694331.257;0.47068341573079425;0.29131334092881944;7084;
1755694331.291;0.47017091115315757;0.2899572301793981;7084;
1755694331.324;0.4702313741048177;0.2888674135561342;7086;
1755694331.357;0.4708134969075521;0.2896965874565972;7087;
1755694331.391;0.0;1.0;7087;
1755694331.424;0.0;1.0;7089;
1755694331.457;0.7154778798421224;0.30917002360026047;7089;
1755694331.491;0.7183218002319336;0.30984711823640043;7091;
1755694331.524;0.7192202885945638;0.31078965928819446;7092;
1755694331.557;0.7186347325642903;0.31195576985677087;7093;
1755694331.591;0.718516476949056;0.3108125474717882;7094;
1755694331.624;0.716215705871582;0.3124501546223958;7095;
1755694331.657;0.7131515502929687;0.3127041852032697;7096;
1755694331.691;0.7147514979044597;0.3098576863606771;7096;
1755694331.724;0.714491335550944;0.30771150942201964;7098;
1755694331.757;0.7154528299967448;0.3087361088505498;7098;
1755694331.791;0.717831039428711;0.30909423828125004;7100;
1755694331.824;0.7161385218302408;0.3089698508933738;7101;
1755694331.857;0.0;1.0;7101;
1755694331.891;0.0;1.0;7103;
1755694331.924;0.2930095672607422;0.2658026236074942;7104;
1755694331.957;0.29447930653889975;0.26732680709273726;7105;
1755694331.991;0.2996842702229818;0.26607038709852426;7105;
1755694332.024;0.3009824752807617;0.265604994032118;7107;
1755694332.057;0.3038813591003418;0.26392127143012156;7107;
1755694332.091;0.3094148635864258;0.2622424090350116;7109;
1755694332.124;0.31628173192342124;0.2613210607458044;7110;
1755694332.157;0.32327419916788735;0.2596959431966146;7111;
1755694332.191;0.3283705711364746;0.2540419967086227;7111;
1755694332.224;0.33144207000732423;0.2549309059425636;7113;
1755694332.257;0.0;1.0;7113;
1755694332.291;0.0;1.0;7115;
1755694332.324;0.0;1.0;7115;
1755694332.357;0.0;1.0;7117;
1755694332.391;0.0;1.0;7118;
1755694332.424;0.0;1.0;7119;
1755694332.457;-0.12846571604410809;0.2921204178421586;7120;
1755694332.491;0.0;1.0;7121;
1755694332.524;0.0;1.0;7122;
1755694332.557;0.0;1.0;7122;
1755694332.591;0.0;1.0;7123;
1755694332.624;0.0;1.0;7125;
1755694332.657;0.19389384587605793;0.3024590951425058;7126;
1755694332.691;0.24583628972371419;0.28826062237774885;7127;
1755694332.724;0.2030968983968099;0.2956736246744792;7128;
1755694332.757;0.19095679918924968;0.3039334897641782;7129;
1755694332.791;0.19560826619466146;0.3035937273943866;7129;
1755694332.824;0.23824920654296874;0.3000079119646991;7130;
1755694332.857;0.23692668279012044;0.3004601937753183;7131;
1755694332.891;0.24228348731994628;0.2993645562065972;7131;
1755694332.924;0.28935015996297203;0.2939701221607349;7132;
1755694332.957;0.2941534678141276;0.29048591896339704;7134;
1755694332.991;0.304788875579834;0.29017769142433447;7136;
1755694333.024;0.31494712829589844;0.29162258572048616;7136;
1755694333.057;0.0;1.0;7138;
1755694333.091;0.324841562906901;0.2976235848885995;7139;
1755694333.124;0.3297949155171712;0.2981959025065104;7139;
1755694333.157;0.3330960909525553;0.29920072202329284;7141;
1755694333.191;0.3338422139485677;0.29842597113715275;7142;
1755694333.224;0.3378594716389974;0.3041959409360533;7143;
1755694333.257;0.3443014144897461;0.31015088116681133;7144;
1755694333.291;0.34924376805623375;0.31607694272641784;7144;
1755694333.324;0.3534752209981283;0.31835005018446183;7145;
1755694333.357;0.3588327089945475;0.3198305483217593;7147;
1755694333.391;0.36815452575683594;0.31673680058232057;7148;
1755694333.424;0.0;1.0;7148;
1755694333.457;0.0;1.0;7149;
1755694333.491;0.0;1.0;7149;
1755694333.524;0.2241696039835612;0.07893705014829278;7151;
1755694333.557;0.22676429748535157;0.08157478615089697;7153;
1755694333.591;0.23538201649983723;0.08554794876663774;7154;
1755694333.624;0.2427293300628662;0.0876886438440394;7155;
1755694333.657;0.0;1.0;7156;
1755694333.691;0.0;1.0;7157;
1755694333.724;0.2604389190673828;0.09780979862919559;7157;
1755694333.757;0.30695889790852865;0.11690713387948493;7159;
1755694333.791;0.3081799507141113;0.11785600450303824;7160;
1755694333.824;0.3091583569844564;0.11625823974609373;7161;
1755694333.857;0.310659662882487;0.11366735387731486;7161;
1755694333.891;0.312429141998291;0.11602884928385415;7163;
1755694333.924;0.3110582669576009;0.11460571289062504;7163;
1755694333.957;0.31275742848714194;0.1039988765010127;7165;
1755694333.991;0.32044219970703125;0.10807263409649881;7166;
1755694334.024;0.0;1.0;7167;
1755694334.057;0.0;1.0;7168;
1755694334.091;0.4585076967875163;0.3365806862160011;7169;
1755694334.124;0.4570983250935872;0.33808311179832173;7169;
1755694334.157;0.4553723971048991;0.33612761320891205;7171;
1755694334.191;0.4576604207356771;0.3330389517324942;7172;
1755694334.224;0.46694135665893555;0.33012757477936916;7173;
1755694334.257;0.4724936803181966;0.32941691080729163;7173;
1755694334.291;0.4764104207356771;0.33057104040075236;7175;
1755694334.324;0.47896448771158856;0.3293988828305845;7176;
1755694334.357;0.4779835065205892;0.32701545997902204;7177;
1755694334.391;0.4771816889444987;0.32614898681640625;7178;
1755694334.424;0.4771961847941081;0.32408763744212965;7178;
1755694334.457;0.47722002665201824;0.3224148785626447;7179;
1755694334.491;0.4782406489054362;0.32310259783709494;7181;
1755694334.524;0.47558021545410156;0.32038885045934606;7182;
1755694334.557;0.47459147771199545;0.317286060474537;7182;
1755694334.591;0.47218135197957356;0.3143221254701968;7184;
1755694334.624;0.4707696278889974;0.31305236816406246;7185;
1755694334.657;0.4698490142822266;0.31326096146195026;7185;
1755694334.691;0.47039384841918946;0.3118407637984665;7187;
1755694334.724;0.4715144475301107;0.3101074783890335;7188;
1755694334.757;0.4713558832804362;0.3102756641529224;7188;
1755694334.791;0.47140595118204753;0.30949853967737273;7189;
1755694334.824;0.4745383898417155;0.3076085408528646;7190;
1755694334.857;0.47577813466389973;0.3045458758318865;7192;
1755694334.891;0.4785311698913574;0.3043552539966724;7192;
1755694334.924;0.4721401532491048;0.30905852141203705;7194;
1755694334.957;0.4679903348286947;0.3129416006582755;7194;
1755694334.991;0.4691131273905436;0.3112508138020833;7196;
1755694335.024;0.46927785873413086;0.312626365379051;7197;
1755694335.057;0.4686025619506836;0.31414721453631367;7197;
1755694335.091;0.4663546562194824;0.3128477873625579;7199;
1755694335.124;0.4641993204752604;0.31174502902560763;7200;
1755694335.157;0.46260321935017906;0.31139718514901615;7201;
1755694335.191;0.4619547208150228;0.3089994642469618;7202;
1755694335.224;0.45950015385945636;0.3111045554832176;7203;
1755694335.257;0.4570301373799642;0.3122020580150463;7204;
1755694335.291;0.4568965276082357;0.31221093071831596;7205;
1755694335.324;0.4571935017903646;0.3128391407154224;7206;
1755694335.357;0.4536373774210612;0.31342315673828125;7206;
1755694335.391;0.45331878662109376;0.3114746658890336;7208;
1755694335.424;0.45255902608235676;0.3110100075050637;7209;
1755694335.457;0.4507603963216146;0.3124456900137442;7210;
1755694335.491;0.45155312220255533;0.31292656792534723;7210;
1755694335.524;0.45196539560953775;0.31353296350549764;7212;
1755694335.557;0.4522207260131836;0.31268519648799187;7213;
1755694335.591;0.4512259801228841;0.31269090440538194;7213;
1755694335.624;0.4507239023844401;0.31311764187282987;7215;
1755694335.657;0.4508593241373698;0.31228049949363423;7216;
1755694335.691;0.4494431177775065;0.311091896339699;7216;
1755694335.724;0.4495477040608724;0.3107500994646991;7218;
1755694335.757;0.44927965799967445;0.3103275440357349;7218;
1755694335.791;0.4484459241231283;0.3090254041883681;7219;
1755694335.824;0.44706557591756185;0.3080527976707176;7221;
1755694335.857;0.44587570826212564;0.30710274025245954;7222;
1755694335.891;0.41354335149129234;0.27228201406973385;7223;
1755694335.924;0.0;1.0;7224;
1755694335.957;0.0;1.0;7224;
1755694335.991;0.26008299191792805;0.013349631980613452;7225;
1755694336.024;0.26087079048156736;0.013858145254629584;7226;
1755694336.057;0.261985985438029;0.01851354528356486;7226;
1755694336.091;0.2593182245890299;0.026825177228009256;7228;
1755694336.124;0.2582245826721191;0.03537835015190971;7230;
1755694336.157;0.26007067362467445;0.03958423755787033;7231;
1755694336.191;0.260781462987264;0.04761657714843748;7232;
1755694336.224;0.26267147064208984;0.05318044026692703;7233;
1755694336.257;0.2682538350423177;0.060416666666666674;7233;
1755694336.291;0.271763547261556;0.06598149052372682;7235;
1755694336.324;0.2788585980733236;0.07644031665943285;7235;
1755694336.357;0.28126799265543617;0.08391785798249418;7237;
1755694336.391;0.28796056111653645;0.08790192780671291;7238;
1755694336.424;0.29833173751831055;0.09510684543185766;7239;
1755694336.457;0.30683892567952475;0.10558454725477429;7240;
1755694336.491;0.3128631591796875;0.11457790798611112;7240;
1755694336.524;0.3162607510884603;0.11827256944444442;7242;
1755694336.557;0.3201132774353027;0.12557457817925344;7243;
1755694336.591;0.32626558939615885;0.13191771330656832;7244;
1755694336.624;0.3274303118387858;0.1376539442274306;7244;
1755694336.657;0.32901763916015625;0.14353321216724535;7245;
1755694336.691;0.33252429962158203;0.1488436663592303;7246;
1755694336.724;0.333975092569987;0.15286170111762154;7247;
1755694336.757;0.3387183507283529;0.15517069498697922;7249;
1755694336.791;0.34128166834513346;0.15701649983723953;7249;
1755694336.824;0.3431859016418457;0.15865156385633683;7251;
