timestamp;x;y;l_x;l_y;r_x;r_y;pupil_l;pupil_r;event_type;fixation_x;fixation_y;event_duration;fixation_id;saccade_id;start_time;end_time
0.0;1278.7908172607422;626.9798755645751;0.4940559267997741;0.4761850237846374;0.4995276629924774;0.4354026913642883;3.167098999023437;2.96087646484375;Saccade;;;52.0;;1.0;0.0;52.0
4.0;1269.1823577880857;652.5048923492432;0.4978626370429992;0.4841355979442596;0.495774358510971;0.4531283974647522;3.136993408203125;2.966903686523437;Saccade;;;52.0;;1.0;0.0;52.0
8.0;1283.0657958984375;679.0368318557738;0.4957561790943146;0.495566725730896;0.5011975765228271;0.4715533554553985;3.18072509765625;2.982162475585937;Saccade;;;52.0;;1.0;0.0;52.0
12.0;1266.7222595214841;674.7925472259521;0.4962305724620819;0.4919991195201874;0.4948133826255798;0.4686059355735779;3.18707275390625;2.98388671875;Saccade;;;52.0;;1.0;0.0;52.0
16.0;1280.4603576660156;636.9813823699951;0.4966067373752594;0.5047910213470459;0.5001798272132874;0.4423481822013855;3.1702880859375;2.9742584228515625;Saccade;;;52.0;;1.0;0.0;52.0
20.0;1280.2130126953125;657.9792594909668;0.4983068108558655;0.5042609572410583;0.5000832080841064;0.4569300413131714;3.17901611328125;2.9584197998046875;Saccade;;;52.0;;1.0;0.0;52.0
24.0;1272.4079132080076;678.6725664138794;0.4962404668331146;0.5068522095680237;0.497034341096878;0.4713003933429718;3.161849975585937;2.99053955078125;Saccade;;;52.0;;1.0;0.0;52.0
28.0;1275.5928039550781;694.383873939514;0.4975775182247162;0.5025060772895813;0.4982784390449524;0.482211023569107;3.1450347900390625;3.0110626220703125;Saccade;;;52.0;;1.0;0.0;52.0
32.0;1278.4098052978513;689.6562767028807;0.4997895359992981;0.524169385433197;0.4993788301944732;0.4789279699325561;3.149688720703125;2.991546630859375;Saccade;;;52.0;;1.0;0.0;52.0
36.0;1270.6282043457031;714.4601440429688;0.5017629861831665;0.5086922645568848;0.4963391423225403;0.4961528778076172;3.1455078125;3.0194549560546875;Saccade;;;52.0;;1.0;0.0;52.0
40.0;1276.363296508789;702.7460145950316;0.499272882938385;0.4917749464511871;0.4985794126987457;0.4880180656909942;3.1157989501953125;3.040756225585937;Saccade;;;52.0;;1.0;0.0;52.0
44.0;1272.6894378662107;666.3647890090942;0.4986871778964996;0.5104779601097107;0.4971443116664886;0.4627533257007599;3.147247314453125;2.961456298828125;Saccade;;;52.0;;1.0;0.0;52.0
48.0;1274.2823791503904;685.0527477264404;0.5007914304733276;0.5135477185249329;0.4977665543556213;0.4757310748100281;3.1475830078125;2.9991455078125;Saccade;;;52.0;;1.0;0.0;52.0
52.0;1276.2821960449219;687.3140001296996;0.501693844795227;0.5224069356918335;0.4985477328300476;0.4773013889789581;3.1380157470703125;2.9754180908203125;Saccade;;;52.0;;1.0;0.0;52.0
56.0;1265.920944213867;735.6045341491699;0.4997808039188385;0.5142173171043396;0.4945003688335418;0.5108364820480347;3.1562042236328125;3.03656005859375;Fixation;1264.6096229553223;698.1877982616425;140.0;1.0;;56.0;196.0
60.0;1262.6122283935547;675.5482864379883;0.5009185075759888;0.5416877269744873;0.4932079017162323;0.4691307544708252;3.157989501953125;2.9517364501953125;Fixation;1264.6096229553223;698.1877982616425;140.0;1.0;;56.0;196.0
64.0;1266.5777587890623;741.9404697418213;0.5000526309013367;0.4954134225845337;0.4947569370269775;0.5152364373207092;3.10467529296875;3.0567779541015625;Fixation;1264.6096229553223;698.1877982616425;140.0;1.0;;56.0;196.0
68.0;1271.7955780029297;707.1830320358276;0.4999169409275055;0.5144421458244324;0.4967951476573944;0.4910993278026581;3.119125366210937;2.9917449951171875;Fixation;1264.6096229553223;698.1877982616425;140.0;1.0;;56.0;196.0
72.0;1265.4174041748047;712.0693302154541;0.4980518221855163;0.5402507185935974;0.4943036735057831;0.4944925904273987;3.1454315185546875;3.003692626953125;Fixation;1264.6096229553223;698.1877982616425;140.0;1.0;;56.0;196.0
76.0;1264.2247772216795;715.3611946105956;0.499321848154068;0.5245076417922974;0.4938378036022186;0.4967786073684692;3.1601715087890625;3.008514404296875;Fixation;1264.6096229553223;698.1877982616425;140.0;1.0;;56.0;196.0
80.0;1265.7614135742188;719.8402690887451;0.5009879469871521;0.5309138894081116;0.4944380521774292;0.499889075756073;3.14031982421875;3.011947631835937;Fixation;1264.6096229553223;698.1877982616425;140.0;1.0;;56.0;196.0
84.0;1266.9577789306638;713.2351684570312;0.50144362449646;0.5189652442932129;0.4949053823947906;0.4953022003173828;3.1524810791015625;3.000885009765625;Fixation;1264.6096229553223;698.1877982616425;140.0;1.0;;56.0;196.0
88.0;1264.718017578125;678.7812709808348;0.5049086213111877;0.537484347820282;0.4940304756164551;0.4713758826255798;3.150009155273437;2.952789306640625;Fixation;1264.6096229553223;698.1877982616425;140.0;1.0;;56.0;196.0
92.0;1266.4097595214841;741.9570350646973;0.4969722032546997;0.5031493902206421;0.4946913123130798;0.5152479410171509;3.098724365234375;3.0300750732421875;Fixation;1264.6096229553223;698.1877982616425;140.0;1.0;;56.0;196.0
96.0;1265.017623901367;710.6872844696044;0.5034778714179993;0.5374687910079956;0.4941475093364715;0.4935328364372253;3.153656005859375;2.99658203125;Fixation;1264.6096229553223;698.1877982616425;140.0;1.0;;56.0;196.0
100.0;1271.7523193359375;694.3070554733276;0.5015167593955994;0.4933884739875793;0.4967782497406006;0.4821576774120331;3.0780181884765625;2.971038818359375;Fixation;1264.6096229553223;698.1877982616425;140.0;1.0;;56.0;196.0
104.0;1267.8749084472654;695.2980566024779;0.5013231039047241;0.5288574695587158;0.4952636361122131;0.4828458726406097;3.151947021484375;2.961883544921875;Fixation;1264.6096229553223;698.1877982616425;140.0;1.0;;56.0;196.0
108.0;1269.5147705078123;690.0257778167725;0.5023050904273987;0.5261172652244568;0.4959042072296142;0.4791845679283142;3.1313629150390625;2.9443511962890625;Fixation;1264.6096229553223;698.1877982616425;140.0;1.0;;56.0;196.0
112.0;1269.169998168945;719.99605178833;0.5025919079780579;0.5349794626235962;0.4957695305347442;0.4999972581863403;3.148056030273437;2.9913330078125;Fixation;1264.6096229553223;698.1877982616425;140.0;1.0;;56.0;196.0
116.0;1271.7457580566404;679.6623229980469;0.4999257028102875;0.5292558073997498;0.4967756867408752;0.4719877243041992;3.1139373779296875;2.937484741210937;Fixation;1264.6096229553223;698.1877982616425;140.0;1.0;;56.0;196.0
120.0;1273.11408996582;686.5989875793456;0.5014379620552063;0.5361731052398682;0.4973101913928985;0.4768048524856567;3.152374267578125;2.939056396484375;Fixation;1264.6096229553223;698.1877982616425;140.0;1.0;;56.0;196.0
124.0;1273.3808135986326;679.7395277023315;0.5029703378677368;0.5244694352149963;0.4974143803119659;0.4720413386821747;3.1418914794921875;2.95458984375;Fixation;1264.6096229553223;698.1877982616425;140.0;1.0;;56.0;196.0
128.0;1267.2164916992188;681.2991571426392;0.4996794164180755;0.5004623532295227;0.4950064420700073;0.4731244146823883;3.0857391357421875;2.948348999023437;Fixation;1264.6096229553223;698.1877982616425;140.0;1.0;;56.0;196.0
132.0;1268.4757995605469;699.2569112777709;0.5012789368629456;0.5317778587341309;0.4954983592033386;0.4855950772762298;3.14984130859375;2.96905517578125;Fixation;1264.6096229553223;698.1877982616425;140.0;1.0;;56.0;196.0
136.0;1270.2808380126953;680.9845018386841;0.5009899139404297;0.5226011276245117;0.4962034523487091;0.4729059040546417;3.130722045898437;2.94879150390625;Fixation;1264.6096229553223;698.1877982616425;140.0;1.0;;56.0;196.0
140.0;1267.4149322509766;682.1728706359863;0.5028132796287537;0.5204504132270813;0.4950839579105377;0.4737311601638794;3.1242218017578125;2.9467926025390625;Fixation;1264.6096229553223;698.1877982616425;140.0;1.0;;56.0;196.0
144.0;1266.8231964111326;675.7401180267334;0.4994610846042633;0.5302907228469849;0.4948528110980987;0.4692639708518982;3.142196655273437;2.939437866210937;Fixation;1264.6096229553223;698.1877982616425;140.0;1.0;;56.0;196.0
148.0;1271.4244842529295;684.2352962493895;0.4976942539215088;0.5250915884971619;0.4966501891613006;0.4751634001731872;3.12896728515625;2.9373016357421875;Fixation;1264.6096229553223;698.1877982616425;140.0;1.0;;56.0;196.0
152.0;1263.182601928711;677.6990747451782;0.5026004910469055;0.533065676689148;0.4934307038784027;0.4706243574619293;3.1338043212890625;2.9394989013671875;Fixation;1264.6096229553223;698.1877982616425;140.0;1.0;;56.0;196.0
156.0;1260.9452819824216;694.3896675109863;0.5036507248878479;0.5270782709121704;0.4925567507743835;0.4822150468826294;3.129974365234375;2.952789306640625;Fixation;1264.6096229553223;698.1877982616425;140.0;1.0;;56.0;196.0
160.0;1261.4402770996094;681.8305349349974;0.5029553174972534;0.5113356709480286;0.4927501082420349;0.4734934270381927;3.1023101806640625;2.9276275634765625;Fixation;1264.6096229553223;698.1877982616425;140.0;1.0;;56.0;196.0
164.0;1263.3016967773438;683.6758518218993;0.5013829469680786;0.516462504863739;0.4934772253036499;0.4747748970985412;3.0861358642578125;2.9190673828125;Fixation;1264.6096229553223;698.1877982616425;140.0;1.0;;56.0;196.0
168.0;1263.0042266845703;708.0231857299805;0.5029263496398926;0.5189766883850098;0.4933610260486603;0.491682767868042;3.106201171875;2.9755096435546875;Fixation;1264.6096229553223;698.1877982616425;140.0;1.0;;56.0;196.0
172.0;1255.7241821289062;684.3421125411986;0.5025268793106079;0.5262370705604553;0.490517258644104;0.4752375781536102;3.14422607421875;2.920379638671875;Fixation;1264.6096229553223;698.1877982616425;140.0;1.0;;56.0;196.0
176.0;1255.852813720703;692.2264766693115;0.5018280744552612;0.5194599628448486;0.4905675053596496;0.4807128310203552;3.11004638671875;2.927474975585937;Fixation;1264.6096229553223;698.1877982616425;140.0;1.0;;56.0;196.0
180.0;1253.3538055419922;700.7929372787474;0.5024069547653198;0.5224977135658264;0.4895913302898407;0.4866617619991302;3.099105834960937;2.928558349609375;Fixation;1264.6096229553223;698.1877982616425;140.0;1.0;;56.0;196.0
184.0;1252.9408264160156;698.7304258346558;0.5024060606956482;0.5143563747406006;0.4894300103187561;0.4852294623851776;3.105331420898437;2.928436279296875;Fixation;1264.6096229553223;698.1877982616425;140.0;1.0;;56.0;196.0
188.0;1254.6906280517578;742.0525646209717;0.5025238990783691;0.530134379863739;0.4901135265827179;0.5153142809867859;3.1392822265625;2.998519897460937;Fixation;1264.6096229553223;698.1877982616425;140.0;1.0;;56.0;196.0
192.0;1252.7433776855466;697.9494953155518;0.5004037022590637;0.5193740725517273;0.4893528819084167;0.4846871495246887;3.1177520751953125;2.94842529296875;Fixation;1264.6096229553223;698.1877982616425;140.0;1.0;;56.0;196.0
196.0;1255.165023803711;671.5239000320433;0.4998884201049804;0.4867652952671051;0.4902988374233246;0.466336041688919;3.08856201171875;2.9359283447265625;Fixation;1264.6096229553223;698.1877982616425;140.0;1.0;;56.0;196.0
200.0;1256.31233215332;623.6392593383788;0.4957194030284881;0.4263190329074859;0.4907470047473907;0.4330828189849853;3.0571441650390625;2.9510650634765625;Saccade;;;16.0;;2.0;200.0;216.0
204.0;1261.8892669677734;603.0321264266967;0.4882671535015106;0.4022115468978882;0.4929254949092865;0.4187723100185394;3.084320068359375;2.9869842529296875;Saccade;;;16.0;;2.0;200.0;216.0
208.0;1268.54866027832;590.3095293045043;0.4866584241390228;0.3879737555980682;0.4955268204212188;0.409937173128128;3.0933837890625;3.012420654296875;Saccade;;;16.0;;2.0;200.0;216.0
212.0;1244.1975402832031;547.8693008422852;0.4921268820762634;0.3720006942749023;0.4860146641731262;0.3804647922515869;3.0901336669921875;2.985565185546875;Saccade;;;16.0;;2.0;200.0;216.0
216.0;1241.238784790039;537.717719078064;0.496800035238266;0.3575080931186676;0.484858900308609;0.3734150826931;3.0880279541015625;2.9993438720703125;Saccade;;;16.0;;2.0;200.0;216.0
220.0;1241.3448333740234;518.3977460861206;0.4974600076675415;0.3558435142040252;0.4849003255367279;0.3599984347820282;3.07745361328125;2.986679077148437;Fixation;1239.7939799382136;516.9387679833633;204.0;2.0;;220.0;424.0
224.0;1232.5403594970703;519.5258617401122;0.4985178112983703;0.3615022003650665;0.4814610779285431;0.3607818484306335;3.0837554931640625;3.010726928710937;Fixation;1239.7939799382136;516.9387679833633;204.0;2.0;;220.0;424.0
228.0;1238.8082885742188;528.7198305130004;0.5003981590270996;0.3635288178920746;0.4839094877243042;0.3671665489673614;3.080718994140625;3.0012969970703125;Fixation;1239.7939799382136;516.9387679833633;204.0;2.0;;220.0;424.0
232.0;1237.4694061279295;540.1108074188231;0.5004239678382874;0.3649081885814667;0.4833864867687225;0.375076949596405;3.0688018798828125;3.0066680908203125;Fixation;1239.7939799382136;516.9387679833633;204.0;2.0;;220.0;424.0
236.0;1235.1161956787107;540.0141191482543;0.4971058070659637;0.3748582601547241;0.4824672639369964;0.3750098049640655;3.0670166015625;2.9954833984375;Fixation;1239.7939799382136;516.9387679833633;204.0;2.0;;220.0;424.0
240.0;1231.207046508789;532.4733781814574;0.4898659288883209;0.3709658682346344;0.4809402525424957;0.3697731792926788;3.072967529296875;2.99884033203125;Fixation;1239.7939799382136;516.9387679833633;204.0;2.0;;220.0;424.0
244.0;1232.5499725341795;527.6139020919799;0.4966160953044891;0.3634196817874908;0.4814648330211639;0.3663985431194305;3.083526611328125;3.0021209716796875;Fixation;1239.7939799382136;516.9387679833633;204.0;2.0;;220.0;424.0
248.0;1236.0655212402341;512.7245950698853;0.4923172295093536;0.364377349615097;0.4828380942344665;0.3560587465763092;3.056304931640625;2.998275756835937;Fixation;1239.7939799382136;516.9387679833633;204.0;2.0;;220.0;424.0
252.0;1239.2182159423828;520.2643489837646;0.4915186762809753;0.3618057072162628;0.4840696156024933;0.361294686794281;3.0843963623046875;3.00469970703125;Fixation;1239.7939799382136;516.9387679833633;204.0;2.0;;220.0;424.0
256.0;1232.553024291992;522.1776437759399;0.4945940673351288;0.3622274100780487;0.4814660251140594;0.3626233637332916;3.0690460205078125;3.0138397216796875;Fixation;1239.7939799382136;516.9387679833633;204.0;2.0;;220.0;424.0
260.0;1241.969985961914;515.396203994751;0.4928466975688934;0.3591989278793335;0.4851445257663727;0.3579140305519104;3.0806427001953125;3.014755249023437;Fixation;1239.7939799382136;516.9387679833633;204.0;2.0;;220.0;424.0
264.0;1237.2000122070312;516.9617557525635;0.4940093457698822;0.3631637692451477;0.4832812547683716;0.3590012192726135;3.091171264648437;3.007080078125;Fixation;1239.7939799382136;516.9387679833633;204.0;2.0;;220.0;424.0
268.0;1232.2154235839844;521.5667867660521;0.4930678606033325;0.3678832650184631;0.4813341498374939;0.3621991574764251;3.08837890625;3.0092315673828125;Fixation;1239.7939799382136;516.9387679833633;204.0;2.0;;220.0;424.0
272.0;1230.3633880615234;506.41895771026606;0.4967184364795685;0.3675800263881683;0.4806106984615326;0.3516798317432403;3.085906982421875;3.00311279296875;Fixation;1239.7939799382136;516.9387679833633;204.0;2.0;;220.0;424.0
276.0;1232.7931213378906;521.7625665664672;0.4964205324649811;0.368154376745224;0.4815598130226135;0.3623351156711578;3.101837158203125;2.997344970703125;Fixation;1239.7939799382136;516.9387679833633;204.0;2.0;;220.0;424.0
280.0;1227.899398803711;515.3118753433228;0.4944686591625213;0.3659863173961639;0.4796482026576996;0.3578554689884186;3.0842742919921875;2.9888153076171875;Fixation;1239.7939799382136;516.9387679833633;204.0;2.0;;220.0;424.0
284.0;1230.9053802490234;522.3151874542236;0.4923009574413299;0.371572196483612;0.4808224141597748;0.3627188801765442;3.0673828125;3.0031890869140625;Fixation;1239.7939799382136;516.9387679833633;204.0;2.0;;220.0;424.0
288.0;1234.1024780273435;522.1740388870238;0.4934702813625335;0.3698578774929046;0.4820712804794311;0.362620860338211;3.0741729736328125;3.00067138671875;Fixation;1239.7939799382136;516.9387679833633;204.0;2.0;;220.0;424.0
292.0;1228.378677368164;516.6061592102051;0.4944759011268616;0.3754003345966339;0.4798354208469391;0.3587542772293091;3.102401733398437;2.999374389648437;Fixation;1239.7939799382136;516.9387679833633;204.0;2.0;;220.0;424.0
296.0;1237.7912902832031;520.916576385498;0.4962554574012756;0.3633073568344116;0.4835122227668762;0.3617476224899292;3.0708160400390625;2.9967803955078125;Fixation;1239.7939799382136;516.9387679833633;204.0;2.0;;220.0;424.0
300.0;1234.2321014404295;528.1086301803589;0.4949929416179657;0.37035071849823;0.4821219146251678;0.3667421042919159;3.0891265869140625;2.9901275634765625;Fixation;1239.7939799382136;516.9387679833633;204.0;2.0;;220.0;424.0
304.0;1234.1685485839844;528.3882665634155;0.4967420101165771;0.3667057752609253;0.4820970892906189;0.3669362962245941;3.093490600585937;2.990936279296875;Fixation;1239.7939799382136;516.9387679833633;204.0;2.0;;220.0;424.0
308.0;1237.3382568359375;519.8344659805297;0.4939373433589935;0.3693496882915497;0.4833352565765381;0.3609961569309234;3.069061279296875;2.9855499267578125;Fixation;1239.7939799382136;516.9387679833633;204.0;2.0;;220.0;424.0
312.0;1236.58332824707;525.0684213638306;0.4941604435443878;0.3692620098590851;0.4830403625965118;0.3646308481693268;3.0963287353515625;2.983673095703125;Fixation;1239.7939799382136;516.9387679833633;204.0;2.0;;220.0;424.0
316.0;1243.3451080322266;517.4483728408813;0.4937900900840759;0.36651611328125;0.4856816828250885;0.3593391478061676;3.084228515625;2.9865264892578125;Fixation;1239.7939799382136;516.9387679833633;204.0;2.0;;220.0;424.0
320.0;1246.595001220703;518.3261632919312;0.491908848285675;0.3712116479873657;0.4869511723518371;0.3599487245082855;3.08123779296875;2.977935791015625;Fixation;1239.7939799382136;516.9387679833633;204.0;2.0;;220.0;424.0
324.0;1247.1097564697263;516.817774772644;0.494823008775711;0.3574577569961548;0.4871522486209869;0.3589012324810028;3.0675811767578125;2.9956207275390625;Fixation;1239.7939799382136;516.9387679833633;204.0;2.0;;220.0;424.0
328.0;1240.9484863281248;511.67222499847406;0.4954628944396972;0.3642156720161438;0.4847455024719238;0.3553279340267181;3.06036376953125;2.9820098876953125;Fixation;1239.7939799382136;516.9387679833633;204.0;2.0;;220.0;424.0
332.0;1243.1755065917966;509.76094722747797;0.4952194988727569;0.3681040704250335;0.4856154322624206;0.3540006577968597;3.075790405273437;2.97711181640625;Fixation;1239.7939799382136;516.9387679833633;204.0;2.0;;220.0;424.0
336.0;1252.3616790771484;515.356249809265;0.4932549297809601;0.3681705594062805;0.4892037808895111;0.3578862845897674;3.082733154296875;2.982772827148437;Fixation;1239.7939799382136;516.9387679833633;204.0;2.0;;220.0;424.0
340.0;1247.9625701904297;514.4083356857299;0.4950289130210876;0.3621563613414764;0.4874853789806366;0.357228010892868;3.074066162109375;2.9894256591796875;Fixation;1239.7939799382136;516.9387679833633;204.0;2.0;;220.0;424.0
344.0;1253.7867736816404;516.5479660034179;0.4934313297271728;0.3581377565860748;0.4897604584693908;0.3587138652801513;3.0579376220703125;2.980209350585937;Fixation;1239.7939799382136;516.9387679833633;204.0;2.0;;220.0;424.0
348.0;1256.3282012939453;518.6660957336425;0.4954265654087066;0.3585391640663147;0.4907532036304474;0.3601847887039184;3.063507080078125;2.973236083984375;Fixation;1239.7939799382136;516.9387679833633;204.0;2.0;;220.0;424.0
352.0;1247.6066589355469;521.2176704406737;0.4941753447055816;0.356881320476532;0.487346351146698;0.3619567155838012;3.067626953125;2.98028564453125;Fixation;1239.7939799382136;516.9387679833633;204.0;2.0;;220.0;424.0
356.0;1249.1107940673828;512.1586704254149;0.4928610622882843;0.3569312691688537;0.4879339039325714;0.3556657433509826;3.0540924072265625;2.9780731201171875;Fixation;1239.7939799382136;516.9387679833633;204.0;2.0;;220.0;424.0
360.0;1243.1758880615234;508.19161891937256;0.4938792288303375;0.3595368266105652;0.4856155812740326;0.3529108464717865;3.061279296875;2.964111328125;Fixation;1239.7939799382136;516.9387679833633;204.0;2.0;;220.0;424.0
364.0;1250.5189514160156;509.14468288421625;0.4967932105064392;0.3577203452587127;0.4884839653968811;0.3535726964473724;3.04742431640625;2.9557647705078125;Fixation;1239.7939799382136;516.9387679833633;204.0;2.0;;220.0;424.0
368.0;1247.992172241211;510.66646099090576;0.4940829575061798;0.3552804589271545;0.487496942281723;0.3546294867992401;3.041610717773437;2.9673614501953125;Fixation;1239.7939799382136;516.9387679833633;204.0;2.0;;220.0;424.0
372.0;1242.3465728759763;514.4296646118164;0.4939012229442596;0.3556070327758789;0.4852916300296783;0.3572428226470947;3.0531768798828125;2.9613494873046875;Fixation;1239.7939799382136;516.9387679833633;204.0;2.0;;220.0;424.0
376.0;1245.0931549072266;507.10191249847406;0.4929182231426239;0.3586281538009643;0.4863645136356354;0.3521541059017181;3.0498199462890625;2.9597625732421875;Fixation;1239.7939799382136;516.9387679833633;204.0;2.0;;220.0;424.0
380.0;1243.9508819580078;514.309458732605;0.4928916096687317;0.3566231727600097;0.4859183132648468;0.3571593463420868;3.033187866210937;2.956771850585937;Fixation;1239.7939799382136;516.9387679833633;204.0;2.0;;220.0;424.0
384.0;1246.4096069335935;512.9186582565306;0.4910482168197632;0.3616321980953216;0.486878752708435;0.3561935126781463;3.0370330810546875;2.951934814453125;Fixation;1239.7939799382136;516.9387679833633;204.0;2.0;;220.0;424.0
388.0;1239.7794342041016;507.5658702850342;0.4929030835628509;0.3514476418495178;0.4842888414859772;0.3524762988090515;3.031280517578125;2.9383087158203125;Fixation;1239.7939799382136;516.9387679833633;204.0;2.0;;220.0;424.0
392.0;1233.4347534179685;507.47677803039545;0.49383544921875;0.3582297265529632;0.481810450553894;0.3524144291877746;3.03106689453125;2.9440155029296875;Fixation;1239.7939799382136;516.9387679833633;204.0;2.0;;220.0;424.0
396.0;1236.1428833007812;505.5551147460937;0.4948731362819671;0.3577112555503845;0.4828683137893677;0.3510799407958984;3.02734375;2.932891845703125;Fixation;1239.7939799382136;516.9387679833633;204.0;2.0;;220.0;424.0
400.0;1236.7704010009763;508.9198064804077;0.4956303536891937;0.3560177385807037;0.4831134378910064;0.3534165322780609;3.021575927734375;2.940032958984375;Fixation;1239.7939799382136;516.9387679833633;204.0;2.0;;220.0;424.0
404.0;1229.9759674072266;510.1868391036987;0.4905989170074463;0.3563741147518158;0.4804593622684479;0.3542964160442352;3.0147247314453125;2.933197021484375;Fixation;1239.7939799382136;516.9387679833633;204.0;2.0;;220.0;424.0
408.0;1241.407470703125;498.24148178100586;0.4916313588619232;0.3640552163124084;0.4849247932434082;0.3460010290145874;3.0231170654296875;2.917098999023437;Fixation;1239.7939799382136;516.9387679833633;204.0;2.0;;220.0;424.0
412.0;1231.9174957275388;512.5335359573364;0.4942520558834076;0.3666524887084961;0.4812177717685699;0.3559260666370392;3.0129852294921875;2.93115234375;Fixation;1239.7939799382136;516.9387679833633;204.0;2.0;;220.0;424.0
416.0;1231.8639373779297;513.3563947677611;0.4934587478637695;0.3655886948108673;0.4811968505382538;0.3564974963665008;3.012298583984375;2.91015625;Fixation;1239.7939799382136;516.9387679833633;204.0;2.0;;220.0;424.0
420.0;1242.9354858398435;510.47462940216064;0.490887701511383;0.3721999824047088;0.4855216741561889;0.3544962704181671;3.005584716796875;2.9072418212890625;Fixation;1239.7939799382136;516.9387679833633;204.0;2.0;;220.0;424.0
424.0;1264.4271087646484;514.5104312896727;0.4986334443092346;0.3569382131099701;0.4939168393611908;0.3572989106178283;2.989715576171875;2.9215240478515625;Fixation;1239.7939799382136;516.9387679833633;204.0;2.0;;220.0;424.0
428.0;1306.1643981933594;490.76052188873285;0.5165088772773743;0.3467566668987274;0.510220468044281;0.3408059179782867;2.9998321533203125;2.9099578857421875;Fixation;1342.12229013443;482.2959530353546;252.0;3.0;;428.0;680.0
432.0;1331.025390625;502.8338098526001;0.5265723466873169;0.3394392430782318;0.5199317932128906;0.3491901457309723;3.01605224609375;2.93536376953125;Fixation;1342.12229013443;482.2959530353546;252.0;3.0;;428.0;680.0
436.0;1339.9653625488281;487.0535373687744;0.5254631638526917;0.3498638272285461;0.523423969745636;0.33823162317276;3.015228271484375;2.9044342041015625;Fixation;1342.12229013443;482.2959530353546;252.0;3.0;;428.0;680.0
440.0;1338.6044311523438;494.2544746398925;0.5277438163757324;0.3334084451198578;0.5228923559188843;0.3432322740554809;3.009994506835937;2.9157867431640625;Fixation;1342.12229013443;482.2959530353546;252.0;3.0;;428.0;680.0
444.0;1339.2666625976562;481.01620674133295;0.5306766033172607;0.3310677707195282;0.5231510400772095;0.334039032459259;3.0064239501953125;2.9063262939453125;Fixation;1342.12229013443;482.2959530353546;252.0;3.0;;428.0;680.0
448.0;1344.0379333496094;478.430643081665;0.5331892967224121;0.338226318359375;0.5250148177146912;0.3322435021400451;2.992340087890625;2.884246826171875;Fixation;1342.12229013443;482.2959530353546;252.0;3.0;;428.0;680.0
452.0;1336.9215393066406;482.77273178100586;0.5272137522697449;0.3346989750862121;0.5222349762916565;0.3352588415145874;2.987640380859375;2.88153076171875;Fixation;1342.12229013443;482.2959530353546;252.0;3.0;;428.0;680.0
456.0;1325.41259765625;483.0087232589721;0.5307982563972473;0.3398055136203766;0.5177392959594727;0.3354227244853973;3.0010528564453125;2.8864898681640625;Fixation;1342.12229013443;482.2959530353546;252.0;3.0;;428.0;680.0
460.0;1333.7635803222656;482.9191589355469;0.5257949233055115;0.3414288461208343;0.521001398563385;0.3353605270385742;2.9893798828125;2.886703491210937;Fixation;1342.12229013443;482.2959530353546;252.0;3.0;;428.0;680.0
464.0;1327.2921752929688;482.0209407806396;0.5253472328186035;0.3462643027305603;0.5184735059738159;0.3347367644309997;2.980255126953125;2.878280639648437;Fixation;1342.12229013443;482.2959530353546;252.0;3.0;;428.0;680.0
468.0;1333.6630249023438;476.06296062469477;0.5273604393005371;0.3472934663295746;0.520962119102478;0.3305992782115936;3.0103302001953125;2.86749267578125;Fixation;1342.12229013443;482.2959530353546;252.0;3.0;;428.0;680.0
472.0;1332.0904541015625;464.9671125411987;0.5268161296844482;0.3403328955173492;0.5203478336334229;0.3228938281536102;2.9688873291015625;2.8647613525390625;Fixation;1342.12229013443;482.2959530353546;252.0;3.0;;428.0;680.0
476.0;1329.4084167480469;488.7584781646728;0.5249265432357788;0.3421767055988312;0.5193001627922058;0.3394156098365783;2.974212646484375;2.873291015625;Fixation;1342.12229013443;482.2959530353546;252.0;3.0;;428.0;680.0
480.0;1333.7905883789062;471.06147766113276;0.5259769558906555;0.3442657887935638;0.5210119485855103;0.3271260261535644;2.9938507080078125;2.8714752197265625;Fixation;1342.12229013443;482.2959530353546;252.0;3.0;;428.0;680.0
484.0;1340.4554748535156;478.31974983215326;0.5275060534477234;0.3412204086780548;0.5236154198646545;0.3321664929389953;2.985092163085937;2.874267578125;Fixation;1342.12229013443;482.2959530353546;252.0;3.0;;428.0;680.0
488.0;1338.2948303222656;485.5593109130859;0.5291486978530884;0.3535696566104889;0.522771418094635;0.3371939659118652;2.9780426025390625;2.85772705078125;Fixation;1342.12229013443;482.2959530353546;252.0;3.0;;428.0;680.0
492.0;1335.3596496582031;475.66062927246094;0.526960551738739;0.3366302251815796;0.5216248631477356;0.330319881439209;2.9586944580078125;2.86492919921875;Fixation;1342.12229013443;482.2959530353546;252.0;3.0;;428.0;680.0
496.0;1334.1696166992188;486.2968969345092;0.5269181728363037;0.3433118164539337;0.5211600065231323;0.3377061784267425;2.962371826171875;2.8661651611328125;Fixation;1342.12229013443;482.2959530353546;252.0;3.0;;428.0;680.0
500.0;1335.2337646484375;477.283730506897;0.5303776264190674;0.3373748064041137;0.5215756893157959;0.331447035074234;2.961166381835937;2.85235595703125;Fixation;1342.12229013443;482.2959530353546;252.0;3.0;;428.0;680.0
504.0;1340.0813293457031;485.81319808959955;0.5314558148384094;0.3414824604988098;0.5234692692756653;0.3373702764511108;2.956756591796875;2.8600616455078125;Fixation;1342.12229013443;482.2959530353546;252.0;3.0;;428.0;680.0
508.0;1333.9273071289062;487.42514133453363;0.5281901955604553;0.3420540392398834;0.521065354347229;0.338489681482315;2.9644775390625;2.86492919921875;Fixation;1342.12229013443;482.2959530353546;252.0;3.0;;428.0;680.0
512.0;1339.4375610351562;478.8713836669922;0.5291368365287781;0.3375267386436462;0.5232177972793579;0.3325495719909668;2.96319580078125;2.8473663330078125;Fixation;1342.12229013443;482.2959530353546;252.0;3.0;;428.0;680.0
516.0;1332.0938110351562;487.38188266754145;0.5287905931472778;0.3342458605766296;0.5203491449356079;0.3384596407413482;2.959335327148437;2.863861083984375;Fixation;1342.12229013443;482.2959530353546;252.0;3.0;;428.0;680.0
520.0;1337.2856140136719;488.88542175292963;0.529689371585846;0.3369026780128479;0.5223771929740906;0.3395037651062011;2.961898803710937;2.855819702148437;Fixation;1342.12229013443;482.2959530353546;252.0;3.0;;428.0;680.0
524.0;1335.3523254394531;489.7493934631347;0.5271673202514648;0.3344551920890808;0.5216220021247864;0.3401037454605102;2.977325439453125;2.8539581298828125;Fixation;1342.12229013443;482.2959530353546;252.0;3.0;;428.0;680.0
528.0;1333.3161926269531;494.3543815612793;0.5272442698478699;0.3417448699474334;0.5208266377449036;0.3433016538619995;2.967559814453125;2.834259033203125;Fixation;1342.12229013443;482.2959530353546;252.0;3.0;;428.0;680.0
532.0;1338.9768981933594;490.73953628540033;0.53076171875;0.3389383256435394;0.523037850856781;0.3407913446426391;2.94720458984375;2.8522186279296875;Fixation;1342.12229013443;482.2959530353546;252.0;3.0;;428.0;680.0
536.0;1339.869384765625;495.30766010284424;0.5317596197128296;0.3372620344161987;0.5233864784240723;0.3439636528491974;2.941024780273437;2.8433380126953125;Fixation;1342.12229013443;482.2959530353546;252.0;3.0;;428.0;680.0
540.0;1343.3892822265625;493.18811416625977;0.5308518409729004;0.3388276398181915;0.524761438369751;0.3424917459487915;2.948104858398437;2.85302734375;Fixation;1342.12229013443;482.2959530353546;252.0;3.0;;428.0;680.0
544.0;1345.4705810546875;493.7178611755371;0.527036190032959;0.3395696878433227;0.5255744457244873;0.3428596258163452;2.952423095703125;2.84375;Fixation;1342.12229013443;482.2959530353546;252.0;3.0;;428.0;680.0
548.0;1342.0710754394531;478.6769342422485;0.5274209380149841;0.3396605551242828;0.5242465138435364;0.3324145376682281;2.946762084960937;2.847503662109375;Fixation;1342.12229013443;482.2959530353546;252.0;3.0;;428.0;680.0
552.0;1344.2922973632812;476.5754985809326;0.5286089777946472;0.3440730571746826;0.5251141786575317;0.3309552073478699;2.955047607421875;2.827362060546875;Fixation;1342.12229013443;482.2959530353546;252.0;3.0;;428.0;680.0
556.0;1338.2119750976562;473.74085426330566;0.5311183333396912;0.3394389152526855;0.522739052772522;0.3289867043495178;2.9638671875;2.818603515625;Fixation;1342.12229013443;482.2959530353546;252.0;3.0;;428.0;680.0
560.0;1343.9540100097656;475.37446975708;0.5309987664222717;0.3358374536037445;0.5249820351600647;0.3301211595535278;2.94927978515625;2.8225860595703125;Fixation;1342.12229013443;482.2959530353546;252.0;3.0;;428.0;680.0
564.0;1341.1288452148438;474.19464111328125;0.5303073525428772;0.34159055352211;0.5238784551620483;0.3293018341064453;2.965911865234375;2.838485717773437;Fixation;1342.12229013443;482.2959530353546;252.0;3.0;;428.0;680.0
568.0;1342.4142456054688;475.23872852325434;0.529380738735199;0.3337783813476562;0.5243805646896362;0.3300268948078155;2.9322509765625;2.828598022460937;Fixation;1342.12229013443;482.2959530353546;252.0;3.0;;428.0;680.0
572.0;1346.5766906738281;477.7654552459717;0.5298861265182495;0.3345155119895935;0.5260065197944641;0.3317815661430359;2.948272705078125;2.826171875;Fixation;1342.12229013443;482.2959530353546;252.0;3.0;;428.0;680.0
576.0;1354.5960998535156;474.6554231643677;0.5293362736701965;0.3367737233638763;0.5291391015052795;0.329621821641922;2.9427490234375;2.830841064453125;Fixation;1342.12229013443;482.2959530353546;252.0;3.0;;428.0;680.0
580.0;1346.8211364746094;472.1774482727051;0.5300273299217224;0.3363864123821258;0.5261020064353943;0.3279010057449341;2.9320831298828125;2.82049560546875;Fixation;1342.12229013443;482.2959530353546;252.0;3.0;;428.0;680.0
584.0;1348.65478515625;477.6330614089965;0.5328032374382019;0.332909345626831;0.5268182754516602;0.3316896259784698;2.91876220703125;2.830429077148437;Fixation;1342.12229013443;482.2959530353546;252.0;3.0;;428.0;680.0
588.0;1348.2034301757812;479.6702098846435;0.5292125940322876;0.3403477370738983;0.5266419649124146;0.3331043124198913;2.928985595703125;2.8367919921875;Fixation;1342.12229013443;482.2959530353546;252.0;3.0;;428.0;680.0
592.0;1351.1410522460938;485.5330896377563;0.530798614025116;0.3380196392536163;0.5277894735336304;0.3371757566928863;2.9315643310546875;2.8225555419921875;Fixation;1342.12229013443;482.2959530353546;252.0;3.0;;428.0;680.0
596.0;1352.2685241699219;483.7911558151245;0.528738796710968;0.3344303369522095;0.5282298922538757;0.3359660804271698;2.932891845703125;2.8165283203125;Fixation;1342.12229013443;482.2959530353546;252.0;3.0;;428.0;680.0
600.0;1357.3416137695312;481.99360370635986;0.5275272727012634;0.344135582447052;0.5302115678787231;0.3347177803516388;2.941314697265625;2.81610107421875;Fixation;1342.12229013443;482.2959530353546;252.0;3.0;;428.0;680.0
604.0;1347.12158203125;479.4185972213745;0.528398334980011;0.3452334403991699;0.526219367980957;0.3329295814037323;2.940887451171875;2.823486328125;Fixation;1342.12229013443;482.2959530353546;252.0;3.0;;428.0;680.0
608.0;1352.2972106933594;482.27457046508783;0.5312157869338989;0.3377687036991119;0.5282410979270935;0.334912896156311;2.931732177734375;2.82379150390625;Fixation;1342.12229013443;482.2959530353546;252.0;3.0;;428.0;680.0
612.0;1349.27490234375;480.53534030914307;0.5279863476753235;0.3425809144973755;0.5270605087280273;0.3337050974369049;2.931747436523437;2.827499389648437;Fixation;1342.12229013443;482.2959530353546;252.0;3.0;;428.0;680.0
616.0;1351.3804626464844;476.8075847625732;0.5280871987342834;0.3410809338092804;0.527882993221283;0.3311163783073425;2.9318389892578125;2.812728881835937;Fixation;1342.12229013443;482.2959530353546;252.0;3.0;;428.0;680.0
620.0;1349.1423034667969;472.05453872680664;0.525606095790863;0.3468028604984283;0.5270087122917175;0.3278156518936157;2.944854736328125;2.815643310546875;Fixation;1342.12229013443;482.2959530353546;252.0;3.0;;428.0;680.0
624.0;1346.8130493164062;469.39340114593506;0.5273202061653137;0.3494688868522644;0.5260988473892212;0.3259676396846771;2.9199981689453125;2.8300933837890625;Fixation;1342.12229013443;482.2959530353546;252.0;3.0;;428.0;680.0
628.0;1357.5521850585938;469.0531253814697;0.5267122983932495;0.3383379578590393;0.5302938222885132;0.3257313370704651;2.928985595703125;2.8096160888671875;Fixation;1342.12229013443;482.2959530353546;252.0;3.0;;428.0;680.0
632.0;1350.8757019042969;470.49739837646484;0.5266361236572266;0.3380263149738312;0.527685821056366;0.3267343044281006;2.922027587890625;2.7890625;Fixation;1342.12229013443;482.2959530353546;252.0;3.0;;428.0;680.0
636.0;1358.1993103027344;478.0247068405151;0.5284532904624939;0.3402712941169739;0.5305466055870056;0.3319616019725799;2.9115753173828125;2.805389404296875;Fixation;1342.12229013443;482.2959530353546;252.0;3.0;;428.0;680.0
640.0;1351.9674682617188;477.47298717498774;0.5266516208648682;0.3416261076927185;0.5281122922897339;0.3315784633159637;2.9320526123046875;2.8104705810546875;Fixation;1342.12229013443;482.2959530353546;252.0;3.0;;428.0;680.0
644.0;1345.2375793457031;476.5615510940551;0.5258933901786804;0.3442268073558807;0.5254834294319153;0.3309455215930938;2.912704467773437;2.7982635498046875;Fixation;1342.12229013443;482.2959530353546;252.0;3.0;;428.0;680.0
648.0;1344.7537231445312;481.9559669494629;0.526587963104248;0.3450097143650055;0.5252944231033325;0.3346916437149048;2.9381866455078125;2.7972412109375;Fixation;1342.12229013443;482.2959530353546;252.0;3.0;;428.0;680.0
652.0;1348.9933776855469;478.09058189392084;0.5246874690055847;0.3439742624759674;0.5269505381584167;0.332007348537445;2.9368896484375;2.8011016845703125;Fixation;1342.12229013443;482.2959530353546;252.0;3.0;;428.0;680.0
656.0;1348.7782287597656;490.0640916824341;0.5251802802085876;0.3436161577701568;0.5268664956092834;0.3403222858905792;2.9109649658203125;2.800872802734375;Fixation;1342.12229013443;482.2959530353546;252.0;3.0;;428.0;680.0
660.0;1348.699951171875;486.4871406555176;0.5280469059944153;0.3411453664302826;0.5268359184265137;0.3378382921218872;2.9326171875;2.815170288085937;Fixation;1342.12229013443;482.2959530353546;252.0;3.0;;428.0;680.0
664.0;1350.3448486328125;496.17090225219727;0.5260162949562073;0.3448264002799988;0.5274784564971924;0.3445631265640259;2.9168701171875;2.816192626953125;Fixation;1342.12229013443;482.2959530353546;252.0;3.0;;428.0;680.0
668.0;1343.038330078125;485.74479103088373;0.5249422788619995;0.3402640223503113;0.5246243476867676;0.3373227715492248;2.915374755859375;2.804046630859375;Fixation;1342.12229013443;482.2959530353546;252.0;3.0;;428.0;680.0
672.0;1339.9757385253906;483.07820320129395;0.5265151858329773;0.3462434709072113;0.5234280228614807;0.335470974445343;2.9084625244140625;2.8115997314453125;Fixation;1342.12229013443;482.2959530353546;252.0;3.0;;428.0;680.0
676.0;1342.6887512207031;483.3429479598999;0.5278699398040771;0.347012847661972;0.5244877934455872;0.3356548249721527;2.921844482421875;2.806747436523437;Fixation;1342.12229013443;482.2959530353546;252.0;3.0;;428.0;680.0
680.0;1356.8959045410156;508.41692447662354;0.538962721824646;0.3454857766628265;0.5300374627113342;0.3530673086643219;2.90911865234375;2.815338134765625;Fixation;1342.12229013443;482.2959530353546;252.0;3.0;;428.0;680.0
684.0;1385.335693359375;530.1513147354126;0.548765242099762;0.3680457770824432;0.5411467552185059;0.3681606352329254;2.9095916748046875;2.80572509765625;Fixation;1416.4486099501787;567.6085618390875;232.0;4.0;;684.0;916.0
688.0;1407.9777526855469;546.9660186767578;0.5602467656135559;0.3878171741962433;0.5499913096427917;0.3798375129699707;2.905014038085937;2.79998779296875;Fixation;1416.4486099501787;567.6085618390875;232.0;4.0;;684.0;916.0
692.0;1409.6937561035156;560.3286552429198;0.5648965835571289;0.3925575613975525;0.5506616234779358;0.3891171216964721;2.880950927734375;2.792938232421875;Fixation;1416.4486099501787;567.6085618390875;232.0;4.0;;684.0;916.0
696.0;1409.7859191894531;566.0615444183348;0.5637305378913879;0.4016588628292084;0.5506976246833801;0.3930982947349548;2.91583251953125;2.789215087890625;Fixation;1416.4486099501787;567.6085618390875;232.0;4.0;;684.0;916.0
700.0;1406.287841796875;561.7055511474609;0.5609872341156006;0.3978856801986694;0.5493311882019043;0.390073299407959;2.909393310546875;2.7833404541015625;Fixation;1416.4486099501787;567.6085618390875;232.0;4.0;;684.0;916.0
704.0;1416.7239379882812;565.2536630630492;0.5612125992774963;0.3918706476688385;0.5534077882766724;0.3925372660160064;2.8907470703125;2.782089233398437;Fixation;1416.4486099501787;567.6085618390875;232.0;4.0;;684.0;916.0
708.0;1417.6786804199219;558.9135217666626;0.5597496628761292;0.3965231478214264;0.553780734539032;0.3881343901157379;2.9011383056640625;2.773300170898437;Fixation;1416.4486099501787;567.6085618390875;232.0;4.0;;684.0;916.0
712.0;1421.0578918457031;562.6372861862181;0.5578834414482117;0.3961564600467682;0.5551007390022278;0.3907203376293182;2.9039764404296875;2.7705535888671875;Fixation;1416.4486099501787;567.6085618390875;232.0;4.0;;684.0;916.0
716.0;1420.4083251953125;556.9166707992553;0.5558096170425415;0.3987652361392975;0.554847002029419;0.3867476880550384;2.9110260009765625;2.763412475585937;Fixation;1416.4486099501787;567.6085618390875;232.0;4.0;;684.0;916.0
720.0;1415.0753784179688;560.9074974060059;0.5543700456619263;0.3977618515491485;0.552763819694519;0.3895190954208374;2.8960418701171875;2.7740936279296875;Fixation;1416.4486099501787;567.6085618390875;232.0;4.0;;684.0;916.0
724.0;1417.7742004394531;564.6448659896851;0.5606015920639038;0.3954939246177673;0.5538180470466614;0.3921144902706146;2.888641357421875;2.77197265625;Fixation;1416.4486099501787;567.6085618390875;232.0;4.0;;684.0;916.0
728.0;1421.2287902832031;559.6054887771606;0.5582314729690552;0.3944313824176788;0.5551674962043762;0.3886149227619171;2.9074249267578125;2.767974853515625;Fixation;1416.4486099501787;567.6085618390875;232.0;4.0;;684.0;916.0
732.0;1420.2899169921875;560.6987571716307;0.5589521527290344;0.4013288617134094;0.5548007488250732;0.3893741369247436;2.9123077392578125;2.763656616210937;Fixation;1416.4486099501787;567.6085618390875;232.0;4.0;;684.0;916.0
736.0;1414.3046569824219;564.4771099090576;0.5567178130149841;0.3967550694942474;0.5524627566337585;0.3919979929924011;2.8950653076171875;2.7722320556640625;Fixation;1416.4486099501787;567.6085618390875;232.0;4.0;;684.0;916.0
740.0;1418.42041015625;570.9251403808593;0.5551730990409851;0.3893866837024688;0.5540704727172852;0.3964757919311523;2.879119873046875;2.7868194580078125;Fixation;1416.4486099501787;567.6085618390875;232.0;4.0;;684.0;916.0
744.0;1413.5870361328125;569.1852235794067;0.5590840578079224;0.4016422629356384;0.5521824359893799;0.395267516374588;2.89495849609375;2.7935028076171875;Fixation;1416.4486099501787;567.6085618390875;232.0;4.0;;684.0;916.0
748.0;1415.0735473632812;568.4719705581665;0.5596268773078918;0.4035971760749817;0.5527631044387817;0.3947722017765045;2.886383056640625;2.766326904296875;Fixation;1416.4486099501787;567.6085618390875;232.0;4.0;;684.0;916.0
752.0;1418.4162902832031;568.7955951690674;0.5576366186141968;0.3976149559020996;0.5540688633918762;0.3949969410896301;2.8873443603515625;2.776153564453125;Fixation;1416.4486099501787;567.6085618390875;232.0;4.0;;684.0;916.0
756.0;1416.1186218261719;578.814353942871;0.557946503162384;0.4002248048782348;0.5531713366508484;0.4019544124603271;2.8917694091796875;2.771087646484375;Fixation;1416.4486099501787;567.6085618390875;232.0;4.0;;684.0;916.0
760.0;1414.9552917480469;573.6596202850342;0.5586294531822205;0.3978411853313446;0.5527169108390808;0.3983747363090515;2.9004364013671875;2.7786102294921875;Fixation;1416.4486099501787;567.6085618390875;232.0;4.0;;684.0;916.0
764.0;1416.8057250976562;568.1574010848999;0.5584762692451477;0.3963611721992492;0.553439736366272;0.3945537507534027;2.881820678710937;2.7706756591796875;Fixation;1416.4486099501787;567.6085618390875;232.0;4.0;;684.0;916.0
768.0;1423.5346984863281;571.4734268188475;0.5566275119781494;0.3993615806102752;0.5560682415962219;0.3968565464019775;2.8714141845703125;2.7796783447265625;Fixation;1416.4486099501787;567.6085618390875;232.0;4.0;;684.0;916.0
772.0;1418.6302185058594;568.696846961975;0.5579603910446167;0.3992310464382171;0.5541524291038513;0.394928365945816;2.8793182373046875;2.7703094482421875;Fixation;1416.4486099501787;567.6085618390875;232.0;4.0;;684.0;916.0
776.0;1420.4866027832031;571.9875955581665;0.557859480381012;0.3994020819664001;0.5548775792121887;0.3972136080265045;2.878662109375;2.753021240234375;Fixation;1416.4486099501787;567.6085618390875;232.0;4.0;;684.0;916.0
780.0;1419.3858337402344;573.2559156417846;0.5559080243110657;0.402219295501709;0.554447591304779;0.3980943858623504;2.888885498046875;2.756805419921875;Fixation;1416.4486099501787;567.6085618390875;232.0;4.0;;684.0;916.0
784.0;1420.589599609375;570.4457330703735;0.5585538744926453;0.4007626175880432;0.5549178123474121;0.3961428701877594;2.8817291259765625;2.765167236328125;Fixation;1416.4486099501787;567.6085618390875;232.0;4.0;;684.0;916.0
788.0;1413.9326477050781;572.0978450775146;0.5574667453765869;0.4055828154087066;0.5523174405097961;0.3972901701927185;2.8889617919921875;2.7617340087890625;Fixation;1416.4486099501787;567.6085618390875;232.0;4.0;;684.0;916.0
792.0;1425.0471496582031;567.6482963562012;0.5585513114929199;0.4022793471813202;0.5566590428352356;0.3942002058029175;2.884017944335937;2.7501983642578125;Fixation;1416.4486099501787;567.6085618390875;232.0;4.0;;684.0;916.0
796.0;1419.2481994628906;580.6812572479247;0.5591946244239807;0.4016146957874298;0.5543938279151917;0.4032508730888366;2.886260986328125;2.770904541015625;Fixation;1416.4486099501787;567.6085618390875;232.0;4.0;;684.0;916.0
800.0;1419.6726989746094;563.4083461761473;0.5617789030075073;0.4016422629356384;0.5545596480369568;0.3912557959556579;2.8812713623046875;2.762115478515625;Fixation;1416.4486099501787;567.6085618390875;232.0;4.0;;684.0;916.0
804.0;1418.8427734375;576.4505338668823;0.5597565770149231;0.3981430828571319;0.5542354583740234;0.4003128707408905;2.860107421875;2.761505126953125;Fixation;1416.4486099501787;567.6085618390875;232.0;4.0;;684.0;916.0
808.0;1418.800048828125;578.4267425537109;0.558745265007019;0.3928026854991913;0.5542187690734863;0.4016852378845215;2.861190795898437;2.77783203125;Fixation;1416.4486099501787;567.6085618390875;232.0;4.0;;684.0;916.0
812.0;1413.204345703125;573.5796689987181;0.5572755336761475;0.4034687876701355;0.5520329475402832;0.3983192145824432;2.88482666015625;2.78118896484375;Fixation;1416.4486099501787;567.6085618390875;232.0;4.0;;684.0;916.0
816.0;1414.6832275390625;563.5684633255004;0.5592924952507019;0.4029164910316467;0.5526106357574463;0.3913669884204864;2.8837432861328125;2.7585601806640625;Fixation;1416.4486099501787;567.6085618390875;232.0;4.0;;684.0;916.0
820.0;1415.0718688964844;582.2133779525757;0.5588598251342773;0.404959499835968;0.5527624487876892;0.4043148458003998;2.888946533203125;2.7767791748046875;Fixation;1416.4486099501787;567.6085618390875;232.0;4.0;;684.0;916.0
824.0;1408.167724609375;578.7737560272217;0.5596485137939453;0.3974840044975281;0.5500655174255371;0.4019262194633484;2.880355834960937;2.791717529296875;Fixation;1416.4486099501787;567.6085618390875;232.0;4.0;;684.0;916.0
828.0;1416.2730407714844;579.8649215698241;0.5580042004585266;0.3919038474559784;0.5532316565513611;0.4026839733123779;2.8658599853515625;2.76690673828125;Fixation;1416.4486099501787;567.6085618390875;232.0;4.0;;684.0;916.0
832.0;1415.6385803222656;573.3017921447754;0.5583589673042297;0.4049854576587677;0.552983820438385;0.3981262445449829;2.896469116210937;2.773406982421875;Fixation;1416.4486099501787;567.6085618390875;232.0;4.0;;684.0;916.0
836.0;1407.8126525878906;569.0673351287842;0.5624409914016724;0.4011953473091125;0.5499268174171448;0.395185649394989;2.8806610107421875;2.781951904296875;Fixation;1416.4486099501787;567.6085618390875;232.0;4.0;;684.0;916.0
840.0;1408.7907409667969;577.874765396118;0.559368371963501;0.3917165994644165;0.550308883190155;0.4013019204139709;2.8547515869140625;2.7731170654296875;Fixation;1416.4486099501787;567.6085618390875;232.0;4.0;;684.0;916.0
844.0;1404.6971130371094;578.6903715133667;0.5567992329597473;0.3922081887722015;0.5487098097801208;0.4018683135509491;2.862213134765625;2.7800750732421875;Fixation;1416.4486099501787;567.6085618390875;232.0;4.0;;684.0;916.0
848.0;1412.74658203125;566.8028211593628;0.5608298182487488;0.400231659412384;0.551854133605957;0.3936130702495575;2.886581420898437;2.767486572265625;Fixation;1416.4486099501787;567.6085618390875;232.0;4.0;;684.0;916.0
852.0;1408.0833435058594;575.78950881958;0.5594523549079895;0.3969458937644958;0.5500325560569763;0.3998538255691528;2.873199462890625;2.77435302734375;Fixation;1416.4486099501787;567.6085618390875;232.0;4.0;;684.0;916.0
856.0;1404.737548828125;567.3668575286865;0.5615244507789612;0.3892105221748352;0.5487256050109863;0.394004762172699;2.874114990234375;2.7771148681640625;Fixation;1416.4486099501787;567.6085618390875;232.0;4.0;;684.0;916.0
860.0;1413.0947875976562;574.3203020095825;0.5577383637428284;0.3948457837104797;0.5519901514053345;0.3988335430622101;2.872955322265625;2.7622222900390625;Fixation;1416.4486099501787;567.6085618390875;232.0;4.0;;684.0;916.0
864.0;1413.7608337402344;567.8127479553222;0.5592041015625;0.3989433348178863;0.552250325679779;0.3943144083023071;2.8837432861328125;2.7686767578125;Fixation;1416.4486099501787;567.6085618390875;232.0;4.0;;684.0;916.0
868.0;1416.9497680664062;561.8817615509032;0.5590983629226685;0.3962165713310241;0.5534960031509399;0.3901956677436828;2.868270874023437;2.77862548828125;Fixation;1416.4486099501787;567.6085618390875;232.0;4.0;;684.0;916.0
872.0;1416.0798645019531;567.2373390197754;0.557581901550293;0.3986110687255859;0.5531561970710754;0.3939148187637329;2.8813629150390625;2.756576538085937;Fixation;1416.4486099501787;567.6085618390875;232.0;4.0;;684.0;916.0
876.0;1409.5228576660156;567.9988718032836;0.5604656934738159;0.3938488662242889;0.5505948662757874;0.3944436609745025;2.878448486328125;2.772445678710937;Fixation;1416.4486099501787;567.6085618390875;232.0;4.0;;684.0;916.0
880.0;1421.1906433105469;568.7216091156005;0.5567565560340881;0.396454781293869;0.5551525950431824;0.3949455618858337;2.87908935546875;2.7728424072265625;Fixation;1416.4486099501787;567.6085618390875;232.0;4.0;;684.0;916.0
884.0;1416.3955688476562;579.5664024353027;0.5585470199584961;0.3986667096614837;0.5532795190811157;0.4024766683578491;2.8816680908203125;2.79620361328125;Fixation;1416.4486099501787;567.6085618390875;232.0;4.0;;684.0;916.0
888.0;1414.156494140625;567.5399780273436;0.5593963265419006;0.3953864276409149;0.5524048805236816;0.3941249847412109;2.880706787109375;2.780914306640625;Fixation;1416.4486099501787;567.6085618390875;232.0;4.0;;684.0;916.0
892.0;1425.6387329101562;568.789758682251;0.558846116065979;0.4052401483058929;0.5568901300430298;0.3949928879737854;2.882431030273437;2.7663726806640625;Fixation;1416.4486099501787;567.6085618390875;232.0;4.0;;684.0;916.0
896.0;1428.1817626953125;570.697088241577;0.5616883039474487;0.3950742483139038;0.5578835010528564;0.3963174223899841;2.8883056640625;2.783111572265625;Fixation;1416.4486099501787;567.6085618390875;232.0;4.0;;684.0;916.0
900.0;1425.7756042480469;562.2725057601929;0.5578219294548035;0.3942920565605163;0.5569435954093933;0.3904670178890228;2.860198974609375;2.7733154296875;Fixation;1416.4486099501787;567.6085618390875;232.0;4.0;;684.0;916.0
904.0;1425.1992797851562;560.9431171417236;0.5577316880226135;0.3944269120693207;0.5567184686660767;0.3895438313484192;2.8728485107421875;2.7802886962890625;Fixation;1416.4486099501787;567.6085618390875;232.0;4.0;;684.0;916.0
908.0;1424.2025756835938;555.7798862457275;0.5605708956718445;0.3867960274219513;0.5563291311264038;0.3859582543373108;2.86358642578125;2.782012939453125;Fixation;1416.4486099501787;567.6085618390875;232.0;4.0;;684.0;916.0
912.0;1431.4787292480469;561.5650033950806;0.5616329908370972;0.386912077665329;0.5591713786125183;0.3899756968021393;2.8871612548828125;2.7860260009765625;Fixation;1416.4486099501787;567.6085618390875;232.0;4.0;;684.0;916.0
916.0;1443.7635803222656;555.0353479385375;0.5686606168746948;0.3913649320602417;0.563970148563385;0.3854412138462066;2.876571655273437;2.794174194335937;Fixation;1416.4486099501787;567.6085618390875;232.0;4.0;;684.0;916.0
920.0;1509.6536254882812;554.1209077835082;0.5943298935890198;0.3871702551841736;0.5897084474563599;0.3848061859607696;2.909149169921875;2.7965545654296875;Saccade;;;8.0;;3.0;920.0;928.0
924.0;1556.9831848144531;544.9480533599854;0.6065261363983154;0.3789350986480713;0.6081965565681458;0.3784361481666565;2.9261627197265625;2.810821533203125;Saccade;;;8.0;;3.0;920.0;928.0
928.0;1595.9382629394531;530.7448768615722;0.6272841095924377;0.3705572783946991;0.6234133839607239;0.3685728311538696;2.937591552734375;2.8063507080078125;Saccade;;;8.0;;3.0;920.0;928.0
932.0;1627.6213073730469;529.0814352035521;0.6382592916488647;0.3664480447769165;0.6357895731925964;0.3674176633358001;2.9109039306640625;2.8118133544921875;Fixation;1642.6752789815266;510.3115001320839;188.0;5.0;;932.0;1120.0
936.0;1656.6508483886719;517.4968242645264;0.6446303129196167;0.3662687540054321;0.647129237651825;0.3593727946281433;2.9322967529296875;2.7973785400390625;Fixation;1642.6752789815266;510.3115001320839;188.0;5.0;;932.0;1120.0
940.0;1653.3369445800781;507.0713138580322;0.6488025784492493;0.3597524464130401;0.645834743976593;0.3521328568458557;2.927093505859375;2.786712646484375;Fixation;1642.6752789815266;510.3115001320839;188.0;5.0;;932.0;1120.0
944.0;1644.2486572265625;507.34086513519287;0.6440339684486389;0.3714516162872314;0.642284631729126;0.3523200452327728;2.941741943359375;2.779510498046875;Fixation;1642.6752789815266;510.3115001320839;188.0;5.0;;932.0;1120.0
948.0;1635.4052734375;507.8874349594116;0.6436734795570374;0.3641665875911712;0.6388301849365234;0.3526996076107025;2.9487762451171875;2.776763916015625;Fixation;1642.6752789815266;510.3115001320839;188.0;5.0;;932.0;1120.0
952.0;1634.6281433105469;522.1623659133911;0.6408867239952087;0.3612614572048187;0.6385266184806824;0.3626127541065216;2.95635986328125;2.786041259765625;Fixation;1642.6752789815266;510.3115001320839;188.0;5.0;;932.0;1120.0
956.0;1629.5919799804688;520.2081727981567;0.6447950005531311;0.3582057654857635;0.6365593671798706;0.3612556755542755;2.955307006835937;2.8023681640625;Fixation;1642.6752789815266;510.3115001320839;188.0;5.0;;932.0;1120.0
960.0;1632.9225158691406;525.7055425643921;0.6453792452812195;0.3585547804832458;0.6378603577613831;0.3650732934474945;2.947357177734375;2.8261871337890625;Fixation;1642.6752789815266;510.3115001320839;188.0;5.0;;932.0;1120.0
964.0;1628.04443359375;515.7127475738524;0.6433760523796082;0.3651410341262817;0.6359548568725586;0.358133852481842;2.9625244140625;2.798614501953125;Fixation;1642.6752789815266;510.3115001320839;188.0;5.0;;932.0;1120.0
968.0;1633.074951171875;521.6651916503905;0.6450954675674438;0.3601611852645874;0.6379199028015137;0.3622674942016601;2.9476776123046875;2.79681396484375;Fixation;1642.6752789815266;510.3115001320839;188.0;5.0;;932.0;1120.0
972.0;1633.5504150390625;515.7002592086792;0.6466564536094666;0.3628674149513244;0.6381056308746338;0.3581251800060272;2.957061767578125;2.8111724853515625;Fixation;1642.6752789815266;510.3115001320839;188.0;5.0;;932.0;1120.0
976.0;1634.6759033203125;514.1160392761229;0.6445292234420776;0.3599901795387268;0.6385452747344971;0.3570250272750854;2.9425048828125;2.808258056640625;Fixation;1642.6752789815266;510.3115001320839;188.0;5.0;;932.0;1120.0
980.0;1639.0948486328125;519.3629550933837;0.6449930667877197;0.3565566539764404;0.6402714252471924;0.3606687188148498;2.933334350585937;2.8160400390625;Fixation;1642.6752789815266;510.3115001320839;188.0;5.0;;932.0;1120.0
984.0;1635.0117492675781;516.6118669509887;0.6457377672195435;0.3679590225219726;0.6386764645576477;0.3587582409381866;2.9505615234375;2.808563232421875;Fixation;1642.6752789815266;510.3115001320839;188.0;5.0;;932.0;1120.0
988.0;1632.69775390625;520.2230644226073;0.6429351568222046;0.3632602095603943;0.6377725601196289;0.361266016960144;2.940155029296875;2.81890869140625;Fixation;1642.6752789815266;510.3115001320839;188.0;5.0;;932.0;1120.0
992.0;1641.856689453125;513.349871635437;0.6470491886138916;0.357523113489151;0.641350269317627;0.3564929664134979;2.9353485107421875;2.797836303710937;Fixation;1642.6752789815266;510.3115001320839;188.0;5.0;;932.0;1120.0
996.0;1641.4329528808594;517.2866249084473;0.6420720219612122;0.3574243485927582;0.6411847472190857;0.3592268228530884;2.955657958984375;2.8160858154296875;Fixation;1642.6752789815266;510.3115001320839;188.0;5.0;;932.0;1120.0
1000.0;1639.3629455566406;524.8243618011473;0.6447765231132507;0.3562559783458709;0.6403761506080627;0.3644613623619079;2.9548492431640625;2.817733764648437;Fixation;1642.6752789815266;510.3115001320839;188.0;5.0;;932.0;1120.0
1004.0;1648.1387329101562;519.1533565521239;0.6434503793716431;0.3601046502590179;0.6438041925430298;0.3605231642723083;2.9289703369140625;2.8223876953125;Fixation;1642.6752789815266;510.3115001320839;188.0;5.0;;932.0;1120.0
1008.0;1647.1199035644531;521.1466884613037;0.6435855627059937;0.3589804172515869;0.6434062123298645;0.361907422542572;2.953704833984375;2.8109588623046875;Fixation;1642.6752789815266;510.3115001320839;188.0;5.0;;932.0;1120.0
1012.0;1641.6471862792969;512.8490495681763;0.6450324654579163;0.3535811305046081;0.6412684321403503;0.3561451733112335;2.935531616210937;2.8106842041015625;Fixation;1642.6752789815266;510.3115001320839;188.0;5.0;;932.0;1120.0
1016.0;1638.2728576660156;517.213110923767;0.6442376375198364;0.3603741228580475;0.6399503350257874;0.3591757714748382;2.938690185546875;2.8315582275390625;Fixation;1642.6752789815266;510.3115001320839;188.0;5.0;;932.0;1120.0
1020.0;1641.2507629394531;513.1988096237181;0.644209623336792;0.3651276528835296;0.6411135792732239;0.3563880622386932;2.974578857421875;2.826690673828125;Fixation;1642.6752789815266;510.3115001320839;188.0;5.0;;932.0;1120.0
1024.0;1645.6483459472656;502.8452682495117;0.6457973122596741;0.3621579110622406;0.6428313851356506;0.3491981029510498;2.972763061523437;2.7931671142578125;Fixation;1642.6752789815266;510.3115001320839;188.0;5.0;;932.0;1120.0
1028.0;1644.6884155273438;513.8472175598145;0.6452581286430359;0.3616690337657928;0.6424564123153687;0.3568383455276489;2.9499664306640625;2.812286376953125;Fixation;1642.6752789815266;510.3115001320839;188.0;5.0;;932.0;1120.0
1032.0;1645.1580810546875;505.7508945465088;0.6478286981582642;0.3582326471805572;0.6426398754119873;0.3512158989906311;2.956283569335937;2.8174285888671875;Fixation;1642.6752789815266;510.3115001320839;188.0;5.0;;932.0;1120.0
1036.0;1645.4351806640625;510.45853614807123;0.6448460817337036;0.3612422943115234;0.6427481174468994;0.3544850945472717;2.9578094482421875;2.81146240234375;Fixation;1642.6752789815266;510.3115001320839;188.0;5.0;;932.0;1120.0
1040.0;1647.8793334960938;509.7598314285278;0.6435032486915588;0.3546006381511688;0.6437028646469116;0.3539998829364776;2.94482421875;2.822250366210937;Fixation;1642.6752789815266;510.3115001320839;188.0;5.0;;932.0;1120.0
1044.0;1649.9375915527344;506.9803762435913;0.64418625831604;0.3651773333549499;0.6445068717002869;0.3520697057247162;2.970672607421875;2.80670166015625;Fixation;1642.6752789815266;510.3115001320839;188.0;5.0;;932.0;1120.0
1048.0;1643.8800048828125;511.57669544219965;0.6462230682373047;0.3582468628883362;0.6421406269073486;0.3552615940570831;2.976837158203125;2.811309814453125;Fixation;1642.6752789815266;510.3115001320839;188.0;5.0;;932.0;1120.0
1052.0;1649.7994995117188;502.5291538238525;0.6448261141777039;0.3659161925315857;0.6444529294967651;0.348978579044342;2.97528076171875;2.8200836181640625;Fixation;1642.6752789815266;510.3115001320839;188.0;5.0;;932.0;1120.0
1056.0;1647.7946472167969;511.25062465667725;0.6443061828613281;0.3637348115444183;0.6436697840690613;0.3550351560115814;2.981842041015625;2.818572998046875;Fixation;1642.6752789815266;510.3115001320839;188.0;5.0;;932.0;1120.0
1060.0;1640.66650390625;514.4480752944945;0.6413528919219971;0.367180734872818;0.6408853530883789;0.357255607843399;2.96307373046875;2.813583374023437;Fixation;1642.6752789815266;510.3115001320839;188.0;5.0;;932.0;1120.0
1064.0;1647.4920654296875;504.09367561340326;0.6464429497718811;0.3593442738056183;0.6435515880584717;0.3500650525093078;2.9745635986328125;2.818572998046875;Fixation;1642.6752789815266;510.3115001320839;188.0;5.0;;932.0;1120.0
1068.0;1653.1480407714844;500.958924293518;0.643066942691803;0.3625262975692749;0.6457609534263611;0.3478881418704986;2.9809112548828125;2.82012939453125;Fixation;1642.6752789815266;510.3115001320839;188.0;5.0;;932.0;1120.0
1072.0;1642.6605224609375;510.42768001556396;0.6451432108879089;0.3614174723625183;0.6416642665863037;0.354463666677475;2.968612670898437;2.8265533447265625;Fixation;1642.6752789815266;510.3115001320839;188.0;5.0;;932.0;1120.0
1076.0;1640.4940795898438;500.2236986160278;0.6426875591278076;0.3589943945407867;0.6408179998397827;0.3473775684833526;2.9689178466796875;2.805892944335937;Fixation;1642.6752789815266;510.3115001320839;188.0;5.0;;932.0;1120.0
1080.0;1647.816162109375;509.17944431304926;0.6432427763938904;0.3613792061805725;0.6436781883239746;0.3535968363285064;2.9785614013671875;2.847518920898437;Fixation;1642.6752789815266;510.3115001320839;188.0;5.0;;932.0;1120.0
1084.0;1642.5852966308594;497.01796531677246;0.6420372128486633;0.3660188019275665;0.6416348814964294;0.3451513648033142;2.9643707275390625;2.835556030273437;Fixation;1642.6752789815266;510.3115001320839;188.0;5.0;;932.0;1120.0
1088.0;1640.2578735351562;514.8411369323729;0.6454309821128845;0.3623509109020233;0.6407257318496704;0.3575285673141479;2.988067626953125;2.8383941650390625;Fixation;1642.6752789815266;510.3115001320839;188.0;5.0;;932.0;1120.0
1092.0;1637.774658203125;515.0655841827393;0.647515594959259;0.3627209067344665;0.6397557258605957;0.3576844334602356;2.990020751953125;2.843048095703125;Fixation;1642.6752789815266;510.3115001320839;188.0;5.0;;932.0;1120.0
1096.0;1641.5469360351562;507.39626884460444;0.6465699076652527;0.3587218225002289;0.6412292718887329;0.3523585200309753;2.9683074951171875;2.845489501953125;Fixation;1642.6752789815266;510.3115001320839;188.0;5.0;;932.0;1120.0
1100.0;1643.6517333984375;506.6212177276611;0.6451717615127563;0.3544946014881134;0.6420514583587646;0.3518202900886535;2.9903564453125;2.8455810546875;Fixation;1642.6752789815266;510.3115001320839;188.0;5.0;;932.0;1120.0
1104.0;1643.3786010742188;508.0477666854858;0.6451818346977234;0.3596673309803009;0.6419447660446167;0.3528109490871429;2.973236083984375;2.833526611328125;Fixation;1642.6752789815266;510.3115001320839;188.0;5.0;;932.0;1120.0
1108.0;1640.5227661132812;505.107250213623;0.6428108215332031;0.3584174811840057;0.6408292055130005;0.3507689237594604;2.9755096435546875;2.840057373046875;Fixation;1642.6752789815266;510.3115001320839;188.0;5.0;;932.0;1120.0
1112.0;1648.3993530273438;496.79244518280024;0.6470395922660828;0.3544486463069916;0.6439059972763062;0.3449947535991668;2.97113037109375;2.844879150390625;Fixation;1642.6752789815266;510.3115001320839;188.0;5.0;;932.0;1120.0
1116.0;1655.0764465332031;477.47547626495356;0.6485358476638794;0.3385970592498779;0.6465142369270325;0.3315801918506622;2.99713134765625;2.849517822265625;Fixation;1642.6752789815266;510.3115001320839;188.0;5.0;;932.0;1120.0
1120.0;1673.08349609375;452.8888463973999;0.6470815539360046;0.3242773115634918;0.6535482406616211;0.3145061433315277;2.98681640625;2.8543243408203125;Fixation;1642.6752789815266;510.3115001320839;188.0;5.0;;932.0;1120.0
1124.0;1674.47265625;448.92024993896484;0.6490132212638855;0.316379189491272;0.6540908813476562;0.3117501735687256;3.0016326904296875;2.8590850830078125;Fixation;1646.0453680006124;398.4245535074654;468.0;6.0;;1124.0;1592.0
1128.0;1667.1839904785156;443.5744142532348;0.6511029005050659;0.3159585893154144;0.6512437462806702;0.3080377876758575;3.009765625;2.860565185546875;Fixation;1646.0453680006124;398.4245535074654;468.0;6.0;;1124.0;1592.0
1132.0;1659.412841796875;433.8474798202514;0.6526229381561279;0.3020011782646179;0.6482081413269043;0.3012829720973968;2.984115600585937;2.872833251953125;Fixation;1646.0453680006124;398.4245535074654;468.0;6.0;;1124.0;1592.0
1136.0;1662.4058532714844;433.4319305419922;0.6524890065193176;0.2936964631080627;0.6493772864341736;0.3009943962097168;2.9840545654296875;2.8597869873046875;Fixation;1646.0453680006124;398.4245535074654;468.0;6.0;;1124.0;1592.0
1140.0;1663.1671142578125;427.5463914871216;0.6501476764678955;0.2971941530704498;0.649674654006958;0.2969072163105011;2.9813995361328125;2.8637847900390625;Fixation;1646.0453680006124;398.4245535074654;468.0;6.0;;1124.0;1592.0
1144.0;1657.869873046875;437.28637218475336;0.6506699323654175;0.3002868890762329;0.6476054191589355;0.3036710917949676;2.975982666015625;2.859344482421875;Fixation;1646.0453680006124;398.4245535074654;468.0;6.0;;1124.0;1592.0
1148.0;1664.8493957519531;434.08141136169434;0.649211049079895;0.302802175283432;0.6503317952156067;0.3014454245567322;2.990219116210937;2.86199951171875;Fixation;1646.0453680006124;398.4245535074654;468.0;6.0;;1124.0;1592.0
1152.0;1671.4454650878906;427.01136589050293;0.6523898839950562;0.3131196200847626;0.6529083847999573;0.2965356707572937;2.988739013671875;2.863616943359375;Fixation;1646.0453680006124;398.4245535074654;468.0;6.0;;1124.0;1592.0
1156.0;1657.4176025390625;436.74907207489014;0.6480603218078613;0.3074899315834045;0.6474287509918213;0.3032979667186737;3.004058837890625;2.8576812744140625;Fixation;1646.0453680006124;398.4245535074654;468.0;6.0;;1124.0;1592.0
1160.0;1661.2890625;433.03011417388916;0.6508859992027283;0.3079210519790649;0.6489410400390625;0.3007153570652008;3.0208740234375;2.86090087890625;Fixation;1646.0453680006124;398.4245535074654;468.0;6.0;;1124.0;1592.0
1164.0;1667.92724609375;426.31965637207026;0.6478441953659058;0.3052305579185486;0.6515340805053711;0.2960553169250488;3.0070953369140625;2.864776611328125;Fixation;1646.0453680006124;398.4245535074654;468.0;6.0;;1124.0;1592.0
1168.0;1671.0894775390625;432.32874870300293;0.6488131880760193;0.3116662800312042;0.6527693271636963;0.3002282977104187;2.995452880859375;2.863265991210937;Fixation;1646.0453680006124;398.4245535074654;468.0;6.0;;1124.0;1592.0
1172.0;1668.3355712890625;430.4129219055176;0.6486066579818726;0.3069828152656555;0.65169358253479;0.2988978624343872;3.013778686523437;2.877716064453125;Fixation;1646.0453680006124;398.4245535074654;468.0;6.0;;1124.0;1592.0
1176.0;1664.0776062011719;434.9735355377197;0.647321343421936;0.3112682998180389;0.6500303149223328;0.3020649552345276;3.010116577148437;2.86627197265625;Fixation;1646.0453680006124;398.4245535074654;468.0;6.0;;1124.0;1592.0
1180.0;1663.5713195800781;433.5894727706909;0.6508380770683289;0.3034065067768097;0.649832546710968;0.301103800535202;3.00384521484375;2.8818359375;Fixation;1646.0453680006124;398.4245535074654;468.0;6.0;;1124.0;1592.0
1184.0;1671.7298889160156;433.40459346771235;0.6508505940437317;0.3103842437267303;0.6530194878578186;0.3009754121303558;3.016632080078125;2.8826141357421875;Fixation;1646.0453680006124;398.4245535074654;468.0;6.0;;1124.0;1592.0
1188.0;1665.8613586425781;428.64382266998285;0.6503661274909973;0.3090162575244903;0.6507270932197571;0.2976693212985992;3.0004425048828125;2.861907958984375;Fixation;1646.0453680006124;398.4245535074654;468.0;6.0;;1124.0;1592.0
1192.0;1665.9071350097656;422.81682014465326;0.6509354710578918;0.3113191723823547;0.6507449746131897;0.2936227917671203;3.005706787109375;2.858612060546875;Fixation;1646.0453680006124;398.4245535074654;468.0;6.0;;1124.0;1592.0
1196.0;1666.8492126464844;427.1410131454467;0.6473757028579712;0.3077892363071441;0.651112973690033;0.2966257035732269;3.005767822265625;2.867156982421875;Fixation;1646.0453680006124;398.4245535074654;468.0;6.0;;1124.0;1592.0
1200.0;1663.5981750488281;424.24478530883783;0.6476534008979797;0.3076091408729553;0.6498430371284485;0.2946144342422485;3.0060577392578125;2.849334716796875;Fixation;1646.0453680006124;398.4245535074654;468.0;6.0;;1124.0;1592.0
1204.0;1661.5481567382812;426.0094213485718;0.6509544253349304;0.3114915192127228;0.6490422487258911;0.2958398759365082;3.007232666015625;2.8603057861328125;Fixation;1646.0453680006124;398.4245535074654;468.0;6.0;;1124.0;1592.0
1208.0;1668.2511901855469;428.0723190307617;0.6491801142692566;0.3049849271774292;0.6516606211662292;0.2972724437713623;2.9947509765625;2.870346069335937;Fixation;1646.0453680006124;398.4245535074654;468.0;6.0;;1124.0;1592.0
1212.0;1661.5089416503906;423.4417533874512;0.6516464352607727;0.3100121915340423;0.6490269303321838;0.29405677318573;3.012237548828125;2.875473022460937;Fixation;1646.0453680006124;398.4245535074654;468.0;6.0;;1124.0;1592.0
1216.0;1657.0649719238281;431.23616695404047;0.6508445143699646;0.3064517378807068;0.6472910046577454;0.2994695603847503;3.004241943359375;2.8708038330078125;Fixation;1646.0453680006124;398.4245535074654;468.0;6.0;;1124.0;1592.0
1220.0;1662.1388244628906;422.8502941131591;0.6486793756484985;0.3041384518146515;0.6492729783058167;0.2936460375785827;2.9954833984375;2.8579559326171875;Fixation;1646.0453680006124;398.4245535074654;468.0;6.0;;1124.0;1592.0
1224.0;1666.6627502441406;420.978627204895;0.6503121256828308;0.3064610660076141;0.6510401368141174;0.2923462688922882;2.988006591796875;2.86083984375;Fixation;1646.0453680006124;398.4245535074654;468.0;6.0;;1124.0;1592.0
1228.0;1662.2866821289062;426.71074390411377;0.6475943922996521;0.3028210401535034;0.649330735206604;0.2963269054889679;2.9894256591796875;2.8717803955078125;Fixation;1646.0453680006124;398.4245535074654;468.0;6.0;;1124.0;1592.0
1232.0;1651.7359924316406;421.78801059722895;0.6450037360191345;0.2925257086753845;0.6452093720436096;0.2929083406925201;3.009063720703125;2.887054443359375;Fixation;1646.0453680006124;398.4245535074654;468.0;6.0;;1124.0;1592.0
1236.0;1652.2634887695312;400.4523468017578;0.6402764320373535;0.2805435955524444;0.6454154253005981;0.2780919075012207;2.9957427978515625;2.874374389648437;Fixation;1646.0453680006124;398.4245535074654;468.0;6.0;;1124.0;1592.0
1240.0;1638.9163208007812;384.42097663879395;0.6388072967529297;0.2735791206359863;0.6402016878128052;0.266959011554718;3.0194549560546875;2.8763885498046875;Fixation;1646.0453680006124;398.4245535074654;468.0;6.0;;1124.0;1592.0
1244.0;1635.9689331054688;383.2516622543335;0.6396037936210632;0.2765188813209533;0.6390503644943237;0.2661469876766205;3.018463134765625;2.878173828125;Fixation;1646.0453680006124;398.4245535074654;468.0;6.0;;1124.0;1592.0
1248.0;1642.6689147949219;377.70652770996094;0.6447746753692627;0.2701608836650848;0.6416675448417664;0.262296199798584;3.0083770751953125;2.8968048095703125;Fixation;1646.0453680006124;398.4245535074654;468.0;6.0;;1124.0;1592.0
1252.0;1634.86328125;389.40872669219965;0.643243670463562;0.2758912146091461;0.6386184692382812;0.2704227268695831;3.0106964111328125;2.87847900390625;Fixation;1646.0453680006124;398.4245535074654;468.0;6.0;;1124.0;1592.0
1256.0;1638.1460571289062;389.92409706115717;0.6401498317718506;0.2839405834674835;0.639900803565979;0.2707806229591369;3.00958251953125;2.888412475585937;Fixation;1646.0453680006124;398.4245535074654;468.0;6.0;;1124.0;1592.0
1260.0;1640.0712585449219;393.71764183044434;0.6406911611557007;0.2818424105644226;0.6406528353691101;0.2734150290489197;2.993011474609375;2.8715057373046875;Fixation;1646.0453680006124;398.4245535074654;468.0;6.0;;1124.0;1592.0
1264.0;1643.5787963867188;398.6168575286865;0.6413798928260803;0.2772273123264313;0.642022967338562;0.276817262172699;3.002349853515625;2.876129150390625;Fixation;1646.0453680006124;398.4245535074654;468.0;6.0;;1124.0;1592.0
1268.0;1639.1188049316406;398.1652164459228;0.6422125697135925;0.2765726447105407;0.6402807831764221;0.2765036225318908;3.0080718994140625;2.8717498779296875;Fixation;1646.0453680006124;398.4245535074654;468.0;6.0;;1124.0;1592.0
1272.0;1637.1957397460938;397.21348285675043;0.6440397500991821;0.2716275453567505;0.6395295858383179;0.2758426964282989;3.0023956298828125;2.906890869140625;Fixation;1646.0453680006124;398.4245535074654;468.0;6.0;;1124.0;1592.0
1276.0;1641.6049194335938;389.67162609100336;0.6421394944190979;0.2774020433425903;0.6412519216537476;0.2706052958965301;2.9967041015625;2.877410888671875;Fixation;1646.0453680006124;398.4245535074654;468.0;6.0;;1124.0;1592.0
1280.0;1636.2101745605469;394.5935869216919;0.6417050361633301;0.2742585837841034;0.6391445994377136;0.2740233242511749;3.0050506591796875;2.8852081298828125;Fixation;1646.0453680006124;398.4245535074654;468.0;6.0;;1124.0;1592.0
1284.0;1640.8134460449219;388.5314512252807;0.6423299908638;0.2770396173000335;0.6409427523612976;0.2698135077953338;3.01287841796875;2.8947906494140625;Fixation;1646.0453680006124;398.4245535074654;468.0;6.0;;1124.0;1592.0
1288.0;1649.6318054199219;394.9816703796386;0.6420883536338806;0.2754406034946441;0.644387423992157;0.2742928266525268;2.990875244140625;2.893768310546875;Fixation;1646.0453680006124;398.4245535074654;468.0;6.0;;1124.0;1592.0
1292.0;1638.0160522460938;392.6024866104126;0.6440123915672302;0.2724888622760772;0.6398500204086304;0.2726406157016754;2.9805450439453125;2.888778686523437;Fixation;1646.0453680006124;398.4245535074654;468.0;6.0;;1124.0;1592.0
1296.0;1640.2108764648438;392.00600624084467;0.6412417888641357;0.2737064361572265;0.6407073736190796;0.2722263932228088;2.9759063720703125;2.884765625;Fixation;1646.0453680006124;398.4245535074654;468.0;6.0;;1124.0;1592.0
1300.0;1627.960205078125;386.7220544815063;0.6425650119781494;0.2737563848495483;0.6359219551086426;0.2685569822788238;2.9907684326171875;2.889266967773437;Fixation;1646.0453680006124;398.4245535074654;468.0;6.0;;1124.0;1592.0
1304.0;1631.3935852050781;383.80964756011963;0.6425644159317017;0.268260657787323;0.6372631192207336;0.2665344774723053;2.98779296875;2.8816070556640625;Fixation;1646.0453680006124;398.4245535074654;468.0;6.0;;1124.0;1592.0
1308.0;1634.2669677734375;390.71142196655273;0.6404494643211365;0.2714293301105499;0.638385534286499;0.2713273763656616;2.998291015625;2.8774871826171875;Fixation;1646.0453680006124;398.4245535074654;468.0;6.0;;1124.0;1592.0
1312.0;1637.4174499511719;389.03484821319574;0.6421493291854858;0.2766313254833221;0.6396161913871765;0.2701630890369415;2.9994659423828125;2.8880157470703125;Fixation;1646.0453680006124;398.4245535074654;468.0;6.0;;1124.0;1592.0
1316.0;1638.5018920898438;388.11255455017084;0.6398125290870667;0.2764576077461242;0.6400398015975952;0.2695226073265075;2.996322631835937;2.87640380859375;Fixation;1646.0453680006124;398.4245535074654;468.0;6.0;;1124.0;1592.0
1320.0;1634.4203186035156;386.05961322784424;0.6417666673660278;0.2675977349281311;0.6384454369544983;0.2680969536304474;2.998077392578125;2.874542236328125;Fixation;1646.0453680006124;398.4245535074654;468.0;6.0;;1124.0;1592.0
1324.0;1636.2701416015625;382.9338312149048;0.6439937353134155;0.2778850793838501;0.6391680240631104;0.2659262716770172;2.974151611328125;2.889251708984375;Fixation;1646.0453680006124;398.4245535074654;468.0;6.0;;1124.0;1592.0
1328.0;1632.6091003417969;385.99541187286377;0.6427451968193054;0.2852442860603332;0.6377379298210144;0.2680523693561554;2.996810913085937;2.893157958984375;Fixation;1646.0453680006124;398.4245535074654;468.0;6.0;;1124.0;1592.0
1332.0;1625.7627868652344;389.0711545944214;0.6425057053565979;0.2748640775680542;0.6350635886192322;0.2701883018016815;2.99176025390625;2.883895874023437;Fixation;1646.0453680006124;398.4245535074654;468.0;6.0;;1124.0;1592.0
1336.0;1636.7753601074219;380.58516025543213;0.6404404640197754;0.2817293107509613;0.6393653750419617;0.2642952501773834;3.0114288330078125;2.878814697265625;Fixation;1646.0453680006124;398.4245535074654;468.0;6.0;;1124.0;1592.0
1340.0;1641.0382080078125;375.8458471298218;0.6455734372138977;0.2811929285526275;0.6410305500030518;0.2610040605068207;3.0008544921875;2.869735717773437;Fixation;1646.0453680006124;398.4245535074654;468.0;6.0;;1124.0;1592.0
1344.0;1635.2743530273438;375.1564979553222;0.642396867275238;0.2804645299911499;0.6387790441513062;0.2605253458023071;2.9935455322265625;2.866455078125;Fixation;1646.0453680006124;398.4245535074654;468.0;6.0;;1124.0;1592.0
1348.0;1635.3750610351562;377.81694889068604;0.6446277499198914;0.2775327563285827;0.6388183832168579;0.2623728811740875;2.988128662109375;2.8762359619140625;Fixation;1646.0453680006124;398.4245535074654;468.0;6.0;;1124.0;1592.0
1352.0;1631.6326904296875;374.88325595855713;0.6413201093673706;0.2808096408843994;0.6373565196990967;0.2603355944156647;3.00994873046875;2.8590850830078125;Fixation;1646.0453680006124;398.4245535074654;468.0;6.0;;1124.0;1592.0
1356.0;1642.5460815429688;387.9538106918335;0.6451026797294617;0.2753729820251465;0.6416195631027222;0.2694123685359955;3.0007476806640625;2.880767822265625;Fixation;1646.0453680006124;398.4245535074654;468.0;6.0;;1124.0;1592.0
1360.0;1632.0223999023438;382.1063375473022;0.6450349688529968;0.2784410715103149;0.637508749961853;0.2653516232967376;2.982406616210937;2.866790771484375;Fixation;1646.0453680006124;398.4245535074654;468.0;6.0;;1124.0;1592.0
1364.0;1630.8819580078125;382.95468807220453;0.6463543176651001;0.2785720229148865;0.6370632648468018;0.2659407556056976;2.9789581298828125;2.8898468017578125;Fixation;1646.0453680006124;398.4245535074654;468.0;6.0;;1124.0;1592.0
1368.0;1636.7745971679688;389.69046592712397;0.6456713676452637;0.2781289219856262;0.6393650770187378;0.2706183791160583;2.9932098388671875;2.86712646484375;Fixation;1646.0453680006124;398.4245535074654;468.0;6.0;;1124.0;1592.0
1372.0;1640.7952880859375;385.26241779327387;0.6444944739341736;0.2767496407032013;0.6409356594085693;0.2675433456897735;2.98565673828125;2.877227783203125;Fixation;1646.0453680006124;398.4245535074654;468.0;6.0;;1124.0;1592.0
1376.0;1633.4602355957031;394.0773153305053;0.6435075998306274;0.2798583209514618;0.6380704045295715;0.2736648023128509;3.006744384765625;2.8774871826171875;Fixation;1646.0453680006124;398.4245535074654;468.0;6.0;;1124.0;1592.0
1380.0;1643.052978515625;385.28632164001465;0.6422229409217834;0.2773107588291168;0.641817569732666;0.2675599455833435;3.001449584960937;2.866973876953125;Fixation;1646.0453680006124;398.4245535074654;468.0;6.0;;1124.0;1592.0
1384.0;1638.35205078125;390.00842571258545;0.6452223658561707;0.2751823365688324;0.6399812698364258;0.2708391845226288;2.978118896484375;2.868682861328125;Fixation;1646.0453680006124;398.4245535074654;468.0;6.0;;1124.0;1592.0
1388.0;1640.7293701171875;389.6155357360839;0.6461454629898071;0.2765353918075561;0.6409099102020264;0.2705663442611694;2.9799346923828125;2.886260986328125;Fixation;1646.0453680006124;398.4245535074654;468.0;6.0;;1124.0;1592.0
1392.0;1643.5990905761719;389.83195781707764;0.6449190974235535;0.2813121974468231;0.6420308947563171;0.2707166373729706;3.003814697265625;2.870468139648437;Fixation;1646.0453680006124;398.4245535074654;468.0;6.0;;1124.0;1592.0
1396.0;1636.0174560546875;388.59758377075195;0.6464855670928955;0.2736023962497711;0.6390693187713623;0.2698594331741333;2.984970092773437;2.87579345703125;Fixation;1646.0453680006124;398.4245535074654;468.0;6.0;;1124.0;1592.0
1400.0;1646.3771057128906;380.1227045059204;0.6483375430107117;0.273331344127655;0.6431160569190979;0.2639741003513336;2.965423583984375;2.8659210205078125;Fixation;1646.0453680006124;398.4245535074654;468.0;6.0;;1124.0;1592.0
1404.0;1639.1143798828125;391.62556171417236;0.6426191926002502;0.2741949260234833;0.6402790546417236;0.2719621956348419;2.9852447509765625;2.87127685546875;Fixation;1646.0453680006124;398.4245535074654;468.0;6.0;;1124.0;1592.0
1408.0;1647.2708129882812;389.6305131912231;0.6444575786590576;0.2762351930141449;0.6434651613235474;0.2705767452716827;2.9832763671875;2.8621978759765625;Fixation;1646.0453680006124;398.4245535074654;468.0;6.0;;1124.0;1592.0
1412.0;1648.6141967773438;395.4336547851562;0.6451088786125183;0.2740306258201599;0.6439899206161499;0.274606704711914;2.9785308837890625;2.876495361328125;Fixation;1646.0453680006124;398.4245535074654;468.0;6.0;;1124.0;1592.0
1416.0;1645.5220031738281;389.5097064971924;0.6425873041152954;0.2729851901531219;0.6427820324897766;0.2704928517341614;2.9862518310546875;2.865463256835937;Fixation;1646.0453680006124;398.4245535074654;468.0;6.0;;1124.0;1592.0
1420.0;1650.8403015136719;385.8748626708984;0.6447351574897766;0.273391842842102;0.6448594927787781;0.2679686546325683;2.981658935546875;2.873779296875;Fixation;1646.0453680006124;398.4245535074654;468.0;6.0;;1124.0;1592.0
1424.0;1650.38330078125;385.8740472793579;0.6439290046691895;0.2758672833442688;0.6446809768676758;0.267968088388443;2.9781951904296875;2.8648681640625;Fixation;1646.0453680006124;398.4245535074654;468.0;6.0;;1124.0;1592.0
1428.0;1645.045166015625;390.95509529113764;0.643879234790802;0.27285897731781;0.6425957679748535;0.2714965939521789;2.9705963134765625;2.87994384765625;Fixation;1646.0453680006124;398.4245535074654;468.0;6.0;;1124.0;1592.0
1432.0;1649.6803283691406;388.7661981582641;0.6395536661148071;0.2772060036659241;0.6444063782691956;0.2699765264987945;2.96044921875;2.854583740234375;Fixation;1646.0453680006124;398.4245535074654;468.0;6.0;;1124.0;1592.0
1436.0;1655.2737426757812;385.3006982803345;0.6431474685668945;0.2734966576099396;0.646591305732727;0.2675699293613434;2.9811248779296875;2.8673248291015625;Fixation;1646.0453680006124;398.4245535074654;468.0;6.0;;1124.0;1592.0
1440.0;1647.8877258300781;387.45406150817865;0.6426888704299927;0.2779031991958618;0.6437061429023743;0.2690653204917907;2.973846435546875;2.873809814453125;Fixation;1646.0453680006124;398.4245535074654;468.0;6.0;;1124.0;1592.0
1444.0;1642.674560546875;385.6965494155884;0.6442678570747375;0.2773277163505554;0.641669750213623;0.2678448259830475;2.9611968994140625;2.857696533203125;Fixation;1646.0453680006124;398.4245535074654;468.0;6.0;;1124.0;1592.0
1448.0;1647.6173400878906;384.29888248443604;0.6394833326339722;0.27901691198349;0.6436005234718323;0.266874223947525;2.9859771728515625;2.8650360107421875;Fixation;1646.0453680006124;398.4245535074654;468.0;6.0;;1124.0;1592.0
1452.0;1643.240966796875;384.4208478927612;0.6419562697410583;0.2829896509647369;0.6418910026550293;0.2669589221477508;2.9789581298828125;2.8676300048828125;Fixation;1646.0453680006124;398.4245535074654;468.0;6.0;;1124.0;1592.0
1456.0;1642.7226257324219;392.91066169738764;0.6407477855682373;0.27888023853302;0.6416885256767273;0.2728546261787414;2.9708709716796875;2.8562164306640625;Fixation;1646.0453680006124;398.4245535074654;468.0;6.0;;1124.0;1592.0
1460.0;1644.9909973144531;396.1058807373047;0.6423117518424988;0.2719604969024658;0.6425746083259583;0.2750735282897949;2.967315673828125;2.8551788330078125;Fixation;1646.0453680006124;398.4245535074654;468.0;6.0;;1124.0;1592.0
1464.0;1637.0027160644531;396.1055374145508;0.6405956745147705;0.270986407995224;0.639454185962677;0.2750732898712158;2.954620361328125;2.8732452392578125;Fixation;1646.0453680006124;398.4245535074654;468.0;6.0;;1124.0;1592.0
1468.0;1638.0845642089844;386.41508102416987;0.6390185952186584;0.2702630162239074;0.6398767828941345;0.2683438062667846;2.9396209716796875;2.851181030273437;Fixation;1646.0453680006124;398.4245535074654;468.0;6.0;;1124.0;1592.0
1472.0;1632.0948791503906;392.367353439331;0.6433618068695068;0.2733801603317261;0.6375370621681213;0.2724773287773132;2.9666748046875;2.8541717529296875;Fixation;1646.0453680006124;398.4245535074654;468.0;6.0;;1124.0;1592.0
1476.0;1630.8001708984375;396.05541229248047;0.6389946341514587;0.2663604021072387;0.6370313167572021;0.275038480758667;2.9464569091796875;2.859359741210937;Fixation;1646.0453680006124;398.4245535074654;468.0;6.0;;1124.0;1592.0
1480.0;1635.6539916992188;386.5205240249633;0.6418948769569397;0.2681647539138794;0.6389273405075073;0.2684170305728912;2.95599365234375;2.8497467041015625;Fixation;1646.0453680006124;398.4245535074654;468.0;6.0;;1124.0;1592.0
1484.0;1633.6599731445312;396.452465057373;0.6408256888389587;0.2681028246879577;0.6381484270095825;0.2753142118453979;2.934600830078125;2.859893798828125;Fixation;1646.0453680006124;398.4245535074654;468.0;6.0;;1124.0;1592.0
1488.0;1630.0692749023438;397.81240940093994;0.6425120830535889;0.276799589395523;0.636745810508728;0.2762586176395416;2.966766357421875;2.845489501953125;Fixation;1646.0453680006124;398.4245535074654;468.0;6.0;;1124.0;1592.0
1492.0;1634.3653869628906;391.9512891769409;0.64090496301651;0.2703791856765747;0.6384239792823792;0.2721883952617645;2.961700439453125;2.8558807373046875;Fixation;1646.0453680006124;398.4245535074654;468.0;6.0;;1124.0;1592.0
1496.0;1630.133056640625;391.80061340332026;0.6409392952919006;0.2764902412891388;0.6367707252502441;0.2720837593078613;2.958480834960937;2.8509674072265625;Fixation;1646.0453680006124;398.4245535074654;468.0;6.0;;1124.0;1592.0
1500.0;1628.0364990234375;389.26581859588623;0.6421582698822021;0.270337164402008;0.6359517574310303;0.2703234851360321;2.950302124023437;2.8524627685546875;Fixation;1646.0453680006124;398.4245535074654;468.0;6.0;;1124.0;1592.0
1504.0;1630.1344299316406;389.532880783081;0.6440280079841614;0.2782825529575348;0.6367712616920471;0.2705089449882507;2.961288452148437;2.855941772460937;Fixation;1646.0453680006124;398.4245535074654;468.0;6.0;;1124.0;1592.0
1508.0;1630.035400390625;392.82740592956543;0.6435905694961548;0.2780868709087372;0.6367325782775879;0.2727968096733093;2.9741363525390625;2.84991455078125;Fixation;1646.0453680006124;398.4245535074654;468.0;6.0;;1124.0;1592.0
1512.0;1637.2636413574219;390.0523281097412;0.6401580572128296;0.2760945856571197;0.6395561099052429;0.2708696722984314;2.9580078125;2.83734130859375;Fixation;1646.0453680006124;398.4245535074654;468.0;6.0;;1124.0;1592.0
1516.0;1639.1157531738281;395.62960624694824;0.644158124923706;0.2720964848995209;0.6402795910835266;0.2747427821159363;2.9536895751953125;2.865585327148437;Fixation;1646.0453680006124;398.4245535074654;468.0;6.0;;1124.0;1592.0
1520.0;1636.1724853515625;392.3054265975952;0.6416508555412292;0.2756959199905395;0.6391298770904541;0.2724343240261078;2.951171875;2.836151123046875;Fixation;1646.0453680006124;398.4245535074654;468.0;6.0;;1124.0;1592.0
1524.0;1634.6311950683594;393.5732316970825;0.6409249901771545;0.2753313481807709;0.6385278105735779;0.2733147442340851;2.9677734375;2.83905029296875;Fixation;1646.0453680006124;398.4245535074654;468.0;6.0;;1124.0;1592.0
1528.0;1637.2711181640625;392.83598899841303;0.6432662010192871;0.2689719796180725;0.6395590305328369;0.2728027701377868;2.953826904296875;2.850982666015625;Fixation;1646.0453680006124;398.4245535074654;468.0;6.0;;1124.0;1592.0
1532.0;1638.5975646972656;387.62984275817865;0.6435100436210632;0.2766691446304321;0.6400771737098694;0.2691873908042907;2.95379638671875;2.8424224853515625;Fixation;1646.0453680006124;398.4245535074654;468.0;6.0;;1124.0;1592.0
1536.0;1640.8708190917969;373.7383604049682;0.6437153220176697;0.2705909311771393;0.6409651637077332;0.2595405280590057;2.9556427001953125;2.8382568359375;Fixation;1646.0453680006124;398.4245535074654;468.0;6.0;;1124.0;1592.0
1540.0;1642.0860290527344;388.41120243072504;0.6392940878868103;0.2775464355945587;0.6414398550987244;0.2697300016880035;2.950057983398437;2.8352508544921875;Fixation;1646.0453680006124;398.4245535074654;468.0;6.0;;1124.0;1592.0
1544.0;1640.0508117675781;384.9142026901245;0.6438716053962708;0.2801294028759002;0.6406448483467102;0.2673015296459198;2.95257568359375;2.8388824462890625;Fixation;1646.0453680006124;398.4245535074654;468.0;6.0;;1124.0;1592.0
1548.0;1650.731201171875;381.0502338409424;0.6387939453125;0.2639160752296448;0.6448168754577637;0.2646182179450989;2.9338531494140625;2.844818115234375;Fixation;1646.0453680006124;398.4245535074654;468.0;6.0;;1124.0;1592.0
1552.0;1645.740966796875;391.4938545227051;0.6429170966148376;0.2755024433135986;0.6428675651550293;0.2718707323074341;2.949737548828125;2.845489501953125;Fixation;1646.0453680006124;398.4245535074654;468.0;6.0;;1124.0;1592.0
1556.0;1654.3841552734375;389.4586372375488;0.6399398446083069;0.2733044326305389;0.6462438106536865;0.27045738697052;2.9572906494140625;2.855682373046875;Fixation;1646.0453680006124;398.4245535074654;468.0;6.0;;1124.0;1592.0
1560.0;1648.3476257324219;389.22504901885986;0.6402454972267151;0.2759024798870086;0.6438857913017273;0.2702951729297638;2.963607788085937;2.837890625;Fixation;1646.0453680006124;398.4245535074654;468.0;6.0;;1124.0;1592.0
1564.0;1648.2449340820312;388.0245780944824;0.6375358700752258;0.2805979251861572;0.6438456773757935;0.2694615125656128;2.950836181640625;2.8335113525390625;Fixation;1646.0453680006124;398.4245535074654;468.0;6.0;;1124.0;1592.0
1568.0;1646.820068359375;385.6564235687256;0.6395474672317505;0.2778662443161011;0.6432890892028809;0.267816960811615;2.9397125244140625;2.8419952392578125;Fixation;1646.0453680006124;398.4245535074654;468.0;6.0;;1124.0;1592.0
1572.0;1651.1140441894531;382.9687213897705;0.6362688541412354;0.2786831259727478;0.6449664235115051;0.2659505009651184;2.937957763671875;2.8369293212890625;Fixation;1646.0453680006124;398.4245535074654;468.0;6.0;;1124.0;1592.0
1576.0;1652.7491760253906;389.27985191345215;0.6394986510276794;0.2728331387042999;0.6456051468849182;0.2703332304954529;2.9505767822265625;2.847396850585937;Fixation;1646.0453680006124;398.4245535074654;468.0;6.0;;1124.0;1592.0
1580.0;1651.0400390625;384.3303394317627;0.6402761340141296;0.2746836245059967;0.6449375152587891;0.2668960690498352;2.9459228515625;2.840240478515625;Fixation;1646.0453680006124;398.4245535074654;468.0;6.0;;1124.0;1592.0
1584.0;1647.4711608886719;384.10456180572504;0.6396130919456482;0.27828049659729;0.6435434222221375;0.2667392790317535;2.941146850585937;2.846221923828125;Fixation;1646.0453680006124;398.4245535074654;468.0;6.0;;1124.0;1592.0
1588.0;1650.3445434570312;392.1689558029175;0.6415573358535767;0.2769886255264282;0.6446658372879028;0.2723395526409149;2.945709228515625;2.8332061767578125;Fixation;1646.0453680006124;398.4245535074654;468.0;6.0;;1124.0;1592.0
1592.0;1657.1133422851562;388.3302211761474;0.6475178003311157;0.2731460928916931;0.6473098993301392;0.2696737647056579;2.9462432861328125;2.8509979248046875;Fixation;1646.0453680006124;398.4245535074654;468.0;6.0;;1124.0;1592.0
1596.0;1685.5778503417969;384.59160804748535;0.6606858968734741;0.2690520882606506;0.6584288477897644;0.2670775055885315;2.955673217773437;2.8564453125;Fixation;1712.0254948933919;384.0206787586212;236.0;7.0;;1596.0;1832.0
1600.0;1707.3654174804688;385.09994029998774;0.6730847358703613;0.2805962562561035;0.6669396162033081;0.2674305140972137;2.9464111328125;2.84063720703125;Fixation;1712.0254948933919;384.0206787586212;236.0;7.0;;1596.0;1832.0
1604.0;1715.4568481445312;382.0488309860229;0.6778456568717957;0.2801052629947662;0.6701003313064575;0.2653116881847381;2.9598388671875;2.833724975585937;Fixation;1712.0254948933919;384.0206787586212;236.0;7.0;;1596.0;1832.0
1608.0;1725.7855224609375;377.3604154586792;0.6726466417312622;0.2841911017894745;0.6741349697113037;0.2620558440685272;2.9710235595703125;2.834335327148437;Fixation;1712.0254948933919;384.0206787586212;236.0;7.0;;1596.0;1832.0
1612.0;1707.7384948730469;378.65169525146484;0.6738885641098022;0.2747301459312439;0.6670853495597839;0.2629525661468506;2.956085205078125;2.8331756591796875;Fixation;1712.0254948933919;384.0206787586212;236.0;7.0;;1596.0;1832.0
1616.0;1698.1796264648438;380.3270244598388;0.6707459092140198;0.2776331305503845;0.6633514165878296;0.2641159892082214;2.943878173828125;2.83721923828125;Fixation;1712.0254948933919;384.0206787586212;236.0;7.0;;1596.0;1832.0
1620.0;1704.06982421875;378.81794929504395;0.6709958910942078;0.2738800048828125;0.6656522750854492;0.2630680203437805;2.95892333984375;2.8367462158203125;Fixation;1712.0254948933919;384.0206787586212;236.0;7.0;;1596.0;1832.0
1624.0;1696.3298034667969;374.9032115936279;0.6686805486679077;0.2781085968017578;0.6626288294792175;0.2603494524955749;2.941925048828125;2.843978881835937;Fixation;1712.0254948933919;384.0206787586212;236.0;7.0;;1596.0;1832.0
1628.0;1700.4640197753906;390.07687568664545;0.6682992577552795;0.2704074382781982;0.664243757724762;0.2708867192268371;2.952987670898437;2.8335418701171875;Fixation;1712.0254948933919;384.0206787586212;236.0;7.0;;1596.0;1832.0
1632.0;1706.5182495117188;381.23528480529785;0.6705405116081238;0.2767481803894043;0.6666086912155151;0.2647467255592346;2.940277099609375;2.83172607421875;Fixation;1712.0254948933919;384.0206787586212;236.0;7.0;;1596.0;1832.0
1636.0;1706.1410522460938;378.1131935119629;0.6717187762260437;0.2768318951129913;0.6664613485336304;0.2625786066055298;2.940826416015625;2.8361358642578125;Fixation;1712.0254948933919;384.0206787586212;236.0;7.0;;1596.0;1832.0
1640.0;1700.584716796875;382.36438751220703;0.669399619102478;0.2761069238185882;0.6642909049987793;0.2655308246612549;2.93505859375;2.8334197998046875;Fixation;1712.0254948933919;384.0206787586212;236.0;7.0;;1596.0;1832.0
1644.0;1706.7367553710938;376.8921661376953;0.6718681454658508;0.2743370234966278;0.6666940450668335;0.2617306709289551;2.9325408935546875;2.845916748046875;Fixation;1712.0254948933919;384.0206787586212;236.0;7.0;;1596.0;1832.0
1648.0;1709.6287536621094;384.74524497985834;0.671586275100708;0.2736673653125763;0.6678237318992615;0.2671841979026794;2.946273803710937;2.832916259765625;Fixation;1712.0254948933919;384.0206787586212;236.0;7.0;;1596.0;1832.0
1652.0;1708.7129211425781;382.398419380188;0.6735396385192871;0.2777469754219055;0.6674659848213196;0.2655544579029083;2.93890380859375;2.840179443359375;Fixation;1712.0254948933919;384.0206787586212;236.0;7.0;;1596.0;1832.0
1656.0;1703.4573364257812;381.68349266052246;0.6725672483444214;0.2780788242816925;0.6654130220413208;0.2650579810142517;2.947372436523437;2.839706420898437;Fixation;1712.0254948933919;384.0206787586212;236.0;7.0;;1596.0;1832.0
1660.0;1711.9378662109375;384.6264982223511;0.6703054904937744;0.2765067815780639;0.6687257289886475;0.2671017348766327;2.9456329345703125;2.8221435546875;Fixation;1712.0254948933919;384.0206787586212;236.0;7.0;;1596.0;1832.0
1664.0;1708.8661193847656;374.73717212676996;0.6703437566757202;0.2783424854278564;0.6675258278846741;0.2602341473102569;2.958587646484375;2.839706420898437;Fixation;1712.0254948933919;384.0206787586212;236.0;7.0;;1596.0;1832.0
1668.0;1710.3150939941406;380.54769515991205;0.6704263091087341;0.2793643772602081;0.6680918335914612;0.2642692327499389;2.936614990234375;2.8190460205078125;Fixation;1712.0254948933919;384.0206787586212;236.0;7.0;;1596.0;1832.0
1672.0;1710.6959533691406;378.90120506286615;0.6708884835243225;0.2776833772659302;0.6682406067848206;0.2631258368492126;2.9333038330078125;2.8246002197265625;Fixation;1712.0254948933919;384.0206787586212;236.0;7.0;;1596.0;1832.0
1676.0;1709.6971130371094;382.42013454437256;0.6678351759910583;0.2823900580406189;0.6678504347801208;0.2655695378780365;2.9420928955078125;2.844467163085937;Fixation;1712.0254948933919;384.0206787586212;236.0;7.0;;1596.0;1832.0
1680.0;1715.6655883789062;380.2593040466308;0.6704415082931519;0.2760166823863983;0.6701818704605103;0.2640689611434936;2.947174072265625;2.816268920898437;Fixation;1712.0254948933919;384.0206787586212;236.0;7.0;;1596.0;1832.0
1684.0;1709.8007202148438;383.5303544998169;0.6699151396751404;0.2781795263290405;0.6678909063339233;0.2663405239582062;2.954437255859375;2.830657958984375;Fixation;1712.0254948933919;384.0206787586212;236.0;7.0;;1596.0;1832.0
1688.0;1713.1735229492188;381.4928197860718;0.6701108813285828;0.2732023298740387;0.6692084074020386;0.2649255692958832;2.9485626220703125;2.837432861328125;Fixation;1712.0254948933919;384.0206787586212;236.0;7.0;;1596.0;1832.0
1692.0;1714.6762084960938;383.4401893615722;0.6689072847366333;0.2763989269733429;0.6697953939437866;0.2662779092788696;2.940460205078125;2.845947265625;Fixation;1712.0254948933919;384.0206787586212;236.0;7.0;;1596.0;1832.0
1696.0;1712.3951721191406;387.2394847869873;0.6703864932060242;0.2748418152332306;0.6689043641090393;0.2689163088798523;2.9419097900390625;2.8289031982421875;Fixation;1712.0254948933919;384.0206787586212;236.0;7.0;;1596.0;1832.0
1700.0;1711.0124206542969;389.42220211029047;0.6697730422019958;0.2713609933853149;0.6683642268180847;0.2704320847988128;2.9484100341796875;2.84454345703125;Fixation;1712.0254948933919;384.0206787586212;236.0;7.0;;1596.0;1832.0
1704.0;1714.6531677246094;379.32417869567865;0.6707421541213989;0.27144655585289;0.6697863936424255;0.2634195685386657;2.95184326171875;2.828887939453125;Fixation;1712.0254948933919;384.0206787586212;236.0;7.0;;1596.0;1832.0
1708.0;1705.4173278808594;380.1978063583374;0.6696551442146301;0.2750466763973236;0.6661786437034607;0.2640262544155121;2.9358062744140625;2.828964233398437;Fixation;1712.0254948933919;384.0206787586212;236.0;7.0;;1596.0;1832.0
1712.0;1711.9511413574219;386.6946315765381;0.6698898673057556;0.2804027199745178;0.6687309145927429;0.2685379385948181;2.9559478759765625;2.828125;Fixation;1712.0254948933919;384.0206787586212;236.0;7.0;;1596.0;1832.0
1716.0;1716.1442565917969;387.18356609344477;0.6708447337150574;0.2709144949913025;0.6703688502311707;0.2688774764537811;2.9344635009765625;2.847320556640625;Fixation;1712.0254948933919;384.0206787586212;236.0;7.0;;1596.0;1832.0
1720.0;1715.2627563476562;383.79364013671875;0.6730560064315796;0.274992823600769;0.6700245141983032;0.2665233612060547;2.949310302734375;2.8323974609375;Fixation;1712.0254948933919;384.0206787586212;236.0;7.0;;1596.0;1832.0
1724.0;1720.7246398925781;378.3478546142578;0.6755127310752869;0.2730234265327453;0.6721580624580383;0.2627415657043457;2.941436767578125;2.8225555419921875;Fixation;1712.0254948933919;384.0206787586212;236.0;7.0;;1596.0;1832.0
1728.0;1719.0950012207031;381.02109432220453;0.6715065836906433;0.2767584323883056;0.6715214848518372;0.2645979821681976;2.942047119140625;2.830474853515625;Fixation;1712.0254948933919;384.0206787586212;236.0;7.0;;1596.0;1832.0
1732.0;1721.1680603027344;385.8861064910888;0.6732755303382874;0.2791813611984253;0.6723312735557556;0.2679764628410339;2.940902709960937;2.83551025390625;Fixation;1712.0254948933919;384.0206787586212;236.0;7.0;;1596.0;1832.0
1736.0;1721.31103515625;385.7948684692383;0.6735823750495911;0.2763662338256836;0.6723871231079102;0.2679131031036377;2.9481964111328125;2.8362579345703125;Fixation;1712.0254948933919;384.0206787586212;236.0;7.0;;1596.0;1832.0
1740.0;1719.6809387207031;385.4580688476562;0.6732571721076965;0.2761597037315368;0.6717503666877747;0.267679214477539;2.9366912841796875;2.831298828125;Fixation;1712.0254948933919;384.0206787586212;236.0;7.0;;1596.0;1832.0
1744.0;1721.93603515625;380.34723758697504;0.6718196868896484;0.2723310589790344;0.6726312637329102;0.264130026102066;2.9445037841796875;2.844879150390625;Fixation;1712.0254948933919;384.0206787586212;236.0;7.0;;1596.0;1832.0
1748.0;1723.514404296875;386.13497257232666;0.6717695593833923;0.2697358131408691;0.6732478141784668;0.2681492865085602;2.948455810546875;2.8350067138671875;Fixation;1712.0254948933919;384.0206787586212;236.0;7.0;;1596.0;1832.0
1752.0;1713.7484741210938;387.097864151001;0.6724794507026672;0.2758062183856964;0.6694329977035522;0.2688179612159729;2.9342803955078125;2.83892822265625;Fixation;1712.0254948933919;384.0206787586212;236.0;7.0;;1596.0;1832.0
1756.0;1714.3399047851562;384.16597366333;0.6715825200080872;0.2741381227970123;0.6696640253067017;0.2667819261550903;2.947906494140625;2.8320465087890625;Fixation;1712.0254948933919;384.0206787586212;236.0;7.0;;1596.0;1832.0
1760.0;1710.4116821289062;389.11715984344477;0.6721532344818115;0.2687132060527801;0.668129563331604;0.2702202498912811;2.9351043701171875;2.8558807373046875;Fixation;1712.0254948933919;384.0206787586212;236.0;7.0;;1596.0;1832.0
1764.0;1711.9659423828125;384.38673019409174;0.6712539792060852;0.266285091638565;0.6687366962432861;0.2669352293014526;2.9387359619140625;2.84014892578125;Fixation;1712.0254948933919;384.0206787586212;236.0;7.0;;1596.0;1832.0
1768.0;1716.6079711914062;382.0565557479858;0.6720755100250244;0.2692600786685943;0.6705499887466431;0.2653170526027679;2.935638427734375;2.8228302001953125;Fixation;1712.0254948933919;384.0206787586212;236.0;7.0;;1596.0;1832.0
1772.0;1712.1296691894531;377.0061492919922;0.6703110933303833;0.2695127129554748;0.6688006520271301;0.2618098258972168;2.9375762939453125;2.826141357421875;Fixation;1712.0254948933919;384.0206787586212;236.0;7.0;;1596.0;1832.0
1776.0;1717.0683288574219;387.9885721206665;0.6683931946754456;0.2724127769470215;0.6707298159599304;0.2694365084171295;2.918060302734375;2.8290252685546875;Fixation;1712.0254948933919;384.0206787586212;236.0;7.0;;1596.0;1832.0
1780.0;1711.1648559570312;388.22014331817627;0.6685658097267151;0.2750430405139923;0.6684237718582153;0.2695973217487335;2.9600982666015625;2.8242340087890625;Fixation;1712.0254948933919;384.0206787586212;236.0;7.0;;1596.0;1832.0
1784.0;1721.4915466308594;385.2052974700927;0.67130446434021;0.2726267576217651;0.6724576354026794;0.2675036787986755;2.941635131835937;2.829086303710937;Fixation;1712.0254948933919;384.0206787586212;236.0;7.0;;1596.0;1832.0
1788.0;1713.7397766113281;384.4099903106689;0.6730493307113647;0.269695907831192;0.6694296002388;0.2669513821601867;2.9402008056640625;2.853515625;Fixation;1712.0254948933919;384.0206787586212;236.0;7.0;;1596.0;1832.0
1792.0;1716.9400024414062;381.298713684082;0.6704450845718384;0.2736676633358001;0.6706796884536743;0.2647907733917236;2.941558837890625;2.8319244384765625;Fixation;1712.0254948933919;384.0206787586212;236.0;7.0;;1596.0;1832.0
1796.0;1717.5431823730469;386.33040904998774;0.6692687273025513;0.2762811779975891;0.6709153056144714;0.2682850062847137;2.940673828125;2.8361053466796875;Fixation;1712.0254948933919;384.0206787586212;236.0;7.0;;1596.0;1832.0
1800.0;1717.1369934082031;385.48652172088623;0.6691455841064453;0.2715030610561371;0.6707566380500793;0.2676989734172821;2.944931030273437;2.8301544189453125;Fixation;1712.0254948933919;384.0206787586212;236.0;7.0;;1596.0;1832.0
1804.0;1718.9010620117188;379.0368175506591;0.6688231229782104;0.2753337919712066;0.6714457273483276;0.2632200121879577;2.939697265625;2.8350982666015625;Fixation;1712.0254948933919;384.0206787586212;236.0;7.0;;1596.0;1832.0
1808.0;1722.3495483398438;381.539511680603;0.6714705228805542;0.2759537398815155;0.6727927923202515;0.264957994222641;2.946441650390625;2.8484344482421875;Fixation;1712.0254948933919;384.0206787586212;236.0;7.0;;1596.0;1832.0
1812.0;1716.0765075683594;384.37089443206787;0.6724740266799927;0.2728005349636078;0.6703423857688904;0.2669242322444916;2.9412841796875;2.8356170654296875;Fixation;1712.0254948933919;384.0206787586212;236.0;7.0;;1596.0;1832.0
1816.0;1715.7139587402344;382.9705238342285;0.6731472611427307;0.2727737128734588;0.670200765132904;0.2659517526626587;2.926422119140625;2.830551147460937;Fixation;1712.0254948933919;384.0206787586212;236.0;7.0;;1596.0;1832.0
1820.0;1722.3509216308594;386.7699909210205;0.6683100461959839;0.273588478565216;0.6727933287620544;0.2685902714729309;2.9416046142578125;2.8387451171875;Fixation;1712.0254948933919;384.0206787586212;236.0;7.0;;1596.0;1832.0
1824.0;1724.9244689941406;390.9398603439331;0.6694750189781189;0.2781114876270294;0.6737986207008362;0.2714860141277313;2.942901611328125;2.84521484375;Fixation;1712.0254948933919;384.0206787586212;236.0;7.0;;1596.0;1832.0
1828.0;1699.3099975585938;405.339674949646;0.6656538248062134;0.2898317873477936;0.6637929677963257;0.2814858853816986;2.95196533203125;2.85711669921875;Fixation;1712.0254948933919;384.0206787586212;236.0;7.0;;1596.0;1832.0
1832.0;1685.7731628417969;421.3925457000732;0.6626201272010803;0.3027856051921844;0.6585051417350769;0.2926337122917175;2.93310546875;2.837799072265625;Fixation;1712.0254948933919;384.0206787586212;236.0;7.0;;1596.0;1832.0
1836.0;1673.9212036132812;448.65623474121094;0.6605619192123413;0.3167755007743835;0.653875470161438;0.3115668296813965;2.9356842041015625;2.837066650390625;Fixation;1691.849839583687;440.7597395648127;180.0;8.0;;1836.0;2016.0
1840.0;1684.8013305664062;454.2466449737549;0.6622434854507446;0.3215253949165344;0.6581255197525024;0.315449059009552;2.935546875;2.8394012451171875;Fixation;1691.849839583687;440.7597395648127;180.0;8.0;;1836.0;2016.0
1844.0;1694.9961853027344;448.89252662658686;0.6616612672805786;0.3182496726512909;0.6621078848838806;0.3117309212684631;2.94091796875;2.8438873291015625;Fixation;1691.849839583687;440.7597395648127;180.0;8.0;;1836.0;2016.0
1848.0;1697.7030944824219;442.0736646652221;0.6630212664604187;0.2989537119865417;0.663165271282196;0.3069956004619598;2.9390869140625;2.820953369140625;Fixation;1691.849839583687;440.7597395648127;180.0;8.0;;1836.0;2016.0
1852.0;1697.4626159667969;432.81386375427246;0.6611685752868652;0.3006556928157806;0.66307133436203;0.3005651831626892;2.9404449462890625;2.8090972900390625;Fixation;1691.849839583687;440.7597395648127;180.0;8.0;;1836.0;2016.0
1856.0;1698.0441284179688;441.14540576934814;0.6627407073974609;0.3015124201774597;0.663298487663269;0.306350976228714;2.9380645751953125;2.835693359375;Fixation;1691.849839583687;440.7597395648127;180.0;8.0;;1836.0;2016.0
1860.0;1694.8988342285156;439.88236427307123;0.6619449853897095;0.3039686381816864;0.6620698571205139;0.3054738640785217;2.915618896484375;2.845458984375;Fixation;1691.849839583687;440.7597395648127;180.0;8.0;;1836.0;2016.0
1864.0;1691.1454772949219;439.1490697860718;0.661871075630188;0.3040257394313812;0.6606037020683289;0.3049646317958832;2.9362030029296875;2.827255249023437;Fixation;1691.849839583687;440.7597395648127;180.0;8.0;;1836.0;2016.0
1868.0;1695.7781982421875;442.84970283508295;0.6621508002281189;0.3053910434246063;0.6624133586883545;0.3075345158576965;2.925933837890625;2.830551147460937;Fixation;1691.849839583687;440.7597395648127;180.0;8.0;;1836.0;2016.0
1872.0;1695.89599609375;439.88669872283936;0.6614701151847839;0.3135502934455871;0.6624593734741211;0.3054768741130829;2.9512176513671875;2.8401336669921875;Fixation;1691.849839583687;440.7597395648127;180.0;8.0;;1836.0;2016.0
1876.0;1689.5733642578125;429.59517002105713;0.6602603793144226;0.3150117695331573;0.659989595413208;0.2983299791812897;2.928619384765625;2.823974609375;Fixation;1691.849839583687;440.7597395648127;180.0;8.0;;1836.0;2016.0
1880.0;1691.4773559570312;445.8442068099975;0.6608805060386658;0.3106058537960052;0.6607333421707153;0.3096140325069427;2.944976806640625;2.828582763671875;Fixation;1691.849839583687;440.7597395648127;180.0;8.0;;1836.0;2016.0
1884.0;1690.8253479003906;439.7894954681396;0.6619150638580322;0.3074968159198761;0.6604786515235901;0.3054093718528747;2.94049072265625;2.82794189453125;Fixation;1691.849839583687;440.7597395648127;180.0;8.0;;1836.0;2016.0
1888.0;1695.3750610351562;438.01009654998774;0.6633026599884033;0.3042856752872467;0.6622558832168579;0.3041736781597137;2.929656982421875;2.828338623046875;Fixation;1691.849839583687;440.7597395648127;180.0;8.0;;1836.0;2016.0
1892.0;1693.6959838867188;436.12800121307373;0.6639293432235718;0.3150132298469543;0.6615999937057495;0.302866667509079;2.938339233398437;2.818115234375;Fixation;1691.849839583687;440.7597395648127;180.0;8.0;;1836.0;2016.0
1896.0;1692.1670532226562;431.833119392395;0.662011981010437;0.3174382746219635;0.6610027551651001;0.2998841106891632;2.96173095703125;2.8225250244140625;Fixation;1691.849839583687;440.7597395648127;180.0;8.0;;1836.0;2016.0
1900.0;1695.20751953125;431.0328340530395;0.6613644957542419;0.3101889193058014;0.6621904373168945;0.2993283569812774;2.930404663085937;2.821395874023437;Fixation;1691.849839583687;440.7597395648127;180.0;8.0;;1836.0;2016.0
1904.0;1691.5721130371094;428.9902353286743;0.6590105295181274;0.3157262206077575;0.6607703566551208;0.2979098856449127;2.9476776123046875;2.821044921875;Fixation;1691.849839583687;440.7597395648127;180.0;8.0;;1836.0;2016.0
1908.0;1691.9775390625;430.53347110748285;0.662813663482666;0.315117210149765;0.6609287261962891;0.2989815771579742;2.9380645751953125;2.8354644775390625;Fixation;1691.849839583687;440.7597395648127;180.0;8.0;;1836.0;2016.0
1912.0;1694.4596862792969;431.3392496109009;0.6627422571182251;0.3155867159366607;0.6618983149528503;0.2995411455631256;2.9583282470703125;2.831283569335937;Fixation;1691.849839583687;440.7597395648127;180.0;8.0;;1836.0;2016.0
1916.0;1691.9943237304688;438.6579895019531;0.6578437089920044;0.3198450207710266;0.6609352827072144;0.3046236038208008;2.9708251953125;2.8393096923828125;Fixation;1691.849839583687;440.7597395648127;180.0;8.0;;1836.0;2016.0
1920.0;1693.26416015625;431.6156673431396;0.6604219675064087;0.3126173913478851;0.6614313125610352;0.2997331023216247;2.945281982421875;2.838623046875;Fixation;1691.849839583687;440.7597395648127;180.0;8.0;;1836.0;2016.0
1924.0;1690.0167846679688;438.3364248275757;0.6617573499679565;0.3169032633304596;0.6601628065109253;0.3044002950191498;2.943328857421875;2.837890625;Fixation;1691.849839583687;440.7597395648127;180.0;8.0;;1836.0;2016.0
1928.0;1694.3006896972656;433.12276840209955;0.6634542346000671;0.3166467547416687;0.6618362069129944;0.3007797002792358;2.954086303710937;2.8188018798828125;Fixation;1691.849839583687;440.7597395648127;180.0;8.0;;1836.0;2016.0
1932.0;1692.8204345703125;431.9765853881836;0.6647153496742249;0.3186259567737579;0.6612579822540283;0.2999837398529053;2.953857421875;2.83795166015625;Fixation;1691.849839583687;440.7597395648127;180.0;8.0;;1836.0;2016.0
1936.0;1689.7584533691406;438.4840536117553;0.6578779220581055;0.3196986615657806;0.6600618958473206;0.3045028150081634;2.953094482421875;2.8383026123046875;Fixation;1691.849839583687;440.7597395648127;180.0;8.0;;1836.0;2016.0
1940.0;1698.1365966796875;448.55040550231934;0.661551833152771;0.3124972581863403;0.6633346080780029;0.3114933371543884;2.9471893310546875;2.8578338623046875;Fixation;1691.849839583687;440.7597395648127;180.0;8.0;;1836.0;2016.0
1944.0;1691.9467163085938;438.67537021636963;0.6616268157958984;0.3176428973674774;0.6609166860580444;0.3046356737613678;2.9727020263671875;2.8305206298828125;Fixation;1691.849839583687;440.7597395648127;180.0;8.0;;1836.0;2016.0
1948.0;1695.0352478027344;438.00288677215576;0.6630947589874268;0.3185564279556274;0.6621231436729431;0.3041686713695526;2.9498748779296875;2.8399658203125;Fixation;1691.849839583687;440.7597395648127;180.0;8.0;;1836.0;2016.0
1952.0;1696.4869689941406;437.9363679885864;0.6628333926200867;0.3172692060470581;0.6626902222633362;0.3041224777698517;2.9589385986328125;2.8372802734375;Fixation;1691.849839583687;440.7597395648127;180.0;8.0;;1836.0;2016.0
1956.0;1698.5401916503906;439.41518783569336;0.6623364090919495;0.320139467716217;0.6634922623634338;0.3051494359970093;2.961288452148437;2.8428192138671875;Fixation;1691.849839583687;440.7597395648127;180.0;8.0;;1836.0;2016.0
1960.0;1691.1598205566406;435.59125900268555;0.663908839225769;0.3230239748954773;0.6606093049049377;0.3024939298629761;2.9579010009765625;2.8434600830078125;Fixation;1691.849839583687;440.7597395648127;180.0;8.0;;1836.0;2016.0
1964.0;1691.614990234375;445.75584411621094;0.6625214219093323;0.3173400163650512;0.6607871055603027;0.3095526695251465;2.966522216796875;2.8545684814453125;Fixation;1691.849839583687;440.7597395648127;180.0;8.0;;1836.0;2016.0
1968.0;1689.8016357421875;434.15471076965326;0.6631454229354858;0.3162703514099121;0.660078763961792;0.3014963269233703;2.9571990966796875;2.840972900390625;Fixation;1691.849839583687;440.7597395648127;180.0;8.0;;1836.0;2016.0
1972.0;1685.5104064941406;445.40943145751953;0.662807285785675;0.3152235448360443;0.6584025025367737;0.309312105178833;2.9618682861328125;2.847625732421875;Fixation;1691.849839583687;440.7597395648127;180.0;8.0;;1836.0;2016.0
1976.0;1692.2372436523438;440.10191917419434;0.6609638929367065;0.3158200085163116;0.6610301733016968;0.3056263327598572;2.9652862548828125;2.84295654296875;Fixation;1691.849839583687;440.7597395648127;180.0;8.0;;1836.0;2016.0
1980.0;1690.543212890625;442.2636079788208;0.6614665389060974;0.3132954835891723;0.6603684425354004;0.3071275055408478;2.9490203857421875;2.8364410400390625;Fixation;1691.849839583687;440.7597395648127;180.0;8.0;;1836.0;2016.0
1984.0;1688.8447570800781;441.54988288879395;0.6605754494667053;0.3147963881492615;0.6597049832344055;0.306631863117218;2.95330810546875;2.846908569335937;Fixation;1691.849839583687;440.7597395648127;180.0;8.0;;1836.0;2016.0
1988.0;1693.6671447753906;437.2380065917969;0.6660358309745789;0.313134104013443;0.661588728427887;0.3036375045776367;2.9474334716796875;2.84539794921875;Fixation;1691.849839583687;440.7597395648127;180.0;8.0;;1836.0;2016.0
1992.0;1687.0840454101562;429.9880599975586;0.6607760190963745;0.3151715099811554;0.6590172052383423;0.298602819442749;2.962005615234375;2.8384552001953125;Fixation;1691.849839583687;440.7597395648127;180.0;8.0;;1836.0;2016.0
1996.0;1688.5383605957031;444.5413398742676;0.663932740688324;0.3150155544281006;0.6595852971076965;0.3087092638015747;2.953521728515625;2.8515777587890625;Fixation;1691.849839583687;440.7597395648127;180.0;8.0;;1836.0;2016.0
2000.0;1684.3991088867188;448.53821754455566;0.661733865737915;0.3158147931098938;0.6579684019088745;0.3114848732948303;2.9649810791015625;2.842880249023437;Fixation;1691.849839583687;440.7597395648127;180.0;8.0;;1836.0;2016.0
2004.0;1688.37890625;442.6537084579467;0.6591672301292419;0.3129357397556305;0.6595230102539062;0.3073984086513519;2.95709228515625;2.83843994140625;Fixation;1691.849839583687;440.7597395648127;180.0;8.0;;1836.0;2016.0
2008.0;1690.0411987304688;447.4809551239013;0.6581251621246338;0.3135250210762024;0.6601723432540894;0.310750663280487;2.9563446044921875;2.848129272460937;Fixation;1691.849839583687;440.7597395648127;180.0;8.0;;1836.0;2016.0
2012.0;1688.8739013671875;459.16714668273926;0.662624180316925;0.3254847228527069;0.6597163677215576;0.3188660740852356;2.96337890625;2.848129272460937;Fixation;1691.849839583687;440.7597395648127;180.0;8.0;;1836.0;2016.0
2016.0;1691.1192321777344;493.0481672286987;0.6675947904586792;0.3450540006160736;0.6605934500694275;0.3423945605754852;2.919708251953125;2.844482421875;Fixation;1691.849839583687;440.7597395648127;180.0;8.0;;1836.0;2016.0
2020.0;1700.15625;547.1768188476561;0.6697152853012085;0.3774521350860595;0.66412353515625;0.379983901977539;2.924957275390625;2.834442138671875;Fixation;1699.8892931256976;604.099358694894;276.0;9.0;;2020.0;2296.0
2024.0;1697.9719543457031;574.7570514678954;0.675645112991333;0.4044252932071686;0.6632702946662903;0.3991368412971496;2.910629272460937;2.812408447265625;Fixation;1699.8892931256976;604.099358694894;276.0;9.0;;2020.0;2296.0
2028.0;1692.7757263183594;585.7386589050293;0.673940122127533;0.4147027134895324;0.6612405180931091;0.406762957572937;2.9132080078125;2.79364013671875;Fixation;1699.8892931256976;604.099358694894;276.0;9.0;;2020.0;2296.0
2032.0;1688.726806640625;599.4561624526976;0.67299884557724;0.4216040074825287;0.6596589088439941;0.4162890017032623;2.9087677001953125;2.7936553955078125;Fixation;1699.8892931256976;604.099358694894;276.0;9.0;;2020.0;2296.0
2036.0;1692.3965454101562;609.6031093597412;0.6681384444236755;0.4237135648727417;0.6610924005508423;0.4233354926109314;2.9134063720703125;2.8162384033203125;Fixation;1699.8892931256976;604.099358694894;276.0;9.0;;2020.0;2296.0
2040.0;1696.9415283203125;610.3721952438354;0.6623199582099915;0.4112032651901245;0.6628677845001221;0.4238695800304413;2.890625;2.8074951171875;Fixation;1699.8892931256976;604.099358694894;276.0;9.0;;2020.0;2296.0
2044.0;1705.0361633300781;585.4716396331786;0.662676990032196;0.4158223271369934;0.6660297513008118;0.4065775275230407;2.9221649169921875;2.80364990234375;Fixation;1699.8892931256976;604.099358694894;276.0;9.0;;2020.0;2296.0
2048.0;1697.3988342285156;582.2486114501953;0.658359944820404;0.4138137996196747;0.6630464196205139;0.4043393135070801;2.920440673828125;2.8044586181640625;Fixation;1699.8892931256976;604.099358694894;276.0;9.0;;2020.0;2296.0
2052.0;1705.1385498046875;589.6692323684691;0.6648786664009094;0.4163103699684143;0.666069746017456;0.4094925224781036;2.9081573486328125;2.804901123046875;Fixation;1699.8892931256976;604.099358694894;276.0;9.0;;2020.0;2296.0
2056.0;1700.9027099609375;586.9907140731812;0.6637429594993591;0.4161995649337768;0.6644151210784912;0.407632440328598;2.916900634765625;2.817901611328125;Fixation;1699.8892931256976;604.099358694894;276.0;9.0;;2020.0;2296.0
2060.0;1702.4359130859375;583.4870195388794;0.6680062413215637;0.4199762344360351;0.6650140285491943;0.4051993191242218;2.92120361328125;2.8043365478515625;Fixation;1699.8892931256976;604.099358694894;276.0;9.0;;2020.0;2296.0
2064.0;1695.8987426757812;588.0139446258544;0.664035975933075;0.4218922257423401;0.662460446357727;0.4083430171012878;2.9298553466796875;2.809295654296875;Fixation;1699.8892931256976;604.099358694894;276.0;9.0;;2020.0;2296.0
2068.0;1697.4118041992188;593.6443519592285;0.664420485496521;0.4283293485641479;0.6630514860153198;0.4122530221939087;2.943939208984375;2.8186492919921875;Fixation;1699.8892931256976;604.099358694894;276.0;9.0;;2020.0;2296.0
2072.0;1688.8426208496094;601.616907119751;0.6662201285362244;0.4243476390838623;0.6597041487693787;0.4177895188331604;2.9171295166015625;2.8135223388671875;Fixation;1699.8892931256976;604.099358694894;276.0;9.0;;2020.0;2296.0
2076.0;1700.2732849121094;596.0671806335449;0.6645670533180237;0.4236076176166534;0.6641692519187927;0.4139355421066284;2.91180419921875;2.814727783203125;Fixation;1699.8892931256976;604.099358694894;276.0;9.0;;2020.0;2296.0
2080.0;1692.5413513183594;600.9055852890014;0.6662449240684509;0.4289312064647674;0.6611489653587341;0.4172955453395843;2.9375152587890625;2.8125762939453125;Fixation;1699.8892931256976;604.099358694894;276.0;9.0;;2020.0;2296.0
2084.0;1698.1256103515625;604.9400997161865;0.6627240777015686;0.4260275959968567;0.6633303165435791;0.420097291469574;2.932525634765625;2.81170654296875;Fixation;1699.8892931256976;604.099358694894;276.0;9.0;;2020.0;2296.0
2088.0;1691.6311645507812;602.3898553848267;0.6665629148483276;0.4173804819583893;0.6607934236526489;0.4183262884616852;2.91583251953125;2.8199462890625;Fixation;1699.8892931256976;604.099358694894;276.0;9.0;;2020.0;2296.0
2092.0;1695.0900268554688;607.5490522384642;0.6636806726455688;0.4262122809886932;0.6621445417404175;0.4219090640544891;2.920928955078125;2.8123321533203125;Fixation;1699.8892931256976;604.099358694894;276.0;9.0;;2020.0;2296.0
2096.0;1693.2933044433594;608.7964725494385;0.6635729074478149;0.4315015971660614;0.6614426970481873;0.4227753281593323;2.9502105712890625;2.825042724609375;Fixation;1699.8892931256976;604.099358694894;276.0;9.0;;2020.0;2296.0
2100.0;1700.9483337402344;599.4240617752074;0.6628714799880981;0.4304876327514648;0.664432942867279;0.4162667095661163;2.953369140625;2.811187744140625;Fixation;1699.8892931256976;604.099358694894;276.0;9.0;;2020.0;2296.0
2104.0;1700.0382995605469;605.4952526092529;0.6677280068397522;0.4288347959518432;0.6640774607658386;0.4204828143119812;2.926910400390625;2.817291259765625;Fixation;1699.8892931256976;604.099358694894;276.0;9.0;;2020.0;2296.0
2108.0;1703.5240173339844;602.7821016311646;0.6633467674255371;0.4236803650856018;0.6654390692710876;0.4185986816883087;2.922332763671875;2.813705444335937;Fixation;1699.8892931256976;604.099358694894;276.0;9.0;;2020.0;2296.0
2112.0;1694.512939453125;605.6026697158813;0.6648139953613281;0.4238686859607696;0.661919116973877;0.4205574095249176;2.9244384765625;2.821029663085937;Fixation;1699.8892931256976;604.099358694894;276.0;9.0;;2020.0;2296.0
2116.0;1700.8256530761719;611.009531021118;0.6681209206581116;0.4243472516536712;0.6643850207328796;0.4243121743202209;2.9373931884765625;2.8310089111328125;Fixation;1699.8892931256976;604.099358694894;276.0;9.0;;2020.0;2296.0
2120.0;1710.3361511230469;606.1256790161132;0.6627698540687561;0.4318701922893524;0.6681000590324402;0.4209206104278564;2.927764892578125;2.8130340576171875;Fixation;1699.8892931256976;604.099358694894;276.0;9.0;;2020.0;2296.0
2124.0;1711.572265625;609.8391437530518;0.6659022569656372;0.4286394119262695;0.6685829162597656;0.4234994053840637;2.9360809326171875;2.80645751953125;Fixation;1699.8892931256976;604.099358694894;276.0;9.0;;2020.0;2296.0
2128.0;1698.49609375;610.3841686248778;0.6632195115089417;0.4369341731071472;0.6634750366210938;0.4238778948783874;2.9418487548828125;2.827133178710937;Fixation;1699.8892931256976;604.099358694894;276.0;9.0;;2020.0;2296.0
2132.0;1711.1209106445312;610.8288145065306;0.6646769642829895;0.4277972280979156;0.66840660572052;0.4241866767406463;2.92913818359375;2.824615478515625;Fixation;1699.8892931256976;604.099358694894;276.0;9.0;;2020.0;2296.0
2136.0;1704.4061279296875;609.1919374465942;0.6666349172592163;0.4245108366012573;0.6657836437225342;0.4230499565601349;2.9366455078125;2.8169403076171875;Fixation;1699.8892931256976;604.099358694894;276.0;9.0;;2020.0;2296.0
2140.0;1704.8081970214844;608.9230728149414;0.6651954054832458;0.4214329719543457;0.6659407019615173;0.422863245010376;2.924560546875;2.83148193359375;Fixation;1699.8892931256976;604.099358694894;276.0;9.0;;2020.0;2296.0
2144.0;1704.8023986816406;611.4411306381226;0.6632561683654785;0.4322778880596161;0.6659384369850159;0.424611896276474;2.95220947265625;2.824615478515625;Fixation;1699.8892931256976;604.099358694894;276.0;9.0;;2020.0;2296.0
2148.0;1704.398193359375;614.3876981735228;0.6630927324295044;0.429628312587738;0.6657805442810059;0.4266581237316131;2.93157958984375;2.8179473876953125;Fixation;1699.8892931256976;604.099358694894;276.0;9.0;;2020.0;2296.0
2152.0;1706.5470886230469;605.8942794799805;0.6656332612037659;0.4277709424495697;0.6666199564933777;0.420759916305542;2.9529571533203125;2.813217163085937;Fixation;1699.8892931256976;604.099358694894;276.0;9.0;;2020.0;2296.0
2156.0;1701.6065979003906;613.1556844711304;0.6635178923606873;0.4282595515251159;0.6646900773048401;0.4258025586605072;2.9355621337890625;2.8302001953125;Fixation;1699.8892931256976;604.099358694894;276.0;9.0;;2020.0;2296.0
2160.0;1699.0859985351562;609.1747283935547;0.6643333435058594;0.435311496257782;0.6637054681777954;0.4230380058288574;2.9518585205078125;2.821380615234375;Fixation;1699.8892931256976;604.099358694894;276.0;9.0;;2020.0;2296.0
2164.0;1710.0679016113281;614.0215873718261;0.6634796261787415;0.4321390986442566;0.667995274066925;0.4264038801193237;2.9340972900390625;2.8157196044921875;Fixation;1699.8892931256976;604.099358694894;276.0;9.0;;2020.0;2296.0
2168.0;1704.4137573242188;606.3049364089965;0.6653712391853333;0.4313949346542358;0.665786623954773;0.4210450947284698;2.9475555419921875;2.82373046875;Fixation;1699.8892931256976;604.099358694894;276.0;9.0;;2020.0;2296.0
2172.0;1702.5614929199219;610.7915639877318;0.6681341528892517;0.434283971786499;0.6650630831718445;0.4241608083248138;2.9431304931640625;2.8358612060546875;Fixation;1699.8892931256976;604.099358694894;276.0;9.0;;2020.0;2296.0
2176.0;1703.6518859863281;613.052988052368;0.6641096472740173;0.4272601008415222;0.6654890179634094;0.4257312417030334;2.9160614013671875;2.8326416015625;Fixation;1699.8892931256976;604.099358694894;276.0;9.0;;2020.0;2296.0
2180.0;1702.3348999023438;603.5052251815796;0.6601795554161072;0.4328800141811371;0.664974570274353;0.4191008508205414;2.947784423828125;2.7843017578125;Fixation;1699.8892931256976;604.099358694894;276.0;9.0;;2020.0;2296.0
2184.0;1701.7300415039062;610.5125284194945;0.6638234853744507;0.4222896993160248;0.6647382974624634;0.423967033624649;2.939117431640625;2.834747314453125;Fixation;1699.8892931256976;604.099358694894;276.0;9.0;;2020.0;2296.0
2188.0;1708.116455078125;612.3598194122314;0.6633192300796509;0.4258601069450378;0.6672329902648926;0.4252498745918274;2.947723388671875;2.829208374023437;Fixation;1699.8892931256976;604.099358694894;276.0;9.0;;2020.0;2296.0
2192.0;1705.4112243652344;615.5615186691284;0.6647400856018066;0.4330311715602875;0.6661762595176697;0.4274732768535614;2.935516357421875;2.828399658203125;Fixation;1699.8892931256976;604.099358694894;276.0;9.0;;2020.0;2296.0
2196.0;1704.2385864257812;604.0484046936034;0.6654664874076843;0.4336022138595581;0.6657181978225708;0.4194780588150024;2.9637451171875;2.814437866210937;Fixation;1699.8892931256976;604.099358694894;276.0;9.0;;2020.0;2296.0
2200.0;1700.6430053710938;609.0851640701294;0.6649598479270935;0.4279119670391083;0.6643136739730835;0.4229758083820343;2.9472198486328125;2.8247222900390625;Fixation;1699.8892931256976;604.099358694894;276.0;9.0;;2020.0;2296.0
2204.0;1704.8106384277344;612.8738594055176;0.6665858030319214;0.4218348264694214;0.6659416556358337;0.4256068468093872;2.9421539306640625;2.82330322265625;Fixation;1699.8892931256976;604.099358694894;276.0;9.0;;2020.0;2296.0
2208.0;1705.3575134277344;613.0907964706421;0.6642693877220154;0.4294317960739136;0.6661552786827087;0.425757497549057;2.9567108154296875;2.829818725585937;Fixation;1699.8892931256976;604.099358694894;276.0;9.0;;2020.0;2296.0
2212.0;1705.2249145507812;606.8510341644286;0.6644517183303833;0.4310835003852844;0.6661034822463989;0.4214243292808532;2.9501190185546875;2.811386108398437;Fixation;1699.8892931256976;604.099358694894;276.0;9.0;;2020.0;2296.0
2216.0;1707.984619140625;598.8950443267822;0.6654804944992065;0.4322153925895691;0.6671814918518066;0.4158993363380432;2.9419403076171875;2.8306427001953125;Fixation;1699.8892931256976;604.099358694894;276.0;9.0;;2020.0;2296.0
2220.0;1704.432373046875;599.8058366775512;0.6635341048240662;0.4247629344463348;0.6657938957214355;0.4165318310260772;2.9369354248046875;2.82391357421875;Fixation;1699.8892931256976;604.099358694894;276.0;9.0;;2020.0;2296.0
2224.0;1702.5515747070312;611.1467742919922;0.6642433404922485;0.4226734340190887;0.6650592088699341;0.4244074821472168;2.9508209228515625;2.8258056640625;Fixation;1699.8892931256976;604.099358694894;276.0;9.0;;2020.0;2296.0
2228.0;1709.0054321289062;607.1262502670287;0.6661515235900879;0.4245246052742004;0.667580246925354;0.4216154515743255;2.9418182373046875;2.8242950439453125;Fixation;1699.8892931256976;604.099358694894;276.0;9.0;;2020.0;2296.0
2232.0;1700.4458618164062;606.9326591491698;0.664889395236969;0.4301373958587646;0.6642366647720337;0.4214810132980346;2.9405517578125;2.817596435546875;Fixation;1699.8892931256976;604.099358694894;276.0;9.0;;2020.0;2296.0
2236.0;1699.0325927734375;602.5919437408446;0.666408121585846;0.423937439918518;0.663684606552124;0.4184666275978088;2.95556640625;2.828475952148437;Fixation;1699.8892931256976;604.099358694894;276.0;9.0;;2020.0;2296.0
2240.0;1695.8329772949219;609.07301902771;0.6664557456970215;0.4272789061069488;0.6624347567558289;0.4229673743247986;2.9490509033203125;2.8459625244140625;Fixation;1699.8892931256976;604.099358694894;276.0;9.0;;2020.0;2296.0
2244.0;1698.8229370117188;610.3316402435303;0.6642794609069824;0.4230125844478607;0.6636027097702026;0.4238414168357849;2.93341064453125;2.83135986328125;Fixation;1699.8892931256976;604.099358694894;276.0;9.0;;2020.0;2296.0
2248.0;1697.5416564941406;610.3636550903319;0.6673898696899414;0.4209866225719452;0.6631022095680237;0.4238636493682861;2.926116943359375;2.8413848876953125;Fixation;1699.8892931256976;604.099358694894;276.0;9.0;;2020.0;2296.0
2252.0;1698.4941101074219;603.4175491333008;0.6651284098625183;0.4252105057239532;0.6634742617607117;0.4190399646759033;2.94512939453125;2.840057373046875;Fixation;1699.8892931256976;604.099358694894;276.0;9.0;;2020.0;2296.0
2256.0;1699.5686340332031;608.839259147644;0.6630433797836304;0.4267035722732544;0.66389399766922;0.4228050410747528;2.9491119384765625;2.8306427001953125;Fixation;1699.8892931256976;604.099358694894;276.0;9.0;;2020.0;2296.0
2260.0;1693.8162231445312;608.5680341720581;0.6659236550331116;0.4261244535446167;0.6616469621658325;0.4226166903972626;2.96197509765625;2.833343505859375;Fixation;1699.8892931256976;604.099358694894;276.0;9.0;;2020.0;2296.0
2264.0;1690.1817321777344;607.1859884262084;0.6663594245910645;0.4279709756374359;0.6602272391319275;0.4216569364070892;2.9493560791015625;2.84521484375;Fixation;1699.8892931256976;604.099358694894;276.0;9.0;;2020.0;2296.0
2268.0;1698.9347839355469;603.1822443008423;0.6625286340713501;0.4225987792015075;0.663646399974823;0.4188765585422516;2.9302215576171875;2.847930908203125;Fixation;1699.8892931256976;604.099358694894;276.0;9.0;;2020.0;2296.0
2272.0;1692.2319030761719;604.1606283187865;0.6676203012466431;0.42536661028862;0.6610280871391296;0.4195559918880462;2.9604644775390625;2.8352813720703125;Fixation;1699.8892931256976;604.099358694894;276.0;9.0;;2020.0;2296.0
2276.0;1689.4538879394531;608.4579563140868;0.6674852967262268;0.4225929081439972;0.6599429249763489;0.4225402474403381;2.9530029296875;2.8509521484375;Fixation;1699.8892931256976;604.099358694894;276.0;9.0;;2020.0;2296.0
2280.0;1696.5220642089844;605.2265167236327;0.6622532606124878;0.4261465966701507;0.6627039313316345;0.4202961921691894;2.96661376953125;2.856185913085937;Fixation;1699.8892931256976;604.099358694894;276.0;9.0;;2020.0;2296.0
2284.0;1687.5154113769531;610.5082368850708;0.6637352705001831;0.4287809133529663;0.6591857075691223;0.4239640533924103;2.968017578125;2.84161376953125;Fixation;1699.8892931256976;604.099358694894;276.0;9.0;;2020.0;2296.0
2288.0;1685.0619506835938;615.9659528732299;0.6673111915588379;0.4271788001060486;0.6582273244857788;0.427754133939743;2.958831787109375;2.8638153076171875;Fixation;1699.8892931256976;604.099358694894;276.0;9.0;;2020.0;2296.0
2292.0;1695.9445190429688;617.7163839340209;0.6631460785865784;0.4188991487026214;0.6624783277511597;0.4289697110652923;2.948974609375;2.86712646484375;Fixation;1699.8892931256976;604.099358694894;276.0;9.0;;2020.0;2296.0
2296.0;1700.2947998046875;612.845492362976;0.6719632744789124;0.4202245473861694;0.664177656173706;0.4255871474742889;2.965179443359375;2.856414794921875;Fixation;1699.8892931256976;604.099358694894;276.0;9.0;;2020.0;2296.0
2300.0;1740.00732421875;601.816463470459;0.6799195408821106;0.4089122712612152;0.6796903610229492;0.4179280996322632;2.93743896484375;2.851715087890625;Fixation;1741.7370787663247;597.2283340567973;264.0;10.0;;2300.0;2564.0
2304.0;1767.0869445800781;606.1309576034545;0.6890556216239929;0.4086871147155761;0.690268337726593;0.4209242761135101;2.9304656982421875;2.868316650390625;Fixation;1741.7370787663247;597.2283340567973;264.0;10.0;;2300.0;2564.0
2308.0;1762.1162414550781;605.438561439514;0.6935310959815979;0.413224995136261;0.6883266568183899;0.420443445444107;2.949813842773437;2.8407135009765625;Fixation;1741.7370787663247;597.2283340567973;264.0;10.0;;2300.0;2564.0
2312.0;1753.0874633789062;603.7461519241333;0.6877267956733704;0.4169336259365082;0.6847997903823853;0.4192681610584259;2.9370880126953125;2.8478240966796875;Fixation;1741.7370787663247;597.2283340567973;264.0;10.0;;2300.0;2564.0
2316.0;1751.0543823242188;600.9943342208862;0.6836205124855042;0.4115934073925018;0.684005618095398;0.4173571765422821;2.9224853515625;2.852279663085937;Fixation;1741.7370787663247;597.2283340567973;264.0;10.0;;2300.0;2564.0
2320.0;1738.5183715820312;596.6873931884766;0.686352014541626;0.4112548232078552;0.679108738899231;0.4143662452697754;2.9620513916015625;2.8432159423828125;Fixation;1741.7370787663247;597.2283340567973;264.0;10.0;;2300.0;2564.0
2324.0;1744.1586303710938;605.6194067001343;0.6806855797767639;0.4107777774333954;0.6813119649887085;0.4205690324306488;2.9383697509765625;2.859344482421875;Fixation;1741.7370787663247;597.2283340567973;264.0;10.0;;2300.0;2564.0
2328.0;1749.0528869628906;609.7036600112914;0.6794476509094238;0.4169272184371948;0.6832237839698792;0.4234053194522857;2.9398193359375;2.860504150390625;Fixation;1741.7370787663247;597.2283340567973;264.0;10.0;;2300.0;2564.0
2332.0;1745.8222961425781;604.4970417022705;0.6814237236976624;0.411760151386261;0.6819618344306946;0.4197896122932434;2.93560791015625;2.855010986328125;Fixation;1741.7370787663247;597.2283340567973;264.0;10.0;;2300.0;2564.0
2336.0;1748.0735778808594;594.318208694458;0.6818716526031494;0.4057168960571289;0.6828412413597107;0.4127209782600403;2.931793212890625;2.86077880859375;Fixation;1741.7370787663247;597.2283340567973;264.0;10.0;;2300.0;2564.0
2340.0;1742.6792907714844;606.2135696411132;0.6868738532066345;0.4078405499458313;0.6807340979576111;0.4209816455841064;2.929718017578125;2.855819702148437;Fixation;1741.7370787663247;597.2283340567973;264.0;10.0;;2300.0;2564.0
2344.0;1745.1864624023438;600.4371643066405;0.6811754703521729;0.4158782064914703;0.6817134618759155;0.4169702529907226;2.950653076171875;2.85137939453125;Fixation;1741.7370787663247;597.2283340567973;264.0;10.0;;2300.0;2564.0
2348.0;1745.4963684082031;609.4960784912109;0.6830345392227173;0.4088627398014068;0.6818345189094543;0.4232611656188965;2.9442291259765625;2.856674194335937;Fixation;1741.7370787663247;597.2283340567973;264.0;10.0;;2300.0;2564.0
2352.0;1738.1661987304688;593.731427192688;0.6792635321617126;0.4080058932304382;0.6789711713790894;0.4123134911060333;2.936141967773437;2.85552978515625;Fixation;1741.7370787663247;597.2283340567973;264.0;10.0;;2300.0;2564.0
2356.0;1745.0140380859375;607.4915027618407;0.6829102039337158;0.415642499923706;0.6816461086273193;0.4218690991401672;2.9286346435546875;2.8658905029296875;Fixation;1741.7370787663247;597.2283340567973;264.0;10.0;;2300.0;2564.0
2360.0;1748.6383056640625;602.3578405380248;0.6840547919273376;0.4183217585086822;0.6830618381500244;0.4183040559291839;2.9338836669921875;2.8680572509765625;Fixation;1741.7370787663247;597.2283340567973;264.0;10.0;;2300.0;2564.0
2364.0;1748.9686584472656;595.9774875640868;0.6826618313789368;0.4109443426132202;0.6831908822059631;0.4138732552528381;2.9397430419921875;2.84112548828125;Fixation;1741.7370787663247;597.2283340567973;264.0;10.0;;2300.0;2564.0
2368.0;1752.6216125488281;602.8543281555176;0.6826657652854919;0.4073691368103027;0.684617817401886;0.4186488389968872;2.9354705810546875;2.8580322265625;Fixation;1741.7370787663247;597.2283340567973;264.0;10.0;;2300.0;2564.0
2372.0;1748.4231567382812;590.9174251556395;0.6847583055496216;0.4165754914283752;0.6829777956008911;0.4103593230247497;2.950668334960937;2.842529296875;Fixation;1741.7370787663247;597.2283340567973;264.0;10.0;;2300.0;2564.0
2376.0;1743.5369873046875;603.8285064697266;0.6848104000091553;0.4108210206031799;0.6810691356658936;0.4193253517150879;2.9369049072265625;2.844207763671875;Fixation;1741.7370787663247;597.2283340567973;264.0;10.0;;2300.0;2564.0
2380.0;1744.6974182128906;597.1012258529662;0.6813199520111084;0.4141274094581604;0.6815224289894104;0.4146536290645599;2.9669952392578125;2.85186767578125;Fixation;1741.7370787663247;597.2283340567973;264.0;10.0;;2300.0;2564.0
2384.0;1741.4453125;600.0057792663573;0.6819608211517334;0.4103395342826843;0.6802520751953125;0.4166706800460815;2.957183837890625;2.8500518798828125;Fixation;1741.7370787663247;597.2283340567973;264.0;10.0;;2300.0;2564.0
2388.0;1744.3426513671875;602.9576253890991;0.6834669709205627;0.4147766232490539;0.6813838481903076;0.4187205731868744;2.9527740478515625;2.8563690185546875;Fixation;1741.7370787663247;597.2283340567973;264.0;10.0;;2300.0;2564.0
2392.0;1745.0082397460938;603.6609649658202;0.6811742186546326;0.419793963432312;0.6816438436508179;0.4192090034484863;2.9559326171875;2.862091064453125;Fixation;1741.7370787663247;597.2283340567973;264.0;10.0;;2300.0;2564.0
2396.0;1750.1840209960938;599.0539598464965;0.6803172826766968;0.4197520911693573;0.6836656332015991;0.4160096943378448;2.972396850585937;2.8567047119140625;Fixation;1741.7370787663247;597.2283340567973;264.0;10.0;;2300.0;2564.0
2400.0;1743.1877136230469;598.6390113830566;0.6792256832122803;0.4198230504989624;0.6809327006340027;0.4157215356826782;2.9394989013671875;2.851837158203125;Fixation;1741.7370787663247;597.2283340567973;264.0;10.0;;2300.0;2564.0
2404.0;1744.3333435058594;596.4944887161255;0.6818620562553406;0.4187546372413635;0.6813802123069763;0.4142322838306427;2.9568634033203125;2.851837158203125;Fixation;1741.7370787663247;597.2283340567973;264.0;10.0;;2300.0;2564.0
2408.0;1741.4846801757812;606.4417505264282;0.6788005232810974;0.426460713148117;0.6802674531936646;0.4211401045322418;2.96429443359375;2.861419677734375;Fixation;1741.7370787663247;597.2283340567973;264.0;10.0;;2300.0;2564.0
2412.0;1739.4425964355469;594.5895195007324;0.6842505931854248;0.4112903773784637;0.6794697642326355;0.4129093885421753;2.9304962158203125;2.839935302734375;Fixation;1741.7370787663247;597.2283340567973;264.0;10.0;;2300.0;2564.0
2416.0;1746.0354614257812;591.9656324386597;0.6808815002441406;0.4188599288463592;0.6820451021194458;0.4110872447490692;2.9500732421875;2.84393310546875;Fixation;1741.7370787663247;597.2283340567973;264.0;10.0;;2300.0;2564.0
2420.0;1736.4419555664062;588.7566804885864;0.6785702705383301;0.4194770753383636;0.6782976388931274;0.4088588058948517;2.970947265625;2.844711303710937;Fixation;1741.7370787663247;597.2283340567973;264.0;10.0;;2300.0;2564.0
2424.0;1753.0076599121094;589.634428024292;0.681621789932251;0.4194183945655823;0.6847686171531677;0.4094683527946472;2.951904296875;2.8248291015625;Fixation;1741.7370787663247;597.2283340567973;264.0;10.0;;2300.0;2564.0
2428.0;1743.7184143066406;585.1611471176147;0.6810942888259888;0.42281574010849;0.6811400055885315;0.4063619077205658;2.9542388916015625;2.839385986328125;Fixation;1741.7370787663247;597.2283340567973;264.0;10.0;;2300.0;2564.0
2432.0;1741.2092590332031;588.6097383499146;0.6817284822463989;0.4251563251018524;0.680159866809845;0.4087567627429962;2.9555816650390625;2.8327178955078125;Fixation;1741.7370787663247;597.2283340567973;264.0;10.0;;2300.0;2564.0
2436.0;1742.0875549316406;593.0297183990479;0.6804816722869873;0.4292148947715759;0.6805029511451721;0.4118261933326721;2.972564697265625;2.8422393798828125;Fixation;1741.7370787663247;597.2283340567973;264.0;10.0;;2300.0;2564.0
2440.0;1739.151611328125;584.3051147460936;0.6826370358467102;0.4249613583087921;0.6793560981750488;0.4057674407958984;2.955474853515625;2.814727783203125;Fixation;1741.7370787663247;597.2283340567973;264.0;10.0;;2300.0;2564.0
2444.0;1738.0628967285156;593.0624198913573;0.6838061809539795;0.4232898950576782;0.6789308190345764;0.4118489027023315;2.96356201171875;2.8333282470703125;Fixation;1741.7370787663247;597.2283340567973;264.0;10.0;;2300.0;2564.0
2448.0;1742.1588134765625;592.3705387115479;0.6791419982910156;0.4300473034381866;0.6805307865142822;0.4113684296607971;2.974716186523437;2.824798583984375;Fixation;1741.7370787663247;597.2283340567973;264.0;10.0;;2300.0;2564.0
2452.0;1737.5306701660156;580.0306177139282;0.6845447421073914;0.4144028425216675;0.6787229180335999;0.4027990400791168;2.9556427001953125;2.8282470703125;Fixation;1741.7370787663247;597.2283340567973;264.0;10.0;;2300.0;2564.0
2456.0;1738.673095703125;587.9996109008788;0.6799986958503723;0.4236948490142822;0.6791691780090332;0.4083330631256103;2.96026611328125;2.8438873291015625;Fixation;1741.7370787663247;597.2283340567973;264.0;10.0;;2300.0;2564.0
2460.0;1737.7195739746094;591.4208221435547;0.6811527609825134;0.427362859249115;0.6787967085838318;0.4107089042663574;2.9514312744140625;2.8269500732421875;Fixation;1741.7370787663247;597.2283340567973;264.0;10.0;;2300.0;2564.0
2464.0;1730.4104614257812;597.0312738418579;0.6816926002502441;0.4269398152828216;0.6759415864944458;0.414605051279068;2.9789276123046875;2.85125732421875;Fixation;1741.7370787663247;597.2283340567973;264.0;10.0;;2300.0;2564.0
2468.0;1738.682861328125;598.8570642471313;0.6822594404220581;0.4254293739795685;0.6791729927062988;0.4158729612827301;2.9709625244140625;2.8419952392578125;Fixation;1741.7370787663247;597.2283340567973;264.0;10.0;;2300.0;2564.0
2472.0;1739.5159912109375;604.5369100570679;0.6802864074707031;0.4227927029132843;0.6794984340667725;0.4198172986507416;2.9579010009765625;2.846466064453125;Fixation;1741.7370787663247;597.2283340567973;264.0;10.0;;2300.0;2564.0
2476.0;1733.4355163574219;605.4039716720581;0.6847409605979919;0.4202524423599243;0.6771232485771179;0.4204194247722626;2.95367431640625;2.86065673828125;Fixation;1741.7370787663247;597.2283340567973;264.0;10.0;;2300.0;2564.0
2480.0;1729.710693359375;597.4469089508057;0.6792967915534973;0.4205025732517242;0.6756682395935059;0.4148936867713928;2.95391845703125;2.8527984619140625;Fixation;1741.7370787663247;597.2283340567973;264.0;10.0;;2300.0;2564.0
2484.0;1734.4999694824219;597.4562215805053;0.6834185719490051;0.4229560196399688;0.677539050579071;0.4149001538753509;2.9593963623046875;2.85540771484375;Fixation;1741.7370787663247;597.2283340567973;264.0;10.0;;2300.0;2564.0
2488.0;1737.9081726074219;597.624192237854;0.6854515075683594;0.4166758954524994;0.6788703799247742;0.4150168001651764;2.9499053955078125;2.8423004150390625;Fixation;1741.7370787663247;597.2283340567973;264.0;10.0;;2300.0;2564.0
2492.0;1739.8516845703125;605.6574296951294;0.6792678236961365;0.4253982007503509;0.6796295642852783;0.4205954372882843;2.945281982421875;2.82147216796875;Fixation;1741.7370787663247;597.2283340567973;264.0;10.0;;2300.0;2564.0
2496.0;1735.3097534179688;592.2174596786499;0.681961178779602;0.4127538502216339;0.677855372428894;0.4112621247768402;2.9456787109375;2.8284454345703125;Fixation;1741.7370787663247;597.2283340567973;264.0;10.0;;2300.0;2564.0
2500.0;1735.8419799804688;606.0626792907715;0.6801490187644958;0.4169889092445373;0.6780632734298706;0.4208768606185913;2.9578094482421875;2.857879638671875;Fixation;1741.7370787663247;597.2283340567973;264.0;10.0;;2300.0;2564.0
2504.0;1737.45361328125;601.3926315307617;0.6790119409561157;0.4248093366622925;0.6786928176879883;0.4176337718963623;2.96893310546875;2.862411499023437;Fixation;1741.7370787663247;597.2283340567973;264.0;10.0;;2300.0;2564.0
2508.0;1737.4864196777344;593.2941627502441;0.6822609305381775;0.4157122075557709;0.678705632686615;0.4120098352432251;2.9495849609375;2.83062744140625;Fixation;1741.7370787663247;597.2283340567973;264.0;10.0;;2300.0;2564.0
2512.0;1739.1139221191406;595.4088163375854;0.6791669130325317;0.4241712987422943;0.6793413758277893;0.4134783446788788;2.953033447265625;2.8352813720703125;Fixation;1741.7370787663247;597.2283340567973;264.0;10.0;;2300.0;2564.0
2516.0;1744.2362976074219;589.9840593338012;0.6814154982566833;0.4224185645580292;0.6813423037528992;0.4097111523151397;2.9494171142578125;2.831451416015625;Fixation;1741.7370787663247;597.2283340567973;264.0;10.0;;2300.0;2564.0
2520.0;1734.5137023925781;602.2622680664061;0.6799404621124268;0.4195468723773956;0.6775444149971008;0.4182376861572265;2.938720703125;2.857757568359375;Fixation;1741.7370787663247;597.2283340567973;264.0;10.0;;2300.0;2564.0
2524.0;1746.3429260253906;592.5839567184447;0.6819243431091309;0.4175778031349182;0.6821652054786682;0.4115166366100311;2.952056884765625;2.83966064453125;Fixation;1741.7370787663247;597.2283340567973;264.0;10.0;;2300.0;2564.0
2528.0;1739.2120361328125;586.2773752212523;0.6797543168067932;0.421715646982193;0.6793797016143799;0.4071370661258697;2.943511962890625;2.8413543701171875;Fixation;1741.7370787663247;597.2283340567973;264.0;10.0;;2300.0;2564.0
2532.0;1740.7672119140625;594.0705013275146;0.6809868812561035;0.4258861243724823;0.6799871921539307;0.4125489592552185;2.955307006835937;2.8289794921875;Fixation;1741.7370787663247;597.2283340567973;264.0;10.0;;2300.0;2564.0
2536.0;1732.8941345214844;600.7510900497435;0.6793498992919922;0.4215248525142669;0.6769117712974548;0.4171882569789886;2.9410552978515625;2.8439483642578125;Fixation;1741.7370787663247;597.2283340567973;264.0;10.0;;2300.0;2564.0
2540.0;1738.6083984375;588.9000606536865;0.682033360004425;0.4183075129985809;0.6791439056396484;0.408958375453949;2.944732666015625;2.820175170898437;Fixation;1741.7370787663247;597.2283340567973;264.0;10.0;;2300.0;2564.0
2544.0;1742.5535583496094;593.343515396118;0.6832637786865234;0.4146031737327575;0.6806849837303162;0.4120441079139709;2.927703857421875;2.8256988525390625;Fixation;1741.7370787663247;597.2283340567973;264.0;10.0;;2300.0;2564.0
2548.0;1735.3120422363281;586.1149835586548;0.6812039017677307;0.4182535707950592;0.6778562664985657;0.4070242941379547;2.9201812744140625;2.8243560791015625;Fixation;1741.7370787663247;597.2283340567973;264.0;10.0;;2300.0;2564.0
2552.0;1747.3681640625;590.8731365203856;0.6821959614753723;0.4134268462657928;0.6825656890869141;0.4103285670280456;2.9283905029296875;2.8352508544921875;Fixation;1741.7370787663247;597.2283340567973;264.0;10.0;;2300.0;2564.0
2556.0;1738.9595031738281;594.0748786926268;0.6817994713783264;0.4213787913322449;0.6792810559272766;0.412551999092102;2.9416046142578125;2.8347320556640625;Fixation;1741.7370787663247;597.2283340567973;264.0;10.0;;2300.0;2564.0
2560.0;1736.9854736328125;598.5033559799194;0.6797609925270081;0.4234201908111572;0.6785099506378174;0.4156273305416107;2.93304443359375;2.844940185546875;Fixation;1741.7370787663247;597.2283340567973;264.0;10.0;;2300.0;2564.0
2564.0;1701.7776489257812;596.6211748123169;0.6657773852348328;0.4306063652038574;0.6647568941116333;0.4143202602863312;2.946197509765625;2.832305908203125;Fixation;1741.7370787663247;597.2283340567973;264.0;10.0;;2300.0;2564.0
2568.0;1646.9113159179688;608.3302831649779;0.6473320126533508;0.430950403213501;0.6433247327804565;0.4224515855312347;2.962921142578125;2.867782592773437;Fixation;1633.0433238636363;594.2638687653975;128.0;11.0;;2568.0;2696.0
2572.0;1619.7097778320312;582.5819778442383;0.6291046142578125;0.429077684879303;0.6326991319656372;0.4045708179473877;2.9585113525390625;2.852813720703125;Fixation;1633.0433238636363;594.2638687653975;128.0;11.0;;2568.0;2696.0
2576.0;1624.3539428710938;583.5518217086792;0.6274518966674805;0.4043208658695221;0.634513258934021;0.4052443206310272;2.91680908203125;2.836654663085937;Fixation;1633.0433238636363;594.2638687653975;128.0;11.0;;2568.0;2696.0
2580.0;1624.9345397949219;590.0449991226196;0.6314563751220703;0.4031439125537872;0.6347400546073914;0.4097534716129303;2.925521850585937;2.8597869873046875;Fixation;1633.0433238636363;594.2638687653975;128.0;11.0;;2568.0;2696.0
2584.0;1638.4872436523438;585.5623197555541;0.6345109939575195;0.4186548292636871;0.6400340795516968;0.4066404998302459;2.9361114501953125;2.8499298095703125;Fixation;1633.0433238636363;594.2638687653975;128.0;11.0;;2568.0;2696.0
2588.0;1640.7537841796875;589.481692314148;0.6403010487556458;0.4223169386386871;0.6409194469451904;0.4093622863292694;2.9391632080078125;2.8596343994140625;Fixation;1633.0433238636363;594.2638687653975;128.0;11.0;;2568.0;2696.0
2592.0;1643.4941101074219;589.8225259780884;0.6420009136199951;0.4189716279506683;0.6419898867607117;0.4095989763736725;2.9420928955078125;2.854034423828125;Fixation;1633.0433238636363;594.2638687653975;128.0;11.0;;2568.0;2696.0
2596.0;1647.4592590332031;592.173171043396;0.6425907015800476;0.4182791709899902;0.643538773059845;0.4112313687801361;2.948486328125;2.8527069091796875;Fixation;1633.0433238636363;594.2638687653975;128.0;11.0;;2568.0;2696.0
2600.0;1646.6600036621094;589.5094156265258;0.6397407650947571;0.4201652407646179;0.6432265639305115;0.4093815386295318;2.9457244873046875;2.8678741455078125;Fixation;1633.0433238636363;594.2638687653975;128.0;11.0;;2568.0;2696.0
2604.0;1643.2452392578125;591.3605690002441;0.6418775320053101;0.4220853745937347;0.641892671585083;0.4106670618057251;2.937225341796875;2.863021850585937;Fixation;1633.0433238636363;594.2638687653975;128.0;11.0;;2568.0;2696.0
2608.0;1644.7457885742188;588.5909843444824;0.6405367851257324;0.4193801283836365;0.6424788236618042;0.4087437391281128;2.9576416015625;2.8625946044921875;Fixation;1633.0433238636363;594.2638687653975;128.0;11.0;;2568.0;2696.0
2612.0;1646.8104553222656;590.4407644271851;0.6384312510490417;0.417103499174118;0.64328533411026;0.4100283086299896;2.9317626953125;2.860214233398437;Fixation;1633.0433238636363;594.2638687653975;128.0;11.0;;2568.0;2696.0
2616.0;1641.708984375;582.6542043685913;0.6386391520500183;0.4246550500392914;0.6412925720214844;0.4046209752559662;2.9512176513671875;2.8372039794921875;Fixation;1633.0433238636363;594.2638687653975;128.0;11.0;;2568.0;2696.0
2620.0;1648.3168029785156;594.4617605209351;0.63873291015625;0.4184763133525848;0.6438737511634827;0.4128206670284271;2.93505859375;2.8685455322265625;Fixation;1633.0433238636363;594.2638687653975;128.0;11.0;;2568.0;2696.0
2624.0;1638.4274291992188;591.1365938186646;0.6414837837219238;0.4289425611495971;0.6400107145309448;0.4105115234851837;2.95770263671875;2.853271484375;Fixation;1633.0433238636363;594.2638687653975;128.0;11.0;;2568.0;2696.0
2628.0;1638.4678649902344;585.5812025070189;0.6351512670516968;0.4272385239601135;0.6400265097618103;0.4066536128520965;2.9676666259765625;2.842071533203125;Fixation;1633.0433238636363;594.2638687653975;128.0;11.0;;2568.0;2696.0
2632.0;1632.4290466308594;592.2939777374266;0.6381884813308716;0.4240498542785644;0.6376675963401794;0.4113152623176574;2.935943603515625;2.8556671142578125;Fixation;1633.0433238636363;594.2638687653975;128.0;11.0;;2568.0;2696.0
2636.0;1634.8286437988281;594.7110986709594;0.6386090517044067;0.423880010843277;0.6386049389839172;0.4129938185214996;2.93756103515625;2.8432769775390625;Fixation;1633.0433238636363;594.2638687653975;128.0;11.0;;2568.0;2696.0
2640.0;1638.525390625;590.6267166137695;0.632519006729126;0.4242055714130401;0.6400489807128906;0.4101574420928955;2.968841552734375;2.849822998046875;Fixation;1633.0433238636363;594.2638687653975;128.0;11.0;;2568.0;2696.0
2644.0;1633.375244140625;594.4675540924071;0.6366651058197021;0.4268800318241119;0.6380372047424316;0.4128246903419494;2.960784912109375;2.8515167236328125;Fixation;1633.0433238636363;594.2638687653975;128.0;11.0;;2568.0;2696.0
2648.0;1639.2269897460938;589.5797538757324;0.6382272839546204;0.4227657914161682;0.6403230428695679;0.4094303846359253;2.938629150390625;2.8459014892578125;Fixation;1633.0433238636363;594.2638687653975;128.0;11.0;;2568.0;2696.0
2652.0;1635.6324768066406;602.2708511352539;0.6375360488891602;0.4295543730258941;0.638918936252594;0.4182436466217041;2.9444580078125;2.8549957275390625;Fixation;1633.0433238636363;594.2638687653975;128.0;11.0;;2568.0;2696.0
2656.0;1634.9221801757812;593.3003854751587;0.6388872861862183;0.4202562868595123;0.6386414766311646;0.4120141565799713;2.93524169921875;2.8487548828125;Fixation;1633.0433238636363;594.2638687653975;128.0;11.0;;2568.0;2696.0
2660.0;1631.7864990234375;596.2906837463378;0.637723445892334;0.4214513003826141;0.6374166011810303;0.4140907526016235;2.93719482421875;2.8627471923828125;Fixation;1633.0433238636363;594.2638687653975;128.0;11.0;;2568.0;2696.0
2664.0;1626.2002563476562;595.5692768096924;0.6360230445861816;0.4213573336601257;0.6352344751358032;0.4135897755622864;2.9469451904296875;2.8513641357421875;Fixation;1633.0433238636363;594.2638687653975;128.0;11.0;;2568.0;2696.0
2668.0;1629.248046875;601.5898704528807;0.6381741762161255;0.4107284247875213;0.6364250183105469;0.4177707433700561;2.94683837890625;2.8585662841796875;Fixation;1633.0433238636363;594.2638687653975;128.0;11.0;;2568.0;2696.0
2672.0;1625.684814453125;606.2212085723876;0.6391875743865967;0.4114438593387604;0.635033130645752;0.4209869503974914;2.91790771484375;2.858245849609375;Fixation;1633.0433238636363;594.2638687653975;128.0;11.0;;2568.0;2696.0
2676.0;1629.9832153320312;593.305149078369;0.6389390230178833;0.4236484467983246;0.6367121934890747;0.4120174646377563;2.959686279296875;2.851837158203125;Fixation;1633.0433238636363;594.2638687653975;128.0;11.0;;2568.0;2696.0
2680.0;1620.9718322753906;608.8591718673706;0.6371071934700012;0.4265848398208618;0.6331921219825745;0.4228188693523407;2.9552001953125;2.8656005859375;Fixation;1633.0433238636363;594.2638687653975;128.0;11.0;;2568.0;2696.0
2684.0;1633.8699340820312;599.3869829177855;0.638274610042572;0.417601466178894;0.6382304430007935;0.4162409603595733;2.940292358398437;2.859222412109375;Fixation;1633.0433238636363;594.2638687653975;128.0;11.0;;2568.0;2696.0
2688.0;1629.5140075683594;600.7190752029419;0.6374608278274536;0.4222949743270874;0.6365289092063904;0.4171660244464874;2.963836669921875;2.844879150390625;Fixation;1633.0433238636363;594.2638687653975;128.0;11.0;;2568.0;2696.0
2692.0;1615.7341003417969;596.844549179077;0.6268658638000488;0.4200373291969299;0.6311461329460144;0.4144753813743591;2.95428466796875;2.84747314453125;Fixation;1633.0433238636363;594.2638687653975;128.0;11.0;;2568.0;2696.0
2696.0;1564.0104675292969;619.3870782852172;0.6067836880683899;0.4299071133136749;0.6109415888786316;0.4301299154758453;2.925643920898437;2.8554229736328125;Fixation;1633.0433238636363;594.2638687653975;128.0;11.0;;2568.0;2696.0
2700.0;1469.8490905761719;675.0792217254639;0.5692117810249329;0.5024701356887817;0.5741598010063171;0.4688050150871277;2.979522705078125;2.8518829345703125;Saccade;;;36.0;;4.0;2700.0;2736.0
2704.0;1370.1651000976562;734.8541164398193;0.5402776002883911;0.530144214630127;0.535220742225647;0.5103153586387634;2.9596099853515625;2.8696746826171875;Saccade;;;36.0;;4.0;2700.0;2736.0
2708.0;1286.5461730957031;823.5603904724121;0.509612500667572;0.5776022672653198;0.502557098865509;0.571916937828064;2.942657470703125;2.908676147460937;Saccade;;;36.0;;4.0;2700.0;2736.0
2712.0;1189.159469604492;888.5311317443848;0.4790993332862854;0.6003800630569458;0.4645154178142547;0.6170355081558228;2.921295166015625;2.9140625;Saccade;;;36.0;;4.0;2700.0;2736.0
2716.0;1096.0206604003906;934.7573947906494;0.4476563930511474;0.6467655897140503;0.4281330704689026;0.6491370797157288;2.924667358398437;2.90283203125;Saccade;;;36.0;;4.0;2700.0;2736.0
2720.0;1025.8685302734375;963.3501720428467;0.4163770973682403;0.6874216794967651;0.4007298946380615;0.6689931750297546;2.920196533203125;2.914581298828125;Saccade;;;36.0;;4.0;2700.0;2736.0
2724.0;936.009063720703;1015.7675743103027;0.384906530380249;0.7115398645401001;0.3656285405158996;0.7053941488265991;2.8980712890625;2.9138946533203125;Saccade;;;36.0;;4.0;2700.0;2736.0
2728.0;904.7202301025391;1039.7272109985352;0.3645085394382477;0.7138869762420654;0.3534063398838043;0.7220327854156494;2.917694091796875;2.928451538085937;Saccade;;;36.0;;4.0;2700.0;2736.0
2732.0;846.0316467285156;1038.1214046478271;0.3479579091072082;0.7073932886123657;0.3304811120033264;0.7209176421165466;2.8778839111328125;2.942138671875;Saccade;;;36.0;;4.0;2700.0;2736.0
2736.0;835.0951385498046;1038.0842399597168;0.3442562222480774;0.7132341265678406;0.3262090384960174;0.7208918333053589;2.922958374023437;2.931488037109375;Saccade;;;36.0;;4.0;2700.0;2736.0
2740.0;837.9696655273436;1053.3403015136719;0.3411617577075958;0.7244192957878113;0.3273319005966186;0.7314863204956055;2.9192352294921875;2.9677734375;Fixation;853.672373453776;1050.4818620681763;116.0;12.0;;2740.0;2856.0
2744.0;848.5012054443359;1044.2619037628174;0.3435357213020324;0.7237945199012756;0.3314457833766937;0.7251818776130676;2.9272613525390625;2.9636383056640625;Fixation;853.672373453776;1050.4818620681763;116.0;12.0;;2740.0;2856.0
2748.0;853.8018035888671;1026.1537742614746;0.3439242839813232;0.7313335537910461;0.3335163295269012;0.7126067876815796;2.9552459716796875;2.9400634765625;Fixation;853.672373453776;1050.4818620681763;116.0;12.0;;2740.0;2856.0
2752.0;861.3548278808594;1038.28293800354;0.3407969772815704;0.7238505482673645;0.3364667296409607;0.7210298180580139;2.903915405273437;2.9244537353515625;Fixation;853.672373453776;1050.4818620681763;116.0;12.0;;2740.0;2856.0
2756.0;855.5691528320312;1053.9874649047852;0.3403582572937011;0.725805938243866;0.3342067003250122;0.7319357395172119;2.9127349853515625;2.9464111328125;Fixation;853.672373453776;1050.4818620681763;116.0;12.0;;2740.0;2856.0
2760.0;859.8880767822264;1043.272705078125;0.3383194208145141;0.7332965135574341;0.3358937799930572;0.7244949340820312;2.91033935546875;2.921493530273437;Fixation;853.672373453776;1050.4818620681763;116.0;12.0;;2740.0;2856.0
2764.0;852.2215270996094;1041.3143920898438;0.3372338116168976;0.7250944375991821;0.3328990340232849;0.7231349945068359;2.894866943359375;2.9264678955078125;Fixation;853.672373453776;1050.4818620681763;116.0;12.0;;2740.0;2856.0
2768.0;861.9701385498046;1036.5135383605957;0.3338022530078888;0.7293189167976379;0.3367070853710174;0.7198010683059692;2.9031219482421875;2.90594482421875;Fixation;853.672373453776;1050.4818620681763;116.0;12.0;;2740.0;2856.0
2772.0;865.4619598388672;1054.014072418213;0.3332939743995666;0.7323076725006104;0.3380710780620575;0.7319542169570923;2.9062652587890625;2.9247283935546875;Fixation;853.672373453776;1050.4818620681763;116.0;12.0;;2740.0;2856.0
2776.0;857.5189208984374;1049.5344829559326;0.3330884277820587;0.7318766713142395;0.3349683284759521;0.7288433909416199;2.90380859375;2.934677124023437;Fixation;853.672373453776;1050.4818620681763;116.0;12.0;;2740.0;2856.0
2780.0;854.837188720703;1041.298427581787;0.3333171308040619;0.7410674691200256;0.3339207768440246;0.7231239080429077;2.911605834960937;2.91717529296875;Fixation;853.672373453776;1050.4818620681763;116.0;12.0;;2740.0;2856.0
2784.0;865.189208984375;1052.1092319488525;0.3364852964878082;0.7199806571006775;0.3379645347595215;0.730631411075592;2.8704376220703125;2.9357452392578125;Fixation;853.672373453776;1050.4818620681763;116.0;12.0;;2740.0;2856.0
2788.0;854.2466735839844;1051.4653301239014;0.3339512944221496;0.7347387671470642;0.3336901068687439;0.7301842570304871;2.914825439453125;2.930084228515625;Fixation;853.672373453776;1050.4818620681763;116.0;12.0;;2740.0;2856.0
2792.0;863.9340209960938;1046.216697692871;0.3311165571212768;0.7347358465194702;0.3374742269515991;0.7265393733978271;2.892074584960937;2.9307098388671875;Fixation;853.672373453776;1050.4818620681763;116.0;12.0;;2740.0;2856.0
2796.0;853.9979553222656;1052.8730392456055;0.3330031335353851;0.7317368388175964;0.33359295129776;0.7311618328094482;2.906890869140625;2.9316558837890625;Fixation;853.672373453776;1050.4818620681763;116.0;12.0;;2740.0;2856.0
2800.0;853.7185668945311;1044.1117000579834;0.3317074179649353;0.7435694336891174;0.3334838151931762;0.7250775694847107;2.9180450439453125;2.924835205078125;Fixation;853.672373453776;1050.4818620681763;116.0;12.0;;2740.0;2856.0
2804.0;853.9270019531249;1059.504919052124;0.3320967853069305;0.7428895831108093;0.3335652351379394;0.7357673048973083;2.908538818359375;2.9480743408203125;Fixation;853.672373453776;1050.4818620681763;116.0;12.0;;2740.0;2856.0
2808.0;853.2697296142577;1052.047176361084;0.3317351937294006;0.7343981862068176;0.3333084881305694;0.7305883169174194;2.889404296875;2.925765991210937;Fixation;853.672373453776;1050.4818620681763;116.0;12.0;;2740.0;2856.0
2812.0;854.9175262451172;1050.516300201416;0.3359725177288055;0.7348697781562805;0.3339521586894989;0.7295252084732056;2.8948974609375;2.94439697265625;Fixation;853.672373453776;1050.4818620681763;116.0;12.0;;2740.0;2856.0
2816.0;861.1256408691405;1064.1586589813232;0.3339530527591705;0.7316591143608093;0.336377203464508;0.73899906873703;2.9084014892578125;2.938583374023437;Fixation;853.672373453776;1050.4818620681763;116.0;12.0;;2740.0;2856.0
2820.0;860.2172088623046;1058.4391593933105;0.3347807824611664;0.734265148639679;0.3360223472118377;0.7350271940231323;2.891876220703125;2.942291259765625;Fixation;853.672373453776;1050.4818620681763;116.0;12.0;;2740.0;2856.0
2824.0;858.6547851562499;1056.1505699157715;0.3331122100353241;0.7297951579093933;0.3354120254516601;0.7334378957748413;2.8787078857421875;2.936141967773437;Fixation;853.672373453776;1050.4818620681763;116.0;12.0;;2740.0;2856.0
2828.0;856.8370819091797;1059.6309185028076;0.334102064371109;0.7322224378585815;0.3347019851207733;0.7358548045158386;2.874420166015625;2.923095703125;Fixation;853.672373453776;1050.4818620681763;116.0;12.0;;2740.0;2856.0
2832.0;855.6868743896484;1055.9941864013672;0.3368757367134094;0.7365151643753052;0.3342526853084564;0.7333292961120605;2.895050048828125;2.94500732421875;Fixation;853.672373453776;1050.4818620681763;116.0;12.0;;2740.0;2856.0
2836.0;862.4855041503905;1060.5191802978516;0.3323357701301574;0.7402433156967163;0.3369084000587463;0.7364716529846191;2.904083251953125;2.933807373046875;Fixation;853.672373453776;1050.4818620681763;116.0;12.0;;2740.0;2856.0
2840.0;855.6211853027344;1058.541898727417;0.3360443711280823;0.7301713228225708;0.3342270255088806;0.7350985407829285;2.8903350830078125;2.9260406494140625;Fixation;853.672373453776;1050.4818620681763;116.0;12.0;;2740.0;2856.0
2844.0;855.7189941406249;1048.5732650756836;0.3346141874790191;0.7331974506378174;0.3342652320861816;0.7281758785247803;2.90582275390625;2.919281005859375;Fixation;853.672373453776;1050.4818620681763;116.0;12.0;;2740.0;2856.0
2848.0;864.7389221191406;1047.170705795288;0.335133284330368;0.7352370023727417;0.3377886414527893;0.7272018790245056;2.8828582763671875;2.90692138671875;Fixation;853.672373453776;1050.4818620681763;116.0;12.0;;2740.0;2856.0
2852.0;831.6966247558593;1052.7580261230469;0.3289742469787597;0.737631618976593;0.3248814940452575;0.7310819625854492;2.871078491210937;2.9268341064453125;Fixation;853.672373453776;1050.4818620681763;116.0;12.0;;2740.0;2856.0
2856.0;785.0932312011718;1061.7008972167969;0.3093674778938293;0.7557798624038696;0.3066770434379577;0.7372922897338867;2.9150543212890625;2.93194580078125;Fixation;853.672373453776;1050.4818620681763;116.0;12.0;;2740.0;2856.0
2860.0;730.7987976074218;1098.4575462341309;0.2778922021389007;0.7711949348449707;0.2854682803153991;0.7628177404403687;2.9115753173828125;2.9384765625;Saccade;;;4.0;;5.0;2860.0;2864.0
2864.0;656.2274932861327;1123.3470726013184;0.2605879604816437;0.7865374088287354;0.2563388645648956;0.7801021337509155;2.945831298828125;2.955062866210937;Saccade;;;4.0;;5.0;2860.0;2864.0
2868.0;628.4251403808594;1122.725486755371;0.2580603659152984;0.7790206074714661;0.2454785704612732;0.7796704769134521;2.9298858642578125;2.9380645751953125;Fixation;670.1366527496822;1106.3509423392159;248.0;13.0;;2868.0;3116.0
2872.0;637.194938659668;1124.249153137207;0.2585064172744751;0.773428201675415;0.2489042729139328;0.7807285785675049;2.9146728515625;2.9364471435546875;Fixation;670.1366527496822;1106.3509423392159;248.0;13.0;;2868.0;3116.0
2876.0;660.4969024658202;1110.3859519958496;0.2675829529762268;0.7718057036399841;0.258006602525711;0.7711013555526733;2.9151153564453125;2.922760009765625;Fixation;670.1366527496822;1106.3509423392159;248.0;13.0;;2868.0;3116.0
2880.0;663.2363891601561;1092.204179763794;0.270665168762207;0.7759309411048889;0.259076714515686;0.758475124835968;2.9152984619140625;2.905136108398437;Fixation;670.1366527496822;1106.3509423392159;248.0;13.0;;2868.0;3116.0
2884.0;681.3416290283203;1103.0048561096191;0.2730838060379028;0.7810253500938416;0.2661490738391876;0.7659755945205688;2.940673828125;2.941192626953125;Fixation;670.1366527496822;1106.3509423392159;248.0;13.0;;2868.0;3116.0
2888.0;684.8473358154297;1098.8211250305176;0.2677029073238373;0.7720248103141785;0.2675184905529022;0.7630702257156372;2.9271392822265625;2.931427001953125;Fixation;670.1366527496822;1106.3509423392159;248.0;13.0;;2868.0;3116.0
2892.0;662.8269958496093;1104.27978515625;0.2675146162509918;0.780168354511261;0.2589167952537536;0.7668609619140625;2.920654296875;2.9240264892578125;Fixation;670.1366527496822;1106.3509423392159;248.0;13.0;;2868.0;3116.0
2896.0;660.025177001953;1095.611400604248;0.2720708549022674;0.7758999466896057;0.2578223347663879;0.7608412504196167;2.9284820556640625;2.9237518310546875;Fixation;670.1366527496822;1106.3509423392159;248.0;13.0;;2868.0;3116.0
2900.0;672.8627777099609;1103.2451820373535;0.2690303325653076;0.7754665613174438;0.2628370225429535;0.7661424875259399;2.91082763671875;2.913681030273437;Fixation;670.1366527496822;1106.3509423392159;248.0;13.0;;2868.0;3116.0
2904.0;666.7075347900391;1098.9466094970703;0.2708249390125274;0.7795747518539429;0.260432630777359;0.7631573677062988;2.929794311523437;2.927825927734375;Fixation;670.1366527496822;1106.3509423392159;248.0;13.0;;2868.0;3116.0
2908.0;664.5692443847656;1091.2331771850586;0.2658675611019134;0.7686008810997009;0.2595973610877991;0.757800817489624;2.9313507080078125;2.909530639648437;Fixation;670.1366527496822;1106.3509423392159;248.0;13.0;;2868.0;3116.0
2912.0;667.9558563232422;1108.8881206512451;0.2671399712562561;0.776218056678772;0.2609202563762665;0.770061194896698;2.928314208984375;2.9309539794921875;Fixation;670.1366527496822;1106.3509423392159;248.0;13.0;;2868.0;3116.0
2916.0;654.0529632568358;1096.0601234436035;0.2685035169124603;0.7742619514465332;0.2554894387722015;0.7611528635025024;2.92901611328125;2.922454833984375;Fixation;670.1366527496822;1106.3509423392159;248.0;13.0;;2868.0;3116.0
2920.0;666.8192291259766;1099.832124710083;0.2672399878501892;0.7723702192306519;0.2604762613773346;0.7637723088264465;2.9103546142578125;2.9201202392578125;Fixation;670.1366527496822;1106.3509423392159;248.0;13.0;;2868.0;3116.0
2924.0;662.3722839355469;1104.6432781219482;0.2676720321178436;0.7739779949188232;0.258739173412323;0.7671133875846863;2.9344635009765625;2.9266357421875;Fixation;670.1366527496822;1106.3509423392159;248.0;13.0;;2868.0;3116.0
2928.0;669.2749023437499;1106.6860485076904;0.260774552822113;0.771902322769165;0.2614355087280273;0.7685319781303406;2.92181396484375;2.912811279296875;Fixation;670.1366527496822;1106.3509423392159;248.0;13.0;;2868.0;3116.0
2932.0;667.9874420166016;1107.2502136230469;0.2636690735816955;0.766248881816864;0.260932594537735;0.7689237594604492;2.9168853759765625;2.91571044921875;Fixation;670.1366527496822;1106.3509423392159;248.0;13.0;;2868.0;3116.0
2936.0;673.7120819091797;1095.0781345367432;0.2672653198242187;0.7774997353553772;0.2631687819957733;0.7604709267616272;2.937652587890625;2.9111328125;Fixation;670.1366527496822;1106.3509423392159;248.0;13.0;;2868.0;3116.0
2940.0;671.8399810791014;1104.0619468688965;0.263596624135971;0.7785953283309937;0.262437492609024;0.7667096853256226;2.9291229248046875;2.922470092773437;Fixation;670.1366527496822;1106.3509423392159;248.0;13.0;;2868.0;3116.0
2944.0;667.0792388916014;1099.6320533752441;0.264498233795166;0.7760114669799805;0.2605778276920318;0.7636333703994751;2.942779541015625;2.92779541015625;Fixation;670.1366527496822;1106.3509423392159;248.0;13.0;;2868.0;3116.0
2948.0;668.9267730712891;1105.2295875549316;0.265240728855133;0.7743992209434509;0.2612995207309723;0.767520546913147;2.933212280273437;2.9194793701171875;Fixation;670.1366527496822;1106.3509423392159;248.0;13.0;;2868.0;3116.0
2952.0;665.2158355712891;1099.6499919891357;0.2627445459365845;0.7777391672134399;0.2598499357700348;0.7636458277702332;2.934188842773437;2.926132202148437;Fixation;670.1366527496822;1106.3509423392159;248.0;13.0;;2868.0;3116.0
2956.0;678.5212707519531;1097.1160125732422;0.2652530372142792;0.7724758386611938;0.2650473713874817;0.7618861198425293;2.919281005859375;2.918441772460937;Fixation;670.1366527496822;1106.3509423392159;248.0;13.0;;2868.0;3116.0
2960.0;669.074478149414;1102.7140617370605;0.2650924324989319;0.7724063396453857;0.2613572180271148;0.7657736539840698;2.931732177734375;2.9081268310546875;Fixation;670.1366527496822;1106.3509423392159;248.0;13.0;;2868.0;3116.0
2964.0;669.4828033447266;1106.0965633392334;0.2649284899234772;0.7738138437271118;0.2615167200565338;0.7681226134300232;2.9347686767578125;2.9300537109375;Fixation;670.1366527496822;1106.3509423392159;248.0;13.0;;2868.0;3116.0
2968.0;677.0262145996094;1093.6444187164307;0.2634864151477813;0.7822531461715698;0.2644633650779724;0.7594752907752991;2.9690093994140625;2.913360595703125;Fixation;670.1366527496822;1106.3509423392159;248.0;13.0;;2868.0;3116.0
2972.0;677.4917602539061;1098.4877586364746;0.2650124132633209;0.7775857448577881;0.2646452188491821;0.7628387212753296;2.9501953125;2.911407470703125;Fixation;670.1366527496822;1106.3509423392159;248.0;13.0;;2868.0;3116.0
2976.0;665.0749969482422;1097.8260898590088;0.2677579224109649;0.7798811197280884;0.2597949206829071;0.7623792290687561;2.9340972900390625;2.915069580078125;Fixation;670.1366527496822;1106.3509423392159;248.0;13.0;;2868.0;3116.0
2980.0;672.4742889404296;1105.63814163208;0.2654191553592682;0.7709549069404602;0.2626852691173553;0.7678042650222778;2.948944091796875;2.921142578125;Fixation;670.1366527496822;1106.3509423392159;248.0;13.0;;2868.0;3116.0
2984.0;679.1064453125;1111.0497665405273;0.2651162147521972;0.7718027234077454;0.2652759552001953;0.7715623378753662;2.929962158203125;2.920150756835937;Fixation;670.1366527496822;1106.3509423392159;248.0;13.0;;2868.0;3116.0
2988.0;675.9622192382812;1105.797872543335;0.2688395380973816;0.7804006934165955;0.2640477418899536;0.7679151892662048;2.94378662109375;2.92608642578125;Fixation;670.1366527496822;1106.3509423392159;248.0;13.0;;2868.0;3116.0
2992.0;677.5822448730468;1098.6795902252197;0.2671333849430084;0.7751864790916443;0.2646805644035339;0.7629719376564026;2.944671630859375;2.9036102294921875;Fixation;670.1366527496822;1106.3509423392159;248.0;13.0;;2868.0;3116.0
2996.0;672.3494720458984;1102.457857131958;0.2644849717617035;0.7775023579597473;0.2626365125179291;0.7655957341194153;2.9529266357421875;2.903060913085937;Fixation;670.1366527496822;1106.3509423392159;248.0;13.0;;2868.0;3116.0
3000.0;673.2827758789061;1100.436029434204;0.2642039954662323;0.773973822593689;0.2630010843276977;0.7641916871070862;2.94384765625;2.91693115234375;Fixation;670.1366527496822;1106.3509423392159;248.0;13.0;;2868.0;3116.0
3004.0;674.6177673339843;1101.5538883209229;0.2670720219612121;0.7783500552177429;0.2635225653648376;0.7649679780006409;2.9349365234375;2.923187255859375;Fixation;670.1366527496822;1106.3509423392159;248.0;13.0;;2868.0;3116.0
3008.0;665.2766418457031;1103.0695724487305;0.2632974982261657;0.7789069414138794;0.2598736882209778;0.7660205364227295;2.9428253173828125;2.9019775390625;Fixation;670.1366527496822;1106.3509423392159;248.0;13.0;;2868.0;3116.0
3012.0;664.5801544189453;1094.7052001953125;0.2650162577629089;0.7731794118881226;0.2596016228199005;0.7602119445800781;2.9444732666015625;2.9095001220703125;Fixation;670.1366527496822;1106.3509423392159;248.0;13.0;;2868.0;3116.0
3016.0;669.3291473388672;1109.6823120117188;0.2655031979084015;0.774507462978363;0.261456698179245;0.7706127166748047;2.949615478515625;2.9212646484375;Fixation;670.1366527496822;1106.3509423392159;248.0;13.0;;2868.0;3116.0
3020.0;678.6565399169922;1108.8882064819336;0.2637348473072052;0.7729155421257019;0.2651002109050751;0.7700612545013428;2.9397735595703125;2.923187255859375;Fixation;670.1366527496822;1106.3509423392159;248.0;13.0;;2868.0;3116.0
3024.0;666.5753173828124;1096.8792057037354;0.2668753266334533;0.7783721685409546;0.2603809833526611;0.761721670627594;2.9398345947265625;2.923324584960937;Fixation;670.1366527496822;1106.3509423392159;248.0;13.0;;2868.0;3116.0
3028.0;678.1983184814453;1111.4687061309814;0.2645538449287414;0.7757886648178101;0.2649212181568146;0.7718532681465149;2.9214019775390625;2.9109649658203125;Fixation;670.1366527496822;1106.3509423392159;248.0;13.0;;2868.0;3116.0
3032.0;669.3741607666014;1106.7503356933594;0.2645911574363708;0.7770563960075378;0.2614742815494537;0.7685766220092773;2.94970703125;2.9193572998046875;Fixation;670.1366527496822;1106.3509423392159;248.0;13.0;;2868.0;3116.0
3036.0;678.1617736816405;1117.6861095428467;0.2659924924373626;0.7656665444374084;0.2649069428443908;0.7761709094047546;2.9464569091796875;2.9244842529296875;Fixation;670.1366527496822;1106.3509423392159;248.0;13.0;;2868.0;3116.0
3040.0;673.1321716308593;1113.3447933197021;0.2641938328742981;0.7771227359771729;0.2629422545433044;0.7731561064720154;2.9411163330078125;2.92498779296875;Fixation;670.1366527496822;1106.3509423392159;248.0;13.0;;2868.0;3116.0
3044.0;666.2789154052733;1105.9921073913574;0.2662093937397003;0.7790711522102356;0.2602652013301849;0.7680500745773315;2.944488525390625;2.914413452148437;Fixation;670.1366527496822;1106.3509423392159;248.0;13.0;;2868.0;3116.0
3048.0;670.0235748291016;1105.270357131958;0.2651944458484649;0.7741588354110718;0.2617279589176178;0.7675488591194153;2.943099975585937;2.931381225585937;Fixation;670.1366527496822;1106.3509423392159;248.0;13.0;;2868.0;3116.0
3052.0;674.8725128173827;1108.6108875274658;0.2617733180522918;0.7708830833435059;0.2636220753192901;0.7698686718940735;2.937164306640625;2.908111572265625;Fixation;670.1366527496822;1106.3509423392159;248.0;13.0;;2868.0;3116.0
3056.0;668.9067840576172;1108.2021617889404;0.2640676200389862;0.7793851494789124;0.2612917125225067;0.7695848345756531;2.9477691650390625;2.915267944335937;Fixation;670.1366527496822;1106.3509423392159;248.0;13.0;;2868.0;3116.0
3060.0;668.3331298828124;1109.5400047302246;0.2646269798278808;0.7774832248687744;0.2610676288604736;0.7705138921737671;2.9688262939453125;2.913070678710937;Fixation;670.1366527496822;1106.3509423392159;248.0;13.0;;2868.0;3116.0
3064.0;673.5697937011718;1114.964075088501;0.2634773850440979;0.7780650854110718;0.2631132006645202;0.7742806077003479;2.940704345703125;2.915252685546875;Fixation;670.1366527496822;1106.3509423392159;248.0;13.0;;2868.0;3116.0
3068.0;664.1358184814453;1108.6430740356445;0.2610930800437927;0.7804004549980164;0.2594280540943146;0.7698910236358643;2.9519500732421875;2.909286499023437;Fixation;670.1366527496822;1106.3509423392159;248.0;13.0;;2868.0;3116.0
3072.0;669.8216247558593;1117.5795078277588;0.2628058195114136;0.7678651809692383;0.2616490721702575;0.7760968804359436;2.94256591796875;2.92596435546875;Fixation;670.1366527496822;1106.3509423392159;248.0;13.0;;2868.0;3116.0
3076.0;677.5493621826171;1113.046531677246;0.2653936445713043;0.7783161401748657;0.2646677196025848;0.7729489803314209;2.965240478515625;2.9207305908203125;Fixation;670.1366527496822;1106.3509423392159;248.0;13.0;;2868.0;3116.0
3080.0;678.6035919189453;1116.7333889007568;0.2650133669376373;0.7695174217224121;0.265079528093338;0.7755092978477478;2.934600830078125;2.9257965087890625;Fixation;670.1366527496822;1106.3509423392159;248.0;13.0;;2868.0;3116.0
3084.0;674.0670013427734;1119.838228225708;0.2615367174148559;0.77555251121521;0.2633074223995209;0.7776654362678528;2.9445037841796875;2.91925048828125;Fixation;670.1366527496822;1106.3509423392159;248.0;13.0;;2868.0;3116.0
3088.0;664.7764587402343;1115.458288192749;0.2643060982227325;0.7760703563690186;0.259678304195404;0.7746238112449646;2.9308319091796875;2.9124755859375;Fixation;670.1366527496822;1106.3509423392159;248.0;13.0;;2868.0;3116.0
3092.0;661.8576812744141;1111.5574550628662;0.2660606503486633;0.771657407283783;0.258538156747818;0.7719148993492126;2.93353271484375;2.9218292236328125;Fixation;670.1366527496822;1106.3509423392159;248.0;13.0;;2868.0;3116.0
3096.0;669.9405670166016;1118.59694480896;0.2677391767501831;0.7835566401481628;0.26169553399086;0.7768034338951111;2.931915283203125;2.919189453125;Fixation;670.1366527496822;1106.3509423392159;248.0;13.0;;2868.0;3116.0
3100.0;664.3949890136719;1107.495002746582;0.2661253809928894;0.7738873362541199;0.2595292925834656;0.7690937519073486;2.9394683837890625;2.9125518798828125;Fixation;670.1366527496822;1106.3509423392159;248.0;13.0;;2868.0;3116.0
3104.0;669.5917510986327;1111.3335227966309;0.2649829089641571;0.7757661938667297;0.2615592777729034;0.7717593908309937;2.9553985595703125;2.90447998046875;Fixation;670.1366527496822;1106.3509423392159;248.0;13.0;;2868.0;3116.0
3108.0;666.989288330078;1114.2212104797363;0.2665332853794098;0.7733265161514282;0.2605426907539367;0.7737647294998169;2.9443359375;2.9204254150390625;Fixation;670.1366527496822;1106.3509423392159;248.0;13.0;;2868.0;3116.0
3112.0;691.7391204833984;1117.1737003326416;0.2707177698612213;0.7795140147209167;0.2702105939388275;0.7758150696754456;2.9588775634765625;2.9157257080078125;Fixation;670.1366527496822;1106.3509423392159;248.0;13.0;;2868.0;3116.0
3116.0;720.0555419921874;1120.1618957519531;0.2751985490322113;0.7756069898605347;0.2812716960906982;0.7778902053833008;2.931610107421875;2.9333038330078125;Fixation;670.1366527496822;1106.3509423392159;248.0;13.0;;2868.0;3116.0
3120.0;758.8877868652344;1116.965732574463;0.2932831048965454;0.776820719242096;0.2964405417442322;0.7756706476211548;2.94439697265625;2.933578491210937;Saccade;;;16.0;;6.0;3120.0;3136.0
3124.0;790.9056854248046;1119.5369625091553;0.3130305111408233;0.7710767984390259;0.3089475333690643;0.7774562239646912;2.9312896728515625;2.944808959960937;Saccade;;;16.0;;6.0;3120.0;3136.0
3128.0;805.0563812255859;1114.365577697754;0.3184539377689361;0.7704209089279175;0.3144751489162445;0.7738649845123291;2.913925170898437;2.937713623046875;Saccade;;;16.0;;6.0;3120.0;3136.0
3132.0;821.2675476074218;1109.483871459961;0.3221287727355957;0.7721743583679199;0.3208076357841491;0.770474910736084;2.932342529296875;2.925384521484375;Saccade;;;16.0;;6.0;3120.0;3136.0
3136.0;853.8074493408202;1114.9686241149902;0.3328346014022827;0.775509238243103;0.3335185348987579;0.774283766746521;2.938827514648437;2.922225952148437;Saccade;;;16.0;;6.0;3120.0;3136.0
3140.0;882.8740692138671;1117.5727272033691;0.3438465893268585;0.7741207480430603;0.3448726832866668;0.7760921716690063;2.92608642578125;2.9165802001953125;Fixation;863.8543891906738;1114.818200469017;188.0;14.0;;3140.0;3328.0
3144.0;881.5702056884764;1117.9160499572754;0.3435883820056915;0.7707224488258362;0.3443633615970611;0.7763305902481079;2.9371337890625;2.9201202392578125;Fixation;863.8543891906738;1114.818200469017;188.0;14.0;;3140.0;3328.0
3148.0;871.1455535888671;1108.855676651001;0.3405416011810303;0.7711817026138306;0.3402912318706512;0.7700386643409729;2.9243927001953125;2.93536376953125;Fixation;863.8543891906738;1114.818200469017;188.0;14.0;;3140.0;3328.0
3152.0;863.6334228515625;1103.747034072876;0.3343310058116913;0.7751006484031677;0.3373568058013916;0.7664909958839417;2.9513702392578125;2.915283203125;Fixation;863.8543891906738;1114.818200469017;188.0;14.0;;3140.0;3328.0
3156.0;840.0611114501952;1107.7269172668457;0.3373472094535827;0.7641870379447937;0.3281488716602325;0.7692548036575317;2.911117553710937;2.9060211181640625;Fixation;863.8543891906738;1114.818200469017;188.0;14.0;;3140.0;3328.0
3160.0;861.7894744873047;1118.0601596832275;0.3380080759525299;0.7724121809005737;0.3366365134716034;0.7764306664466858;2.94427490234375;2.909881591796875;Fixation;863.8543891906738;1114.818200469017;188.0;14.0;;3140.0;3328.0
3164.0;864.217300415039;1122.421817779541;0.3373655974864959;0.7788164019584656;0.3375848829746246;0.7794595956802368;2.92730712890625;2.90692138671875;Fixation;863.8543891906738;1114.818200469017;188.0;14.0;;3140.0;3328.0
3168.0;860.9785461425781;1122.02073097229;0.3378238379955292;0.7716966271400452;0.3363197445869446;0.7791810631752014;2.9287567138671875;2.9089813232421875;Fixation;863.8543891906738;1114.818200469017;188.0;14.0;;3140.0;3328.0
3172.0;858.6967468261719;1128.1704139709473;0.3363073468208313;0.7701151967048645;0.3354284167289734;0.7834516763687134;2.9292449951171875;2.915679931640625;Fixation;863.8543891906738;1114.818200469017;188.0;14.0;;3140.0;3328.0
3176.0;867.3958587646484;1113.5685539245605;0.3325093984603882;0.7786754965782166;0.3388265073299408;0.7733114957809448;2.93536376953125;2.9061279296875;Fixation;863.8543891906738;1114.818200469017;188.0;14.0;;3140.0;3328.0
3180.0;857.6560974121094;1111.0092544555664;0.3357069790363312;0.7746134400367737;0.3350219130516052;0.7715342044830322;2.925048828125;2.91046142578125;Fixation;863.8543891906738;1114.818200469017;188.0;14.0;;3140.0;3328.0
3184.0;862.0202636718749;1109.1284465789795;0.3338870108127594;0.7692041993141174;0.3367266654968261;0.7702280879020691;2.9190673828125;2.9035797119140625;Fixation;863.8543891906738;1114.818200469017;188.0;14.0;;3140.0;3328.0
3188.0;860.2507019042968;1128.7561225891113;0.3337995707988739;0.7776696085929871;0.3360354304313659;0.7838584184646606;2.932723999023437;2.914276123046875;Fixation;863.8543891906738;1114.818200469017;188.0;14.0;;3140.0;3328.0
3192.0;854.8909759521484;1112.0745849609375;0.3369857966899872;0.783100426197052;0.333941787481308;0.7722740173339844;2.9449920654296875;2.9102783203125;Fixation;863.8543891906738;1114.818200469017;188.0;14.0;;3140.0;3328.0
3196.0;863.9348602294922;1112.3531913757324;0.3357258141040802;0.7829669713973999;0.3374745547771454;0.7724674940109253;2.940780639648437;2.9091033935546875;Fixation;863.8543891906738;1114.818200469017;188.0;14.0;;3140.0;3328.0
3200.0;858.9334106445312;1107.9366874694824;0.3347272872924804;0.7729800939559937;0.33552086353302;0.7694004774093628;2.9186248779296875;2.90771484375;Fixation;863.8543891906738;1114.818200469017;188.0;14.0;;3140.0;3328.0
3204.0;858.6310577392578;1105.546817779541;0.3385655581951141;0.7799532413482666;0.3354027569293976;0.7677408456802368;2.931884765625;2.899200439453125;Fixation;863.8543891906738;1114.818200469017;188.0;14.0;;3140.0;3328.0
3208.0;859.6102142333983;1111.2548160552979;0.341930091381073;0.7680925130844116;0.3357852399349212;0.7717047333717346;2.938812255859375;2.892333984375;Fixation;863.8543891906738;1114.818200469017;188.0;14.0;;3140.0;3328.0
3212.0;860.6000518798828;1118.4494018554688;0.3397327065467834;0.7790687084197998;0.3361718952655792;0.7767009735107422;2.950958251953125;2.8990631103515625;Fixation;863.8543891906738;1114.818200469017;188.0;14.0;;3140.0;3328.0
3216.0;865.5213165283203;1127.8765296936035;0.335184782743454;0.777715802192688;0.3380942642688751;0.7832475900650024;2.937103271484375;2.9265594482421875;Fixation;863.8543891906738;1114.818200469017;188.0;14.0;;3140.0;3328.0
3220.0;858.2310485839844;1117.1605682373047;0.3361747562885284;0.7755255699157715;0.3352465033531189;0.7758059501647949;2.9438629150390625;2.906219482421875;Fixation;863.8543891906738;1114.818200469017;188.0;14.0;;3140.0;3328.0
3224.0;860.946044921875;1109.0530014038086;0.3380712866783142;0.7731176614761353;0.3363070487976074;0.7701756954193115;2.9372100830078125;2.891021728515625;Fixation;863.8543891906738;1114.818200469017;188.0;14.0;;3140.0;3328.0
3228.0;858.0482482910156;1119.5191955566406;0.3366718590259552;0.7787728309631348;0.335175096988678;0.7774438858032227;2.937362670898437;2.909164428710937;Fixation;863.8543891906738;1114.818200469017;188.0;14.0;;3140.0;3328.0
3232.0;857.3668670654296;1117.9629135131836;0.3395441472530365;0.7786220908164978;0.3349089324474334;0.7763631343841553;2.9411163330078125;2.9026031494140625;Fixation;863.8543891906738;1114.818200469017;188.0;14.0;;3140.0;3328.0
3236.0;863.1007385253906;1124.7387313842773;0.3368721306324005;0.7764652371406555;0.3371487259864807;0.7810685634613037;2.9194488525390625;2.9314422607421875;Fixation;863.8543891906738;1114.818200469017;188.0;14.0;;3140.0;3328.0
3240.0;855.8512878417969;1109.8362922668457;0.3374545872211456;0.774825394153595;0.3343169093132019;0.7707196474075317;2.927841186523437;2.895294189453125;Fixation;863.8543891906738;1114.818200469017;188.0;14.0;;3140.0;3328.0
3244.0;860.768585205078;1122.6975917816162;0.337449312210083;0.7682451009750366;0.3362377285957336;0.7796511054039001;2.9100799560546875;2.914459228515625;Fixation;863.8543891906738;1114.818200469017;188.0;14.0;;3140.0;3328.0
3248.0;857.8659820556641;1113.8074207305908;0.3415968120098114;0.7720010280609131;0.3351038992404938;0.7734773755073547;2.9202880859375;2.888656616210937;Fixation;863.8543891906738;1114.818200469017;188.0;14.0;;3140.0;3328.0
3252.0;862.4935150146483;1122.2045803070068;0.3416061103343963;0.7778558731079102;0.336911529302597;0.7793087363243103;2.9536285400390625;2.9137420654296875;Fixation;863.8543891906738;1114.818200469017;188.0;14.0;;3140.0;3328.0
3256.0;862.0771789550781;1116.846685409546;0.3396342098712921;0.7760896682739258;0.3367488980293274;0.7755879759788513;2.9600830078125;2.9033203125;Fixation;863.8543891906738;1114.818200469017;188.0;14.0;;3140.0;3328.0
3260.0;846.8741607666014;1108.0881786346436;0.3431166708469391;0.771793007850647;0.3308102190494537;0.7695056796073914;2.942489624023437;2.897430419921875;Fixation;863.8543891906738;1114.818200469017;188.0;14.0;;3140.0;3328.0
3264.0;859.266357421875;1116.117467880249;0.3446525335311889;0.7764724493026733;0.3356509208679199;0.7750815749168396;2.94091796875;2.9043426513671875;Fixation;863.8543891906738;1114.818200469017;188.0;14.0;;3140.0;3328.0
3268.0;853.392333984375;1112.0666027069092;0.3419339656829834;0.7765184044837952;0.3333563804626465;0.7722684741020203;2.927886962890625;2.8899688720703125;Fixation;863.8543891906738;1114.818200469017;188.0;14.0;;3140.0;3328.0
3272.0;863.4566497802734;1110.1823616027832;0.3412650525569916;0.7764668464660645;0.3372877538204193;0.7709599733352661;2.9392547607421875;2.9134674072265625;Fixation;863.8543891906738;1114.818200469017;188.0;14.0;;3140.0;3328.0
3276.0;865.9869384765625;1116.719741821289;0.339726984500885;0.7729040384292603;0.3382761478424072;0.7754998207092285;2.926116943359375;2.89276123046875;Fixation;863.8543891906738;1114.818200469017;188.0;14.0;;3140.0;3328.0
3280.0;860.4467773437499;1103.6066150665283;0.3420473039150238;0.780656635761261;0.3361120223999023;0.7663934826850891;2.9428863525390625;2.9047393798828125;Fixation;863.8543891906738;1114.818200469017;188.0;14.0;;3140.0;3328.0
3284.0;862.9804992675781;1119.7156620025635;0.3405174314975738;0.7740788459777832;0.3371017575263977;0.7775803208351135;2.927215576171875;2.89776611328125;Fixation;863.8543891906738;1114.818200469017;188.0;14.0;;3140.0;3328.0
3288.0;862.2463226318359;1120.6809997558594;0.3421609699726105;0.7774399518966675;0.3368149697780609;0.7782506942749023;2.9427947998046875;2.9242706298828125;Fixation;863.8543891906738;1114.818200469017;188.0;14.0;;3140.0;3328.0
3292.0;863.6870574951171;1116.7295265197754;0.3428258597850799;0.7807178497314453;0.3373777568340301;0.7755066156387329;2.9463653564453125;2.92742919921875;Fixation;863.8543891906738;1114.818200469017;188.0;14.0;;3140.0;3328.0
3296.0;858.9813232421875;1112.4127578735352;0.3433441519737243;0.7723057866096497;0.3355395793914795;0.7725088596343994;2.936874389648437;2.902923583984375;Fixation;863.8543891906738;1114.818200469017;188.0;14.0;;3140.0;3328.0
3300.0;864.9724578857421;1107.1640396118164;0.340837299823761;0.777897834777832;0.337879866361618;0.7688639163970947;2.939910888671875;2.9042510986328125;Fixation;863.8543891906738;1114.818200469017;188.0;14.0;;3140.0;3328.0
3304.0;863.4148406982421;1118.129940032959;0.3394763767719269;0.7739893794059753;0.3372714221477508;0.7764791250228882;2.930511474609375;2.900863647460937;Fixation;863.8543891906738;1114.818200469017;188.0;14.0;;3140.0;3328.0
3308.0;864.0782165527343;1100.6969547271729;0.3427861630916595;0.7801740765571594;0.3375305533409118;0.7643728852272034;2.9494171142578125;2.885162353515625;Fixation;863.8543891906738;1114.818200469017;188.0;14.0;;3140.0;3328.0
3312.0;851.085968017578;1104.6611309051514;0.3398970067501068;0.7709465622901917;0.3324554562568664;0.7671257853507996;2.928314208984375;2.883453369140625;Fixation;863.8543891906738;1114.818200469017;188.0;14.0;;3140.0;3328.0
3316.0;864.5758819580078;1109.132480621338;0.3376203179359436;0.7685542702674866;0.3377249538898468;0.7702308893203735;2.934188842773437;2.920196533203125;Fixation;863.8543891906738;1114.818200469017;188.0;14.0;;3140.0;3328.0
3320.0;869.3280029296875;1113.9697265625;0.3448645770549774;0.7692404985427856;0.3395812511444092;0.773590087890625;2.9308013916015625;2.8953094482421875;Fixation;863.8543891906738;1114.818200469017;188.0;14.0;;3140.0;3328.0
3324.0;909.9842834472655;1116.0367012023926;0.3537420034408569;0.7794048190116882;0.3554626107215881;0.775025486946106;2.95477294921875;2.895050048828125;Fixation;863.8543891906738;1114.818200469017;188.0;14.0;;3140.0;3328.0
3328.0;929.0918731689452;1126.889820098877;0.363586813211441;0.7772907018661499;0.3629265129566192;0.7825623750686646;2.94000244140625;2.901947021484375;Fixation;863.8543891906738;1114.818200469017;188.0;14.0;;3140.0;3328.0
3332.0;948.1557464599608;1129.2887020111084;0.3761744797229767;0.7625714540481567;0.3703733384609222;0.7842282652854919;2.9212646484375;2.9044647216796875;Fixation;975.7809542303216;1121.6168852374979;580.0;15.0;;3332.0;3912.0
3336.0;943.4072113037109;1115.892677307129;0.3737234473228454;0.7714514136314392;0.3685184419155121;0.7749254703521729;2.904891967773437;2.8890838623046875;Fixation;975.7809542303216;1121.6168852374979;580.0;15.0;;3332.0;3912.0
3340.0;935.8885192871094;1108.7553405761719;0.3770580291748047;0.7702083587646484;0.3655814528465271;0.7699689865112305;2.917633056640625;2.88421630859375;Fixation;975.7809542303216;1121.6168852374979;580.0;15.0;;3332.0;3912.0
3344.0;925.0327301025391;1116.8908882141113;0.3732220828533172;0.7623074054718018;0.3613409101963043;0.7756186723709106;2.91705322265625;2.8968048095703125;Fixation;975.7809542303216;1121.6168852374979;580.0;15.0;;3332.0;3912.0
3348.0;920.9408569335936;1115.8970546722412;0.3736908733844757;0.7730949521064758;0.359742522239685;0.7749285101890564;2.945709228515625;2.890487670898437;Fixation;975.7809542303216;1121.6168852374979;580.0;15.0;;3332.0;3912.0
3352.0;925.4134368896484;1125.948600769043;0.3710548877716064;0.7686997652053833;0.3614896237850189;0.7819087505340576;2.9176483154296875;2.9065093994140625;Fixation;975.7809542303216;1121.6168852374979;580.0;15.0;;3332.0;3912.0
3356.0;931.8438720703125;1109.5533084869385;0.367847591638565;0.7732225656509399;0.3640015125274658;0.7705231308937073;2.954208374023437;2.8900299072265625;Fixation;975.7809542303216;1121.6168852374979;580.0;15.0;;3332.0;3912.0
3360.0;932.497329711914;1112.7296447753906;0.3691512942314148;0.7645969390869141;0.3642567694187164;0.7727289199829102;2.90606689453125;2.884979248046875;Fixation;975.7809542303216;1121.6168852374979;580.0;15.0;;3332.0;3912.0
3364.0;926.7286682128906;1111.9894409179688;0.3690735697746277;0.7746436595916748;0.3620033860206604;0.7722148895263672;2.9227447509765625;2.87432861328125;Fixation;975.7809542303216;1121.6168852374979;580.0;15.0;;3332.0;3912.0
3368.0;934.9149322509766;1114.907341003418;0.3735308945178985;0.7664337754249573;0.3652011454105377;0.7742412090301514;2.932342529296875;2.8905029296875;Fixation;975.7809542303216;1121.6168852374979;580.0;15.0;;3332.0;3912.0
3372.0;929.9929809570311;1103.027172088623;0.3711052536964416;0.7749041318893433;0.3632785081863403;0.7659910917282104;2.9420166015625;2.8775787353515625;Fixation;975.7809542303216;1121.6168852374979;580.0;15.0;;3332.0;3912.0
3376.0;935.6590270996094;1109.8434162139893;0.3739555776119232;0.7783582210540771;0.3654918074607849;0.7707245945930481;2.942138671875;2.8772735595703125;Fixation;975.7809542303216;1121.6168852374979;580.0;15.0;;3332.0;3912.0
3380.0;931.7198944091797;1121.4255809783936;0.3748573362827301;0.7676951289176941;0.3639530837535858;0.7787677645683289;2.907867431640625;2.901123046875;Fixation;975.7809542303216;1121.6168852374979;580.0;15.0;;3332.0;3912.0
3384.0;932.1705627441405;1114.447717666626;0.3724636435508728;0.7678326964378357;0.3641291260719299;0.7739220261573792;2.9066925048828125;2.88702392578125;Fixation;975.7809542303216;1121.6168852374979;580.0;15.0;;3332.0;3912.0
3388.0;937.0186614990233;1106.6905975341797;0.3708748817443847;0.7679588794708252;0.366022914648056;0.7685351371765137;2.9077606201171875;2.890838623046875;Fixation;975.7809542303216;1121.6168852374979;580.0;15.0;;3332.0;3912.0
3392.0;939.3155670166016;1119.724760055542;0.3721126616001129;0.7669664621353149;0.36692014336586;0.7775866389274597;2.918731689453125;2.88372802734375;Fixation;975.7809542303216;1121.6168852374979;580.0;15.0;;3332.0;3912.0
3396.0;933.8841247558593;1110.639238357544;0.3734984695911407;0.7720226049423218;0.3647984862327575;0.7712772488594055;2.9342041015625;2.894500732421875;Fixation;975.7809542303216;1121.6168852374979;580.0;15.0;;3332.0;3912.0
3400.0;935.218048095703;1117.2411632537842;0.3690796196460724;0.7792977094650269;0.365319550037384;0.775861918926239;2.919540405273437;2.8861846923828125;Fixation;975.7809542303216;1121.6168852374979;580.0;15.0;;3332.0;3912.0
3404.0;930.7738494873047;1124.4658756256104;0.3734160363674164;0.7690902948379517;0.3635835349559784;0.7808790802955627;2.8991241455078125;2.90106201171875;Fixation;975.7809542303216;1121.6168852374979;580.0;15.0;;3332.0;3912.0
3408.0;941.1511993408202;1121.0841464996338;0.3728003799915313;0.7754980325698853;0.3676371872425079;0.7785306572914124;2.919525146484375;2.9042205810546875;Fixation;975.7809542303216;1121.6168852374979;580.0;15.0;;3332.0;3912.0
3412.0;942.3773193359375;1119.527006149292;0.3763101994991302;0.7797001004219055;0.3681161403656006;0.7774493098258972;2.9451141357421875;2.8907928466796875;Fixation;975.7809542303216;1121.6168852374979;580.0;15.0;;3332.0;3912.0
3416.0;946.8837738037109;1111.2717247009277;0.3729976117610931;0.7779572010040283;0.3698764741420746;0.7717164754867554;2.9449462890625;2.8813934326171875;Fixation;975.7809542303216;1121.6168852374979;580.0;15.0;;3332.0;3912.0
3420.0;941.6269683837891;1123.1387615203857;0.3710215389728546;0.7665143013000488;0.3678230345249176;0.7799574732780457;2.898956298828125;2.8953399658203125;Fixation;975.7809542303216;1121.6168852374979;580.0;15.0;;3332.0;3912.0
3424.0;944.3637847900391;1111.321678161621;0.3689758777618408;0.7660071849822998;0.368892103433609;0.7717511653900146;2.901824951171875;2.8833770751953125;Fixation;975.7809542303216;1121.6168852374979;580.0;15.0;;3332.0;3912.0
3428.0;944.9590301513672;1125.8701515197754;0.3695196509361267;0.7754131555557251;0.3691246211528778;0.7818542718887329;2.943222045898437;2.91778564453125;Fixation;975.7809542303216;1121.6168852374979;580.0;15.0;;3332.0;3912.0
3432.0;947.2068023681641;1126.897029876709;0.3722710013389587;0.7793185114860535;0.3700026571750641;0.7825673818588257;2.93115234375;2.8988800048828125;Fixation;975.7809542303216;1121.6168852374979;580.0;15.0;;3332.0;3912.0
3436.0;936.7387390136719;1115.562744140625;0.373232752084732;0.7784357070922852;0.3659135699272156;0.7746963500976562;2.9220123291015625;2.8961181640625;Fixation;975.7809542303216;1121.6168852374979;580.0;15.0;;3332.0;3912.0
3440.0;948.4580230712891;1110.750560760498;0.3718099594116211;0.7780916690826416;0.3704914152622223;0.7713545560836792;2.9412841796875;2.8791656494140625;Fixation;975.7809542303216;1121.6168852374979;580.0;15.0;;3332.0;3912.0
3444.0;948.9434051513672;1112.5500011444092;0.3725579082965851;0.7687374949455261;0.3706810176372528;0.7726041674613953;2.940780639648437;2.91943359375;Fixation;975.7809542303216;1121.6168852374979;580.0;15.0;;3332.0;3912.0
3448.0;949.603271484375;1113.3290004730225;0.3695574998855591;0.7761482000350952;0.370938777923584;0.7731451392173767;2.946258544921875;2.88238525390625;Fixation;975.7809542303216;1121.6168852374979;580.0;15.0;;3332.0;3912.0
3452.0;950.5803680419922;1120.070743560791;0.3710456192493438;0.7731771469116211;0.3713204562664032;0.7778269052505493;2.919174194335937;2.8860626220703125;Fixation;975.7809542303216;1121.6168852374979;580.0;15.0;;3332.0;3912.0
3456.0;947.6359558105469;1112.574462890625;0.3718700706958771;0.7796350717544556;0.3701702952384949;0.7726211547851562;2.917999267578125;2.89227294921875;Fixation;975.7809542303216;1121.6168852374979;580.0;15.0;;3332.0;3912.0
3460.0;947.2201538085936;1113.3831596374512;0.3690576553344726;0.7664777636528015;0.3700078725814819;0.77318274974823;2.916290283203125;2.88055419921875;Fixation;975.7809542303216;1121.6168852374979;580.0;15.0;;3332.0;3912.0
3464.0;944.6622467041016;1118.745174407959;0.3713168799877167;0.7754006385803223;0.3690086901187897;0.7769063711166382;2.927276611328125;2.9093475341796875;Fixation;975.7809542303216;1121.6168852374979;580.0;15.0;;3332.0;3912.0
3468.0;953.2074737548828;1117.5922966003418;0.3676873743534088;0.778448224067688;0.3723466694355011;0.7761057615280151;2.917327880859375;2.8909912109375;Fixation;975.7809542303216;1121.6168852374979;580.0;15.0;;3332.0;3912.0
3472.0;942.7365112304686;1114.5665073394775;0.3694933950901031;0.7743434309959412;0.3682564496994018;0.7740045189857483;2.9364013671875;2.903228759765625;Fixation;975.7809542303216;1121.6168852374979;580.0;15.0;;3332.0;3912.0
3476.0;941.4251708984374;1123.2871627807617;0.3700085878372192;0.77923184633255;0.3677442073822021;0.7800605297088623;2.9326629638671875;2.900421142578125;Fixation;975.7809542303216;1121.6168852374979;580.0;15.0;;3332.0;3912.0
3480.0;950.8563995361328;1116.0065746307373;0.3799170255661011;0.7795270085334778;0.3714282810688019;0.7750045657157898;2.9495391845703125;2.89715576171875;Fixation;975.7809542303216;1121.6168852374979;580.0;15.0;;3332.0;3912.0
3484.0;996.4492797851561;1123.4728145599365;0.3935171365737915;0.7781782150268555;0.3892379999160766;0.7801894545555115;2.9302978515625;2.917633056640625;Fixation;975.7809542303216;1121.6168852374979;580.0;15.0;;3332.0;3912.0
3488.0;1006.0726165771484;1120.301628112793;0.3994119465351105;0.7780977487564087;0.3929971158504486;0.7779872417449951;2.93768310546875;2.897186279296875;Fixation;975.7809542303216;1121.6168852374979;580.0;15.0;;3332.0;3912.0
3492.0;1010.8352661132812;1117.6844787597656;0.3999136984348297;0.7835614085197449;0.3948575258255005;0.7761697769165039;2.957672119140625;2.90228271484375;Fixation;975.7809542303216;1121.6168852374979;580.0;15.0;;3332.0;3912.0
3496.0;1008.3209991455078;1113.11279296875;0.4015342593193054;0.7673701047897339;0.393875390291214;0.7729949951171875;2.92572021484375;2.8773651123046875;Fixation;975.7809542303216;1121.6168852374979;580.0;15.0;;3332.0;3912.0
3500.0;996.5332794189453;1116.1944580078125;0.3953926861286163;0.7648066282272339;0.3892708122730255;0.7751350402832031;2.9232635498046875;2.895980834960937;Fixation;975.7809542303216;1121.6168852374979;580.0;15.0;;3332.0;3912.0
3504.0;1006.1956787109374;1113.927927017212;0.397295743227005;0.7680839896202087;0.3930451869964599;0.7735610604286194;2.945556640625;2.8884735107421875;Fixation;975.7809542303216;1121.6168852374979;580.0;15.0;;3332.0;3912.0
3508.0;1006.9452667236327;1121.3816356658936;0.3941200673580169;0.7699561715126038;0.393337994813919;0.7787372469902039;2.94476318359375;2.90142822265625;Fixation;975.7809542303216;1121.6168852374979;580.0;15.0;;3332.0;3912.0
3512.0;995.1319885253906;1116.366891860962;0.3932074308395386;0.7750137448310852;0.3887234330177307;0.7752547860145569;2.936614990234375;2.8870849609375;Fixation;975.7809542303216;1121.6168852374979;580.0;15.0;;3332.0;3912.0
3516.0;1002.6125335693358;1112.873239517212;0.3899289965629577;0.7722885012626648;0.3916455209255218;0.7728286385536194;2.9338836669921875;2.887115478515625;Fixation;975.7809542303216;1121.6168852374979;580.0;15.0;;3332.0;3912.0
3520.0;1000.8451080322266;1122.0841598510742;0.3930699229240417;0.7681705355644226;0.3909551203250885;0.7792251110076904;2.897064208984375;2.9030303955078125;Fixation;975.7809542303216;1121.6168852374979;580.0;15.0;;3332.0;3912.0
3524.0;1001.6107940673828;1126.3676261901855;0.3970391452312469;0.7700050473213196;0.3912542164325714;0.7821997404098511;2.910858154296875;2.893951416015625;Fixation;975.7809542303216;1121.6168852374979;580.0;15.0;;3332.0;3912.0
3528.0;1006.5745544433593;1131.0126972198486;0.3928049206733703;0.766663670539856;0.3931931853294372;0.7854254841804504;2.92254638671875;2.922454833984375;Fixation;975.7809542303216;1121.6168852374979;580.0;15.0;;3332.0;3912.0
3532.0;1010.0311279296875;1120.8887958526611;0.3951726257801056;0.7685193419456482;0.3945434093475342;0.7783949971199036;2.9268798828125;2.899658203125;Fixation;975.7809542303216;1121.6168852374979;580.0;15.0;;3332.0;3912.0
3536.0;995.2793884277343;1120.251760482788;0.3999745845794678;0.7728836536407471;0.3887810111045837;0.7779526114463806;2.918487548828125;2.8768768310546875;Fixation;975.7809542303216;1121.6168852374979;580.0;15.0;;3332.0;3912.0
3540.0;1005.0807952880858;1119.7454452514648;0.3928979635238647;0.7677823305130005;0.3926096856594085;0.7776010036468506;2.9248046875;2.904815673828125;Fixation;975.7809542303216;1121.6168852374979;580.0;15.0;;3332.0;3912.0
3544.0;1010.5654907226562;1105.7010555267334;0.3942608535289764;0.7793128490447998;0.3947521448135376;0.7678479552268982;2.9478302001953125;2.8752593994140625;Fixation;975.7809542303216;1121.6168852374979;580.0;15.0;;3332.0;3912.0
3548.0;999.2406463623046;1129.0202236175537;0.3970949053764343;0.7650750875473022;0.3903283774852752;0.7840418219566345;2.932464599609375;2.91473388671875;Fixation;975.7809542303216;1121.6168852374979;580.0;15.0;;3332.0;3912.0
3552.0;1000.2432250976562;1117.185459136963;0.3986938297748565;0.7806121110916138;0.390720009803772;0.7758232355117798;2.95025634765625;2.912582397460937;Fixation;975.7809542303216;1121.6168852374979;580.0;15.0;;3332.0;3912.0
3556.0;992.5836944580078;1116.2529945373535;0.4019239544868469;0.7752068638801575;0.3877280056476593;0.7751756906509399;2.964385986328125;2.8951416015625;Fixation;975.7809542303216;1121.6168852374979;580.0;15.0;;3332.0;3912.0
3560.0;1005.6614685058594;1121.4702129364014;0.3964658379554748;0.7634183764457703;0.3928365111351013;0.7787987589836121;2.9276580810546875;2.90032958984375;Fixation;975.7809542303216;1121.6168852374979;580.0;15.0;;3332.0;3912.0
3564.0;997.7008056640625;1130.8899593353271;0.3932039737701416;0.7746306657791138;0.3897268772125244;0.7853402495384216;2.9629669189453125;2.9060211181640625;Fixation;975.7809542303216;1121.6168852374979;580.0;15.0;;3332.0;3912.0
3568.0;992.6351928710938;1135.2239799499512;0.3998580873012543;0.7781597971916199;0.387748122215271;0.788349986076355;2.9359588623046875;2.9209747314453125;Fixation;975.7809542303216;1121.6168852374979;580.0;15.0;;3332.0;3912.0
3572.0;1000.3859710693358;1122.1347999572754;0.3971357345581054;0.7759929299354553;0.3907757699489593;0.7792602777481079;2.936508178710937;2.90985107421875;Fixation;975.7809542303216;1121.6168852374979;580.0;15.0;;3332.0;3912.0
3576.0;999.9248504638672;1120.4781818389893;0.3930448591709137;0.7779541015625;0.3905956447124481;0.7781098484992981;2.966415405273437;2.883895874023437;Fixation;975.7809542303216;1121.6168852374979;580.0;15.0;;3332.0;3912.0
3580.0;1000.0446319580078;1116.7339038848877;0.3963539600372314;0.7696194648742676;0.3906424343585968;0.7755096554756165;2.9477081298828125;2.9125518798828125;Fixation;975.7809542303216;1121.6168852374979;580.0;15.0;;3332.0;3912.0
3584.0;987.3332214355469;1120.2905559539795;0.397660493850708;0.7771605849266052;0.3856770396232605;0.7779795527458191;2.948028564453125;2.9136199951171875;Fixation;975.7809542303216;1121.6168852374979;580.0;15.0;;3332.0;3912.0
3588.0;1003.9248657226562;1121.8410015106201;0.3979086577892303;0.7800573110580444;0.3921581506729126;0.7790562510490417;2.9735870361328125;2.9082489013671875;Fixation;975.7809542303216;1121.6168852374979;580.0;15.0;;3332.0;3912.0
3592.0;999.2999267578125;1125.6863021850586;0.3977425098419189;0.7792803645133972;0.3903515338897705;0.781726598739624;2.95458984375;2.9143829345703125;Fixation;975.7809542303216;1121.6168852374979;580.0;15.0;;3332.0;3912.0
3596.0;999.6965789794921;1127.605218887329;0.3960969150066376;0.7625290751457214;0.3905064761638641;0.7830591797828674;2.91583251953125;2.913604736328125;Fixation;975.7809542303216;1121.6168852374979;580.0;15.0;;3332.0;3912.0
3600.0;989.7624969482422;1122.561206817627;0.3955922424793243;0.7757577896118164;0.3866259753704071;0.779556393623352;2.96502685546875;2.892822265625;Fixation;975.7809542303216;1121.6168852374979;580.0;15.0;;3332.0;3912.0
3604.0;994.8207092285156;1126.2153625488281;0.3952756822109222;0.7731425762176514;0.3886018395423889;0.7820940017700195;2.953094482421875;2.913848876953125;Fixation;975.7809542303216;1121.6168852374979;580.0;15.0;;3332.0;3912.0
3608.0;1002.4795532226562;1123.8015460968018;0.3981463015079498;0.7668412923812866;0.3915935754776001;0.7804177403450012;2.941162109375;2.912017822265625;Fixation;975.7809542303216;1121.6168852374979;580.0;15.0;;3332.0;3912.0
3612.0;990.4318237304686;1129.3344497680664;0.4015602767467499;0.7694941759109497;0.3868874311447143;0.7842600345611572;2.92626953125;2.925506591796875;Fixation;975.7809542303216;1121.6168852374979;580.0;15.0;;3332.0;3912.0
3616.0;993.0091094970703;1123.835105895996;0.3920300602912903;0.7680714726448059;0.3878941833972931;0.7804410457611084;2.9575347900390625;2.90924072265625;Fixation;975.7809542303216;1121.6168852374979;580.0;15.0;;3332.0;3912.0
3620.0;996.2060546875;1124.5047569274902;0.396658718585968;0.76705002784729;0.3891429901123047;0.780906081199646;2.93426513671875;2.908065795898437;Fixation;975.7809542303216;1121.6168852374979;580.0;15.0;;3332.0;3912.0
3624.0;992.9073333740234;1115.2777004241943;0.3971716165542602;0.7715243697166443;0.3878544270992279;0.7744984030723572;2.9398193359375;2.9222412109375;Fixation;975.7809542303216;1121.6168852374979;580.0;15.0;;3332.0;3912.0
3628.0;996.3580322265625;1126.8817520141602;0.4001660943031311;0.7729912400245667;0.389202356338501;0.7825567722320557;2.9461212158203125;2.914093017578125;Fixation;975.7809542303216;1121.6168852374979;580.0;15.0;;3332.0;3912.0
3632.0;994.3724822998047;1118.7614822387695;0.3939821124076843;0.7730751633644104;0.3884267508983612;0.7769176959991455;2.960540771484375;2.9069366455078125;Fixation;975.7809542303216;1121.6168852374979;580.0;15.0;;3332.0;3912.0
3636.0;992.521514892578;1117.516851425171;0.3975233435630798;0.7783945798873901;0.3877037167549133;0.7760533690452576;2.961532592773437;2.89794921875;Fixation;975.7809542303216;1121.6168852374979;580.0;15.0;;3332.0;3912.0
3640.0;995.3905487060547;1120.3292655944824;0.3990656435489654;0.773105263710022;0.3888244330883026;0.7780064344406128;2.96282958984375;2.92266845703125;Fixation;975.7809542303216;1121.6168852374979;580.0;15.0;;3332.0;3912.0
3644.0;1003.2364654541016;1121.3339138031006;0.3939800262451172;0.7747995853424072;0.3918892443180084;0.7787041068077087;2.9721221923828125;2.8973846435546875;Fixation;975.7809542303216;1121.6168852374979;580.0;15.0;;3332.0;3912.0
3648.0;999.8345947265625;1117.3559188842773;0.3958175480365753;0.780685544013977;0.3905603885650635;0.7759416103363037;2.9816131591796875;2.9242401123046875;Fixation;975.7809542303216;1121.6168852374979;580.0;15.0;;3332.0;3912.0
3652.0;1005.8332061767578;1127.480936050415;0.3944784998893738;0.773723304271698;0.392903596162796;0.7829728722572327;2.952377319335937;2.933807373046875;Fixation;975.7809542303216;1121.6168852374979;580.0;15.0;;3332.0;3912.0
3656.0;990.1066589355469;1119.0576839447021;0.3948206007480621;0.7757400274276733;0.386760413646698;0.7771233916282654;2.9641571044921875;2.9311981201171875;Fixation;975.7809542303216;1121.6168852374979;580.0;15.0;;3332.0;3912.0
3660.0;1002.880401611328;1122.8003311157227;0.397240549325943;0.7743228077888489;0.391750156879425;0.7797224521636963;2.9538116455078125;2.9050750732421875;Fixation;975.7809542303216;1121.6168852374979;580.0;15.0;;3332.0;3912.0
3664.0;987.8605651855468;1116.457872390747;0.3937584161758423;0.7763245105743408;0.3858830332756042;0.7753179669380188;2.9539031982421875;2.89190673828125;Fixation;975.7809542303216;1121.6168852374979;580.0;15.0;;3332.0;3912.0
3668.0;993.8848114013671;1118.9074802398682;0.397909551858902;0.7746981978416443;0.388236254453659;0.7770190834999084;2.9680328369140625;2.930648803710937;Fixation;975.7809542303216;1121.6168852374979;580.0;15.0;;3332.0;3912.0
3672.0;999.2851257324219;1116.5528011322021;0.3948393166065216;0.7765283584594727;0.3903457522392273;0.7753838896751404;2.9725341796875;2.9276123046875;Fixation;975.7809542303216;1121.6168852374979;580.0;15.0;;3332.0;3912.0
3676.0;993.7493896484375;1114.0585613250732;0.396261066198349;0.7717247009277344;0.3881833553314209;0.7736517786979675;2.9414825439453125;2.9042510986328125;Fixation;975.7809542303216;1121.6168852374979;580.0;15.0;;3332.0;3912.0
3680.0;996.792755126953;1126.8002128601074;0.3966957628726959;0.7788309454917908;0.389372169971466;0.782500147819519;2.96307373046875;2.927764892578125;Fixation;975.7809542303216;1121.6168852374979;580.0;15.0;;3332.0;3912.0
3684.0;990.4776763916014;1123.842658996582;0.3939921259880066;0.7707259058952332;0.3869053423404693;0.7804462909698486;2.96337890625;2.9251251220703125;Fixation;975.7809542303216;1121.6168852374979;580.0;15.0;;3332.0;3912.0
3688.0;1000.3026580810547;1118.5998630523682;0.3942442536354065;0.7750819325447083;0.390743225812912;0.7768054604530334;2.947982788085937;2.914779663085937;Fixation;975.7809542303216;1121.6168852374979;580.0;15.0;;3332.0;3912.0
3692.0;997.9402923583984;1121.4772510528564;0.3971621096134186;0.7726208567619324;0.3898204267024994;0.7788036465644836;2.9489288330078125;2.9067840576171875;Fixation;975.7809542303216;1121.6168852374979;580.0;15.0;;3332.0;3912.0
3696.0;987.5199890136719;1124.0975761413574;0.3991990089416504;0.7797818779945374;0.3857499957084656;0.7806233167648315;2.9740753173828125;2.934921264648437;Fixation;975.7809542303216;1121.6168852374979;580.0;15.0;;3332.0;3912.0
3700.0;1010.7881927490234;1115.086555480957;0.3989247977733612;0.7698521018028259;0.3948391377925873;0.7743656635284424;2.962020874023437;2.94207763671875;Fixation;975.7809542303216;1121.6168852374979;580.0;15.0;;3332.0;3912.0
3704.0;991.0393524169922;1119.8727321624756;0.3975473642349243;0.7716224193572998;0.3871247470378876;0.7776893973350525;2.9710845947265625;2.922210693359375;Fixation;975.7809542303216;1121.6168852374979;580.0;15.0;;3332.0;3912.0
3708.0;1001.3231658935547;1126.0977745056152;0.3942958116531372;0.7748444080352783;0.3911418616771698;0.7820123434066772;2.9484405517578125;2.9447784423828125;Fixation;975.7809542303216;1121.6168852374979;580.0;15.0;;3332.0;3912.0
3712.0;982.0516204833984;1116.4801025390625;0.3923761248588562;0.7741474509239197;0.3836139142513275;0.7753334045410156;2.96307373046875;2.929229736328125;Fixation;975.7809542303216;1121.6168852374979;580.0;15.0;;3332.0;3912.0
3716.0;974.6753692626952;1118.333101272583;0.3883837163448334;0.7823461294174194;0.3807325661182403;0.7766202092170715;3.0032958984375;2.910888671875;Fixation;975.7809542303216;1121.6168852374979;580.0;15.0;;3332.0;3912.0
3720.0;973.0623626708984;1118.4529209136963;0.384318470954895;0.7767802476882935;0.3801024854183197;0.776703417301178;2.99298095703125;2.924346923828125;Fixation;975.7809542303216;1121.6168852374979;580.0;15.0;;3332.0;3912.0
3724.0;964.1644287109374;1127.4181938171387;0.3903940618038177;0.776146411895752;0.3766267299652099;0.7829293012619019;2.98126220703125;2.9309844970703125;Fixation;975.7809542303216;1121.6168852374979;580.0;15.0;;3332.0;3912.0
3728.0;976.6091156005859;1126.343765258789;0.3846947252750397;0.7805214524269104;0.3814879357814789;0.7821831703186035;2.9978179931640625;2.9394989013671875;Fixation;975.7809542303216;1121.6168852374979;580.0;15.0;;3332.0;3912.0
3732.0;973.7799835205077;1122.3056888580322;0.3899643123149872;0.7766461968421936;0.3803828060626983;0.7793789505958557;2.9927215576171875;2.9324188232421875;Fixation;975.7809542303216;1121.6168852374979;580.0;15.0;;3332.0;3912.0
3736.0;989.64599609375;1127.5366401672363;0.3901543319225311;0.7807193994522095;0.3865804672241211;0.7830115556716919;2.9875030517578125;2.930877685546875;Fixation;975.7809542303216;1121.6168852374979;580.0;15.0;;3332.0;3912.0
3740.0;975.6436920166016;1128.1911849975586;0.387281596660614;0.7732763886451721;0.381110817193985;0.783466100692749;2.951202392578125;2.93402099609375;Fixation;975.7809542303216;1121.6168852374979;580.0;15.0;;3332.0;3912.0
3744.0;985.5052185058594;1121.64719581604;0.3907457888126373;0.779500424861908;0.3849629759788513;0.7789216637611389;2.99749755859375;2.927474975585937;Fixation;975.7809542303216;1121.6168852374979;580.0;15.0;;3332.0;3912.0
3748.0;973.6553955078124;1132.1763038635254;0.3926271498203277;0.777505099773407;0.3803341388702392;0.7862335443496704;2.991241455078125;2.956695556640625;Fixation;975.7809542303216;1121.6168852374979;580.0;15.0;;3332.0;3912.0
3752.0;981.5027618408202;1112.1459102630615;0.3912679255008697;0.7739829421043396;0.3833995163440704;0.7723235487937927;2.977020263671875;2.8980865478515625;Fixation;975.7809542303216;1121.6168852374979;580.0;15.0;;3332.0;3912.0
3756.0;975.6963348388672;1128.572015762329;0.3857554793357849;0.773611843585968;0.3811313807964325;0.7837305665016174;2.9635772705078125;2.956649780273437;Fixation;975.7809542303216;1121.6168852374979;580.0;15.0;;3332.0;3912.0
3760.0;974.3998718261719;1115.3570938110352;0.3917798399925232;0.7669761776924133;0.3806249499320984;0.7745535373687744;2.9652862548828125;2.927108764648437;Fixation;975.7809542303216;1121.6168852374979;580.0;15.0;;3332.0;3912.0
3764.0;977.1800994873047;1124.2982482910156;0.3919044435024261;0.7793249487876892;0.3817109763622284;0.7807626724243164;2.989852905273437;2.934356689453125;Fixation;975.7809542303216;1121.6168852374979;580.0;15.0;;3332.0;3912.0
3768.0;978.1290435791014;1121.4352798461914;0.3927473425865173;0.7834569215774536;0.3820816576480865;0.7787744998931885;2.9941558837890625;2.9478302001953125;Fixation;975.7809542303216;1121.6168852374979;580.0;15.0;;3332.0;3912.0
3772.0;985.7329559326172;1113.6546421051025;0.3863522410392761;0.7786139845848083;0.3850519359111786;0.7733712792396545;2.95916748046875;2.91571044921875;Fixation;975.7809542303216;1121.6168852374979;580.0;15.0;;3332.0;3912.0
3776.0;977.9832458496093;1127.7698421478271;0.3935236930847168;0.7774972915649414;0.3820247054100036;0.7831735014915466;2.98931884765625;2.952499389648437;Fixation;975.7809542303216;1121.6168852374979;580.0;15.0;;3332.0;3912.0
3780.0;984.9978637695311;1121.9327545166016;0.3927174210548401;0.7791056036949158;0.3847647905349731;0.7791199684143066;2.980819702148437;2.935287475585937;Fixation;975.7809542303216;1121.6168852374979;580.0;15.0;;3332.0;3912.0
3784.0;981.2987518310546;1133.930425643921;0.3871812522411346;0.7737841010093689;0.3833198249340057;0.7874516844749451;2.98516845703125;2.9426727294921875;Fixation;975.7809542303216;1121.6168852374979;580.0;15.0;;3332.0;3912.0
3788.0;970.547866821289;1121.403865814209;0.3889569342136383;0.7744981646537781;0.379120260477066;0.7787526845932007;2.980224609375;2.9510955810546875;Fixation;975.7809542303216;1121.6168852374979;580.0;15.0;;3332.0;3912.0
3792.0;976.2844085693358;1130.3295707702637;0.3907294571399688;0.7805711627006531;0.3813610970973968;0.7849510908126831;2.9857635498046875;2.9463043212890625;Fixation;975.7809542303216;1121.6168852374979;580.0;15.0;;3332.0;3912.0
3796.0;971.5390777587891;1127.8002262115479;0.3877889513969421;0.7807953357696533;0.379507452249527;0.7831946015357971;2.980682373046875;2.9430694580078125;Fixation;975.7809542303216;1121.6168852374979;580.0;15.0;;3332.0;3912.0
3800.0;977.3663330078124;1122.5742530822754;0.3917979598045349;0.7752565741539001;0.3817837238311767;0.7795654535293579;2.97503662109375;2.924423217773437;Fixation;975.7809542303216;1121.6168852374979;580.0;15.0;;3332.0;3912.0
3804.0;976.2261199951171;1129.3402862548828;0.3895328938961029;0.776129424571991;0.3813383281230926;0.784264087677002;2.962738037109375;2.934188842773437;Fixation;975.7809542303216;1121.6168852374979;580.0;15.0;;3332.0;3912.0
3808.0;982.4530792236327;1133.671989440918;0.3864522576332092;0.7791913151741028;0.3837707340717315;0.7872722148895264;2.98663330078125;2.945220947265625;Fixation;975.7809542303216;1121.6168852374979;580.0;15.0;;3332.0;3912.0
3812.0;971.5892028808594;1134.2326354980469;0.39024817943573;0.7786340117454529;0.3795270323753357;0.7876615524291992;2.9831695556640625;2.9513397216796875;Fixation;975.7809542303216;1121.6168852374979;580.0;15.0;;3332.0;3912.0
3816.0;970.6322479248046;1118.8764095306396;0.3896465599536896;0.7906811833381653;0.3791532218456268;0.7769975066184998;3.0003662109375;2.9317626953125;Fixation;975.7809542303216;1121.6168852374979;580.0;15.0;;3332.0;3912.0
3820.0;979.5338439941406;1127.7791118621826;0.3942755758762359;0.7727086544036865;0.3826304078102112;0.7831799387931824;2.9704742431640625;2.950103759765625;Fixation;975.7809542303216;1121.6168852374979;580.0;15.0;;3332.0;3912.0
3824.0;972.1328735351562;1120.802879333496;0.3931002616882324;0.771607518196106;0.3797394037246704;0.7783353328704834;2.9818115234375;2.93426513671875;Fixation;975.7809542303216;1121.6168852374979;580.0;15.0;;3332.0;3912.0
3828.0;982.5543212890624;1133.3030891418457;0.3901564478874206;0.7776578068733215;0.38381028175354;0.7870160341262817;2.965240478515625;2.9573211669921875;Fixation;975.7809542303216;1121.6168852374979;580.0;15.0;;3332.0;3912.0
3832.0;971.0502624511719;1134.5454025268555;0.3903937041759491;0.7740727066993713;0.379316508769989;0.7878787517547607;2.972442626953125;2.9653778076171875;Fixation;975.7809542303216;1121.6168852374979;580.0;15.0;;3332.0;3912.0
3836.0;975.5165863037109;1134.0330791473389;0.3935673236846924;0.7855229377746582;0.3810611665248871;0.7875229716300964;2.9983062744140625;2.958465576171875;Fixation;975.7809542303216;1121.6168852374979;580.0;15.0;;3332.0;3912.0
3840.0;981.2782287597655;1128.5480690002441;0.3859515190124511;0.7846605777740479;0.3833118081092834;0.7837139368057251;2.9880523681640625;2.9517822265625;Fixation;975.7809542303216;1121.6168852374979;580.0;15.0;;3332.0;3912.0
3844.0;978.162612915039;1130.2409934997559;0.3918028771877289;0.7781989574432373;0.3820947706699371;0.7848895788192749;2.96923828125;2.967254638671875;Fixation;975.7809542303216;1121.6168852374979;580.0;15.0;;3332.0;3912.0
3848.0;979.956817626953;1128.3128070831299;0.3919028043746948;0.7794238924980164;0.3827956318855285;0.7835505604743958;2.9758453369140625;2.9522705078125;Fixation;975.7809542303216;1121.6168852374979;580.0;15.0;;3332.0;3912.0
3852.0;977.4649810791014;1124.075002670288;0.3857533037662506;0.7817206978797913;0.381822258234024;0.7806076407432556;2.9891815185546875;2.9364166259765625;Fixation;975.7809542303216;1121.6168852374979;580.0;15.0;;3332.0;3912.0
3856.0;980.1103973388672;1123.8745021820068;0.3903630673885345;0.773463249206543;0.382855623960495;0.7804684042930603;2.9947967529296875;2.9473419189453125;Fixation;975.7809542303216;1121.6168852374979;580.0;15.0;;3332.0;3912.0
3860.0;973.6160278320312;1126.3921737670898;0.3881163001060486;0.7810181975364685;0.3803187608718872;0.7822167873382568;2.995697021484375;2.945419311523437;Fixation;975.7809542303216;1121.6168852374979;580.0;15.0;;3332.0;3912.0
3864.0;982.6371765136719;1122.104845046997;0.390967458486557;0.7838248610496521;0.3838426470756531;0.7792394757270813;3.0058746337890625;2.9493560791015625;Fixation;975.7809542303216;1121.6168852374979;580.0;15.0;;3332.0;3912.0
3868.0;976.1253356933594;1125.5175590515137;0.3875356316566467;0.7808944582939148;0.3812989592552185;0.7816094160079956;2.9690399169921875;2.95513916015625;Fixation;975.7809542303216;1121.6168852374979;580.0;15.0;;3332.0;3912.0
3872.0;977.7311706542969;1129.3681812286377;0.3916501402854919;0.7833088636398315;0.3819262385368347;0.784283459186554;2.9940185546875;2.94342041015625;Fixation;975.7809542303216;1121.6168852374979;580.0;15.0;;3332.0;3912.0
3876.0;973.7958526611328;1126.1802577972412;0.3884589672088623;0.7929636240005493;0.380389004945755;0.7820696234703064;3.004608154296875;2.9394073486328125;Fixation;975.7809542303216;1121.6168852374979;580.0;15.0;;3332.0;3912.0
3880.0;974.9249267578125;1124.2815971374512;0.3911990523338318;0.7659043073654175;0.3808300495147705;0.78075110912323;2.9934234619140625;2.9434051513671875;Fixation;975.7809542303216;1121.6168852374979;580.0;15.0;;3332.0;3912.0
3884.0;974.1278076171874;1134.887523651123;0.3890833258628845;0.774524986743927;0.3805186748504638;0.7881163358688354;2.969940185546875;2.949127197265625;Fixation;975.7809542303216;1121.6168852374979;580.0;15.0;;3332.0;3912.0
3888.0;979.2570495605469;1129.4813060760498;0.3925178945064544;0.7780256271362305;0.3825222849845886;0.7843620181083679;2.9871978759765625;2.9663848876953125;Fixation;975.7809542303216;1121.6168852374979;580.0;15.0;;3332.0;3912.0
3892.0;979.3080902099609;1128.2043170928955;0.3874843418598175;0.7739359736442566;0.382542222738266;0.7834752202033997;2.9803924560546875;2.949203491210937;Fixation;975.7809542303216;1121.6168852374979;580.0;15.0;;3332.0;3912.0
3896.0;969.0199279785155;1130.865240097046;0.3858739733695984;0.7776748538017273;0.3785234093666076;0.7853230834007263;3.0029449462890625;2.959991455078125;Fixation;975.7809542303216;1121.6168852374979;580.0;15.0;;3332.0;3912.0
3900.0;979.6844482421875;1128.0882740020752;0.3908112049102783;0.7793259620666504;0.3826892375946045;0.7833946347236633;2.973388671875;2.944732666015625;Fixation;975.7809542303216;1121.6168852374979;580.0;15.0;;3332.0;3912.0
3904.0;970.8781433105469;1128.1497287750244;0.3916729688644409;0.7804407477378845;0.3792492747306824;0.7834373116493225;2.9921875;2.9512939453125;Fixation;975.7809542303216;1121.6168852374979;580.0;15.0;;3332.0;3912.0
3908.0;983.7777709960938;1124.996395111084;0.3893167674541473;0.7834343314170837;0.3842881917953491;0.7812474966049194;3.0106353759765625;2.95550537109375;Fixation;975.7809542303216;1121.6168852374979;580.0;15.0;;3332.0;3912.0
3912.0;978.9353942871094;1133.855152130127;0.3891339004039764;0.7733931541442871;0.3823966383934021;0.787399411201477;3.010589599609375;2.9679107666015625;Fixation;975.7809542303216;1121.6168852374979;580.0;15.0;;3332.0;3912.0
3916.0;975.308837890625;1139.4822120666504;0.3884586095809936;0.7782188057899475;0.3809800148010254;0.7913070917129517;2.9918212890625;2.948486328125;Saccade;;;84.0;;7.0;3916.0;4000.0
3920.0;968.8502502441405;1129.9916553497314;0.3892185688018799;0.7780706286430359;0.3784571290016174;0.7847164273262024;2.994125366210937;2.9576568603515625;Saccade;;;84.0;;7.0;3916.0;4000.0
3924.0;981.8486022949218;1131.74560546875;0.3906544744968414;0.7809914946556091;0.3835346102714538;0.7859344482421875;3.00286865234375;2.96405029296875;Saccade;;;84.0;;7.0;3916.0;4000.0
3928.0;985.7198333740234;1136.5735816955566;0.3889314532279968;0.7754049301147461;0.3850468099117279;0.7892872095108032;2.9993896484375;2.960678100585937;Saccade;;;84.0;;7.0;3916.0;4000.0
3932.0;975.0499725341796;1133.7758445739746;0.3905888795852661;0.7793409824371338;0.3808788955211639;0.7873443365097046;3.00384521484375;2.9624481201171875;Saccade;;;84.0;;7.0;3916.0;4000.0
3936.0;980.1441955566405;1137.7724647521973;0.3912224173545837;0.7794621586799622;0.3828688263893127;0.7901197671890259;3.0192413330078125;2.981552124023437;Saccade;;;84.0;;7.0;3916.0;4000.0
3940.0;970.8018493652344;1122.9451274871826;0.3887466192245483;0.7878541946411133;0.3792194724082947;0.7798230051994324;3.0273895263671875;2.9505615234375;Saccade;;;84.0;;7.0;3916.0;4000.0
3944.0;978.986587524414;1131.85546875;0.3934187591075897;0.7884178161621094;0.3824166357517242;0.7860107421875;3.010971069335937;2.960296630859375;Saccade;;;84.0;;7.0;3916.0;4000.0
3948.0;980.352783203125;1120.0260257720947;0.3870801329612732;0.7821778655052185;0.3829503059387207;0.7777958512306213;2.999984741210937;2.957244873046875;Saccade;;;84.0;;7.0;3916.0;4000.0
3952.0;973.1046295166016;1131.4613342285156;0.3896750807762146;0.7751704454421997;0.3801189959049225;0.7857370376586914;3.007232666015625;2.946685791015625;Saccade;;;84.0;;7.0;3916.0;4000.0
3956.0;980.6475067138671;1127.931718826294;0.3913718461990356;0.7760221362113953;0.3830654323101043;0.783285915851593;3.009628295898437;2.962890625;Saccade;;;84.0;;7.0;3916.0;4000.0
3960.0;968.4368896484375;1142.369213104248;0.3913702368736267;0.7728438973426819;0.3782956600189209;0.7933119535446167;2.979461669921875;2.974090576171875;Saccade;;;84.0;;7.0;3916.0;4000.0
3964.0;971.6964721679688;1128.520860671997;0.3895529210567474;0.779079258441925;0.3795689344406128;0.7836950421333313;2.9996795654296875;2.9764404296875;Saccade;;;84.0;;7.0;3916.0;4000.0
3968.0;973.3618927001953;1123.9363861083984;0.3914480805397033;0.7775053977966309;0.3802194893360138;0.7805113792419434;3.01202392578125;2.9455718994140625;Saccade;;;84.0;;7.0;3916.0;4000.0
3972.0;983.359146118164;1114.790267944336;0.3858721554279327;0.786325216293335;0.3841246664524078;0.7741599082946777;3.0257720947265625;2.949676513671875;Saccade;;;84.0;;7.0;3916.0;4000.0
3976.0;975.2213287353516;1127.3369121551514;0.3853689134120941;0.7805561423301697;0.3809458315372467;0.7828728556632996;3.013046264648437;2.967315673828125;Saccade;;;84.0;;7.0;3916.0;4000.0
3980.0;972.1057891845703;1133.0186462402344;0.386812299489975;0.7840803861618042;0.3797288239002228;0.7868185043334961;3.01434326171875;2.9615936279296875;Saccade;;;84.0;;7.0;3916.0;4000.0
3984.0;972.3480987548828;1117.8696155548096;0.3909839987754822;0.7790400981903076;0.3798234760761261;0.7762983441352844;3.0009918212890625;2.955474853515625;Saccade;;;84.0;;7.0;3916.0;4000.0
3988.0;971.6624450683594;1134.831304550171;0.3912733495235443;0.7807254791259766;0.3795556426048279;0.7880772948265076;3.0063629150390625;2.97760009765625;Saccade;;;84.0;;7.0;3916.0;4000.0
3992.0;975.4924011230469;1125.618495941162;0.3888394236564636;0.786911129951477;0.3810517191886902;0.7816795110702515;3.011810302734375;2.9513397216796875;Saccade;;;84.0;;7.0;3916.0;4000.0
3996.0;983.668212890625;1130.1567077636719;0.3879720866680145;0.7758729457855225;0.3842453956604004;0.7848310470581055;3.006088256835937;2.9732818603515625;Saccade;;;84.0;;7.0;3916.0;4000.0
4000.0;1036.1528015136719;1133.294506072998;0.4006956815719604;0.7808158993721008;0.4047471880912781;0.7870100736618042;3.0365447998046875;2.9662017822265625;Saccade;;;84.0;;7.0;3916.0;4000.0
4004.0;1073.622817993164;1137.92387008667;0.4220783412456512;0.7883115410804749;0.4193839132785797;0.7902249097824097;3.0077056884765625;2.974700927734375;Fixation;1123.1929553638804;1119.24401846799;172.0;16.0;;4004.0;4176.0
4008.0;1122.990493774414;1122.6221466064453;0.4407457709312439;0.7732670903205872;0.4386681616306305;0.7795987129211426;2.99114990234375;2.956893920898437;Fixation;1123.1929553638804;1119.24401846799;172.0;16.0;;4004.0;4176.0
4012.0;1138.6063385009763;1107.63258934021;0.451639711856842;0.7685251235961914;0.4447681009769439;0.7691892981529236;2.997665405273437;2.9608612060546875;Fixation;1123.1929553638804;1119.24401846799;172.0;16.0;;4004.0;4176.0
4016.0;1130.1042938232422;1109.7687435150146;0.4555283486843109;0.7759340405464172;0.441446989774704;0.7706727385520935;3.017974853515625;2.9309234619140625;Fixation;1123.1929553638804;1119.24401846799;172.0;16.0;;4004.0;4176.0
4020.0;1125.1229858398435;1116.3268089294434;0.4480595886707306;0.769608199596405;0.4395011663436889;0.7752269506454468;2.992279052734375;2.9574127197265625;Fixation;1123.1929553638804;1119.24401846799;172.0;16.0;;4004.0;4176.0
4024.0;1122.0774841308591;1119.7641563415527;0.44498410820961;0.761484682559967;0.4383115172386169;0.7776139974594116;2.9797821044921875;2.959259033203125;Fixation;1123.1929553638804;1119.24401846799;172.0;16.0;;4004.0;4176.0
4028.0;1110.0074005126953;1121.8803977966309;0.4395768940448761;0.7719438672065735;0.4335966408252716;0.7790836095809937;3.0032958984375;2.970550537109375;Fixation;1123.1929553638804;1119.24401846799;172.0;16.0;;4004.0;4176.0
4032.0;1112.5198364257812;1122.5175189971924;0.4416813850402832;0.7699223160743713;0.4345780611038208;0.7795260548591614;2.9984588623046875;2.965057373046875;Fixation;1123.1929553638804;1119.24401846799;172.0;16.0;;4004.0;4176.0
4036.0;1110.9921264648438;1119.5966148376465;0.4401790201663971;0.7717261910438538;0.4339812994003296;0.7774976491928101;3.019500732421875;2.95477294921875;Fixation;1123.1929553638804;1119.24401846799;172.0;16.0;;4004.0;4176.0
4040.0;1113.0765533447266;1122.8308010101318;0.4410108625888824;0.7791155576705933;0.4347955286502838;0.7797436118125916;3.023590087890625;2.97119140625;Fixation;1123.1929553638804;1119.24401846799;172.0;16.0;;4004.0;4176.0
4044.0;1120.5412292480469;1099.8361587524414;0.4395526647567749;0.7783031463623047;0.4377114176750183;0.763775110244751;3.020782470703125;2.9248504638671875;Fixation;1123.1929553638804;1119.24401846799;172.0;16.0;;4004.0;4176.0
4048.0;1112.493896484375;1115.4072189331055;0.4407853186130523;0.7694849967956543;0.434567928314209;0.7745883464813232;3.0022125244140625;2.961334228515625;Fixation;1123.1929553638804;1119.24401846799;172.0;16.0;;4004.0;4176.0
4052.0;1126.9422912597654;1119.332857131958;0.4420721530914306;0.7712755799293518;0.4402118325233459;0.7773144841194153;3.0067138671875;2.947357177734375;Fixation;1123.1929553638804;1119.24401846799;172.0;16.0;;4004.0;4176.0
4056.0;1127.0917510986326;1125.58931350708;0.4423980712890625;0.7706772089004517;0.4402702152729034;0.7816592454910278;2.9876861572265625;2.9749755859375;Fixation;1123.1929553638804;1119.24401846799;172.0;16.0;;4004.0;4176.0
4060.0;1121.9892120361328;1125.034418106079;0.4423656761646271;0.7650302648544312;0.4382770359516144;0.7812739014625549;2.985458374023437;2.96466064453125;Fixation;1123.1929553638804;1119.24401846799;172.0;16.0;;4004.0;4176.0
4064.0;1135.0461578369138;1108.007926940918;0.4410465657711029;0.770333468914032;0.4433774054050445;0.7694499492645264;3.0153350830078125;2.941757202148437;Fixation;1123.1929553638804;1119.24401846799;172.0;16.0;;4004.0;4176.0
4068.0;1128.444137573242;1105.3271770477295;0.4403457343578338;0.7725878953933716;0.4407984912395477;0.7675883173942566;3.0052642822265625;2.930633544921875;Fixation;1123.1929553638804;1119.24401846799;172.0;16.0;;4004.0;4176.0
4072.0;1127.468490600586;1123.8708114624023;0.4442067146301269;0.7640820741653442;0.4404173791408539;0.780465841293335;2.9822998046875;2.937408447265625;Fixation;1123.1929553638804;1119.24401846799;172.0;16.0;;4004.0;4176.0
4076.0;1123.8436126708984;1118.1604099273682;0.4426679313182831;0.7742223143577576;0.4390014111995697;0.7765002846717834;3.0032196044921875;2.960556030273437;Fixation;1123.1929553638804;1119.24401846799;172.0;16.0;;4004.0;4176.0
4080.0;1129.481964111328;1117.3724842071533;0.445214033126831;0.7664507031440735;0.4412038922309875;0.7759531140327454;2.9844970703125;2.94403076171875;Fixation;1123.1929553638804;1119.24401846799;172.0;16.0;;4004.0;4176.0
4084.0;1126.9642639160156;1115.5855751037598;0.4475724697113037;0.7675086259841919;0.4402204155921936;0.7747122049331665;3.008880615234375;2.9537506103515625;Fixation;1123.1929553638804;1119.24401846799;172.0;16.0;;4004.0;4176.0
4088.0;1131.265640258789;1117.9495239257812;0.4456223845481872;0.7697489261627197;0.4419006407260895;0.7763538360595703;2.989105224609375;2.9556884765625;Fixation;1123.1929553638804;1119.24401846799;172.0;16.0;;4004.0;4176.0
4092.0;1122.4764251708984;1115.1054382324219;0.4463548362255096;0.771308422088623;0.4384673535823822;0.774378776550293;3.0195465087890625;2.9596710205078125;Fixation;1123.1929553638804;1119.24401846799;172.0;16.0;;4004.0;4176.0
4096.0;1131.943359375;1124.63547706604;0.4472562372684479;0.771478533744812;0.4421653747558594;0.7809968590736389;3.0059356689453125;2.9635162353515625;Fixation;1123.1929553638804;1119.24401846799;172.0;16.0;;4004.0;4176.0
4100.0;1135.2739715576172;1106.3201522827148;0.446685791015625;0.7753720283508301;0.4434663951396942;0.7682778835296631;3.0003204345703125;2.9387359619140625;Fixation;1123.1929553638804;1119.24401846799;172.0;16.0;;4004.0;4176.0
4104.0;1126.7652893066406;1121.2312602996826;0.4508090317249298;0.7695220708847046;0.4401426911354065;0.7786328196525574;2.9989166259765625;2.9677276611328125;Fixation;1123.1929553638804;1119.24401846799;172.0;16.0;;4004.0;4176.0
4108.0;1124.3742370605469;1111.6515254974365;0.447339653968811;0.7762218713760376;0.4392086863517761;0.7719802260398865;3.009384155273437;2.95843505859375;Fixation;1123.1929553638804;1119.24401846799;172.0;16.0;;4004.0;4176.0
4112.0;1132.5846862792966;1112.5601291656494;0.4491852223873138;0.7709704637527466;0.4424158930778503;0.7726112008094788;2.98486328125;2.957550048828125;Fixation;1123.1929553638804;1119.24401846799;172.0;16.0;;4004.0;4176.0
4116.0;1126.2383270263672;1127.5134658813477;0.4453512132167816;0.775958240032196;0.4399368464946747;0.7829954624176025;3.003814697265625;2.97454833984375;Fixation;1123.1929553638804;1119.24401846799;172.0;16.0;;4004.0;4176.0
4120.0;1128.5527801513672;1123.1793594360352;0.4492295384407043;0.77555912733078;0.4408409297466278;0.7799856662750244;2.9936676025390625;2.9639892578125;Fixation;1123.1929553638804;1119.24401846799;172.0;16.0;;4004.0;4176.0
4124.0;1127.5267028808594;1107.1442985534668;0.4489158093929291;0.7746683359146118;0.4404401183128357;0.7688502073287964;2.994140625;2.9438629150390625;Fixation;1123.1929553638804;1119.24401846799;172.0;16.0;;4004.0;4176.0
4128.0;1118.5669708251953;1129.896640777588;0.4463017284870147;0.7685254812240601;0.4369402229785919;0.784650444984436;2.9814453125;2.98095703125;Fixation;1123.1929553638804;1119.24401846799;172.0;16.0;;4004.0;4176.0
4132.0;1125.0473785400388;1121.6200733184814;0.4472086727619171;0.77437424659729;0.4394716322422027;0.7789028286933899;3.003280639648437;2.9764862060546875;Fixation;1123.1929553638804;1119.24401846799;172.0;16.0;;4004.0;4176.0
4136.0;1123.2953643798828;1117.1931838989258;0.4463113248348236;0.7668433785438538;0.4387872517108917;0.7758285999298096;2.98565673828125;2.9354248046875;Fixation;1123.1929553638804;1119.24401846799;172.0;16.0;;4004.0;4176.0
4140.0;1121.6032409667966;1111.0823822021484;0.4464850723743438;0.7742524147033691;0.438126266002655;0.7715849876403809;2.998992919921875;2.92901611328125;Fixation;1123.1929553638804;1119.24401846799;172.0;16.0;;4004.0;4176.0
4144.0;1120.4894256591795;1118.7375354766846;0.4491086304187774;0.7772015333175659;0.437691181898117;0.7769010663032532;3.006805419921875;2.953857421875;Fixation;1123.1929553638804;1119.24401846799;172.0;16.0;;4004.0;4176.0
4148.0;1121.7282867431638;1122.7924346923828;0.4506808817386627;0.7720034122467041;0.4381751120090484;0.779716968536377;2.9859161376953125;2.9520263671875;Fixation;1123.1929553638804;1119.24401846799;172.0;16.0;;4004.0;4176.0
4152.0;1112.0330047607422;1133.6751651763916;0.4445850551128387;0.7768710851669312;0.4343878924846649;0.7872744202613831;2.99420166015625;2.992095947265625;Fixation;1123.1929553638804;1119.24401846799;172.0;16.0;;4004.0;4176.0
4156.0;1121.7192840576172;1127.376480102539;0.4463679194450378;0.7734395265579224;0.4381715953350067;0.782900333404541;2.9915313720703125;2.958358764648437;Fixation;1123.1929553638804;1119.24401846799;172.0;16.0;;4004.0;4176.0
4160.0;1129.1398620605469;1116.6059303283691;0.4441145956516266;0.7754340171813965;0.4410702586174011;0.7754207849502563;2.986175537109375;2.9489288330078125;Fixation;1123.1929553638804;1119.24401846799;172.0;16.0;;4004.0;4176.0
4164.0;1122.855453491211;1134.5265197753906;0.450023889541626;0.7658430933952332;0.4386154115200043;0.7878656387329102;2.983367919921875;2.951324462890625;Fixation;1123.1929553638804;1119.24401846799;172.0;16.0;;4004.0;4176.0
4168.0;1119.8574829101562;1124.8980331420898;0.4474854171276092;0.7771591544151306;0.4374443292617798;0.7811791896820068;3.0024566650390625;2.9722900390625;Fixation;1123.1929553638804;1119.24401846799;172.0;16.0;;4004.0;4176.0
4172.0;1114.5065307617188;1119.2528629302979;0.4472758173942566;0.7799260020256042;0.4353541135787964;0.7772589325904846;3.0067138671875;2.953460693359375;Fixation;1123.1929553638804;1119.24401846799;172.0;16.0;;4004.0;4176.0
4176.0;1143.2189941406248;1127.4009418487549;0.4520710408687591;0.7740623354911804;0.4465699195861816;0.782917320728302;2.9957275390625;2.9558868408203125;Fixation;1123.1929553638804;1119.24401846799;172.0;16.0;;4004.0;4176.0
4180.0;1164.7764587402341;1102.761869430542;0.4648178219795227;0.7691859602928162;0.454990804195404;0.7658068537712097;2.9943389892578125;2.9337615966796875;Fixation;1176.283208432405;1104.970608006353;456.0;17.0;;4180.0;4636.0
4184.0;1189.0715026855466;1106.6130924224854;0.470210462808609;0.7602229714393616;0.4644810557365417;0.7684813141822815;2.9908447265625;2.93048095703125;Fixation;1176.283208432405;1104.970608006353;456.0;17.0;;4180.0;4636.0
4188.0;1192.4007415771484;1091.5934944152832;0.4702581465244293;0.771301805973053;0.4657815396785736;0.7580510377883911;3.010772705078125;2.91632080078125;Fixation;1176.283208432405;1104.970608006353;456.0;17.0;;4180.0;4636.0
4192.0;1178.50959777832;1106.0191440582275;0.4688413143157959;0.7696895599365234;0.4603553116321563;0.7680688500404358;3.005157470703125;2.942718505859375;Fixation;1176.283208432405;1104.970608006353;456.0;17.0;;4180.0;4636.0
4196.0;1180.9500885009763;1091.3403797149658;0.4696709811687469;0.7716124653816223;0.4613086283206939;0.7578752636909485;3.023681640625;2.910247802734375;Fixation;1176.283208432405;1104.970608006353;456.0;17.0;;4180.0;4636.0
4200.0;1179.287109375;1095.1495456695557;0.4677243530750274;0.7735432982444763;0.4606590270996094;0.7605205178260803;3.0156402587890625;2.921127319335937;Fixation;1176.283208432405;1104.970608006353;456.0;17.0;;4180.0;4636.0
4204.0;1173.751525878906;1104.4387435913086;0.466075599193573;0.7603569626808167;0.4584966897964477;0.7669713497161865;2.9986724853515625;2.9374237060546875;Fixation;1176.283208432405;1104.970608006353;456.0;17.0;;4180.0;4636.0
4208.0;1187.888946533203;1093.8880062103271;0.4633233845233917;0.7606767416000366;0.4640191197395324;0.7596444487571716;2.9906158447265625;2.9186248779296875;Fixation;1176.283208432405;1104.970608006353;456.0;17.0;;4180.0;4636.0
4212.0;1170.4659271240232;1113.9389991760254;0.4657305181026459;0.7718942761421204;0.4572132527828216;0.7735687494277954;3.0300750732421875;2.9741363525390625;Fixation;1176.283208432405;1104.970608006353;456.0;17.0;;4180.0;4636.0
4216.0;1190.2264404296875;1096.199426651001;0.4647193253040313;0.760298490524292;0.4649322032928467;0.7612496018409729;2.993682861328125;2.9049835205078125;Fixation;1176.283208432405;1104.970608006353;456.0;17.0;;4180.0;4636.0
4220.0;1176.8302154541016;1103.8948345184326;0.4652450084686279;0.7670779228210449;0.4596993029117584;0.7665936350822449;2.996063232421875;2.921737670898437;Fixation;1176.283208432405;1104.970608006353;456.0;17.0;;4180.0;4636.0
4224.0;1185.6307983398435;1092.4221897125244;0.4681129157543182;0.7746781706809998;0.4631370306015014;0.7586265206336975;3.005767822265625;2.9028472900390625;Fixation;1176.283208432405;1104.970608006353;456.0;17.0;;4180.0;4636.0
4228.0;1182.298889160156;1106.7210674285889;0.466777354478836;0.7666373252868652;0.461835503578186;0.7685562968254089;3.0038299560546875;2.93988037109375;Fixation;1176.283208432405;1104.970608006353;456.0;17.0;;4180.0;4636.0
4232.0;1186.6649627685547;1098.6952114105225;0.4645541608333587;0.7742844820022583;0.4635410010814667;0.7629827857017517;3.020233154296875;2.92303466796875;Fixation;1176.283208432405;1104.970608006353;456.0;17.0;;4180.0;4636.0
4236.0;1179.0502929687498;1093.1935501098633;0.4657622873783111;0.7685527801513672;0.4605665206909179;0.759162187576294;3.0100860595703125;2.925933837890625;Fixation;1176.283208432405;1104.970608006353;456.0;17.0;;4180.0;4636.0
4240.0;1172.4925994873047;1109.452886581421;0.468141496181488;0.761572539806366;0.4580049216747284;0.7704533934593201;2.999755859375;2.9424285888671875;Fixation;1176.283208432405;1104.970608006353;456.0;17.0;;4180.0;4636.0
4244.0;1175.3529357910156;1095.5079746246338;0.4706165790557861;0.7723261713981628;0.4591222405433655;0.7607694268226624;3.0005645751953125;2.9232177734375;Fixation;1176.283208432405;1104.970608006353;456.0;17.0;;4180.0;4636.0
4248.0;1175.8599853515625;1099.0223979949951;0.4696764349937439;0.763684868812561;0.4593203067779541;0.7632099986076355;2.9861602783203125;2.937652587890625;Fixation;1176.283208432405;1104.970608006353;456.0;17.0;;4180.0;4636.0
4252.0;1180.5850982666013;1099.4799613952637;0.4668953418731689;0.7646191716194153;0.4611660540103912;0.7635277509689331;2.98675537109375;2.9338531494140625;Fixation;1176.283208432405;1104.970608006353;456.0;17.0;;4180.0;4636.0
4256.0;1184.014434814453;1097.5261116027832;0.4701701998710632;0.7647860050201416;0.4625056385993957;0.7621709108352661;2.986557006835937;2.9369354248046875;Fixation;1176.283208432405;1104.970608006353;456.0;17.0;;4180.0;4636.0
4260.0;1175.2240753173826;1092.8370952606201;0.4656637609004974;0.7622665762901306;0.4590719044208526;0.7589146494865417;3.0135498046875;2.9219512939453125;Fixation;1176.283208432405;1104.970608006353;456.0;17.0;;4180.0;4636.0
4264.0;1164.3307495117185;1106.9590759277344;0.4667361080646515;0.7627307772636414;0.4548166990280151;0.7687215805053711;3.014999389648437;2.9555816650390625;Fixation;1176.283208432405;1104.970608006353;456.0;17.0;;4180.0;4636.0
4268.0;1178.9006805419922;1098.46604347229;0.4657734036445617;0.7701076865196228;0.4605080783367157;0.7628236413002014;3.00048828125;2.933013916015625;Fixation;1176.283208432405;1104.970608006353;456.0;17.0;;4180.0;4636.0
4272.0;1172.2959899902344;1098.8126277923584;0.4673044383525848;0.7601118683815002;0.4579281210899353;0.7630643248558044;3.000396728515625;2.935791015625;Fixation;1176.283208432405;1104.970608006353;456.0;17.0;;4180.0;4636.0
4276.0;1179.059143066406;1102.4256706237793;0.4701134264469147;0.7662514448165894;0.4605699777603149;0.7655733823776245;3.0100555419921875;2.9443817138671875;Fixation;1176.283208432405;1104.970608006353;456.0;17.0;;4180.0;4636.0
4280.0;1170.1927185058594;1114.7429752349854;0.4635774195194244;0.7757468223571777;0.4571065306663513;0.7741270661354065;2.9984130859375;2.9719390869140625;Fixation;1176.283208432405;1104.970608006353;456.0;17.0;;4180.0;4636.0
4284.0;1173.8336181640625;1095.7535362243652;0.4706936478614807;0.7642245888710022;0.4585287570953369;0.7609399557113647;2.97576904296875;2.9254150390625;Fixation;1176.283208432405;1104.970608006353;456.0;17.0;;4180.0;4636.0
4288.0;1170.2760314941406;1112.2036743164062;0.4711440205574035;0.7688763737678528;0.4571390748023987;0.7723636627197266;3.014877319335937;2.949005126953125;Fixation;1176.283208432405;1104.970608006353;456.0;17.0;;4180.0;4636.0
4292.0;1162.2257232666013;1115.8817768096924;0.4640289843082428;0.7699612975120544;0.4539944231510162;0.7749179005622864;3.0118560791015625;2.952880859375;Fixation;1176.283208432405;1104.970608006353;456.0;17.0;;4180.0;4636.0
4296.0;1172.9945373535154;1109.9052143096924;0.4636823236942291;0.7644233107566833;0.458200991153717;0.7707675099372864;3.00250244140625;2.94085693359375;Fixation;1176.283208432405;1104.970608006353;456.0;17.0;;4180.0;4636.0
4300.0;1164.9446868896484;1106.6082859039307;0.4657647609710693;0.7675408720970154;0.4550565183162689;0.7684779763221741;3.01141357421875;2.924545288085937;Fixation;1176.283208432405;1104.970608006353;456.0;17.0;;4180.0;4636.0
4304.0;1176.1361694335935;1097.7703857421875;0.4655289947986603;0.766711950302124;0.4594281911849975;0.7623405456542969;2.993377685546875;2.9350738525390625;Fixation;1176.283208432405;1104.970608006353;456.0;17.0;;4180.0;4636.0
4308.0;1164.5108032226562;1101.7573928833008;0.4661266803741455;0.7686403393745422;0.4548870325088501;0.7651093006134033;3.0033111572265625;2.933746337890625;Fixation;1176.283208432405;1104.970608006353;456.0;17.0;;4180.0;4636.0
4312.0;1167.9164123535154;1096.552448272705;0.4646471440792084;0.7692102193832397;0.456217348575592;0.7614947557449341;3.0088653564453125;2.9459228515625;Fixation;1176.283208432405;1104.970608006353;456.0;17.0;;4180.0;4636.0
4316.0;1176.2171936035156;1097.4829387664795;0.4687780439853668;0.7650357484817505;0.4594598412513733;0.7621409296989441;3.008758544921875;2.9340362548828125;Fixation;1176.283208432405;1104.970608006353;456.0;17.0;;4180.0;4636.0
4320.0;1174.327697753906;1102.115135192871;0.4690907001495361;0.770520031452179;0.4587217569351196;0.7653577327728271;2.997039794921875;2.9529266357421875;Fixation;1176.283208432405;1104.970608006353;456.0;17.0;;4180.0;4636.0
4324.0;1161.2014007568357;1112.4491500854492;0.4649018347263336;0.7626027464866638;0.453594297170639;0.7725341320037842;3.0089569091796875;2.944610595703125;Fixation;1176.283208432405;1104.970608006353;456.0;17.0;;4180.0;4636.0
4328.0;1163.8171386718748;1110.6611251831055;0.4661045372486114;0.765655517578125;0.4546160697937011;0.7712924480438232;3.027801513671875;2.970687866210937;Fixation;1176.283208432405;1104.970608006353;456.0;17.0;;4180.0;4636.0
4332.0;1174.6527862548828;1099.828691482544;0.4661359786987304;0.7684072852134705;0.4588487446308136;0.7637699246406555;3.0008697509765625;2.9267578125;Fixation;1176.283208432405;1104.970608006353;456.0;17.0;;4180.0;4636.0
4336.0;1172.202377319336;1104.8266124725342;0.4653694927692413;0.7633180022239685;0.4578915536403656;0.7672407031059265;2.9885711669921875;2.946517944335937;Fixation;1176.283208432405;1104.970608006353;456.0;17.0;;4180.0;4636.0
4340.0;1184.2061614990232;1091.6104888916016;0.4670619666576385;0.7614306211471558;0.462580531835556;0.7580628395080566;3.0114898681640625;2.9457550048828125;Fixation;1176.283208432405;1104.970608006353;456.0;17.0;;4180.0;4636.0
4344.0;1174.015655517578;1108.8898372650146;0.4664210081100464;0.7664234042167664;0.4585998654365539;0.7700623869895935;3.0212860107421875;2.961090087890625;Fixation;1176.283208432405;1104.970608006353;456.0;17.0;;4180.0;4636.0
4348.0;1178.9772796630857;1100.9190845489502;0.4691082537174225;0.769335925579071;0.4605379998683929;0.7645271420478821;3.022079467773437;2.948455810546875;Fixation;1176.283208432405;1104.970608006353;456.0;17.0;;4180.0;4636.0
4352.0;1179.7130584716797;1100.3457355499268;0.4684705138206482;0.7610266208648682;0.4608254134654999;0.7641289830207825;3.00445556640625;2.933013916015625;Fixation;1176.283208432405;1104.970608006353;456.0;17.0;;4180.0;4636.0
4356.0;1185.0013732910156;1098.3551502227783;0.4651651382446289;0.7567643523216248;0.462891161441803;0.7627466320991516;3.0022125244140625;2.951171875;Fixation;1176.283208432405;1104.970608006353;456.0;17.0;;4180.0;4636.0
4360.0;1176.0276794433591;1101.5156936645508;0.4675553441047668;0.7665380835533142;0.4593858122825622;0.7649414539337158;3.0197906494140625;2.9484405517578125;Fixation;1176.283208432405;1104.970608006353;456.0;17.0;;4180.0;4636.0
4364.0;1185.1451873779297;1097.9023933410645;0.4699309766292572;0.7645163536071777;0.4629473388195038;0.7624322175979614;3.022735595703125;2.944976806640625;Fixation;1176.283208432405;1104.970608006353;456.0;17.0;;4180.0;4636.0
4368.0;1184.3891906738281;1105.4016780853271;0.4709701240062713;0.7617223262786865;0.4626520276069641;0.7676400542259216;2.999114990234375;2.957305908203125;Fixation;1176.283208432405;1104.970608006353;456.0;17.0;;4180.0;4636.0
4372.0;1175.061569213867;1112.8148746490479;0.4695428609848022;0.7582564353942871;0.4590084254741668;0.7727881073951721;3.009063720703125;2.967559814453125;Fixation;1176.283208432405;1104.970608006353;456.0;17.0;;4180.0;4636.0
4376.0;1169.6134948730466;1103.747205734253;0.4730318784713745;0.7602513432502747;0.4568802714347839;0.7664911150932312;3.0089263916015625;2.94879150390625;Fixation;1176.283208432405;1104.970608006353;456.0;17.0;;4180.0;4636.0
4380.0;1184.2213439941406;1108.9616775512695;0.4675072729587555;0.762296199798584;0.4625864624977112;0.7701122760772705;3.0068359375;2.9472198486328125;Fixation;1176.283208432405;1104.970608006353;456.0;17.0;;4180.0;4636.0
4384.0;1175.490951538086;1110.4294681549072;0.4686112403869629;0.7615242004394531;0.4591761529445648;0.7711315751075745;3.00592041015625;2.962921142578125;Fixation;1176.283208432405;1104.970608006353;456.0;17.0;;4180.0;4636.0
4388.0;1180.6320953369138;1100.3658199310303;0.4701656401157379;0.7713373303413391;0.461184412240982;0.7641429305076599;3.028717041015625;2.9630126953125;Fixation;1176.283208432405;1104.970608006353;456.0;17.0;;4180.0;4636.0
4392.0;1179.868392944336;1103.871831893921;0.4704677760601043;0.7715279459953308;0.4608860909938812;0.7665776610374451;3.0150299072265625;2.9623565673828125;Fixation;1176.283208432405;1104.970608006353;456.0;17.0;;4180.0;4636.0
4396.0;1171.1880493164062;1101.223955154419;0.4699031710624695;0.7708101868629456;0.4574953317642212;0.7647388577461243;3.0174560546875;2.9436187744140625;Fixation;1176.283208432405;1104.970608006353;456.0;17.0;;4180.0;4636.0
4400.0;1180.7495880126953;1097.7587985992432;0.4684016704559326;0.7700424194335938;0.4612303078174591;0.7623324990272522;3.00830078125;2.9494171142578125;Fixation;1176.283208432405;1104.970608006353;456.0;17.0;;4180.0;4636.0
4404.0;1176.8894958496091;1116.5600109100342;0.4696171581745147;0.7709258794784546;0.4597224593162536;0.7753888964653015;3.025360107421875;2.959091186523437;Fixation;1176.283208432405;1104.970608006353;456.0;17.0;;4180.0;4636.0
4408.0;1179.9697875976562;1111.448621749878;0.4650119245052337;0.7689415812492371;0.4609256982803345;0.7718393206596375;3.02789306640625;2.970703125;Fixation;1176.283208432405;1104.970608006353;456.0;17.0;;4180.0;4636.0
4412.0;1171.0249328613281;1110.7757949829102;0.4726857244968414;0.7681970596313477;0.4574316143989563;0.7713720798492432;3.040191650390625;2.9803466796875;Fixation;1176.283208432405;1104.970608006353;456.0;17.0;;4180.0;4636.0
4416.0;1181.693344116211;1103.3379650115967;0.4681091904640198;0.770877480506897;0.4615989625453949;0.7662069201469421;3.023666381835937;2.9683990478515625;Fixation;1176.283208432405;1104.970608006353;456.0;17.0;;4180.0;4636.0
4420.0;1169.6131896972656;1111.5609741210938;0.4689826965332031;0.7668083906173706;0.4568801522254944;0.7719173431396484;3.01568603515625;2.9821929931640625;Fixation;1176.283208432405;1104.970608006353;456.0;17.0;;4180.0;4636.0
4424.0;1176.4168548583984;1101.7046928405762;0.4669774770736694;0.7630261778831482;0.4595378339290619;0.7650727033615112;3.010467529296875;2.9559326171875;Fixation;1176.283208432405;1104.970608006353;456.0;17.0;;4180.0;4636.0
4428.0;1181.3805389404295;1098.6864566802979;0.4700624644756317;0.7718700766563416;0.4614767730236053;0.7629767060279846;3.0154266357421875;2.9355010986328125;Fixation;1176.283208432405;1104.970608006353;456.0;17.0;;4180.0;4636.0
4432.0;1172.554244995117;1104.0155982971191;0.4693151116371155;0.77486652135849;0.4580290019512176;0.7666774988174438;3.018524169921875;2.9585418701171875;Fixation;1176.283208432405;1104.970608006353;456.0;17.0;;4180.0;4636.0
4436.0;1172.4089813232422;1107.928876876831;0.4690693616867065;0.7667529582977295;0.4579722583293915;0.7693950533866882;3.0107421875;2.9664306640625;Fixation;1176.283208432405;1104.970608006353;456.0;17.0;;4180.0;4636.0
4440.0;1179.1368103027344;1099.0570735931396;0.4675718247890472;0.7728077173233032;0.4606003165245056;0.7632340788841248;3.018341064453125;2.9606475830078125;Fixation;1176.283208432405;1104.970608006353;456.0;17.0;;4180.0;4636.0
4444.0;1166.8983459472654;1108.9760971069336;0.467482179403305;0.7704379558563232;0.4558196663856506;0.7701222896575928;3.016265869140625;2.9647216796875;Fixation;1176.283208432405;1104.970608006353;456.0;17.0;;4180.0;4636.0
4448.0;1182.3192596435545;1106.2640190124512;0.4679482281208038;0.7709034085273743;0.4618434607982635;0.76823890209198;3.0285186767578125;2.959823608398437;Fixation;1176.283208432405;1104.970608006353;456.0;17.0;;4180.0;4636.0
4452.0;1176.1830139160156;1110.9314918518066;0.467149555683136;0.7668086290359497;0.4594464898109436;0.7714802026748657;3.01544189453125;2.986679077148437;Fixation;1176.283208432405;1104.970608006353;456.0;17.0;;4180.0;4636.0
4456.0;1171.4321136474607;1110.3484439849854;0.4680359661579132;0.7665611505508423;0.4575906693935394;0.7710753083229065;3.023651123046875;2.965179443359375;Fixation;1176.283208432405;1104.970608006353;456.0;17.0;;4180.0;4636.0
4460.0;1181.8360900878906;1106.1610221862793;0.4715957343578338;0.7708497643470764;0.4616547226905823;0.7681673765182495;3.0478973388671875;2.9599151611328125;Fixation;1176.283208432405;1104.970608006353;456.0;17.0;;4180.0;4636.0
4464.0;1175.434875488281;1107.7646827697754;0.467142254114151;0.7652592062950134;0.4591542482376098;0.7692810297012329;3.013031005859375;2.9687042236328125;Fixation;1176.283208432405;1104.970608006353;456.0;17.0;;4180.0;4636.0
4468.0;1164.837417602539;1106.9812202453613;0.4690271317958832;0.7704344987869263;0.4550146162509918;0.7687369585037231;3.0281982421875;2.9676666259765625;Fixation;1176.283208432405;1104.970608006353;456.0;17.0;;4180.0;4636.0
4472.0;1176.591339111328;1105.2969646453857;0.4695119559764862;0.7768827080726624;0.4596059918403625;0.7675673365592957;3.0358428955078125;2.957504272460937;Fixation;1176.283208432405;1104.970608006353;456.0;17.0;;4180.0;4636.0
4476.0;1177.7535247802734;1105.600290298462;0.4709213078022003;0.7631548643112183;0.4600599706172943;0.7677779793739319;3.0191650390625;2.9625396728515625;Fixation;1176.283208432405;1104.970608006353;456.0;17.0;;4180.0;4636.0
4480.0;1174.3827056884763;1102.0985698699951;0.4720630645751953;0.772742509841919;0.4587432444095611;0.7653462290763855;3.0096893310546875;2.9517822265625;Fixation;1176.283208432405;1104.970608006353;456.0;17.0;;4180.0;4636.0
4484.0;1173.1246948242185;1094.293212890625;0.4665599167346954;0.7665407061576843;0.4582518339157104;0.7599258422851562;2.9995269775390625;2.9397735595703125;Fixation;1176.283208432405;1104.970608006353;456.0;17.0;;4180.0;4636.0
4488.0;1173.652572631836;1111.2518978118896;0.4704005420207977;0.7698850631713867;0.4584580361843109;0.7717027068138123;3.0215606689453125;2.989974975585937;Fixation;1176.283208432405;1104.970608006353;456.0;17.0;;4180.0;4636.0
4492.0;1172.9193878173826;1105.6661224365234;0.472463309764862;0.768752932548523;0.4581716358661651;0.7678236961364746;3.028564453125;2.984115600585937;Fixation;1176.283208432405;1104.970608006353;456.0;17.0;;4180.0;4636.0
4496.0;1170.379180908203;1120.7038307189941;0.4699901938438415;0.7769702672958374;0.4571793675422668;0.7782665491104126;3.032943725585937;2.9891815185546875;Fixation;1176.283208432405;1104.970608006353;456.0;17.0;;4180.0;4636.0
4500.0;1173.7017822265625;1109.192819595337;0.4697775840759277;0.7714696526527405;0.458477258682251;0.7702727913856506;3.0361328125;2.9742584228515625;Fixation;1176.283208432405;1104.970608006353;456.0;17.0;;4180.0;4636.0
4504.0;1164.3489837646484;1100.2142429351807;0.4674600958824157;0.762531578540802;0.4548238217830658;0.7640376687049866;2.9990234375;2.958465576171875;Fixation;1176.283208432405;1104.970608006353;456.0;17.0;;4180.0;4636.0
4508.0;1175.4286193847656;1107.4195575714111;0.4646488428115845;0.7710567712783813;0.4591518044471741;0.7690413594245911;3.028305053710937;2.96295166015625;Fixation;1176.283208432405;1104.970608006353;456.0;17.0;;4180.0;4636.0
4512.0;1178.0956268310545;1101.9808101654053;0.4718547761440277;0.7664482593536377;0.4601936042308807;0.7652644515037537;3.031402587890625;2.957672119140625;Fixation;1176.283208432405;1104.970608006353;456.0;17.0;;4180.0;4636.0
4516.0;1175.1841735839844;1104.9308967590332;0.4672444760799408;0.7694472670555115;0.4590563178062439;0.7673131227493286;3.0290069580078125;2.95513916015625;Fixation;1176.283208432405;1104.970608006353;456.0;17.0;;4180.0;4636.0
4520.0;1176.2351989746094;1109.4654178619385;0.4668917655944824;0.770989179611206;0.4594668745994568;0.7704620957374573;3.030853271484375;2.979843139648437;Fixation;1176.283208432405;1104.970608006353;456.0;17.0;;4180.0;4636.0
4524.0;1166.0076904296875;1116.6245555877686;0.466332346200943;0.7767596244812012;0.4554717540740967;0.7754337191581726;3.0268707275390625;2.988616943359375;Fixation;1176.283208432405;1104.970608006353;456.0;17.0;;4180.0;4636.0
4528.0;1180.2426147460935;1109.134111404419;0.4682708978652954;0.768932580947876;0.4610322713851928;0.7702320218086243;3.0269317626953125;2.964508056640625;Fixation;1176.283208432405;1104.970608006353;456.0;17.0;;4180.0;4636.0
4532.0;1171.8372344970703;1105.1054763793945;0.4664074182510376;0.7705357074737549;0.4577489197254181;0.7674343585968018;3.02764892578125;2.948028564453125;Fixation;1176.283208432405;1104.970608006353;456.0;17.0;;4180.0;4636.0
4536.0;1162.876968383789;1113.1508159637451;0.4688640832901001;0.7681183815002441;0.4542488157749176;0.773021399974823;3.009429931640625;2.97503662109375;Fixation;1176.283208432405;1104.970608006353;456.0;17.0;;4180.0;4636.0
4540.0;1170.1535797119138;1107.5838375091553;0.4658986032009125;0.7682510018348694;0.4570912420749664;0.7691554427146912;3.0223388671875;2.9539947509765625;Fixation;1176.283208432405;1104.970608006353;456.0;17.0;;4180.0;4636.0
4544.0;1178.5967254638672;1115.6555271148682;0.4679258167743683;0.7621492743492126;0.4603893458843231;0.7747607827186584;3.0191802978515625;2.9707489013671875;Fixation;1176.283208432405;1104.970608006353;456.0;17.0;;4180.0;4636.0
4548.0;1164.27619934082;1114.4592189788818;0.4645068645477295;0.7641409635543823;0.4547953903675079;0.773930013179779;3.0198516845703125;2.9688873291015625;Fixation;1176.283208432405;1104.970608006353;456.0;17.0;;4180.0;4636.0
4552.0;1170.121078491211;1108.9495754241943;0.4638327062129974;0.7688608765602112;0.4570785462856293;0.7701038718223572;3.017974853515625;2.979827880859375;Fixation;1176.283208432405;1104.970608006353;456.0;17.0;;4180.0;4636.0
4556.0;1180.3689575195312;1107.9796886444092;0.4662484526634216;0.7630216479301453;0.4610816240310669;0.7694303393363953;3.028060913085937;2.959014892578125;Fixation;1176.283208432405;1104.970608006353;456.0;17.0;;4180.0;4636.0
4560.0;1178.1021118164062;1107.6386833190918;0.4657548367977142;0.7648123502731323;0.4601961374282837;0.7691935300827026;3.027938842773437;2.9620819091796875;Fixation;1176.283208432405;1104.970608006353;456.0;17.0;;4180.0;4636.0
4564.0;1176.5308380126953;1108.5465145111084;0.4680925011634826;0.7703923583030701;0.4595823585987091;0.7698239684104919;3.030975341796875;2.9483795166015625;Fixation;1176.283208432405;1104.970608006353;456.0;17.0;;4180.0;4636.0
4568.0;1171.938018798828;1120.1585483551025;0.4654563367366791;0.7711614966392517;0.4577882885932922;0.7778878808021545;3.0424041748046875;2.993011474609375;Fixation;1176.283208432405;1104.970608006353;456.0;17.0;;4180.0;4636.0
4572.0;1172.76252746582;1117.1912097930908;0.4678059816360473;0.7673586010932922;0.458110362291336;0.7758272290229797;3.0251922607421875;2.9868621826171875;Fixation;1176.283208432405;1104.970608006353;456.0;17.0;;4180.0;4636.0
4576.0;1172.0218658447266;1103.0297470092773;0.468269020318985;0.7722667455673218;0.4578210413455963;0.7659928798675537;3.044219970703125;2.97064208984375;Fixation;1176.283208432405;1104.970608006353;456.0;17.0;;4180.0;4636.0
4580.0;1179.6167755126953;1094.9184894561768;0.4636900126934051;0.7635232210159302;0.4607878029346466;0.760360062122345;3.026702880859375;2.953353881835937;Fixation;1176.283208432405;1104.970608006353;456.0;17.0;;4180.0;4636.0
4584.0;1181.6808319091797;1099.7099876403809;0.4620283544063568;0.775131106376648;0.4615940749645233;0.7636874914169312;3.0115203857421875;2.946075439453125;Fixation;1176.283208432405;1104.970608006353;456.0;17.0;;4180.0;4636.0
4588.0;1168.8861846923826;1112.776165008545;0.4665528237819671;0.7674642205238342;0.456596165895462;0.7727612257003784;3.0445709228515625;2.978256225585937;Fixation;1176.283208432405;1104.970608006353;456.0;17.0;;4180.0;4636.0
4592.0;1179.4598388671875;1093.3617782592773;0.4711582064628601;0.7677236795425415;0.4607264995574951;0.7592790126800537;3.0390777587890625;2.940902709960937;Fixation;1176.283208432405;1104.970608006353;456.0;17.0;;4180.0;4636.0
4596.0;1181.1539459228516;1102.3909950256348;0.4645327627658844;0.7700034976005554;0.4613882601261139;0.7655493021011353;3.032257080078125;2.9515838623046875;Fixation;1176.283208432405;1104.970608006353;456.0;17.0;;4180.0;4636.0
4600.0;1184.873809814453;1107.6585102081299;0.4662179052829742;0.7675098180770874;0.4628413319587707;0.7692072987556458;3.0203094482421875;2.94232177734375;Fixation;1176.283208432405;1104.970608006353;456.0;17.0;;4180.0;4636.0
4604.0;1172.9438781738281;1097.4284362792969;0.4640487730503082;0.7617905735969543;0.4581812024116516;0.7621030807495117;3.015411376953125;2.938583374023437;Fixation;1176.283208432405;1104.970608006353;456.0;17.0;;4180.0;4636.0
4608.0;1184.2964935302732;1117.98677444458;0.4664336144924164;0.7695237994194031;0.462615817785263;0.7763797044754028;3.043487548828125;2.9601593017578125;Fixation;1176.283208432405;1104.970608006353;456.0;17.0;;4180.0;4636.0
4612.0;1176.152420043945;1105.6758213043213;0.4687723517417907;0.7693291306495667;0.4594345390796661;0.7678304314613342;3.031402587890625;2.9486541748046875;Fixation;1176.283208432405;1104.970608006353;456.0;17.0;;4180.0;4636.0
4616.0;1180.0122833251953;1106.214838027954;0.4655739963054657;0.7534753680229187;0.4609422981739044;0.7682047486305237;3.0098419189453125;2.9567108154296875;Fixation;1176.283208432405;1104.970608006353;456.0;17.0;;4180.0;4636.0
4620.0;1171.8883514404295;1114.6610069274902;0.4648679494857788;0.7635226249694824;0.4577688872814178;0.774070143699646;3.007476806640625;2.9576416015625;Fixation;1176.283208432405;1104.970608006353;456.0;17.0;;4180.0;4636.0
4624.0;1176.6501617431638;1118.6346244812012;0.4679667055606842;0.7679528594017029;0.4596289694309234;0.7768296003341675;3.0224151611328125;2.953521728515625;Fixation;1176.283208432405;1104.970608006353;456.0;17.0;;4180.0;4636.0
4628.0;1174.1448211669922;1106.7696475982666;0.4629639089107513;0.7629218697547913;0.4586503207683563;0.7685900330543518;3.0094451904296875;2.931381225585937;Fixation;1176.283208432405;1104.970608006353;456.0;17.0;;4180.0;4636.0
4632.0;1190.625305175781;1106.764497756958;0.4732298851013183;0.7573148012161255;0.4650880098342895;0.7685864567756653;3.0111236572265625;2.948944091796875;Fixation;1176.283208432405;1104.970608006353;456.0;17.0;;4180.0;4636.0
4636.0;1226.850814819336;1110.8307266235352;0.4822149872779846;0.7657415270805359;0.4792385995388031;0.7714102268218994;3.0218658447265625;2.9507598876953125;Fixation;1176.283208432405;1104.970608006353;456.0;17.0;;4180.0;4636.0
4640.0;1268.8364410400388;1118.2137966156006;0.4983493387699127;0.7643382549285889;0.4956392347812652;0.7765373587608337;2.999420166015625;2.9625701904296875;Saccade;;;8.0;;8.0;4640.0;4648.0
4644.0;1316.2089538574219;1105.8776950836182;0.5139736533164978;0.7640547752380371;0.5141441226005554;0.767970621585846;3.042098999023437;2.96331787109375;Saccade;;;8.0;;8.0;4640.0;4648.0
4648.0;1365.1298522949219;1106.2494277954102;0.5366484522819519;0.7654895186424255;0.5332538485527039;0.7682287693023682;3.04241943359375;2.93707275390625;Saccade;;;8.0;;8.0;4640.0;4648.0
4652.0;1391.8083190917969;1090.4856777191162;0.5546925663948059;0.7696154117584229;0.5436751246452332;0.7572817206382751;3.06341552734375;2.9238739013671875;Fixation;1415.6050491333008;1089.9588589668274;236.0;18.0;;4652.0;4888.0
4656.0;1420.1014709472656;1090.1381492614746;0.5697529911994934;0.7729550004005432;0.5547271370887756;0.7570403814315796;3.066024780273437;2.9073944091796875;Fixation;1415.6050491333008;1089.9588589668274;236.0;18.0;;4652.0;4888.0
4660.0;1423.6921691894531;1094.9844074249268;0.5695222616195679;0.7762349843978882;0.5561297535896301;0.7604058384895325;3.0806884765625;2.920654296875;Fixation;1415.6050491333008;1089.9588589668274;236.0;18.0;;4652.0;4888.0
4664.0;1417.6118469238281;1091.7548561096191;0.5711854100227356;0.7680917978286743;0.5537546277046204;0.7581630945205688;3.0503387451171875;2.910873413085937;Fixation;1415.6050491333008;1089.9588589668274;236.0;18.0;;4652.0;4888.0
4668.0;1408.5244750976562;1088.503246307373;0.5550791025161743;0.7670183777809143;0.550204873085022;0.755905032157898;3.066650390625;2.913055419921875;Fixation;1415.6050491333008;1089.9588589668274;236.0;18.0;;4652.0;4888.0
4672.0;1403.7501525878906;1081.838493347168;0.5583239793777466;0.7633072137832642;0.5483399033546448;0.7512767314910889;3.067779541015625;2.8978271484375;Fixation;1415.6050491333008;1089.9588589668274;236.0;18.0;;4652.0;4888.0
4676.0;1404.3307495117188;1094.4622993469238;0.5585668683052063;0.7620874643325806;0.5485666990280151;0.7600432634353638;3.0645751953125;2.92059326171875;Fixation;1415.6050491333008;1089.9588589668274;236.0;18.0;;4652.0;4888.0
4680.0;1398.7396240234375;1086.494722366333;0.5576221942901611;0.7698439359664917;0.5463826656341553;0.754510223865509;3.0631103515625;2.89813232421875;Fixation;1415.6050491333008;1089.9588589668274;236.0;18.0;;4652.0;4888.0
4684.0;1403.8560485839844;1096.779556274414;0.5596452951431274;0.7662975788116455;0.5483812689781189;0.7616524696350098;3.054550170898437;2.91912841796875;Fixation;1415.6050491333008;1089.9588589668274;236.0;18.0;;4652.0;4888.0
4688.0;1408.3811950683594;1078.9410209655762;0.5591877102851868;0.7659363746643066;0.5501489043235779;0.7492645978927612;3.042999267578125;2.8895263671875;Fixation;1415.6050491333008;1089.9588589668274;236.0;18.0;;4652.0;4888.0
4692.0;1405.7490539550781;1089.878339767456;0.5580316185951233;0.7642183899879456;0.5491207242012024;0.7568599581718445;3.0526275634765625;2.8900299072265625;Fixation;1415.6050491333008;1089.9588589668274;236.0;18.0;;4652.0;4888.0
4696.0;1416.1326599121094;1084.103479385376;0.5539447665214539;0.7629621028900146;0.5531768202781677;0.7528496384620667;3.040557861328125;2.897796630859375;Fixation;1415.6050491333008;1089.9588589668274;236.0;18.0;;4652.0;4888.0
4700.0;1414.9308776855469;1081.569414138794;0.5593553781509399;0.7632501125335693;0.5527073740959167;0.751089870929718;3.05987548828125;2.890960693359375;Fixation;1415.6050491333008;1089.9588589668274;236.0;18.0;;4652.0;4888.0
4704.0;1409.395751953125;1091.2108612060547;0.5570009350776672;0.7634695768356323;0.5505452156066895;0.7577853202819824;3.05499267578125;2.9123992919921875;Fixation;1415.6050491333008;1089.9588589668274;236.0;18.0;;4652.0;4888.0
4708.0;1418.7408447265625;1095.8704376220703;0.5587795972824097;0.7682440280914307;0.5541956424713135;0.7610211372375488;3.0367889404296875;2.91558837890625;Fixation;1415.6050491333008;1089.9588589668274;236.0;18.0;;4652.0;4888.0
4712.0;1412.2781372070312;1092.2343921661377;0.5576640963554382;0.7637405395507812;0.5516711473464966;0.758496105670929;3.030181884765625;2.8994293212890625;Fixation;1415.6050491333008;1089.9588589668274;236.0;18.0;;4652.0;4888.0
4716.0;1421.2744140625;1091.4099025726318;0.5600087642669678;0.7649540305137634;0.5551853179931641;0.7579235434532166;3.03143310546875;2.901596069335937;Fixation;1415.6050491333008;1089.9588589668274;236.0;18.0;;4652.0;4888.0
4720.0;1415.8787536621094;1089.4693565368652;0.5597249865531921;0.7678457498550415;0.5530776381492615;0.7565759420394897;3.027816772460937;2.904144287109375;Fixation;1415.6050491333008;1089.9588589668274;236.0;18.0;;4652.0;4888.0
4724.0;1415.6341552734375;1084.9754333496094;0.558506429195404;0.7669371366500854;0.5529820919036865;0.7534551620483398;3.0362701416015625;2.8911590576171875;Fixation;1415.6050491333008;1089.9588589668274;236.0;18.0;;4652.0;4888.0
4728.0;1420.4084777832031;1088.9271640777588;0.562667965888977;0.7675605416297913;0.5548470616340637;0.7561994194984436;3.0405731201171875;2.880828857421875;Fixation;1415.6050491333008;1089.9588589668274;236.0;18.0;;4652.0;4888.0
4732.0;1414.5468139648438;1094.5849514007568;0.5648828744888306;0.7679368257522583;0.5525573492050171;0.7601284384727478;3.0380401611328125;2.892333984375;Fixation;1415.6050491333008;1089.9588589668274;236.0;18.0;;4652.0;4888.0
4736.0;1409.8428344726562;1103.609447479248;0.5596691370010376;0.7704697251319885;0.5507198572158813;0.7663954496383667;3.050155639648437;2.9165496826171875;Fixation;1415.6050491333008;1089.9588589668274;236.0;18.0;;4652.0;4888.0
4740.0;1414.6066284179688;1095.4414558410645;0.5627012848854065;0.7749082446098328;0.552580714225769;0.7607232332229614;3.0511474609375;2.8885040283203125;Fixation;1415.6050491333008;1089.9588589668274;236.0;18.0;;4652.0;4888.0
4744.0;1412.2372436523438;1090.144157409668;0.56306391954422;0.7695992588996887;0.5516551733016968;0.7570445537567139;3.007537841796875;2.8957977294921875;Fixation;1415.6050491333008;1089.9588589668274;236.0;18.0;;4652.0;4888.0
4748.0;1411.1592102050781;1088.9847564697266;0.562096893787384;0.7705644965171814;0.5512340664863586;0.7562394142150879;3.042953491210937;2.8870086669921875;Fixation;1415.6050491333008;1089.9588589668274;236.0;18.0;;4652.0;4888.0
4752.0;1413.8224792480469;1095.3424072265625;0.5637181997299194;0.7652385234832764;0.5522744059562683;0.7606544494628906;3.0115203857421875;2.9084014892578125;Fixation;1415.6050491333008;1089.9588589668274;236.0;18.0;;4652.0;4888.0
4756.0;1410.3602600097656;1092.2790241241455;0.5609506368637085;0.7658965587615967;0.5509219765663147;0.7585271000862122;3.0283355712890625;2.8895721435546875;Fixation;1415.6050491333008;1089.9588589668274;236.0;18.0;;4652.0;4888.0
4760.0;1405.3591918945312;1087.791452407837;0.5590595006942749;0.7673239707946777;0.5489684343338013;0.7554107308387756;3.032562255859375;2.906494140625;Fixation;1415.6050491333008;1089.9588589668274;236.0;18.0;;4652.0;4888.0
4764.0;1416.707763671875;1090.4072284698486;0.5606147646903992;0.7670899629592896;0.5534014701843262;0.7572272419929504;3.0131988525390625;2.895111083984375;Fixation;1415.6050491333008;1089.9588589668274;236.0;18.0;;4652.0;4888.0
4768.0;1414.8570251464844;1088.4654808044434;0.559117317199707;0.7627589702606201;0.5526785254478455;0.7558788061141968;3.014617919921875;2.8802947998046875;Fixation;1415.6050491333008;1089.9588589668274;236.0;18.0;;4652.0;4888.0
4772.0;1415.9243774414062;1082.1340942382812;0.5591201186180115;0.7691980004310608;0.5530954599380493;0.7514820098876953;3.0016021728515625;2.874618530273437;Fixation;1415.6050491333008;1089.9588589668274;236.0;18.0;;4652.0;4888.0
4776.0;1414.73388671875;1098.6061191558838;0.56120765209198;0.7652037739753723;0.5526304244995117;0.7629209160804749;3.0182037353515625;2.880157470703125;Fixation;1415.6050491333008;1089.9588589668274;236.0;18.0;;4652.0;4888.0
4780.0;1413.4437561035156;1091.153268814087;0.5643467307090759;0.7703268527984619;0.5521264672279358;0.7577453255653381;3.02117919921875;2.8733062744140625;Fixation;1415.6050491333008;1089.9588589668274;236.0;18.0;;4652.0;4888.0
4784.0;1410.8279418945312;1100.9775352478027;0.5613799095153809;0.7696767449378967;0.5511046648025513;0.7645677328109741;3.00531005859375;2.890380859375;Fixation;1415.6050491333008;1089.9588589668274;236.0;18.0;;4652.0;4888.0
4788.0;1418.9533996582031;1088.5185241699219;0.5596356987953186;0.7561476826667786;0.5542786717414856;0.755915641784668;3.005584716796875;2.8720245361328125;Fixation;1415.6050491333008;1089.9588589668274;236.0;18.0;;4652.0;4888.0
4792.0;1416.6175842285156;1090.1457023620605;0.5638390183448792;0.7709659337997437;0.5533662438392639;0.7570456266403198;3.020263671875;2.87530517578125;Fixation;1415.6050491333008;1089.9588589668274;236.0;18.0;;4652.0;4888.0
4796.0;1412.6495361328125;1097.5904846191406;0.5574355125427246;0.769962728023529;0.5518162250518799;0.7622156143188477;3.017791748046875;2.89453125;Fixation;1415.6050491333008;1089.9588589668274;236.0;18.0;;4652.0;4888.0
4800.0;1402.6771545410156;1094.8103427886963;0.5578209161758423;0.7676215171813965;0.5479207634925842;0.760284960269928;3.0039825439453125;2.9123992919921875;Fixation;1415.6050491333008;1089.9588589668274;236.0;18.0;;4652.0;4888.0
4804.0;1414.2460632324219;1083.9491558074951;0.5587731599807739;0.7607811093330383;0.5524398684501648;0.7527424693107605;3.010650634765625;2.870269775390625;Fixation;1415.6050491333008;1089.9588589668274;236.0;18.0;;4652.0;4888.0
4808.0;1421.9642639160156;1086.8310070037842;0.5615078210830688;0.7701275944709778;0.5554547905921936;0.754743754863739;3.018585205078125;2.876083374023437;Fixation;1415.6050491333008;1089.9588589668274;236.0;18.0;;4652.0;4888.0
4812.0;1412.9203796386719;1093.652057647705;0.5588840246200562;0.7693879008293152;0.5519220232963562;0.7594805955886841;2.991561889648437;2.8816375732421875;Fixation;1415.6050491333008;1089.9588589668274;236.0;18.0;;4652.0;4888.0
4816.0;1410.1751708984375;1089.2928886413574;0.561127245426178;0.7680980563163757;0.5508496761322021;0.7564533948898315;3.016342163085937;2.8865966796875;Fixation;1415.6050491333008;1089.9588589668274;236.0;18.0;;4652.0;4888.0
4820.0;1416.9535827636719;1086.080846786499;0.5575305819511414;0.7561243772506714;0.5534974932670593;0.7542228102684021;2.9749298095703125;2.8687744140625;Fixation;1415.6050491333008;1089.9588589668274;236.0;18.0;;4652.0;4888.0
4824.0;1415.6629943847656;1098.336181640625;0.5616384148597717;0.7651862502098083;0.5529933571815491;0.7627334594726562;3.0150146484375;2.8597564697265625;Fixation;1415.6050491333008;1089.9588589668274;236.0;18.0;;4652.0;4888.0
4828.0;1419.8854064941406;1082.9966926574707;0.5594838857650757;0.7638571262359619;0.5546427369117737;0.752081036567688;2.995468139648437;2.8669586181640625;Fixation;1415.6050491333008;1089.9588589668274;236.0;18.0;;4652.0;4888.0
4832.0;1423.1320190429688;1086.130714416504;0.5614456534385681;0.7563838958740234;0.5559109449386597;0.7542574405670166;2.9938201904296875;2.869491577148437;Fixation;1415.6050491333008;1089.9588589668274;236.0;18.0;;4652.0;4888.0
4836.0;1420.062255859375;1094.1036987304688;0.5636078119277954;0.7601138949394226;0.5547118186950684;0.7597942352294922;2.9858551025390625;2.8776092529296875;Fixation;1415.6050491333008;1089.9588589668274;236.0;18.0;;4652.0;4888.0
4840.0;1423.3683776855469;1095.226707458496;0.5632922649383545;0.7632303833961487;0.5560032725334167;0.7605741024017334;3.003402709960937;2.8691558837890625;Fixation;1415.6050491333008;1089.9588589668274;236.0;18.0;;4652.0;4888.0
4844.0;1418.6550903320312;1092.7063751220703;0.5661278367042542;0.7671149969100952;0.5541621446609497;0.7588238716125488;3.0118865966796875;2.8806915283203125;Fixation;1415.6050491333008;1089.9588589668274;236.0;18.0;;4652.0;4888.0
4848.0;1426.0832214355469;1076.1988162994385;0.5610898733139038;0.765364944934845;0.5570637583732605;0.7473602890968323;3.0144500732421875;2.8288116455078125;Fixation;1415.6050491333008;1089.9588589668274;236.0;18.0;;4652.0;4888.0
4852.0;1423.5433959960938;1088.4473705291748;0.5594222545623779;0.7618929743766785;0.5560716390609741;0.7558662295341492;2.977264404296875;2.8550262451171875;Fixation;1415.6050491333008;1089.9588589668274;236.0;18.0;;4652.0;4888.0
4856.0;1428.2035827636719;1093.6313724517822;0.5633307695388794;0.7598885297775269;0.5578920245170593;0.7594662308692932;2.992645263671875;2.8738250732421875;Fixation;1415.6050491333008;1089.9588589668274;236.0;18.0;;4652.0;4888.0
4860.0;1416.5290832519531;1100.9638023376465;0.5594325065612793;0.7562547326087952;0.5533316731452942;0.7645581960678101;2.9957275390625;2.8692626953125;Fixation;1415.6050491333008;1089.9588589668274;236.0;18.0;;4652.0;4888.0
4864.0;1431.0432434082031;1084.1867351531982;0.5598077774047852;0.7651323080062866;0.5590012669563293;0.7529074549674988;2.98980712890625;2.85479736328125;Fixation;1415.6050491333008;1089.9588589668274;236.0;18.0;;4652.0;4888.0
4868.0;1417.2412109375;1084.2778873443604;0.5624287128448486;0.7645443677902222;0.5536098480224609;0.7529707551002502;2.986068725585937;2.8472900390625;Fixation;1415.6050491333008;1089.9588589668274;236.0;18.0;;4652.0;4888.0
4872.0;1418.9564514160156;1085.251636505127;0.5658864974975586;0.7717794179916382;0.5542798638343811;0.753646969795227;3.0159149169921875;2.8546905517578125;Fixation;1415.6050491333008;1089.9588589668274;236.0;18.0;;4652.0;4888.0
4876.0;1421.4311218261719;1077.4927139282227;0.5607383251190186;0.7637239694595337;0.5552465319633484;0.7482588291168213;3.0019989013671875;2.844512939453125;Fixation;1415.6050491333008;1089.9588589668274;236.0;18.0;;4652.0;4888.0
4880.0;1415.8769226074219;1088.7444305419922;0.5611473917961121;0.7696632146835327;0.5530769228935242;0.7560725212097168;3.003524780273437;2.8763580322265625;Fixation;1415.6050491333008;1089.9588589668274;236.0;18.0;;4652.0;4888.0
4884.0;1433.3998107910156;1085.3929996490479;0.5652623772621155;0.7702701687812805;0.5599218010902405;0.7537451386451721;2.98773193359375;2.85675048828125;Fixation;1415.6050491333008;1089.9588589668274;236.0;18.0;;4652.0;4888.0
4888.0;1446.4230346679688;1088.6198043823242;0.5725105404853821;0.7559779286384583;0.5650089979171753;0.7559859752655029;3.001800537109375;2.8704071044921875;Fixation;1415.6050491333008;1089.9588589668274;236.0;18.0;;4652.0;4888.0
4892.0;1492.9313659667969;1106.3751697540283;0.5877798199653625;0.7639224529266357;0.58317631483078;0.7683160901069641;3.00762939453125;2.880035400390625;Fixation;1461.4405966212607;1092.1578157865083;464.0;19.0;;4892.0;5356.0
4896.0;1493.5069274902344;1096.6054916381836;0.5907565951347351;0.7642766237258911;0.5834011435508728;0.7615315914154053;3.00799560546875;2.8739471435546875;Fixation;1461.4405966212607;1092.1578157865083;464.0;19.0;;4892.0;5356.0
4900.0;1494.8667907714844;1085.8382034301758;0.5933135747909546;0.7704902291297913;0.5839323401451111;0.7540543079376221;3.006683349609375;2.8396453857421875;Fixation;1461.4405966212607;1092.1578157865083;464.0;19.0;;4892.0;5356.0
4904.0;1471.3810729980469;1095.1490306854248;0.5834885835647583;0.7623787522315979;0.5747582316398621;0.7605201601982117;3.005355834960937;2.864364624023437;Fixation;1461.4405966212607;1092.1578157865083;464.0;19.0;;4892.0;5356.0
4908.0;1469.8152160644531;1090.4156398773193;0.581365168094635;0.7640606760978699;0.574146568775177;0.7572330832481384;3.005523681640625;2.871124267578125;Fixation;1461.4405966212607;1092.1578157865083;464.0;19.0;;4892.0;5356.0
4912.0;1477.6759338378906;1090.5382919311523;0.5809325575828552;0.7612892389297485;0.577217161655426;0.7573182582855225;3.0083465576171875;2.861602783203125;Fixation;1461.4405966212607;1092.1578157865083;464.0;19.0;;4892.0;5356.0
4916.0;1468.7307739257812;1092.6271533966064;0.583575963973999;0.7624724507331848;0.5737229585647583;0.7587688565254211;3.01116943359375;2.8524169921875;Fixation;1461.4405966212607;1092.1578157865083;464.0;19.0;;4892.0;5356.0
4920.0;1473.5952758789062;1090.6648921966553;0.5825081467628479;0.7552298307418823;0.5756231546401978;0.7574061751365662;2.9976043701171875;2.869598388671875;Fixation;1461.4405966212607;1092.1578157865083;464.0;19.0;;4892.0;5356.0
4924.0;1473.5026550292969;1091.2848472595215;0.5804744958877563;0.7702480554580688;0.5755869746208191;0.7578366994857788;3.0088043212890625;2.851318359375;Fixation;1461.4405966212607;1092.1578157865083;464.0;19.0;;4892.0;5356.0
4928.0;1464.3637084960938;1105.352840423584;0.5811598896980286;0.7656887769699097;0.5720170736312866;0.7676061391830444;2.9973907470703125;2.881942749023437;Fixation;1461.4405966212607;1092.1578157865083;464.0;19.0;;4892.0;5356.0
4932.0;1466.8409729003906;1088.268928527832;0.5813761353492737;0.7594143152236938;0.5729847550392151;0.7557423114776611;2.960296630859375;2.8439178466796875;Fixation;1461.4405966212607;1092.1578157865083;464.0;19.0;;4892.0;5356.0
4936.0;1455.9962463378906;1092.6642322540283;0.5782047510147095;0.7656818628311157;0.5687485337257385;0.7587946057319641;2.983627319335937;2.8661651611328125;Fixation;1461.4405966212607;1092.1578157865083;464.0;19.0;;4892.0;5356.0
4940.0;1481.1592102050781;1094.066104888916;0.5836228728294373;0.7696576714515686;0.5785778164863586;0.7597681283950806;3.0086212158203125;2.8571319580078125;Fixation;1461.4405966212607;1092.1578157865083;464.0;19.0;;4892.0;5356.0
4944.0;1459.3614196777344;1092.7121257781982;0.5799902081489563;0.7650920748710632;0.570063054561615;0.7588278651237488;2.997665405273437;2.877471923828125;Fixation;1461.4405966212607;1092.1578157865083;464.0;19.0;;4892.0;5356.0
4948.0;1471.2060546875;1089.8396301269531;0.5792054533958435;0.769329845905304;0.5746898651123047;0.7568330764770508;3.03546142578125;2.859100341796875;Fixation;1461.4405966212607;1092.1578157865083;464.0;19.0;;4892.0;5356.0
4952.0;1471.0319519042969;1088.7545585632324;0.5835468769073486;0.7741968035697937;0.574621856212616;0.7560795545578003;2.98944091796875;2.871688842773437;Fixation;1461.4405966212607;1092.1578157865083;464.0;19.0;;4892.0;5356.0
4956.0;1470.7289123535156;1092.442274093628;0.5816183686256409;0.7663565874099731;0.574503481388092;0.758640468120575;2.97979736328125;2.8618621826171875;Fixation;1461.4405966212607;1092.1578157865083;464.0;19.0;;4892.0;5356.0
4960.0;1464.4660949707031;1101.7892360687256;0.5823720097541809;0.7568114399909973;0.5720570683479309;0.765131413936615;3.00201416015625;2.86627197265625;Fixation;1461.4405966212607;1092.1578157865083;464.0;19.0;;4892.0;5356.0
4964.0;1476.4039611816406;1083.9047813415527;0.580886960029602;0.7547235488891602;0.5767202973365784;0.7527116537094116;2.9766845703125;2.8504180908203125;Fixation;1461.4405966212607;1092.1578157865083;464.0;19.0;;4892.0;5356.0
4968.0;1461.4799499511719;1090.9435844421387;0.5815078616142273;0.7630970478057861;0.5708906054496765;0.7575997114181519;2.9976806640625;2.85943603515625;Fixation;1461.4405966212607;1092.1578157865083;464.0;19.0;;4892.0;5356.0
4972.0;1476.8701171875;1096.402931213379;0.580720841884613;0.7643342614173889;0.5769023895263672;0.7613909244537354;3.0028533935546875;2.883697509765625;Fixation;1461.4405966212607;1092.1578157865083;464.0;19.0;;4892.0;5356.0
4976.0;1467.5845336914062;1091.78129196167;0.578151524066925;0.7675523161888123;0.5732752084732056;0.7581814527511597;3.0062713623046875;2.85784912109375;Fixation;1461.4405966212607;1092.1578157865083;464.0;19.0;;4892.0;5356.0
4980.0;1475.1957702636719;1085.8892726898193;0.5811472535133362;0.7618749141693115;0.5762483477592468;0.7540897727012634;2.994964599609375;2.8475799560546875;Fixation;1461.4405966212607;1092.1578157865083;464.0;19.0;;4892.0;5356.0
4984.0;1480.6877136230469;1093.1060886383057;0.5809639096260071;0.7667915225028992;0.5783936381340027;0.7591014504432678;3.003021240234375;2.8592987060546875;Fixation;1461.4405966212607;1092.1578157865083;464.0;19.0;;4892.0;5356.0
4988.0;1465.38330078125;1093.1914901733398;0.5784384608268738;0.7640857696533203;0.5724153518676758;0.7591607570648193;3.003646850585937;2.85882568359375;Fixation;1461.4405966212607;1092.1578157865083;464.0;19.0;;4892.0;5356.0
4992.0;1468.4098815917969;1082.4552726745605;0.5809258818626404;0.7582720518112183;0.5735976099967957;0.7517050504684448;2.978134155273437;2.860946655273437;Fixation;1461.4405966212607;1092.1578157865083;464.0;19.0;;4892.0;5356.0
4996.0;1474.0348815917969;1086.44700050354;0.5809077024459839;0.7552187442779541;0.5757948756217957;0.7544770836830139;2.98114013671875;2.844589233398437;Fixation;1461.4405966212607;1092.1578157865083;464.0;19.0;;4892.0;5356.0
5000.0;1457.7491760253906;1090.6076431274414;0.5835335850715637;0.7578976154327393;0.5694332718849182;0.757366418838501;2.9825592041015625;2.85650634765625;Fixation;1461.4405966212607;1092.1578157865083;464.0;19.0;;4892.0;5356.0
5004.0;1476.458740234375;1085.9604263305664;0.5809433460235596;0.7618499398231506;0.5767416954040527;0.7541391849517822;2.996734619140625;2.854583740234375;Fixation;1461.4405966212607;1092.1578157865083;464.0;19.0;;4892.0;5356.0
5008.0;1466.5806579589844;1099.0541553497314;0.5850868225097656;0.7725232243537903;0.5728830695152283;0.7632320523262024;2.99371337890625;2.869247436523437;Fixation;1461.4405966212607;1092.1578157865083;464.0;19.0;;4892.0;5356.0
5012.0;1475.5410766601562;1093.2798957824707;0.5856608152389526;0.773003339767456;0.5763832330703735;0.759222149848938;3.01092529296875;2.857330322265625;Fixation;1461.4405966212607;1092.1578157865083;464.0;19.0;;4892.0;5356.0
5016.0;1474.2713928222656;1091.7382049560547;0.5831289291381836;0.7639455199241638;0.5758872628211975;0.7581515312194824;3.000839233398437;2.87786865234375;Fixation;1461.4405966212607;1092.1578157865083;464.0;19.0;;4892.0;5356.0
5020.0;1460.3761291503906;1089.3891906738281;0.5804012417793274;0.7693763971328735;0.5704594254493713;0.7565202713012695;2.9875640869140625;2.866790771484375;Fixation;1461.4405966212607;1092.1578157865083;464.0;19.0;;4892.0;5356.0
5024.0;1471.199951171875;1087.7400398254395;0.5869938731193542;0.7678917646408081;0.5746874809265137;0.7553750276565552;3.024398803710937;2.8473052978515625;Fixation;1461.4405966212607;1092.1578157865083;464.0;19.0;;4892.0;5356.0
5028.0;1464.9958801269531;1089.164400100708;0.5837752223014832;0.7584623098373413;0.5722640156745911;0.7563641667366028;2.998321533203125;2.861907958984375;Fixation;1461.4405966212607;1092.1578157865083;464.0;19.0;;4892.0;5356.0
5032.0;1473.3316040039062;1083.188180923462;0.5838302969932556;0.7584550976753235;0.5755201578140259;0.7522140145301819;2.9819793701171875;2.8513641357421875;Fixation;1461.4405966212607;1092.1578157865083;464.0;19.0;;4892.0;5356.0
5036.0;1469.4491577148438;1082.321720123291;0.5808119177818298;0.7574594020843506;0.5740035772323608;0.7516123056411743;2.997650146484375;2.8634185791015625;Fixation;1461.4405966212607;1092.1578157865083;464.0;19.0;;4892.0;5356.0
5040.0;1475.6155395507812;1088.0152988433838;0.5810086131095886;0.7627023458480835;0.5764123201370239;0.7555661797523499;2.9970245361328125;2.8872528076171875;Fixation;1461.4405966212607;1092.1578157865083;464.0;19.0;;4892.0;5356.0
5044.0;1466.905517578125;1090.9185218811035;0.5870656967163086;0.7576115727424622;0.5730099678039551;0.7575823068618774;2.9566192626953125;2.874267578125;Fixation;1461.4405966212607;1092.1578157865083;464.0;19.0;;4892.0;5356.0
5048.0;1466.4219665527344;1085.4753112792969;0.578654408454895;0.7560673356056213;0.5728210806846619;0.7538022994995117;2.9940948486328125;2.8465728759765625;Fixation;1461.4405966212607;1092.1578157865083;464.0;19.0;;4892.0;5356.0
5052.0;1467.0533752441406;1090.8393001556396;0.580829918384552;0.7581993937492371;0.5730677247047424;0.7575272917747498;2.970489501953125;2.867828369140625;Fixation;1461.4405966212607;1092.1578157865083;464.0;19.0;;4892.0;5356.0
5056.0;1461.8038940429688;1086.163673400879;0.5828052163124084;0.7670513987541199;0.5710171461105347;0.7542803287506104;2.995712280273437;2.881698608398437;Fixation;1461.4405966212607;1092.1578157865083;464.0;19.0;;4892.0;5356.0
5060.0;1474.8947143554688;1091.601219177246;0.5840225219726562;0.761699378490448;0.576130747795105;0.7580564022064209;2.96856689453125;2.852890014648437;Fixation;1461.4405966212607;1092.1578157865083;464.0;19.0;;4892.0;5356.0
5064.0;1472.667236328125;1083.1515312194824;0.5814793109893799;0.7663847208023071;0.5752606391906738;0.7521885633468628;2.972625732421875;2.846420288085937;Fixation;1461.4405966212607;1092.1578157865083;464.0;19.0;;4892.0;5356.0
5068.0;1476.3934326171875;1081.6673469543457;0.5790178179740906;0.7649399042129517;0.5767161846160889;0.7511578798294067;2.96893310546875;2.852508544921875;Fixation;1461.4405966212607;1092.1578157865083;464.0;19.0;;4892.0;5356.0
5072.0;1469.14306640625;1081.3474559783936;0.5784769654273987;0.7632793188095093;0.5738840103149414;0.7509357333183289;2.979278564453125;2.859893798828125;Fixation;1461.4405966212607;1092.1578157865083;464.0;19.0;;4892.0;5356.0
5076.0;1473.1838989257812;1076.3915061950684;0.5828185677528381;0.7666399478912354;0.5754624605178833;0.747494101524353;2.9740753173828125;2.8638153076171875;Fixation;1461.4405966212607;1092.1578157865083;464.0;19.0;;4892.0;5356.0
5080.0;1472.9704284667969;1082.5496006011963;0.5835369825363159;0.7673426866531372;0.5753790736198425;0.751770555973053;2.99371337890625;2.85321044921875;Fixation;1461.4405966212607;1092.1578157865083;464.0;19.0;;4892.0;5356.0
5084.0;1472.8395080566406;1086.5522289276123;0.5831422209739685;0.7629637122154236;0.5753279328346252;0.7545501589775085;2.973052978515625;2.8618927001953125;Fixation;1461.4405966212607;1092.1578157865083;464.0;19.0;;4892.0;5356.0
5088.0;1476.5518188476562;1085.6175327301025;0.5778419971466064;0.7644234299659729;0.5767780542373657;0.7539010643959045;2.985107421875;2.8643951416015625;Fixation;1461.4405966212607;1092.1578157865083;464.0;19.0;;4892.0;5356.0
5092.0;1467.3159790039062;1089.3546867370605;0.5837686061859131;0.7581374645233154;0.5731703042984009;0.7564963102340698;2.9630889892578125;2.869781494140625;Fixation;1461.4405966212607;1092.1578157865083;464.0;19.0;;4892.0;5356.0
5096.0;1477.7572631835938;1088.1601810455322;0.5774058103561401;0.7658593058586121;0.5772489309310913;0.7556667923927307;2.975814819335937;2.849578857421875;Fixation;1461.4405966212607;1092.1578157865083;464.0;19.0;;4892.0;5356.0
5100.0;1477.3977661132812;1097.8904628753662;0.580167829990387;0.7654129266738892;0.5771085023880005;0.7624239325523376;3.0017242431640625;2.8834228515625;Fixation;1461.4405966212607;1092.1578157865083;464.0;19.0;;4892.0;5356.0
5104.0;1492.159423828125;1089.5550155639648;0.5795286297798157;0.7726783156394958;0.5828747749328613;0.7566354274749756;2.9865875244140625;2.856796264648437;Fixation;1461.4405966212607;1092.1578157865083;464.0;19.0;;4892.0;5356.0
5108.0;1479.8060607910156;1092.0045375823975;0.5795523524284363;0.7664027810096741;0.5780492424964905;0.7583364844322205;2.97735595703125;2.850311279296875;Fixation;1461.4405966212607;1092.1578157865083;464.0;19.0;;4892.0;5356.0
5112.0;1486.9151306152344;1098.5002040863037;0.5788702368736267;0.7661393284797668;0.5808262228965759;0.762847363948822;2.99261474609375;2.8707733154296875;Fixation;1461.4405966212607;1092.1578157865083;464.0;19.0;;4892.0;5356.0
5116.0;1486.0252380371094;1091.9614505767822;0.5793653726577759;0.7704668045043945;0.5804786086082458;0.7583065629005432;3.0097808837890625;2.856048583984375;Fixation;1461.4405966212607;1092.1578157865083;464.0;19.0;;4892.0;5356.0
5120.0;1482.791748046875;1099.0446281433105;0.5808166861534119;0.7615647912025452;0.5792155265808105;0.7632254362106323;2.982421875;2.8592681884765625;Fixation;1461.4405966212607;1092.1578157865083;464.0;19.0;;4892.0;5356.0
5124.0;1473.3738708496094;1090.6989669799805;0.5824456810951233;0.7684282064437866;0.5755366683006287;0.757429838180542;2.999755859375;2.865707397460937;Fixation;1461.4405966212607;1092.1578157865083;464.0;19.0;;4892.0;5356.0
5128.0;1478.2026672363281;1097.8289222717285;0.5837388634681702;0.7648377418518066;0.5774229168891907;0.7623811960220337;2.98040771484375;2.8703765869140625;Fixation;1461.4405966212607;1092.1578157865083;464.0;19.0;;4892.0;5356.0
5132.0;1479.6640014648438;1098.55788230896;0.5811235904693604;0.7640030384063721;0.5779937505722046;0.7628874182701111;2.99017333984375;2.879608154296875;Fixation;1461.4405966212607;1092.1578157865083;464.0;19.0;;4892.0;5356.0
5136.0;1474.85595703125;1082.951545715332;0.5814481377601624;0.7599931359291077;0.576115608215332;0.7520496845245361;2.9748992919921875;2.842147827148437;Fixation;1461.4405966212607;1092.1578157865083;464.0;19.0;;4892.0;5356.0
5140.0;1473.8601684570312;1084.9001598358154;0.5864791870117188;0.7672643661499023;0.5757266283035278;0.7534028887748718;2.9852294921875;2.84600830078125;Fixation;1461.4405966212607;1092.1578157865083;464.0;19.0;;4892.0;5356.0
5144.0;1466.6224670410156;1093.4263229370117;0.5833444595336914;0.7622890472412109;0.5728994011878967;0.7593238353729248;2.973297119140625;2.8669891357421875;Fixation;1461.4405966212607;1092.1578157865083;464.0;19.0;;4892.0;5356.0
5148.0;1464.320068359375;1086.062650680542;0.5844821929931641;0.7595723867416382;0.5720000267028809;0.7542101740837097;2.9648590087890625;2.8643798828125;Fixation;1461.4405966212607;1092.1578157865083;464.0;19.0;;4892.0;5356.0
5152.0;1477.1237182617188;1095.2009582519531;0.5795827507972717;0.7654001116752625;0.5770014524459839;0.7605562210083008;2.9767608642578125;2.8585357666015625;Fixation;1461.4405966212607;1092.1578157865083;464.0;19.0;;4892.0;5356.0
5156.0;1465.3349304199219;1103.0303478240967;0.5860573649406433;0.7732008099555969;0.572396457195282;0.7659932971000671;3.0091705322265625;2.8579254150390625;Fixation;1461.4405966212607;1092.1578157865083;464.0;19.0;;4892.0;5356.0
5160.0;1470.0636291503906;1093.595495223999;0.5839137434959412;0.7616032958030701;0.5742436051368713;0.7594413161277771;2.9660186767578125;2.8629913330078125;Fixation;1461.4405966212607;1092.1578157865083;464.0;19.0;;4892.0;5356.0
5164.0;1470.4061889648438;1083.2538414001465;0.581360399723053;0.7612706422805786;0.5743774175643921;0.7522596120834351;2.9782257080078125;2.8510894775390625;Fixation;1461.4405966212607;1092.1578157865083;464.0;19.0;;4892.0;5356.0
5168.0;1472.1211242675781;1094.9494743347168;0.5804905295372009;0.7664370536804199;0.5750473141670227;0.7603815793991089;2.9785919189453125;2.8734283447265625;Fixation;1461.4405966212607;1092.1578157865083;464.0;19.0;;4892.0;5356.0
5172.0;1480.0851440429688;1072.7948570251465;0.5777265429496765;0.7679247856140137;0.5781582593917847;0.7449964284896851;2.9626922607421875;2.857421875;Fixation;1461.4405966212607;1092.1578157865083;464.0;19.0;;4892.0;5356.0
5176.0;1474.6237182617188;1088.6139678955078;0.5743463039398193;0.7622256875038147;0.5760248899459839;0.7559819221496582;2.957015991210937;2.859725952148437;Fixation;1461.4405966212607;1092.1578157865083;464.0;19.0;;4892.0;5356.0
5180.0;1449.1996765136719;1086.4238262176514;0.5675734281539917;0.7669023275375366;0.5660936236381531;0.7544609904289246;2.97357177734375;2.856689453125;Fixation;1461.4405966212607;1092.1578157865083;464.0;19.0;;4892.0;5356.0
5184.0;1432.9953002929688;1099.1074562072754;0.5627037286758423;0.7756441235542297;0.5597637891769409;0.7632690668106079;2.98016357421875;2.871429443359375;Fixation;1461.4405966212607;1092.1578157865083;464.0;19.0;;4892.0;5356.0
5188.0;1434.2495727539062;1098.7274837493896;0.5625205039978027;0.7649232149124146;0.5602537393569946;0.7630051970481873;2.9469451904296875;2.860626220703125;Fixation;1461.4405966212607;1092.1578157865083;464.0;19.0;;4892.0;5356.0
5192.0;1438.6332702636719;1109.8753452301025;0.564730703830719;0.7685251235961914;0.5619661211967468;0.7707467675209045;2.9772491455078125;2.870269775390625;Fixation;1461.4405966212607;1092.1578157865083;464.0;19.0;;4892.0;5356.0
5196.0;1440.4081726074219;1102.1879196166992;0.570456862449646;0.7732765078544617;0.5626594424247742;0.7654082775115967;2.9707794189453125;2.87860107421875;Fixation;1461.4405966212607;1092.1578157865083;464.0;19.0;;4892.0;5356.0
5200.0;1438.7483215332031;1087.3321723937988;0.568971574306488;0.769513726234436;0.5620110630989075;0.7550917863845825;2.961288452148437;2.84722900390625;Fixation;1461.4405966212607;1092.1578157865083;464.0;19.0;;4892.0;5356.0
5204.0;1442.2938537597656;1099.7107601165771;0.5684303641319275;0.7734338045120239;0.5633960366249084;0.7636880278587341;2.96051025390625;2.857818603515625;Fixation;1461.4405966212607;1092.1578157865083;464.0;19.0;;4892.0;5356.0
5208.0;1436.3475036621094;1090.9895038604736;0.5719491839408875;0.7677882313728333;0.5610732436180115;0.7576315999031067;2.9498291015625;2.8453369140625;Fixation;1461.4405966212607;1092.1578157865083;464.0;19.0;;4892.0;5356.0
5212.0;1436.7010498046875;1099.06325340271;0.5646746754646301;0.7681671977043152;0.561211347579956;0.7632383704185486;2.9689483642578125;2.8472137451171875;Fixation;1461.4405966212607;1092.1578157865083;464.0;19.0;;4892.0;5356.0
5216.0;1441.4851379394531;1092.0984363555908;0.5708594918251038;0.7596657276153564;0.5630801320075989;0.7584016919136047;2.933685302734375;2.85858154296875;Fixation;1461.4405966212607;1092.1578157865083;464.0;19.0;;4892.0;5356.0
5220.0;1436.357421875;1109.4578647613525;0.5654811859130859;0.7607055306434631;0.5610771179199219;0.770456850528717;2.9457550048828125;2.90130615234375;Fixation;1461.4405966212607;1092.1578157865083;464.0;19.0;;4892.0;5356.0
5224.0;1434.6737670898438;1104.4187450408936;0.5670823454856873;0.7603863477706909;0.5604194402694702;0.7669574618339539;2.9571075439453125;2.862335205078125;Fixation;1461.4405966212607;1092.1578157865083;464.0;19.0;;4892.0;5356.0
5228.0;1433.3558654785156;1090.1948833465576;0.5676613450050354;0.7710173726081848;0.5599046349525452;0.7570797801017761;2.9624481201171875;2.852996826171875;Fixation;1461.4405966212607;1092.1578157865083;464.0;19.0;;4892.0;5356.0
5232.0;1442.4249267578125;1097.9290866851807;0.561778724193573;0.763676106929779;0.5634472370147705;0.7624507546424866;2.95361328125;2.8582305908203125;Fixation;1461.4405966212607;1092.1578157865083;464.0;19.0;;4892.0;5356.0
5236.0;1431.6165161132812;1090.2247524261475;0.5666748881340027;0.7659658193588257;0.5592252016067505;0.757100522518158;2.949569702148437;2.847412109375;Fixation;1461.4405966212607;1092.1578157865083;464.0;19.0;;4892.0;5356.0
5240.0;1435.21484375;1101.2646389007568;0.5661634802818298;0.7713655829429626;0.5606307983398438;0.7647671103477478;2.961761474609375;2.8671417236328125;Fixation;1461.4405966212607;1092.1578157865083;464.0;19.0;;4892.0;5356.0
5244.0;1446.0604858398438;1095.6374073028564;0.5670307874679565;0.7701528668403625;0.564867377281189;0.7608593106269836;2.9661865234375;2.853057861328125;Fixation;1461.4405966212607;1092.1578157865083;464.0;19.0;;4892.0;5356.0
5248.0;1434.2070007324219;1090.4594993591309;0.5641874670982361;0.7685924768447876;0.5602371096611023;0.7572635412216187;2.9708709716796875;2.83935546875;Fixation;1461.4405966212607;1092.1578157865083;464.0;19.0;;4892.0;5356.0
5252.0;1431.7118835449219;1091.991319656372;0.5661947131156921;0.7646970748901367;0.5592624545097351;0.758327305316925;2.9478302001953125;2.865386962890625;Fixation;1461.4405966212607;1092.1578157865083;464.0;19.0;;4892.0;5356.0
5256.0;1441.2571716308594;1095.8967018127441;0.5678746104240417;0.769941508769989;0.5629910826683044;0.7610393762588501;2.9524078369140625;2.84564208984375;Fixation;1461.4405966212607;1092.1578157865083;464.0;19.0;;4892.0;5356.0
5260.0;1441.6226196289062;1090.2640628814697;0.5636568665504456;0.7695966958999634;0.5631338357925415;0.7571278214454651;2.962646484375;2.8577880859375;Fixation;1461.4405966212607;1092.1578157865083;464.0;19.0;;4892.0;5356.0
5264.0;1440.9140014648438;1091.808500289917;0.5665934085845947;0.7681923508644104;0.5628570318222046;0.7582003474235535;2.95361328125;2.84539794921875;Fixation;1461.4405966212607;1092.1578157865083;464.0;19.0;;4892.0;5356.0
5268.0;1441.0731506347656;1086.7107582092285;0.5638495087623596;0.7696694135665894;0.5629191994667053;0.7546602487564087;2.9574737548828125;2.846466064453125;Fixation;1461.4405966212607;1092.1578157865083;464.0;19.0;;4892.0;5356.0
5272.0;1436.4991760253906;1089.6887397766113;0.5636700391769409;0.7682928442955017;0.5611324906349182;0.7567282915115356;2.9474639892578125;2.8624725341796875;Fixation;1461.4405966212607;1092.1578157865083;464.0;19.0;;4892.0;5356.0
5276.0;1445.5035400390625;1093.0854034423828;0.5649996399879456;0.7690762877464294;0.5646498203277588;0.759087085723877;2.9541473388671875;2.8583984375;Fixation;1461.4405966212607;1092.1578157865083;464.0;19.0;;4892.0;5356.0
5280.0;1450.9841918945312;1090.703945159912;0.5651278495788574;0.7699450254440308;0.5667906999588013;0.757433295249939;2.9549560546875;2.836151123046875;Fixation;1461.4405966212607;1092.1578157865083;464.0;19.0;;4892.0;5356.0
5284.0;1447.1650695800781;1088.4013652801514;0.5677534937858582;0.768739640712738;0.565298855304718;0.7558342814445496;2.9607391357421875;2.850921630859375;Fixation;1461.4405966212607;1092.1578157865083;464.0;19.0;;4892.0;5356.0
5288.0;1447.5544738769531;1098.4733390808105;0.5690158009529114;0.7660034894943237;0.5654509663581848;0.7628287076950073;2.9351043701171875;2.848358154296875;Fixation;1461.4405966212607;1092.1578157865083;464.0;19.0;;4892.0;5356.0
5292.0;1441.3546752929688;1090.293846130371;0.5665889978408813;0.7670436501502991;0.5630291700363159;0.7571485042572021;2.94146728515625;2.8448944091796875;Fixation;1461.4405966212607;1092.1578157865083;464.0;19.0;;4892.0;5356.0
5296.0;1447.3115539550781;1102.6345825195312;0.5678557753562927;0.7682924270629883;0.5653560757637024;0.7657184600830078;2.9451904296875;2.8387603759765625;Fixation;1461.4405966212607;1092.1578157865083;464.0;19.0;;4892.0;5356.0
5300.0;1441.2223815917969;1097.4735832214355;0.5646939277648926;0.7625911235809326;0.5629774928092957;0.7621344327926636;2.94659423828125;2.852264404296875;Fixation;1461.4405966212607;1092.1578157865083;464.0;19.0;;4892.0;5356.0
5304.0;1453.6181640625;1092.3546409606934;0.5710217356681824;0.7622644901275635;0.5678195953369141;0.7585796117782593;2.9422607421875;2.838226318359375;Fixation;1461.4405966212607;1092.1578157865083;464.0;19.0;;4892.0;5356.0
5308.0;1439.2538452148438;1102.75972366333;0.5636519193649292;0.7766291499137878;0.5622085332870483;0.7658053636550903;2.988983154296875;2.8543243408203125;Fixation;1461.4405966212607;1092.1578157865083;464.0;19.0;;4892.0;5356.0
5312.0;1446.5126037597656;1092.0526027679443;0.5664982199668884;0.775157630443573;0.5650439858436584;0.7583698630332947;2.971038818359375;2.839324951171875;Fixation;1461.4405966212607;1092.1578157865083;464.0;19.0;;4892.0;5356.0
5316.0;1444.9671936035156;1099.8918628692627;0.56623774766922;0.7642782926559448;0.5644403100013733;0.7638137936592102;2.9293212890625;2.84051513671875;Fixation;1461.4405966212607;1092.1578157865083;464.0;19.0;;4892.0;5356.0
5320.0;1449.0724182128906;1094.4543170928955;0.5705693960189819;0.7774825692176819;0.5660439133644104;0.7600377202033997;2.974456787109375;2.8446044921875;Fixation;1461.4405966212607;1092.1578157865083;464.0;19.0;;4892.0;5356.0
5324.0;1445.0880432128906;1104.7983741760254;0.5647115707397461;0.7695918083190918;0.5644875168800354;0.7672210931777954;2.945541381835937;2.8690643310546875;Fixation;1461.4405966212607;1092.1578157865083;464.0;19.0;;4892.0;5356.0
5328.0;1438.6648559570312;1096.210584640503;0.5683639049530029;0.7670561075210571;0.5619784593582153;0.7612573504447937;2.944931030273437;2.8492584228515625;Fixation;1461.4405966212607;1092.1578157865083;464.0;19.0;;4892.0;5356.0
5332.0;1443.5084533691406;1099.2524242401123;0.5632480978965759;0.7617201209068298;0.5638704895973206;0.7633697390556335;2.9621124267578125;2.844482421875;Fixation;1461.4405966212607;1092.1578157865083;464.0;19.0;;4892.0;5356.0
5336.0;1444.3807983398438;1088.915147781372;0.5653126835823059;0.7657465934753418;0.5642112493515015;0.756191074848175;2.937606811523437;2.8484344482421875;Fixation;1461.4405966212607;1092.1578157865083;464.0;19.0;;4892.0;5356.0
5340.0;1440.8525085449219;1084.8427391052246;0.562586784362793;0.7663023471832275;0.5628330111503601;0.7533630132675171;2.936874389648437;2.83441162109375;Fixation;1461.4405966212607;1092.1578157865083;464.0;19.0;;4892.0;5356.0
5344.0;1441.9544982910156;1084.1979789733887;0.5665788054466248;0.7670102119445801;0.563263475894928;0.7529152631759644;2.942962646484375;2.837265014648437;Fixation;1461.4405966212607;1092.1578157865083;464.0;19.0;;4892.0;5356.0
5348.0;1439.4792175292969;1095.2727127075195;0.567579984664917;0.7618931531906128;0.5622965693473816;0.760606050491333;2.9560089111328125;2.8568878173828125;Fixation;1461.4405966212607;1092.1578157865083;464.0;19.0;;4892.0;5356.0
5352.0;1459.9433898925781;1090.3608798980713;0.5704928636550903;0.7710195183753967;0.5702903866767883;0.7571950554847717;2.9463348388671875;2.837493896484375;Fixation;1461.4405966212607;1092.1578157865083;464.0;19.0;;4892.0;5356.0
5356.0;1507.672119140625;1099.9899673461914;0.5815576314926147;0.7707434296607971;0.5889344215393066;0.7638819217681885;2.973724365234375;2.8692169189453125;Fixation;1461.4405966212607;1092.1578157865083;464.0;19.0;;4892.0;5356.0
5360.0;1552.9948425292969;1112.759084701538;0.6073579788208008;0.7765536308288574;0.6066386103630066;0.7727493643760681;2.973495483398437;2.8677978515625;Fixation;1600.4906999742664;1101.278426324999;292.0;20.0;;5360.0;5652.0
5364.0;1582.7095031738281;1111.6247463226318;0.6269954442977905;0.7796374559402466;0.6182458996772766;0.7719616293907166;2.991668701171875;2.876922607421875;Fixation;1600.4906999742664;1101.278426324999;292.0;20.0;;5360.0;5652.0
5368.0;1629.617919921875;1095.963134765625;0.6352314949035645;0.778892457485199;0.6365694999694824;0.7610855102539062;2.9830474853515625;2.8627166748046875;Fixation;1600.4906999742664;1101.278426324999;292.0;20.0;;5360.0;5652.0
5372.0;1633.0012512207031;1099.4542980194092;0.6380627751350403;0.7762302160263062;0.6378911137580872;0.7635099291801453;2.97259521484375;2.835968017578125;Fixation;1600.4906999742664;1101.278426324999;292.0;20.0;;5360.0;5652.0
5376.0;1613.8597106933594;1090.1995182037354;0.6337776184082031;0.7795825600624084;0.6304139494895935;0.757082998752594;2.9619293212890625;2.8371124267578125;Fixation;1600.4906999742664;1101.278426324999;292.0;20.0;;5360.0;5652.0
5380.0;1587.8427124023438;1091.6709995269775;0.6294238567352295;0.7741729617118835;0.6202510595321655;0.7581048607826233;2.9742584228515625;2.8448638916015625;Fixation;1600.4906999742664;1101.278426324999;292.0;20.0;;5360.0;5652.0
5384.0;1598.0076599121094;1098.9594841003418;0.6240764856338501;0.7663114070892334;0.6242217421531677;0.7631663084030151;2.9656524658203125;2.861190795898437;Fixation;1600.4906999742664;1101.278426324999;292.0;20.0;;5360.0;5652.0
5388.0;1598.4788513183594;1090.1105117797852;0.6249812841415405;0.765129029750824;0.6244058012962341;0.7570211887359619;2.985702514648437;2.8323516845703125;Fixation;1600.4906999742664;1101.278426324999;292.0;20.0;;5360.0;5652.0
5392.0;1590.3825378417969;1107.5113105773926;0.6237258315086365;0.7670361995697021;0.6212431788444519;0.769105076789856;2.971435546875;2.867523193359375;Fixation;1600.4906999742664;1101.278426324999;292.0;20.0;;5360.0;5652.0
5396.0;1597.8762817382812;1101.020622253418;0.6277577877044678;0.7707443237304688;0.6241704225540161;0.7645976543426514;2.962005615234375;2.8591766357421875;Fixation;1600.4906999742664;1101.278426324999;292.0;20.0;;5360.0;5652.0
5400.0;1610.0938415527344;1098.385705947876;0.6300755739212036;0.7691120505332947;0.6289429068565369;0.7627678513526917;2.962860107421875;2.85748291015625;Fixation;1600.4906999742664;1101.278426324999;292.0;20.0;;5360.0;5652.0
5404.0;1598.2574462890625;1100.4036712646484;0.6284958720207214;0.7783379554748535;0.624319314956665;0.7641692161560059;2.975921630859375;2.863388061523437;Fixation;1600.4906999742664;1101.278426324999;292.0;20.0;;5360.0;5652.0
5408.0;1593.7319946289062;1090.7994747161865;0.6315958499908447;0.7686906456947327;0.6225515604019165;0.757499635219574;2.9669952392578125;2.82647705078125;Fixation;1600.4906999742664;1101.278426324999;292.0;20.0;;5360.0;5652.0
5412.0;1604.8046875;1095.6993770599365;0.6318212151527405;0.7770437002182007;0.6268768310546875;0.7609023451805115;2.967376708984375;2.854034423828125;Fixation;1600.4906999742664;1101.278426324999;292.0;20.0;;5360.0;5652.0
5416.0;1608.1723022460938;1102.443609237671;0.6297279596328735;0.7784203290939331;0.6281923055648804;0.7655858397483826;2.994369506835937;2.872787475585937;Fixation;1600.4906999742664;1101.278426324999;292.0;20.0;;5360.0;5652.0
5420.0;1600.9832763671875;1097.0334434509277;0.6293113231658936;0.7767642140388489;0.6253840923309326;0.7618287801742554;2.983871459960937;2.834869384765625;Fixation;1600.4906999742664;1101.278426324999;292.0;20.0;;5360.0;5652.0
5424.0;1599.503173828125;1106.3035011291504;0.631919801235199;0.770748496055603;0.6248059272766113;0.7682663202285767;2.983184814453125;2.8582763671875;Fixation;1600.4906999742664;1101.278426324999;292.0;20.0;;5360.0;5652.0
5428.0;1603.9913940429688;1103.2079315185547;0.6297275424003601;0.7732139229774475;0.6265591382980347;0.7661166191101074;2.973846435546875;2.8730621337890625;Fixation;1600.4906999742664;1101.278426324999;292.0;20.0;;5360.0;5652.0
5432.0;1607.6390075683594;1093.4849452972412;0.6280472874641418;0.7749136090278625;0.6279839873313904;0.7593645453453064;2.97845458984375;2.829010009765625;Fixation;1600.4906999742664;1101.278426324999;292.0;20.0;;5360.0;5652.0
5436.0;1596.0690307617188;1099.4019412994385;0.6342061161994934;0.7735215425491333;0.6234644651412964;0.7634735703468323;2.979644775390625;2.835479736328125;Fixation;1600.4906999742664;1101.278426324999;292.0;20.0;;5360.0;5652.0
5440.0;1593.3132934570312;1084.2429542541504;0.6303992867469788;0.7777161598205566;0.6223880052566528;0.7529464960098267;3.0026092529296875;2.830307006835937;Fixation;1600.4906999742664;1101.278426324999;292.0;20.0;;5360.0;5652.0
5444.0;1598.7954711914062;1097.2242450714111;0.6296433806419373;0.7781873345375061;0.6245294809341431;0.7619612812995911;2.978912353515625;2.8315582275390625;Fixation;1600.4906999742664;1101.278426324999;292.0;20.0;;5360.0;5652.0
5448.0;1605.0372314453125;1096.346197128296;0.631598949432373;0.7779021859169006;0.6269676685333252;0.7613515257835388;2.9796142578125;2.8514862060546875;Fixation;1600.4906999742664;1101.278426324999;292.0;20.0;;5360.0;5652.0
5452.0;1599.3069458007812;1112.1067714691162;0.6306783556938171;0.7738849520683289;0.6247292757034302;0.7722963690757751;2.9762115478515625;2.8656463623046875;Fixation;1600.4906999742664;1101.278426324999;292.0;20.0;;5360.0;5652.0
5456.0;1602.8660583496094;1103.92427444458;0.633532702922821;0.775114893913269;0.6261195540428162;0.7666140794754028;2.96734619140625;2.847442626953125;Fixation;1600.4906999742664;1101.278426324999;292.0;20.0;;5360.0;5652.0
5460.0;1604.43603515625;1093.5488033294678;0.629339337348938;0.7852203845977783;0.6267328262329102;0.7594088912010193;2.990585327148437;2.850311279296875;Fixation;1600.4906999742664;1101.278426324999;292.0;20.0;;5360.0;5652.0
5464.0;1594.0000915527344;1095.402660369873;0.6324173212051392;0.7732135653495789;0.6226562857627869;0.760696291923523;2.9720001220703125;2.8408355712890625;Fixation;1600.4906999742664;1101.278426324999;292.0;20.0;;5360.0;5652.0
5468.0;1604.423828125;1096.6785335540771;0.6311134099960327;0.7715805768966675;0.6267280578613281;0.7615823149681091;2.9816131591796875;2.8448028564453125;Fixation;1600.4906999742664;1101.278426324999;292.0;20.0;;5360.0;5652.0
5472.0;1606.9447326660156;1095.663242340088;0.6337311863899231;0.7770954966545105;0.6277127861976624;0.760877251625061;2.971054077148437;2.8503875732421875;Fixation;1600.4906999742664;1101.278426324999;292.0;20.0;;5360.0;5652.0
5476.0;1606.1906433105469;1105.2837467193604;0.6293750405311584;0.7790047526359558;0.6274182200431824;0.7675581574440002;2.9922332763671875;2.860626220703125;Fixation;1600.4906999742664;1101.278426324999;292.0;20.0;;5360.0;5652.0
5480.0;1595.6806945800781;1101.4109802246094;0.630391001701355;0.7834217548370361;0.623312771320343;0.7648687362670898;2.9974365234375;2.845062255859375;Fixation;1600.4906999742664;1101.278426324999;292.0;20.0;;5360.0;5652.0
5484.0;1594.346923828125;1094.5448684692383;0.6303876042366028;0.7888291478157043;0.6227917671203613;0.7601006031036377;3.004135131835937;2.8533477783203125;Fixation;1600.4906999742664;1101.278426324999;292.0;20.0;;5360.0;5652.0
5488.0;1601.2026977539062;1089.3872165679932;0.6327999234199524;0.7698684930801392;0.6254698038101196;0.7565189003944397;2.9885711669921875;2.8465576171875;Fixation;1600.4906999742664;1101.278426324999;292.0;20.0;;5360.0;5652.0
5492.0;1594.6308898925781;1092.6513576507568;0.6314154267311096;0.7697991132736206;0.6229026913642883;0.7587856650352478;2.981903076171875;2.8484344482421875;Fixation;1600.4906999742664;1101.278426324999;292.0;20.0;;5360.0;5652.0
5496.0;1600.7780456542969;1102.3889350891113;0.6331596374511719;0.7763371467590332;0.6253039240837097;0.7655478715896606;2.99359130859375;2.8480224609375;Fixation;1600.4906999742664;1101.278426324999;292.0;20.0;;5360.0;5652.0
5500.0;1602.0448303222656;1103.9394664764404;0.6273233294487;0.7735802531242371;0.625798761844635;0.7666246294975281;2.993927001953125;2.85662841796875;Fixation;1600.4906999742664;1101.278426324999;292.0;20.0;;5360.0;5652.0
5504.0;1614.6969604492188;1107.4132919311523;0.6267712712287903;0.777991771697998;0.6307410001754761;0.7690370082855225;2.9976348876953125;2.8455810546875;Fixation;1600.4906999742664;1101.278426324999;292.0;20.0;;5360.0;5652.0
5508.0;1598.9845275878906;1100.7984924316406;0.6302124261856079;0.7802894115447998;0.6246033310890198;0.7644433975219727;2.973724365234375;2.842010498046875;Fixation;1600.4906999742664;1101.278426324999;292.0;20.0;;5360.0;5652.0
5512.0;1595.1708984375;1104.6643924713135;0.6314412951469421;0.7710573673248291;0.6231136322021484;0.767128050327301;2.962493896484375;2.8675079345703125;Fixation;1600.4906999742664;1101.278426324999;292.0;20.0;;5360.0;5652.0
5516.0;1599.9522399902344;1099.1103744506836;0.6321487426757812;0.7777284383773804;0.6249813437461853;0.7632710933685303;2.98834228515625;2.831771850585937;Fixation;1600.4906999742664;1101.278426324999;292.0;20.0;;5360.0;5652.0
5520.0;1613.8206481933594;1102.2998428344727;0.6316215991973877;0.7763919830322266;0.630398690700531;0.7654860019683838;2.9862823486328125;2.8641815185546875;Fixation;1600.4906999742664;1101.278426324999;292.0;20.0;;5360.0;5652.0
5524.0;1609.8526000976562;1095.4504680633545;0.6306028366088867;0.7769165635108948;0.628848671913147;0.7607294917106628;3.009857177734375;2.84832763671875;Fixation;1600.4906999742664;1101.278426324999;292.0;20.0;;5360.0;5652.0
5528.0;1601.7620849609375;1107.43483543396;0.6312109231948853;0.7736066579818726;0.6256883144378662;0.7690519690513611;2.987899780273437;2.864105224609375;Fixation;1600.4906999742664;1101.278426324999;292.0;20.0;;5360.0;5652.0
5532.0;1599.7819519042969;1102.859287261963;0.6307839155197144;0.7827895879745483;0.624914824962616;0.7658745050430298;3.0162506103515625;2.860565185546875;Fixation;1600.4906999742664;1101.278426324999;292.0;20.0;;5360.0;5652.0
5536.0;1603.5969543457031;1106.106948852539;0.6301798224449158;0.7722303867340088;0.6264050602912903;0.768129825592041;2.9949951171875;2.8631591796875;Fixation;1600.4906999742664;1101.278426324999;292.0;20.0;;5360.0;5652.0
5540.0;1604.2630004882812;1104.7385501861572;0.6317398548126221;0.7800431251525879;0.6266652345657349;0.767179548740387;2.982162475585937;2.8575592041015625;Fixation;1600.4906999742664;1101.278426324999;292.0;20.0;;5360.0;5652.0
5544.0;1598.9884948730469;1106.1649703979492;0.629773736000061;0.7751634120941162;0.6246048808097839;0.7681701183319092;2.9882354736328125;2.8662567138671875;Fixation;1600.4906999742664;1101.278426324999;292.0;20.0;;5360.0;5652.0
5548.0;1605.0509643554688;1096.633129119873;0.6269011497497559;0.7769139409065247;0.626973032951355;0.761550784111023;3.007080078125;2.856903076171875;Fixation;1600.4906999742664;1101.278426324999;292.0;20.0;;5360.0;5652.0
5552.0;1595.7192993164062;1103.6217212677002;0.6287849545478821;0.7755870223045349;0.6233278512954712;0.7664039731025696;2.9905548095703125;2.8529052734375;Fixation;1600.4906999742664;1101.278426324999;292.0;20.0;;5360.0;5652.0
5556.0;1595.4777526855469;1097.213945388794;0.6340445280075073;0.7785715460777283;0.6232334971427917;0.761954128742218;2.992279052734375;2.8578338623046875;Fixation;1600.4906999742664;1101.278426324999;292.0;20.0;;5360.0;5652.0
5560.0;1602.6858520507812;1107.2755336761475;0.6312607526779175;0.7754760384559631;0.6260491609573364;0.768941342830658;3.007049560546875;2.8486480712890625;Fixation;1600.4906999742664;1101.278426324999;292.0;20.0;;5360.0;5652.0
5564.0;1594.9212646484375;1106.2142372131348;0.634012758731842;0.7763804793357849;0.6230161190032959;0.7682043313980103;2.982894897460937;2.8599090576171875;Fixation;1600.4906999742664;1101.278426324999;292.0;20.0;;5360.0;5652.0
5568.0;1600.8467102050781;1104.7069644927979;0.6318972110748291;0.7766789793968201;0.6253307461738586;0.7671576142311096;2.9911651611328125;2.847076416015625;Fixation;1600.4906999742664;1101.278426324999;292.0;20.0;;5360.0;5652.0
5572.0;1589.1384887695312;1094.6478652954102;0.6291172504425049;0.7777109742164612;0.6207572221755981;0.7601721286773682;3.0037384033203125;2.8397979736328125;Fixation;1600.4906999742664;1101.278426324999;292.0;20.0;;5360.0;5652.0
5576.0;1592.7836608886719;1109.001932144165;0.6286294460296631;0.7817397117614746;0.6221811175346375;0.7701402306556702;3.0196990966796875;2.8577423095703125;Fixation;1600.4906999742664;1101.278426324999;292.0;20.0;;5360.0;5652.0
5580.0;1594.7042846679688;1111.8825817108154;0.6327263712882996;0.7787145376205444;0.6229313611984253;0.7721406817436218;2.99432373046875;2.869537353515625;Fixation;1600.4906999742664;1101.278426324999;292.0;20.0;;5360.0;5652.0
5584.0;1581.7131042480469;1112.5174713134766;0.6332367658615112;0.7679069638252258;0.6178566813468933;0.7725815773010254;2.99365234375;2.872177124023437;Fixation;1600.4906999742664;1101.278426324999;292.0;20.0;;5360.0;5652.0
5588.0;1591.8522644042969;1103.510570526123;0.633729100227356;0.7795329093933105;0.6218172907829285;0.7663267850875854;3.005950927734375;2.8640899658203125;Fixation;1600.4906999742664;1101.278426324999;292.0;20.0;;5360.0;5652.0
5592.0;1600.5778503417969;1110.062026977539;0.6306963562965393;0.774124026298523;0.6252257227897644;0.770876407623291;3.026092529296875;2.861572265625;Fixation;1600.4906999742664;1101.278426324999;292.0;20.0;;5360.0;5652.0
5596.0;1592.7449035644531;1108.7102794647217;0.6344162821769714;0.779476523399353;0.6221659779548645;0.7699376940727234;3.015853881835937;2.861236572265625;Fixation;1600.4906999742664;1101.278426324999;292.0;20.0;;5360.0;5652.0
5600.0;1590.7098388671875;1105.5867290496826;0.6308626532554626;0.7769898772239685;0.6213710308074951;0.7677685618400574;3.00897216796875;2.8846435546875;Fixation;1600.4906999742664;1101.278426324999;292.0;20.0;;5360.0;5652.0
5604.0;1599.8306274414062;1099.5683670043945;0.634465754032135;0.7722698450088501;0.6249338388442993;0.7635891437530518;2.999908447265625;2.8562164306640625;Fixation;1600.4906999742664;1101.278426324999;292.0;20.0;;5360.0;5652.0
5608.0;1594.9324035644531;1113.746566772461;0.6291822195053101;0.7746531367301941;0.6230204701423645;0.773435115814209;3.0099334716796875;2.86395263671875;Fixation;1600.4906999742664;1101.278426324999;292.0;20.0;;5360.0;5652.0
5612.0;1594.97802734375;1101.4302062988281;0.6279933452606201;0.7755317687988281;0.6230382919311523;0.7648820877075195;3.0074920654296875;2.8472900390625;Fixation;1600.4906999742664;1101.278426324999;292.0;20.0;;5360.0;5652.0
5616.0;1600.4608154296875;1099.1496849060059;0.6245308518409729;0.7793545722961426;0.6251800060272217;0.7632983922958374;3.0155792236328125;2.864013671875;Fixation;1600.4906999742664;1101.278426324999;292.0;20.0;;5360.0;5652.0
5620.0;1601.7538452148438;1099.074068069458;0.6286831498146057;0.7734346389770508;0.6256850957870483;0.7632458806037903;3.002593994140625;2.855087280273437;Fixation;1600.4906999742664;1101.278426324999;292.0;20.0;;5360.0;5652.0
5624.0;1602.0692443847656;1111.3834762573242;0.6278521418571472;0.7763368487358093;0.6258082985877991;0.7717940807342529;3.008758544921875;2.892578125;Fixation;1600.4906999742664;1101.278426324999;292.0;20.0;;5360.0;5652.0
5628.0;1600.5867004394531;1094.906301498413;0.6288216710090637;0.7821893692016602;0.6252291798591614;0.7603515982627869;3.0218505859375;2.863372802734375;Fixation;1600.4906999742664;1101.278426324999;292.0;20.0;;5360.0;5652.0
5632.0;1602.2515869140625;1097.4364185333252;0.6276729702949524;0.7828830480575562;0.6258795261383057;0.7621086239814758;3.01739501953125;2.8623046875;Fixation;1600.4906999742664;1101.278426324999;292.0;20.0;;5360.0;5652.0
5636.0;1605.2699279785156;1091.7815494537354;0.6306900382041931;0.7806743383407593;0.6270585656166077;0.758181631565094;3.00445556640625;2.854217529296875;Fixation;1600.4906999742664;1101.278426324999;292.0;20.0;;5360.0;5652.0
5640.0;1612.5479125976562;1109.2795085906982;0.63319993019104;0.7741415500640869;0.6299015283584595;0.7703329920768738;3.00347900390625;2.8810272216796875;Fixation;1600.4906999742664;1101.278426324999;292.0;20.0;;5360.0;5652.0
5644.0;1601.2286376953125;1105.0279712677002;0.6300005316734314;0.7769854068756104;0.6254799365997314;0.7673805356025696;3.0147857666015625;2.863861083984375;Fixation;1600.4906999742664;1101.278426324999;292.0;20.0;;5360.0;5652.0
5648.0;1613.1600952148438;1100.0527954101562;0.6347204446792603;0.7764339447021484;0.6301406621932983;0.7639255523681641;3.0068359375;2.856430053710937;Fixation;1600.4906999742664;1101.278426324999;292.0;20.0;;5360.0;5652.0
5652.0;1625.4295349121094;1111.9586277008057;0.6413371562957764;0.7762758731842041;0.6349334120750427;0.7721934914588928;3.0149688720703125;2.886581420898437;Fixation;1600.4906999742664;1101.278426324999;292.0;20.0;;5360.0;5652.0
5656.0;1670.2265930175781;1120.4756927490234;0.6654563546180725;0.7727027535438538;0.6524322628974915;0.7781081199645996;3.0112762451171875;2.89398193359375;Fixation;1728.1434258355034;1114.1917819976807;176.0;21.0;;5656.0;5832.0
5660.0;1701.9392395019531;1113.420753479004;0.6754129528999329;0.7758141756057739;0.6648200154304504;0.7732088565826416;3.023056030273437;2.8925018310546875;Fixation;1728.1434258355034;1114.1917819976807;176.0;21.0;;5656.0;5832.0
5664.0;1728.612060546875;1118.2670974731445;0.6822737455368042;0.7793311476707458;0.675239086151123;0.7765743732452393;3.0262908935546875;2.9115142822265625;Fixation;1728.1434258355034;1114.1917819976807;176.0;21.0;;5656.0;5832.0
5668.0;1738.1170654296875;1110.9593868255615;0.6850753426551819;0.7758895754814148;0.6789519786834717;0.7714995741844177;3.039657592773437;2.8888702392578125;Fixation;1728.1434258355034;1114.1917819976807;176.0;21.0;;5656.0;5832.0
5672.0;1737.6789855957031;1115.8752536773682;0.687285840511322;0.7749852538108826;0.6787808537483215;0.7749133706092834;3.009262084960937;2.91156005859375;Fixation;1728.1434258355034;1114.1917819976807;176.0;21.0;;5656.0;5832.0
5676.0;1725.7980346679688;1120.6339645385742;0.6905278563499451;0.7820291519165039;0.6741398572921753;0.7782180309295654;3.0318756103515625;2.9133758544921875;Fixation;1728.1434258355034;1114.1917819976807;176.0;21.0;;5656.0;5832.0
5680.0;1729.5928955078125;1114.7901821136475;0.6832647323608398;0.777681291103363;0.6756222248077393;0.774159848690033;3.027572631835937;2.884506225585937;Fixation;1728.1434258355034;1114.1917819976807;176.0;21.0;;5656.0;5832.0
5684.0;1722.890625;1115.2171039581299;0.6785810589790344;0.776238203048706;0.673004150390625;0.7744563221931458;3.015960693359375;2.8952178955078125;Fixation;1728.1434258355034;1114.1917819976807;176.0;21.0;;5656.0;5832.0
5688.0;1720.1300048828125;1109.1329956054688;0.6836553812026978;0.7804276347160339;0.6719257831573486;0.7702312469482422;3.0114288330078125;2.891586303710937;Fixation;1728.1434258355034;1114.1917819976807;176.0;21.0;;5656.0;5832.0
5692.0;1727.0765686035156;1114.5950889587402;0.6822789311408997;0.775421142578125;0.6746392846107483;0.7740243673324585;3.02178955078125;2.9009552001953125;Fixation;1728.1434258355034;1114.1917819976807;176.0;21.0;;5656.0;5832.0
5696.0;1715.9625244140625;1115.953016281128;0.6807789206504822;0.7789990305900574;0.6702978610992432;0.77496737241745;3.0144805908203125;2.909530639648437;Fixation;1728.1434258355034;1114.1917819976807;176.0;21.0;;5656.0;5832.0
5700.0;1715.8338928222656;1112.3461532592773;0.6789963841438293;0.7761693596839905;0.6702476143836975;0.7724626064300537;3.0142059326171875;2.9044647216796875;Fixation;1728.1434258355034;1114.1917819976807;176.0;21.0;;5656.0;5832.0
5704.0;1727.4168395996094;1107.4649620056152;0.6830066442489624;0.7757869362831116;0.6747722029685974;0.7690728902816772;3.018096923828125;2.906845092773437;Fixation;1728.1434258355034;1114.1917819976807;176.0;21.0;;5656.0;5832.0
5708.0;1724.5072937011719;1108.0067253112793;0.6839187145233154;0.7747849822044373;0.6736356616020203;0.7694491147994995;2.991561889648437;2.8881988525390625;Fixation;1728.1434258355034;1114.1917819976807;176.0;21.0;;5656.0;5832.0
5712.0;1722.8155517578125;1107.154598236084;0.6802978515625;0.7760348916053772;0.6729748249053955;0.7688573598861694;3.019775390625;2.8966217041015625;Fixation;1728.1434258355034;1114.1917819976807;176.0;21.0;;5656.0;5832.0
5716.0;1723.0058288574219;1115.70951461792;0.6825751066207886;0.7750657796859741;0.6730491518974304;0.7747982740402222;3.0124053955078125;2.904037475585937;Fixation;1728.1434258355034;1114.1917819976807;176.0;21.0;;5656.0;5832.0
5720.0;1725.4045104980469;1111.1218643188477;0.6835101246833801;0.7748756408691406;0.6739861369132996;0.7716124057769775;3.0076446533203125;2.8970947265625;Fixation;1728.1434258355034;1114.1917819976807;176.0;21.0;;5656.0;5832.0
5724.0;1725.6613159179688;1113.6087226867676;0.6794961094856262;0.7791900038719177;0.6740864515304565;0.7733393907546997;3.02362060546875;2.8983154296875;Fixation;1728.1434258355034;1114.1917819976807;176.0;21.0;;5656.0;5832.0
5728.0;1729.6195983886719;1106.2836742401123;0.6805817484855652;0.7795981764793396;0.675632655620575;0.7682525515556335;3.0294189453125;2.8834228515625;Fixation;1728.1434258355034;1114.1917819976807;176.0;21.0;;5656.0;5832.0
5732.0;1733.4947204589844;1108.9081192016602;0.6825186610221863;0.7743585109710693;0.6771463751792908;0.7700750827789307;3.0232086181640625;2.887435913085937;Fixation;1728.1434258355034;1114.1917819976807;176.0;21.0;;5656.0;5832.0
5736.0;1725.1350402832031;1117.3923969268799;0.6825109720230103;0.7780916690826416;0.6738808751106262;0.7759669423103333;3.014144897460937;2.8955535888671875;Fixation;1728.1434258355034;1114.1917819976807;176.0;21.0;;5656.0;5832.0
5740.0;1726.5324401855469;1118.0001640319824;0.6803865432739258;0.7780570983886719;0.6744267344474792;0.7763890027999878;3.0150604248046875;2.9112548828125;Fixation;1728.1434258355034;1114.1917819976807;176.0;21.0;;5656.0;5832.0
5744.0;1725.63232421875;1114.9431324005127;0.6793537735939026;0.7789070010185242;0.6740751266479492;0.7742660641670227;3.02410888671875;2.895751953125;Fixation;1728.1434258355034;1114.1917819976807;176.0;21.0;;5656.0;5832.0
5748.0;1726.3485717773438;1122.0767784118652;0.6823673844337463;0.774965763092041;0.6743549108505249;0.7792199850082397;3.0251617431640625;2.908660888671875;Fixation;1728.1434258355034;1114.1917819976807;176.0;21.0;;5656.0;5832.0
5752.0;1732.7719116210938;1117.9929542541504;0.6825998425483704;0.7758262753486633;0.6768640279769897;0.7763839960098267;3.0115203857421875;2.9114227294921875;Fixation;1728.1434258355034;1114.1917819976807;176.0;21.0;;5656.0;5832.0
5756.0;1728.7803649902344;1108.0999374389648;0.6822240352630615;0.7741650342941284;0.6753048300743103;0.7695138454437256;3.021759033203125;2.895172119140625;Fixation;1728.1434258355034;1114.1917819976807;176.0;21.0;;5656.0;5832.0
5760.0;1736.4253234863281;1109.739646911621;0.6830156445503235;0.7659980654716492;0.6782911419868469;0.7706525325775146;3.0139312744140625;2.883056640625;Fixation;1728.1434258355034;1114.1917819976807;176.0;21.0;;5656.0;5832.0
5764.0;1731.0505676269531;1112.0886611938477;0.6806460618972778;0.7766380906105042;0.6761916279792786;0.7722837924957275;3.028961181640625;2.903350830078125;Fixation;1728.1434258355034;1114.1917819976807;176.0;21.0;;5656.0;5832.0
5768.0;1733.8177490234375;1110.695972442627;0.6816801428794861;0.7742486000061035;0.6772725582122803;0.771316647529602;3.024261474609375;2.890777587890625;Fixation;1728.1434258355034;1114.1917819976807;176.0;21.0;;5656.0;5832.0
5772.0;1729.18212890625;1111.3627910614014;0.680141031742096;0.7693970203399658;0.6754617691040039;0.7717797160148621;3.004379272460937;2.9029693603515625;Fixation;1728.1434258355034;1114.1917819976807;176.0;21.0;;5656.0;5832.0
5776.0;1735.3326416015625;1118.5251903533936;0.6819588541984558;0.7788258194923401;0.6778643131256104;0.7767536044120789;3.01177978515625;2.8958892822265625;Fixation;1728.1434258355034;1114.1917819976807;176.0;21.0;;5656.0;5832.0
5780.0;1744.7348022460938;1107.8329181671143;0.6825540661811829;0.77390456199646;0.6815370321273804;0.7693284153938293;3.00396728515625;2.8905029296875;Fixation;1728.1434258355034;1114.1917819976807;176.0;21.0;;5656.0;5832.0
5784.0;1731.4385986328125;1118.393955230713;0.6789758205413818;0.7820423245429993;0.6763432025909424;0.7766624689102173;3.00592041015625;2.890869140625;Fixation;1728.1434258355034;1114.1917819976807;176.0;21.0;;5656.0;5832.0
5788.0;1736.3447570800781;1123.847894668579;0.6831363439559937;0.7711535692214966;0.6782596707344055;0.7804499268531799;2.9929962158203125;2.907257080078125;Fixation;1728.1434258355034;1114.1917819976807;176.0;21.0;;5656.0;5832.0
5792.0;1734.4017028808594;1107.1376037597656;0.6823480725288391;0.7754830121994019;0.6775006651878357;0.7688455581665039;3.01165771484375;2.8781280517578125;Fixation;1728.1434258355034;1114.1917819976807;176.0;21.0;;5656.0;5832.0
5796.0;1741.2226867675781;1113.8792610168457;0.6815343499183655;0.7752912640571594;0.6801651120185852;0.7735272645950317;3.0238800048828125;2.8889617919921875;Fixation;1728.1434258355034;1114.1917819976807;176.0;21.0;;5656.0;5832.0
5800.0;1735.1802062988281;1117.2001361846924;0.6818848252296448;0.780718982219696;0.6778047680854797;0.7758334279060364;3.02001953125;2.8752593994140625;Fixation;1728.1434258355034;1114.1917819976807;176.0;21.0;;5656.0;5832.0
5804.0;1728.9912414550781;1124.5979690551758;0.682314932346344;0.7752552628517151;0.6753872036933899;0.7809708118438721;3.0051422119140625;2.887191772460937;Fixation;1728.1434258355034;1114.1917819976807;176.0;21.0;;5656.0;5832.0
5808.0;1735.6593322753906;1114.8667430877686;0.6811825633049011;0.7767590880393982;0.6779919266700745;0.7742130160331726;2.993865966796875;2.9105377197265625;Fixation;1728.1434258355034;1114.1917819976807;176.0;21.0;;5656.0;5832.0
5812.0;1734.6505737304688;1115.009994506836;0.6792416572570801;0.7790238857269287;0.6775978803634644;0.7743124961853027;2.996932983398437;2.8906707763671875;Fixation;1728.1434258355034;1114.1917819976807;176.0;21.0;;5656.0;5832.0
5816.0;1733.3718872070312;1112.069435119629;0.6768301129341125;0.7817690372467041;0.6770983934402466;0.7722704410552979;3.01507568359375;2.868011474609375;Fixation;1728.1434258355034;1114.1917819976807;176.0;21.0;;5656.0;5832.0
5820.0;1727.0326232910156;1114.2164039611816;0.684333860874176;0.7747015357017517;0.674622118473053;0.7737613916397095;3.0074920654296875;2.8712158203125;Fixation;1728.1434258355034;1114.1917819976807;176.0;21.0;;5656.0;5832.0
5824.0;1723.5580444335938;1112.8338432312012;0.6806833148002625;0.7746843695640564;0.6732648611068726;0.7728012800216675;2.994232177734375;2.880126953125;Fixation;1728.1434258355034;1114.1917819976807;176.0;21.0;;5656.0;5832.0
5828.0;1731.9551086425781;1103.7739849090576;0.6812556982040405;0.7715523838996887;0.6765449643135071;0.7665097117424011;2.998748779296875;2.871810913085937;Fixation;1728.1434258355034;1114.1917819976807;176.0;21.0;;5656.0;5832.0
5832.0;1751.119384765625;1132.1275520324707;0.6836708188056946;0.7763450145721436;0.6840310096740723;0.786199688911438;3.002059936523437;2.916168212890625;Fixation;1728.1434258355034;1114.1917819976807;176.0;21.0;;5656.0;5832.0
5836.0;1772.3048400878906;1105.8132362365723;0.6954641342163086;0.7741284966468811;0.6923065781593323;0.7679258584976196;3.0153045654296875;2.891448974609375;Saccade;;;84.0;;9.0;5836.0;5920.0
5840.0;1787.2547912597656;1107.5491619110107;0.7048458456993103;0.7774149179458618;0.698146402835846;0.7691313624382019;3.019271850585937;2.890655517578125;Saccade;;;84.0;;9.0;5836.0;5920.0
5844.0;1800.2769470214844;1118.3875179290771;0.7103651762008667;0.7801085710525513;0.7032331824302673;0.7766579985618591;2.99749755859375;2.901351928710937;Saccade;;;84.0;;9.0;5836.0;5920.0
5848.0;1790.1695251464844;1117.1891498565674;0.7046350240707397;0.7742224931716919;0.6992849707603455;0.7758257985115051;3.0233917236328125;2.8959503173828125;Saccade;;;84.0;;9.0;5836.0;5920.0
5852.0;1783.931884765625;1126.5516471862793;0.7061025500297546;0.7751262784004211;0.6968483924865723;0.7823275327682495;3.0151519775390625;2.912353515625;Saccade;;;84.0;;9.0;5836.0;5920.0
5856.0;1780.4658508300781;1132.9053497314453;0.703502357006073;0.7765387892723083;0.6954944729804993;0.7867398262023926;3.01507568359375;2.910308837890625;Saccade;;;84.0;;9.0;5836.0;5920.0
5860.0;1779.9464416503906;1120.6340503692627;0.7026752829551697;0.7804955840110779;0.6952915787696838;0.7782180905342102;3.020126342773437;2.8927001953125;Saccade;;;84.0;;9.0;5836.0;5920.0
5864.0;1786.3661193847656;1126.4981746673584;0.6958361268043518;0.7799978852272034;0.6977992653846741;0.7822903990745544;3.019638061523437;2.90191650390625;Saccade;;;84.0;;9.0;5836.0;5920.0
5868.0;1783.5003662109375;1112.806806564331;0.698638379573822;0.7709434628486633;0.6966798305511475;0.7727825045585632;3.0092315673828125;2.9085235595703125;Saccade;;;84.0;;9.0;5836.0;5920.0
5872.0;1791.0932922363281;1125.481939315796;0.7016045451164246;0.7856215238571167;0.6996458172798157;0.7815846800804138;3.02215576171875;2.9076385498046875;Saccade;;;84.0;;9.0;5836.0;5920.0
5876.0;1791.0855102539062;1121.6790390014648;0.7013868093490601;0.7833873629570007;0.6996427774429321;0.7789437770843506;3.01849365234375;2.8813018798828125;Saccade;;;84.0;;9.0;5836.0;5920.0
5880.0;1783.6808776855469;1118.5748863220215;0.7017302513122559;0.7805936336517334;0.6967503428459167;0.7767881155014038;3.0271453857421875;2.8804473876953125;Saccade;;;84.0;;9.0;5836.0;5920.0
5884.0;1793.8087463378906;1123.2103443145752;0.7003108859062195;0.773012638092041;0.7007065415382385;0.7800071835517883;3.0111236572265625;2.891143798828125;Saccade;;;84.0;;9.0;5836.0;5920.0
5888.0;1785.8668518066406;1126.3342380523682;0.700309157371521;0.7701184153556824;0.697604238986969;0.7821765542030334;3.004608154296875;2.8870849609375;Saccade;;;84.0;;9.0;5836.0;5920.0
5892.0;1784.7329711914062;1119.3356895446777;0.7003573179244995;0.7832131385803223;0.6971613168716431;0.7773164510726929;3.0165252685546875;2.886505126953125;Saccade;;;84.0;;9.0;5836.0;5920.0
5896.0;1787.1092224121094;1123.2083702087402;0.7012600302696228;0.7789954543113708;0.6980895400047302;0.7800058126449585;3.033676147460937;2.879486083984375;Saccade;;;84.0;;9.0;5836.0;5920.0
5900.0;1788.5548400878906;1126.369686126709;0.7015002369880676;0.772961437702179;0.6986542344093323;0.7822011709213257;2.992156982421875;2.907196044921875;Saccade;;;84.0;;9.0;5836.0;5920.0
5904.0;1788.4669494628906;1129.9496841430664;0.7004695534706116;0.782923698425293;0.6986199021339417;0.7846872806549072;3.020004272460937;2.88800048828125;Saccade;;;84.0;;9.0;5836.0;5920.0
5908.0;1786.4115905761719;1115.3753757476807;0.699674665927887;0.7781856656074524;0.6978170275688171;0.7745662331581116;3.013900756835937;2.892822265625;Saccade;;;84.0;;9.0;5836.0;5920.0
5912.0;1788.228759765625;1116.472635269165;0.6994678378105164;0.7761319279670715;0.6985268592834473;0.7753282189369202;3.0191650390625;2.88079833984375;Saccade;;;84.0;;9.0;5836.0;5920.0
5916.0;1781.8046569824219;1119.40993309021;0.6948390603065491;0.7826712727546692;0.6960174441337585;0.7773680090904236;3.0385284423828125;2.896087646484375;Saccade;;;84.0;;9.0;5836.0;5920.0
5920.0;1742.6148986816406;1116.91011428833;0.6803168654441833;0.7808821201324463;0.6807089447975159;0.7756320238113403;3.026718139648437;2.880706787109375;Saccade;;;84.0;;9.0;5836.0;5920.0
5924.0;1695.8000183105469;1108.550205230713;0.6707233786582947;0.7798715233802795;0.6624218821525574;0.7698265314102173;3.016220092773437;2.8549041748046875;Fixation;1690.4136444801509;1120.7847231487895;168.0;22.0;;5924.0;6092.0
5928.0;1686.0171508789062;1110.8077239990234;0.6621716618537903;0.7801204323768616;0.6586004495620728;0.7713942527770996;3.009140014648437;2.8828125;Fixation;1690.4136444801509;1120.7847231487895;168.0;22.0;;5924.0;6092.0
5932.0;1682.650146484375;1115.90726852417;0.6573677659034729;0.7773357033729553;0.657285213470459;0.7749356031417847;3.0233612060546875;2.8765869140625;Fixation;1690.4136444801509;1120.7847231487895;168.0;22.0;;5924.0;6092.0
5936.0;1687.7268981933594;1124.124698638916;0.661746084690094;0.7733964920043945;0.659268319606781;0.7806421518325806;3.018798828125;2.903106689453125;Fixation;1690.4136444801509;1120.7847231487895;168.0;22.0;;5924.0;6092.0
5940.0;1700.401611328125;1103.078842163086;0.6690718531608582;0.7711348533630371;0.6642193794250488;0.7660269737243652;3.0097808837890625;2.882919311523437;Fixation;1690.4136444801509;1120.7847231487895;168.0;22.0;;5924.0;6092.0
5944.0;1701.5663146972656;1109.335298538208;0.6731303334236145;0.7742529511451721;0.6646743416786194;0.7703717350959778;3.01904296875;2.8883209228515625;Fixation;1690.4136444801509;1120.7847231487895;168.0;22.0;;5924.0;6092.0
5948.0;1707.674560546875;1113.4009265899658;0.6719639301300049;0.7826757431030273;0.667060375213623;0.7731950879096985;3.0068511962890625;2.907333374023437;Fixation;1690.4136444801509;1120.7847231487895;168.0;22.0;;5924.0;6092.0
5952.0;1698.7591552734375;1114.1926288604736;0.6712024807929993;0.7777119278907776;0.6635777950286865;0.7737448811531067;3.0170135498046875;2.8928985595703125;Fixation;1690.4136444801509;1120.7847231487895;168.0;22.0;;5924.0;6092.0
5956.0;1702.1943664550781;1116.7996501922607;0.6679010987281799;0.7809963822364807;0.6649196743965149;0.7755553126335144;3.033111572265625;2.8905181884765625;Fixation;1690.4136444801509;1120.7847231487895;168.0;22.0;;5924.0;6092.0
5960.0;1698.34228515625;1113.4283924102783;0.6641558408737183;0.7843242883682251;0.6634149551391602;0.7732141613960266;3.0305633544921875;2.8684844970703125;Fixation;1690.4136444801509;1120.7847231487895;168.0;22.0;;5924.0;6092.0
5964.0;1702.7734375;1122.0238208770752;0.6694967746734619;0.775280237197876;0.6651458740234375;0.7791832089424133;3.0143585205078125;2.8953399658203125;Fixation;1690.4136444801509;1120.7847231487895;168.0;22.0;;5924.0;6092.0
5968.0;1702.7793884277344;1115.948896408081;0.6673625111579895;0.7816790342330933;0.6651481986045837;0.7749645113945007;3.012191772460937;2.8881072998046875;Fixation;1690.4136444801509;1120.7847231487895;168.0;22.0;;5924.0;6092.0
5972.0;1700.7675170898438;1117.7045631408691;0.6671780347824097;0.7774330973625183;0.6643623113632202;0.7761837244033813;3.01300048828125;2.8972625732421875;Fixation;1690.4136444801509;1120.7847231487895;168.0;22.0;;5924.0;6092.0
5976.0;1706.5626525878906;1122.2203731536865;0.6683109402656555;0.7777630090713501;0.6666260361671448;0.779319703578949;3.0160064697265625;2.8953094482421875;Fixation;1690.4136444801509;1120.7847231487895;168.0;22.0;;5924.0;6092.0
5980.0;1704.666748046875;1127.431583404541;0.664355993270874;0.7819530367851257;0.6658854484558105;0.7829385995864868;3.0183258056640625;2.891387939453125;Fixation;1690.4136444801509;1120.7847231487895;168.0;22.0;;5924.0;6092.0
5984.0;1699.7421264648438;1110.3549671173096;0.6669132709503174;0.777733325958252;0.6639617681503296;0.7710798382759094;3.0200653076171875;2.87646484375;Fixation;1690.4136444801509;1120.7847231487895;168.0;22.0;;5924.0;6092.0
5988.0;1697.9690551757812;1122.20552444458;0.6664378046989441;0.778802216053009;0.6632691621780396;0.7793093919754028;3.040557861328125;2.9137725830078125;Fixation;1690.4136444801509;1120.7847231487895;168.0;22.0;;5924.0;6092.0
5992.0;1705.7084655761719;1128.3950328826904;0.6655861735343933;0.78419029712677;0.6662923693656921;0.7836076617240906;3.011474609375;2.90655517578125;Fixation;1690.4136444801509;1120.7847231487895;168.0;22.0;;5924.0;6092.0
5996.0;1698.5957336425781;1122.733383178711;0.666266918182373;0.7816493511199951;0.6635139584541321;0.7796759605407715;3.01824951171875;2.881805419921875;Fixation;1690.4136444801509;1120.7847231487895;168.0;22.0;;5924.0;6092.0
6000.0;1688.6399841308594;1114.34326171875;0.6676661372184753;0.7794607281684875;0.6596249938011169;0.7738494873046875;3.0261993408203125;2.8818511962890625;Fixation;1690.4136444801509;1120.7847231487895;168.0;22.0;;5924.0;6092.0
6004.0;1698.3139038085938;1122.107334136963;0.6672871708869934;0.779087245464325;0.6634038686752319;0.7792412042617798;3.027679443359375;2.8889617919921875;Fixation;1690.4136444801509;1120.7847231487895;168.0;22.0;;5924.0;6092.0
6008.0;1694.8248291015625;1122.6374244689941;0.664577841758728;0.7750101089477539;0.6620409488677979;0.7796093225479126;3.01849365234375;2.900375366210937;Fixation;1690.4136444801509;1120.7847231487895;168.0;22.0;;5924.0;6092.0
6012.0;1702.8764343261719;1117.465353012085;0.6656221151351929;0.7809048295021057;0.6651861071586609;0.7760176062583923;3.01666259765625;2.8951416015625;Fixation;1690.4136444801509;1120.7847231487895;168.0;22.0;;5924.0;6092.0
6016.0;1686.4480590820312;1124.1002368927002;0.6633231043815613;0.7865818738937378;0.6587687730789185;0.7806251645088196;3.037216186523437;2.913681030273437;Fixation;1690.4136444801509;1120.7847231487895;168.0;22.0;;5924.0;6092.0
6020.0;1690.8293151855469;1120.9661293029785;0.6677412390708923;0.7775158286094666;0.6604802012443542;0.7784487009048462;3.01995849609375;2.892807006835937;Fixation;1690.4136444801509;1120.7847231487895;168.0;22.0;;5924.0;6092.0
6024.0;1689.534912109375;1121.4099597930908;0.6664512753486633;0.784454345703125;0.6599745750427246;0.7787569165229797;3.0123291015625;2.8813018798828125;Fixation;1690.4136444801509;1120.7847231487895;168.0;22.0;;5924.0;6092.0
6028.0;1685.7621765136719;1116.6310787200928;0.6660147905349731;0.780590295791626;0.6585008502006531;0.7754382491111755;3.01312255859375;2.889617919921875;Fixation;1690.4136444801509;1120.7847231487895;168.0;22.0;;5924.0;6092.0
6032.0;1689.4886779785156;1128.2559871673584;0.6713753938674927;0.7842192053794861;0.6599565148353577;0.7835111021995544;3.0161895751953125;2.9121551513671875;Fixation;1690.4136444801509;1120.7847231487895;168.0;22.0;;5924.0;6092.0
6036.0;1690.5218505859375;1123.405351638794;0.6671187877655029;0.7790513038635254;0.6603600978851318;0.780142605304718;3.0023193359375;2.897796630859375;Fixation;1690.4136444801509;1120.7847231487895;168.0;22.0;;5924.0;6092.0
6040.0;1688.1651306152344;1125.4370498657227;0.6655569076538086;0.778796374797821;0.6594395041465759;0.7815535068511963;3.022079467773437;2.9190673828125;Fixation;1690.4136444801509;1120.7847231487895;168.0;22.0;;5924.0;6092.0
6044.0;1683.4184265136719;1121.4911556243896;0.6637864112854004;0.7784572243690491;0.6575853228569031;0.7788133025169373;3.0269775390625;2.89398193359375;Fixation;1690.4136444801509;1120.7847231487895;168.0;22.0;;5924.0;6092.0
6048.0;1681.5524291992188;1125.107717514038;0.6619974970817566;0.7757095098495483;0.6568564176559448;0.7813248038291931;3.006820678710937;2.923248291015625;Fixation;1690.4136444801509;1120.7847231487895;168.0;22.0;;5924.0;6092.0
6052.0;1677.9753112792969;1123.2496547698975;0.6650237441062927;0.7863550186157227;0.6554591059684753;0.7800344824790955;3.029815673828125;2.8883209228515625;Fixation;1690.4136444801509;1120.7847231487895;168.0;22.0;;5924.0;6092.0
6056.0;1686.4761352539062;1126.869478225708;0.6675198674201965;0.7755898237228394;0.6587797403335571;0.7825482487678528;3.023345947265625;2.8937530517578125;Fixation;1690.4136444801509;1120.7847231487895;168.0;22.0;;5924.0;6092.0
6060.0;1681.2379455566406;1122.8041076660156;0.6714839935302734;0.7714126110076904;0.6567335724830627;0.7797250747680664;3.0190887451171875;2.9124755859375;Fixation;1690.4136444801509;1120.7847231487895;168.0;22.0;;5924.0;6092.0
6064.0;1678.8705444335938;1121.4432621002197;0.6644318103790283;0.7871863842010498;0.6558088064193726;0.7787800431251526;3.0319976806640625;2.915390014648437;Fixation;1690.4136444801509;1120.7847231487895;168.0;22.0;;5924.0;6092.0
6068.0;1683.7210083007812;1133.5258197784424;0.6685267686843872;0.7815086245536804;0.6577035188674927;0.7871707081794739;3.0211944580078125;2.915191650390625;Fixation;1690.4136444801509;1120.7847231487895;168.0;22.0;;5924.0;6092.0
6072.0;1680.9944152832031;1130.3427028656006;0.6655124425888062;0.776106595993042;0.6566384434700012;0.7849602103233337;3.031234741210937;2.911727905273437;Fixation;1690.4136444801509;1120.7847231487895;168.0;22.0;;5924.0;6092.0
6076.0;1690.7942199707031;1125.7830333709717;0.6646440625190735;0.7794040441513062;0.6604664921760559;0.7817937731742859;3.024658203125;2.897933959960937;Fixation;1690.4136444801509;1120.7847231487895;168.0;22.0;;5924.0;6092.0
6080.0;1685.0436401367188;1137.2093296051025;0.6663236021995544;0.7835022807121277;0.6582201719284058;0.7897287011146545;3.0391998291015625;2.918975830078125;Fixation;1690.4136444801509;1120.7847231487895;168.0;22.0;;5924.0;6092.0
6084.0;1670.8314514160156;1120.2929592132568;0.6655966639518738;0.7811935544013977;0.6526685357093811;0.7779812216758728;3.0284423828125;2.9113311767578125;Fixation;1690.4136444801509;1120.7847231487895;168.0;22.0;;5924.0;6092.0
6088.0;1660.697021484375;1124.8178672790527;0.6548097133636475;0.7816617488861084;0.648709774017334;0.7811235189437866;3.0424041748046875;2.910736083984375;Fixation;1690.4136444801509;1120.7847231487895;168.0;22.0;;5924.0;6092.0
6092.0;1640.0712585449219;1125.403060913086;0.6392335295677185;0.7857800126075745;0.6406528353691101;0.7815299034118652;3.0388946533203125;2.913665771484375;Fixation;1690.4136444801509;1120.7847231487895;168.0;22.0;;5924.0;6092.0
6096.0;1577.9051208496094;1115.976448059082;0.6207994818687439;0.7803282141685486;0.6163691878318787;0.7749836444854736;3.0331573486328125;2.9047393798828125;Fixation;1604.6734860068873;1125.8396409687243;224.0;23.0;;6096.0;6320.0
6100.0;1572.4169921875;1116.8465995788574;0.6205158829689026;0.7804802060127258;0.6142253875732422;0.7755879163742065;3.056365966796875;2.8967742919921875;Fixation;1604.6734860068873;1125.8396409687243;224.0;23.0;;6096.0;6320.0
6104.0;1586.0838317871094;1126.856517791748;0.624141275882721;0.7797350883483887;0.6195639967918396;0.7825392484664917;3.04510498046875;2.9340972900390625;Fixation;1604.6734860068873;1125.8396409687243;224.0;23.0;;6096.0;6320.0
6108.0;1597.7413940429688;1122.594337463379;0.632334291934967;0.7855793833732605;0.6241177320480347;0.7795794010162354;3.038436889648437;2.9228515625;Fixation;1604.6734860068873;1125.8396409687243;224.0;23.0;;6096.0;6320.0
6112.0;1605.1834106445312;1117.3244190216064;0.6345071196556091;0.7822834849357605;0.62702476978302;0.7759197354316711;3.050323486328125;2.9145965576171875;Fixation;1604.6734860068873;1125.8396409687243;224.0;23.0;;6096.0;6320.0
6116.0;1612.2735595703125;1125.5762672424316;0.6340569257736206;0.7897018790245056;0.6297943592071533;0.781650185585022;3.04144287109375;2.9217529296875;Fixation;1604.6734860068873;1125.8396409687243;224.0;23.0;;6096.0;6320.0
6120.0;1613.443603515625;1119.3709659576416;0.6350833177566528;0.7874637842178345;0.630251407623291;0.7773409485816956;3.040145874023437;2.90960693359375;Fixation;1604.6734860068873;1125.8396409687243;224.0;23.0;;6096.0;6320.0
6124.0;1609.088134765625;1118.9018154144287;0.6300062537193298;0.7812891602516174;0.6285500526428223;0.7770151495933533;3.0496826171875;2.912094116210937;Fixation;1604.6734860068873;1125.8396409687243;224.0;23.0;;6096.0;6320.0
6128.0;1608.2960510253906;1108.6380100250244;0.6339532732963562;0.7882788181304932;0.6282406449317932;0.7698875069618225;3.0395050048828125;2.908432006835937;Fixation;1604.6734860068873;1125.8396409687243;224.0;23.0;;6096.0;6320.0
6132.0;1614.6466064453125;1121.3646411895752;0.6345566511154175;0.7846362590789795;0.6307213306427002;0.7787254452705383;3.0489044189453125;2.918807983398437;Fixation;1604.6734860068873;1125.8396409687243;224.0;23.0;;6096.0;6320.0
6136.0;1605.4330444335938;1125.9576988220215;0.6340303421020508;0.7861851453781128;0.6271222829818726;0.7819150686264038;3.0401763916015625;2.9249420166015625;Fixation;1604.6734860068873;1125.8396409687243;224.0;23.0;;6096.0;6320.0
6140.0;1608.5940551757812;1122.0477676391602;0.6314045786857605;0.7855253219604492;0.6283570528030396;0.7791998386383057;3.0477447509765625;2.9272003173828125;Fixation;1604.6734860068873;1125.8396409687243;224.0;23.0;;6096.0;6320.0
6144.0;1595.1138305664062;1117.5578784942627;0.63309645652771;0.782625675201416;0.6230913400650024;0.7760818600654602;3.05572509765625;2.9149322509765625;Fixation;1604.6734860068873;1125.8396409687243;224.0;23.0;;6096.0;6320.0
6148.0;1608.7954711914062;1128.8987731933594;0.6291847229003906;0.7849365472793579;0.6284357309341431;0.7839574813842773;3.051910400390625;2.92047119140625;Fixation;1604.6734860068873;1125.8396409687243;224.0;23.0;;6096.0;6320.0
6152.0;1603.0424499511719;1125.5995273590088;0.634261429309845;0.78288733959198;0.6261884570121765;0.7816663384437561;3.043731689453125;2.9313507080078125;Fixation;1604.6734860068873;1125.8396409687243;224.0;23.0;;6096.0;6320.0
6156.0;1606.2828063964844;1126.6839981079102;0.634950578212738;0.7835276126861572;0.6274542212486267;0.7824194431304932;3.050155639648437;2.92431640625;Fixation;1604.6734860068873;1125.8396409687243;224.0;23.0;;6096.0;6320.0
6160.0;1603.5499572753906;1118.827314376831;0.629966676235199;0.7911068201065063;0.6263867020606995;0.7769634127616882;3.051986694335937;2.92926025390625;Fixation;1604.6734860068873;1125.8396409687243;224.0;23.0;;6096.0;6320.0
6164.0;1593.040771484375;1135.9945678710938;0.6322561502456665;0.7883687019348145;0.622281551361084;0.7888851165771484;3.062362670898437;2.93182373046875;Fixation;1604.6734860068873;1125.8396409687243;224.0;23.0;;6096.0;6320.0
6168.0;1612.1194458007812;1130.1312160491943;0.6326713562011719;0.7804227471351624;0.6297341585159302;0.7848133444786072;3.06646728515625;2.9569854736328125;Fixation;1604.6734860068873;1125.8396409687243;224.0;23.0;;6096.0;6320.0
6172.0;1610.1432800292969;1124.2762756347656;0.6310902833938599;0.7765861749649048;0.6289622187614441;0.7807474136352539;3.069091796875;2.934722900390625;Fixation;1604.6734860068873;1125.8396409687243;224.0;23.0;;6096.0;6320.0
6176.0;1613.7152099609375;1129.7529602050781;0.6321383714675903;0.7841745615005493;0.6303575038909912;0.784550666809082;3.0540771484375;2.94317626953125;Fixation;1604.6734860068873;1125.8396409687243;224.0;23.0;;6096.0;6320.0
6180.0;1603.04443359375;1131.818561553955;0.6312898993492126;0.7808586955070496;0.6261892318725586;0.7859851121902466;3.0733642578125;2.944610595703125;Fixation;1604.6734860068873;1125.8396409687243;224.0;23.0;;6096.0;6320.0
6184.0;1611.522216796875;1121.8660640716553;0.6302168965339661;0.7886199355125427;0.6295008659362793;0.7790736556053162;3.075653076171875;2.929061889648437;Fixation;1604.6734860068873;1125.8396409687243;224.0;23.0;;6096.0;6320.0
6188.0;1606.9151306152344;1121.6117477416992;0.6323536038398743;0.7833647131919861;0.6277012228965759;0.7788970470428467;3.0727691650390625;2.945953369140625;Fixation;1604.6734860068873;1125.8396409687243;224.0;23.0;;6096.0;6320.0
6192.0;1612.9594421386719;1121.2440490722656;0.6316547393798828;0.7779364585876465;0.6300622820854187;0.7786417007446289;3.051849365234375;2.934783935546875;Fixation;1604.6734860068873;1125.8396409687243;224.0;23.0;;6096.0;6320.0
6196.0;1601.0031127929688;1124.6659469604492;0.6354403495788574;0.7817896008491516;0.6253918409347534;0.7810180187225342;3.06732177734375;2.957611083984375;Fixation;1604.6734860068873;1125.8396409687243;224.0;23.0;;6096.0;6320.0
6200.0;1593.8589477539062;1127.212028503418;0.630940854549408;0.783907413482666;0.6226011514663696;0.7827861309051514;3.0641632080078125;2.9532623291015625;Fixation;1604.6734860068873;1125.8396409687243;224.0;23.0;;6096.0;6320.0
6204.0;1613.7886047363281;1126.3947486877441;0.6308883428573608;0.7845590114593506;0.6303861737251282;0.7822185754776001;3.0671844482421875;2.9522247314453125;Fixation;1604.6734860068873;1125.8396409687243;224.0;23.0;;6096.0;6320.0
6208.0;1610.23681640625;1119.4026374816895;0.6301553249359131;0.7785441875457764;0.6289987564086914;0.7773629426956177;3.0758209228515625;2.93450927734375;Fixation;1604.6734860068873;1125.8396409687243;224.0;23.0;;6096.0;6320.0
6212.0;1604.19677734375;1122.5531387329102;0.6268444657325745;0.7904236316680908;0.6266393661499023;0.7795507907867432;3.092529296875;2.963348388671875;Fixation;1604.6734860068873;1125.8396409687243;224.0;23.0;;6096.0;6320.0
6216.0;1599.0286254882812;1126.6894912719727;0.6294667720794678;0.7882046103477478;0.6246205568313599;0.7824232578277588;3.0769195556640625;2.955352783203125;Fixation;1604.6734860068873;1125.8396409687243;224.0;23.0;;6096.0;6320.0
6220.0;1604.07958984375;1121.7804050445557;0.6284804940223694;0.7849681377410889;0.6265935897827148;0.7790141701698303;3.0819854736328125;2.9611053466796875;Fixation;1604.6734860068873;1125.8396409687243;224.0;23.0;;6096.0;6320.0
6224.0;1605.6968688964844;1128.0324840545654;0.6298502087593079;0.7841971516609192;0.6272253394126892;0.7833558917045593;3.089706420898437;2.9727783203125;Fixation;1604.6734860068873;1125.8396409687243;224.0;23.0;;6096.0;6320.0
6228.0;1600.7858276367188;1133.5501098632812;0.6276271343231201;0.7809293866157532;0.6253069639205933;0.7871875762939453;3.071014404296875;2.96435546875;Fixation;1604.6734860068873;1125.8396409687243;224.0;23.0;;6096.0;6320.0
6232.0;1606.3876342773438;1136.5489482879639;0.6314672827720642;0.7840160727500916;0.6274951696395874;0.7892701029777527;3.08184814453125;2.9693603515625;Fixation;1604.6734860068873;1125.8396409687243;224.0;23.0;;6096.0;6320.0
6236.0;1601.7671203613281;1123.3557415008545;0.6293820738792419;0.7883926630020142;0.6256902813911438;0.7801081538200378;3.0918426513671875;2.9642333984375;Fixation;1604.6734860068873;1125.8396409687243;224.0;23.0;;6096.0;6320.0
6240.0;1601.6810607910156;1122.6652336120605;0.6296384930610657;0.7849392294883728;0.6256566643714905;0.7796286344528198;3.080657958984375;2.962127685546875;Fixation;1604.6734860068873;1125.8396409687243;224.0;23.0;;6096.0;6320.0
6244.0;1612.0285034179688;1125.425033569336;0.6335293054580688;0.7885292768478394;0.629698634147644;0.7815451622009277;3.1047515869140625;2.9724273681640625;Fixation;1604.6734860068873;1125.8396409687243;224.0;23.0;;6096.0;6320.0
6248.0;1604.0135192871094;1127.9655361175537;0.6317381858825684;0.7803599238395691;0.6265677809715271;0.7833094000816345;3.10498046875;2.976058959960937;Fixation;1604.6734860068873;1125.8396409687243;224.0;23.0;;6096.0;6320.0
6252.0;1600.3773498535156;1127.5197315216064;0.6266235113143921;0.7883750796318054;0.6251474022865295;0.7829998135566711;3.0838165283203125;2.9899444580078125;Fixation;1604.6734860068873;1125.8396409687243;224.0;23.0;;6096.0;6320.0
6256.0;1608.9886474609375;1126.9474983215332;0.6274218559265137;0.7920780777931213;0.6285111904144287;0.7826024293899536;3.1103515625;2.97467041015625;Fixation;1604.6734860068873;1125.8396409687243;224.0;23.0;;6096.0;6320.0
6260.0;1607.9777526855469;1122.9501056671143;0.6329971551895142;0.7835820317268372;0.6281163096427917;0.7798264622688293;3.0933380126953125;2.985565185546875;Fixation;1604.6734860068873;1125.8396409687243;224.0;23.0;;6096.0;6320.0
6264.0;1596.3490295410156;1130.1864051818848;0.6292030811309814;0.7840796709060669;0.6235738396644592;0.7848516702651978;3.0950469970703125;2.970733642578125;Fixation;1604.6734860068873;1125.8396409687243;224.0;23.0;;6096.0;6320.0
6268.0;1605.3277587890625;1130.3124046325684;0.6272227764129639;0.7845516800880432;0.6270811557769775;0.784939169883728;3.0877838134765625;2.9728240966796875;Fixation;1604.6734860068873;1125.8396409687243;224.0;23.0;;6096.0;6320.0
6272.0;1609.0510559082031;1136.881456375122;0.630624532699585;0.786281406879425;0.6285355687141418;0.7895010113716125;3.09832763671875;2.9560699462890625;Fixation;1604.6734860068873;1125.8396409687243;224.0;23.0;;6096.0;6320.0
6276.0;1604.1944885253906;1121.140193939209;0.6257354021072388;0.7892860174179077;0.6266384720802307;0.7785695791244507;3.107406616210937;2.9779510498046875;Fixation;1604.6734860068873;1125.8396409687243;224.0;23.0;;6096.0;6320.0
6280.0;1599.2599487304688;1138.0100440979004;0.6291679739952087;0.7855409979820251;0.6247109174728394;0.7902847528457642;3.0955810546875;2.989288330078125;Fixation;1604.6734860068873;1125.8396409687243;224.0;23.0;;6096.0;6320.0
6284.0;1605.2232360839844;1138.0143356323242;0.6295145750045776;0.7785444855690002;0.6270403265953064;0.7902877330780029;3.0724029541015625;2.978256225585937;Fixation;1604.6734860068873;1125.8396409687243;224.0;23.0;;6096.0;6320.0
6288.0;1600.335693359375;1127.710189819336;0.6283612847328186;0.782575249671936;0.6251311302185059;0.7831320762634277;3.0828399658203125;2.9790802001953125;Fixation;1604.6734860068873;1125.8396409687243;224.0;23.0;;6096.0;6320.0
6292.0;1607.0619201660156;1123.8222312927246;0.6284952759742737;0.7847862243652344;0.6277585625648499;0.7804321050643921;3.0927886962890625;2.970672607421875;Fixation;1604.6734860068873;1125.8396409687243;224.0;23.0;;6096.0;6320.0
6296.0;1597.2752380371094;1123.6389827728271;0.6304345726966858;0.7834348082542419;0.6239356398582458;0.7803048491477966;3.0929718017578125;2.984954833984375;Fixation;1604.6734860068873;1125.8396409687243;224.0;23.0;;6096.0;6320.0
6300.0;1598.1494140625;1131.714277267456;0.6300049424171448;0.7879670858383179;0.6242771148681641;0.7859126925468445;3.100341796875;2.974945068359375;Fixation;1604.6734860068873;1125.8396409687243;224.0;23.0;;6096.0;6320.0
6304.0;1603.4384155273438;1128.7914848327637;0.6275352239608765;0.7902368903160095;0.6263431310653687;0.7838829755783081;3.1149444580078125;2.982330322265625;Fixation;1604.6734860068873;1125.8396409687243;224.0;23.0;;6096.0;6320.0
6308.0;1597.3576354980469;1131.4609909057617;0.6290505528450012;0.7857309579849243;0.6239678263664246;0.7857367992401123;3.0956573486328125;2.9766998291015625;Fixation;1604.6734860068873;1125.8396409687243;224.0;23.0;;6096.0;6320.0
6312.0;1603.4921264648438;1127.0843124389648;0.6255179047584534;0.7826281189918518;0.6263641119003296;0.7826974391937256;3.1103668212890625;2.985946655273437;Fixation;1604.6734860068873;1125.8396409687243;224.0;23.0;;6096.0;6320.0
6316.0;1619.1531372070312;1134.1569328308105;0.6310369968414307;0.7877709269523621;0.6324816942214966;0.7876089811325073;3.10186767578125;2.9788360595703125;Fixation;1604.6734860068873;1125.8396409687243;224.0;23.0;;6096.0;6320.0
6320.0;1653.4725952148438;1130.5580520629883;0.6448935270309448;0.7853553295135498;0.6458877325057983;0.7851097583770752;3.119125366210937;2.987701416015625;Fixation;1604.6734860068873;1125.8396409687243;224.0;23.0;;6096.0;6320.0
6324.0;1681.717529296875;1141.8034172058105;0.6684406995773315;0.7813000082969666;0.6569209098815918;0.7929190397262573;3.098495483398437;3.011322021484375;Fixation;1720.3196280343193;1132.0941982269287;136.0;24.0;;6324.0;6460.0
6328.0;1705.7769775390625;1133.8044261932373;0.681438684463501;0.783095121383667;0.6663191318511963;0.7873641848564148;3.0932159423828125;3.008941650390625;Fixation;1720.3196280343193;1132.0941982269287;136.0;24.0;;6324.0;6460.0
6332.0;1732.7609252929688;1125.3806591033936;0.6844426393508911;0.7764261960983276;0.6768597364425659;0.7815143465995789;3.1011505126953125;3.00531005859375;Fixation;1720.3196280343193;1132.0941982269287;136.0;24.0;;6324.0;6460.0
6336.0;1736.9621276855469;1127.0353031158447;0.6807853579521179;0.7806914448738098;0.6785008311271667;0.7826634049415588;3.11492919921875;2.9970855712890625;Fixation;1720.3196280343193;1132.0941982269287;136.0;24.0;;6324.0;6460.0
6340.0;1728.9384460449219;1132.261962890625;0.6811768412590027;0.7835023999214172;0.6753665804862976;0.7862930297851562;3.114654541015625;2.995849609375;Fixation;1720.3196280343193;1132.0941982269287;136.0;24.0;;6324.0;6460.0
6344.0;1732.4600219726562;1125.8867168426514;0.6783677935600281;0.7786030769348145;0.6767421960830688;0.7818657755851746;3.11383056640625;2.996856689453125;Fixation;1720.3196280343193;1132.0941982269287;136.0;24.0;;6324.0;6460.0
6348.0;1719.9612426757812;1132.5550746917725;0.6729075908660889;0.7800657153129578;0.671859860420227;0.7864965796470642;3.1147613525390625;2.9956817626953125;Fixation;1720.3196280343193;1132.0941982269287;136.0;24.0;;6324.0;6460.0
6352.0;1712.2659301757812;1144.8903179168701;0.6724330186843872;0.7840083241462708;0.6688538789749146;0.7950627207756042;3.1141815185546875;3.017608642578125;Fixation;1720.3196280343193;1132.0941982269287;136.0;24.0;;6324.0;6460.0
6356.0;1726.7131042480469;1125.6661319732666;0.670243501663208;0.777678370475769;0.6744973063468933;0.7817125916481018;3.11029052734375;2.9817047119140625;Fixation;1720.3196280343193;1132.0941982269287;136.0;24.0;;6324.0;6460.0
6360.0;1719.4087219238281;1128.7163829803467;0.6745768189430237;0.7833045125007629;0.6716440320014954;0.7838308215141296;3.1169891357421875;3.00396728515625;Fixation;1720.3196280343193;1132.0941982269287;136.0;24.0;;6324.0;6460.0
6364.0;1716.956787109375;1134.296064376831;0.6773446798324585;0.7763208746910095;0.6706862449645996;0.7877056002616882;3.117645263671875;3.0034332275390625;Fixation;1720.3196280343193;1132.0941982269287;136.0;24.0;;6324.0;6460.0
6368.0;1723.4403991699219;1129.69820022583;0.6761156320571899;0.7808840870857239;0.6732189059257507;0.7845126390457153;3.113998413085937;2.9967193603515625;Fixation;1720.3196280343193;1132.0941982269287;136.0;24.0;;6324.0;6460.0
6372.0;1715.4167175292969;1128.7508010864258;0.6772035956382751;0.7771078944206238;0.6700846552848816;0.7838547229766846;3.1175537109375;2.995468139648437;Fixation;1720.3196280343193;1132.0941982269287;136.0;24.0;;6324.0;6460.0
6376.0;1722.0054626464844;1135.9677028656006;0.6769101619720459;0.7800002694129944;0.672658383846283;0.7888664603233337;3.0885467529296875;2.9903717041015625;Fixation;1720.3196280343193;1132.0941982269287;136.0;24.0;;6324.0;6460.0
6380.0;1717.8762817382812;1134.2587280273438;0.6720436811447144;0.7841278910636902;0.6710454225540161;0.7876796722412109;3.1264801025390625;3.0174102783203125;Fixation;1720.3196280343193;1132.0941982269287;136.0;24.0;;6324.0;6460.0
6384.0;1713.922119140625;1125.1071166992188;0.6759170293807983;0.7823070287704468;0.6695008277893066;0.7813243865966797;3.09478759765625;2.99072265625;Fixation;1720.3196280343193;1132.0941982269287;136.0;24.0;;6324.0;6460.0
6388.0;1727.2599792480469;1132.1983623504639;0.675451934337616;0.7775655388832092;0.6747109293937683;0.7862488627433777;3.101043701171875;2.991806030273437;Fixation;1720.3196280343193;1132.0941982269287;136.0;24.0;;6324.0;6460.0
6392.0;1719.9380493164062;1138.163423538208;0.6764038801193237;0.7753415107727051;0.6718508005142212;0.7903912663459778;3.0938720703125;3.01397705078125;Fixation;1720.3196280343193;1132.0941982269287;136.0;24.0;;6324.0;6460.0
6396.0;1725.7447814941406;1128.7608432769775;0.6738645434379578;0.778413712978363;0.6741190552711487;0.7838616967201233;3.1204071044921875;2.989715576171875;Fixation;1720.3196280343193;1132.0941982269287;136.0;24.0;;6324.0;6460.0
6400.0;1716.3343811035156;1135.3427696228027;0.675087571144104;0.7831045985221863;0.6704431176185608;0.7884324789047241;3.112899780273437;3.009796142578125;Fixation;1720.3196280343193;1132.0941982269287;136.0;24.0;;6324.0;6460.0
6404.0;1727.2706604003906;1123.4741878509521;0.6729596257209778;0.7804115414619446;0.6747151017189026;0.7801904082298279;3.104156494140625;2.997909545898437;Fixation;1720.3196280343193;1132.0941982269287;136.0;24.0;;6324.0;6460.0
6408.0;1723.843994140625;1136.1087226867676;0.6761383414268494;0.7833527326583862;0.6733765602111816;0.7889643907546997;3.10919189453125;2.9911041259765625;Fixation;1720.3196280343193;1132.0941982269287;136.0;24.0;;6324.0;6460.0
6412.0;1718.5762023925781;1129.0690612792969;0.6774076223373413;0.7717501521110535;0.6713188290596008;0.7840757369995117;3.097259521484375;3.0011749267578125;Fixation;1720.3196280343193;1132.0941982269287;136.0;24.0;;6324.0;6460.0
6416.0;1724.6441650390625;1131.387004852295;0.6777307391166687;0.7837046980857849;0.6736891269683838;0.7856854200363159;3.104354858398437;2.99310302734375;Fixation;1720.3196280343193;1132.0941982269287;136.0;24.0;;6324.0;6460.0
6420.0;1717.0306396484375;1135.1539421081543;0.6748387813568115;0.7890467047691345;0.6707150936126709;0.7883013486862183;3.1192626953125;2.992034912109375;Fixation;1720.3196280343193;1132.0941982269287;136.0;24.0;;6324.0;6460.0
6424.0;1727.34375;1127.8700923919678;0.6769465208053589;0.7831084728240967;0.67474365234375;0.7832431197166443;3.1017303466796875;2.996612548828125;Fixation;1720.3196280343193;1132.0941982269287;136.0;24.0;;6324.0;6460.0
6428.0;1717.0510864257812;1127.4644565582275;0.6809494495391846;0.7776598930358887;0.6707230806350708;0.7829614281654358;3.1087188720703125;2.99322509765625;Fixation;1720.3196280343193;1132.0941982269287;136.0;24.0;;6324.0;6460.0
6432.0;1728.6062622070312;1127.2787189483643;0.6779454946517944;0.7799105644226074;0.6752368211746216;0.7828324437141418;3.114501953125;3.0070037841796875;Fixation;1720.3196280343193;1132.0941982269287;136.0;24.0;;6324.0;6460.0
6436.0;1714.6763610839844;1126.8021869659424;0.674755871295929;0.7848618030548096;0.6697954535484314;0.7825015187263489;3.124496459960937;2.9969635009765625;Fixation;1720.3196280343193;1132.0941982269287;136.0;24.0;;6324.0;6460.0
6440.0;1713.704833984375;1135.016269683838;0.6747105121612549;0.782984733581543;0.6694159507751465;0.7882057428359985;3.109359741210937;3.0144500732421875;Fixation;1720.3196280343193;1132.0941982269287;136.0;24.0;;6324.0;6460.0
6444.0;1717.3710632324219;1129.1978931427002;0.6807147264480591;0.7758986949920654;0.6708480715751648;0.7841652035713196;3.111083984375;2.990692138671875;Fixation;1720.3196280343193;1132.0941982269287;136.0;24.0;;6324.0;6460.0
6448.0;1709.1386413574219;1133.0523777008057;0.679219663143158;0.7762944102287292;0.6676322817802429;0.7868419289588928;3.11138916015625;3.008575439453125;Fixation;1720.3196280343193;1132.0941982269287;136.0;24.0;;6324.0;6460.0
6452.0;1703.5580444335938;1136.3027000427246;0.6781375408172607;0.7847620844841003;0.6654523611068726;0.7890990972518921;3.1361846923828125;3.013702392578125;Fixation;1720.3196280343193;1132.0941982269287;136.0;24.0;;6324.0;6460.0
6456.0;1718.8589477539062;1140.476303100586;0.6829538345336914;0.7798221111297607;0.6714292764663696;0.7919974327087402;3.132675170898437;3.0066680908203125;Fixation;1720.3196280343193;1132.0941982269287;136.0;24.0;;6324.0;6460.0
6460.0;1753.65234375;1144.0986156463623;0.6887885928153992;0.7842302918434143;0.6850204467773438;0.794512927532196;3.1267547607421875;3.0215301513671875;Fixation;1720.3196280343193;1132.0941982269287;136.0;24.0;;6324.0;6460.0
6464.0;1793.4622192382812;1139.021987915039;0.7029496431350708;0.7805219888687134;0.7005711793899536;0.790987491607666;3.1354217529296875;3.017807006835937;Fixation;1817.7003654392286;1121.7048878505311;344.0;25.0;;6464.0;6808.0
6468.0;1818.6729431152344;1121.6477966308594;0.7262818217277527;0.7758067846298218;0.7104191184043884;0.7789220809936523;3.11724853515625;3.030136108398437;Fixation;1817.7003654392286;1121.7048878505311;344.0;25.0;;6464.0;6808.0
6472.0;1828.7277221679688;1118.5173797607422;0.7298882007598877;0.7801651358604431;0.7143467664718628;0.7767481803894043;3.1225128173828125;3.0218505859375;Fixation;1817.7003654392286;1121.7048878505311;344.0;25.0;;6464.0;6808.0
6476.0;1816.8354797363281;1123.218755722046;0.7222467064857483;0.7819492220878601;0.7097013592720032;0.7800130248069763;3.1347198486328125;3.0242156982421875;Fixation;1817.7003654392286;1121.7048878505311;344.0;25.0;;6464.0;6808.0
6480.0;1813.3229064941406;1126.7121505737305;0.7181063890457153;0.7788114547729492;0.7083292603492737;0.7824389934539795;3.14312744140625;3.005111694335937;Fixation;1817.7003654392286;1121.7048878505311;344.0;25.0;;6464.0;6808.0
6484.0;1804.3296813964844;1113.8638973236084;0.7178753614425659;0.7725228667259216;0.7048162817955017;0.7735165953636169;3.11279296875;3.02130126953125;Fixation;1817.7003654392286;1121.7048878505311;344.0;25.0;;6464.0;6808.0
6488.0;1804.7172546386719;1126.1287593841553;0.7127139568328857;0.7777738571166992;0.7049676775932312;0.7820338606834412;3.125152587890625;3.013046264648437;Fixation;1817.7003654392286;1121.7048878505311;344.0;25.0;;6464.0;6808.0
6492.0;1797.3567199707031;1124.979829788208;0.709892749786377;0.774054229259491;0.7020924687385559;0.7812359929084778;3.1222686767578125;3.027374267578125;Fixation;1817.7003654392286;1121.7048878505311;344.0;25.0;;6464.0;6808.0
6496.0;1799.4500732421875;1120.0226783752441;0.7120150923728943;0.7798459529876709;0.7029101848602295;0.7777935266494751;3.1224365234375;3.021148681640625;Fixation;1817.7003654392286;1121.7048878505311;344.0;25.0;;6464.0;6808.0
6500.0;1798.4700012207031;1124.7560691833496;0.7127899527549744;0.776816725730896;0.7025273442268372;0.7810806035995483;3.1210479736328125;3.011871337890625;Fixation;1817.7003654392286;1121.7048878505311;344.0;25.0;;6464.0;6808.0
6504.0;1795.6787109375;1124.514970779419;0.7096182703971863;0.7785104513168335;0.7014369964599609;0.7809131741523743;3.1277618408203125;3.0075836181640625;Fixation;1817.7003654392286;1121.7048878505311;344.0;25.0;;6464.0;6808.0
6508.0;1800.9342956542969;1125.4273509979248;0.7129774689674377;0.7819084525108337;0.7034899592399597;0.7815467715263367;3.1170654296875;3.021728515625;Fixation;1817.7003654392286;1121.7048878505311;344.0;25.0;;6464.0;6808.0
6512.0;1805.7437133789062;1123.0364513397217;0.714464545249939;0.7757325768470764;0.7053686380386353;0.7798864245414734;3.117523193359375;2.9999542236328125;Fixation;1817.7003654392286;1121.7048878505311;344.0;25.0;;6464.0;6808.0
6516.0;1801.6134643554688;1139.302225112915;0.7119511961936951;0.7790384292602539;0.703755259513855;0.7911821007728577;3.129867553710937;3.0130615234375;Fixation;1817.7003654392286;1121.7048878505311;344.0;25.0;;6464.0;6808.0
6520.0;1810.120849609375;1124.0394687652588;0.7151694297790527;0.768162190914154;0.7070784568786621;0.7805829644203186;3.09698486328125;3.0059967041015625;Fixation;1817.7003654392286;1121.7048878505311;344.0;25.0;;6464.0;6808.0
6524.0;1809.8387145996094;1124.7388172149658;0.7161409854888916;0.7764642834663391;0.7069682478904724;0.7810686230659485;3.103118896484375;3.0111541748046875;Fixation;1817.7003654392286;1121.7048878505311;344.0;25.0;;6464.0;6808.0
6528.0;1805.3729248046875;1117.7917671203613;0.7128686904907227;0.7811756730079651;0.705223798751831;0.7762442827224731;3.11798095703125;3.003753662109375;Fixation;1817.7003654392286;1121.7048878505311;344.0;25.0;;6464.0;6808.0
6532.0;1812.1826171875;1124.9332237243652;0.7132792472839355;0.7703172564506531;0.7078838348388672;0.7812036275863647;3.1182403564453125;3.0146636962890625;Fixation;1817.7003654392286;1121.7048878505311;344.0;25.0;;6464.0;6808.0
6536.0;1811.1611938476562;1121.1494636535645;0.7186408638954163;0.786104679107666;0.7074848413467407;0.7785760164260864;3.141464233398437;3.008056640625;Fixation;1817.7003654392286;1121.7048878505311;344.0;25.0;;6464.0;6808.0
6540.0;1812.6789855957031;1121.4349365234375;0.7120143175125122;0.7761629819869995;0.7080777287483215;0.7787742614746094;3.115570068359375;2.9962615966796875;Fixation;1817.7003654392286;1121.7048878505311;344.0;25.0;;6464.0;6808.0
6544.0;1810.3073120117188;1124.4115447998047;0.7122126221656799;0.7809103727340698;0.7071512937545776;0.7808413505554199;3.120086669921875;2.994003295898437;Fixation;1817.7003654392286;1121.7048878505311;344.0;25.0;;6464.0;6808.0
6548.0;1811.8545532226562;1119.7366905212402;0.7137002348899841;0.7812727093696594;0.7077556848526001;0.7775949239730835;3.1126251220703125;2.9906005859375;Fixation;1817.7003654392286;1121.7048878505311;344.0;25.0;;6464.0;6808.0
6552.0;1817.1067810058594;1119.1649723052979;0.7143577337265015;0.7821958661079407;0.7098073363304138;0.7771978974342346;3.111801147460937;3.001068115234375;Fixation;1817.7003654392286;1121.7048878505311;344.0;25.0;;6464.0;6808.0
6556.0;1815.6072998046875;1126.1012935638428;0.7144648432731628;0.7778575420379639;0.709221601486206;0.782014787197113;3.124496459960937;3.00262451171875;Fixation;1817.7003654392286;1121.7048878505311;344.0;25.0;;6464.0;6808.0
6560.0;1808.7847900390625;1124.4787502288818;0.7159125804901123;0.7756232619285583;0.7065565586090088;0.780888020992279;3.0973052978515625;3.014495849609375;Fixation;1817.7003654392286;1121.7048878505311;344.0;25.0;;6464.0;6808.0
6564.0;1804.3252563476562;1121.5621376037598;0.7129250764846802;0.7710140347480774;0.7048145532608032;0.7788625955581665;3.0989990234375;3.009872436523437;Fixation;1817.7003654392286;1121.7048878505311;344.0;25.0;;6464.0;6808.0
6568.0;1811.3713073730469;1111.351375579834;0.713963508605957;0.7847487926483154;0.7075669169425964;0.7717717885971069;3.1240997314453125;2.9918212890625;Fixation;1817.7003654392286;1121.7048878505311;344.0;25.0;;6464.0;6808.0
6572.0;1813.8088989257812;1121.7215251922607;0.7117962837219238;0.775972306728363;0.7085191011428833;0.7789732813835144;3.10736083984375;3.00665283203125;Fixation;1817.7003654392286;1121.7048878505311;344.0;25.0;;6464.0;6808.0
6576.0;1810.3955078125;1112.6142883300781;0.7141945958137512;0.7738792300224304;0.7071857452392578;0.772648811340332;3.11297607421875;2.987548828125;Fixation;1817.7003654392286;1121.7048878505311;344.0;25.0;;6464.0;6808.0
6580.0;1809.0504455566406;1117.8694438934326;0.7128279209136963;0.7773839235305786;0.7066603302955627;0.7762982249259949;3.1169891357421875;3.0046844482421875;Fixation;1817.7003654392286;1121.7048878505311;344.0;25.0;;6464.0;6808.0
6584.0;1810.93505859375;1111.424503326416;0.7152649164199829;0.7740547060966492;0.7073965072631836;0.7718225717544556;3.0997314453125;2.9915924072265625;Fixation;1817.7003654392286;1121.7048878505311;344.0;25.0;;6464.0;6808.0
6588.0;1812.9893493652344;1121.7737102508545;0.7161813974380493;0.7708566784858704;0.7081989645957947;0.7790095210075378;3.1067657470703125;2.9880828857421875;Fixation;1817.7003654392286;1121.7048878505311;344.0;25.0;;6464.0;6808.0
6592.0;1810.80810546875;1120.7657146453857;0.7135375738143921;0.7730821371078491;0.7073469161987305;0.7783095240592957;3.1049346923828125;2.9928741455078125;Fixation;1817.7003654392286;1121.7048878505311;344.0;25.0;;6464.0;6808.0
6596.0;1815.8811950683594;1116.3844013214111;0.7143832445144653;0.7741534113883972;0.7093285918235779;0.7752669453620911;3.110321044921875;2.982391357421875;Fixation;1817.7003654392286;1121.7048878505311;344.0;25.0;;6464.0;6808.0
6600.0;1813.4016418457031;1120.3789615631104;0.7144639492034912;0.7744982838630676;0.7083600163459778;0.7780409455299377;3.1063232421875;2.988525390625;Fixation;1817.7003654392286;1121.7048878505311;344.0;25.0;;6464.0;6808.0
6604.0;1820.6153869628906;1129.7949314117432;0.7134588360786438;0.7767025232315063;0.7111778855323792;0.7845798134803772;3.115997314453125;3.0083160400390625;Fixation;1817.7003654392286;1121.7048878505311;344.0;25.0;;6464.0;6808.0
6608.0;1816.4521789550781;1122.3797607421875;0.7145955562591553;0.7748686671257019;0.7095516324043274;0.7794303894042969;3.099105834960937;2.990570068359375;Fixation;1817.7003654392286;1121.7048878505311;344.0;25.0;;6464.0;6808.0
6612.0;1818.1773376464844;1133.0619049072266;0.7138450145721436;0.7789335250854492;0.710225522518158;0.7868485450744629;3.1235809326171875;3.0024871826171875;Fixation;1817.7003654392286;1121.7048878505311;344.0;25.0;;6464.0;6808.0
6616.0;1816.6445922851562;1124.2730140686035;0.7163038849830627;0.7744574546813965;0.7096267938613892;0.7807451486587524;3.0910797119140625;3.0087432861328125;Fixation;1817.7003654392286;1121.7048878505311;344.0;25.0;;6464.0;6808.0
6620.0;1806.9503784179688;1119.6100044250488;0.7169193029403687;0.776667058467865;0.705839991569519;0.777506947517395;3.111114501953125;2.986175537109375;Fixation;1817.7003654392286;1121.7048878505311;344.0;25.0;;6464.0;6808.0
6624.0;1807.9328918457031;1126.4858150482178;0.7120826244354248;0.7785317301750183;0.7062237858772278;0.7822818160057068;3.119781494140625;2.99688720703125;Fixation;1817.7003654392286;1121.7048878505311;344.0;25.0;;6464.0;6808.0
6628.0;1815.1739501953125;1120.2763080596924;0.7112941741943359;0.7808571457862854;0.709052324295044;0.7779696583747864;3.120697021484375;2.99725341796875;Fixation;1817.7003654392286;1121.7048878505311;344.0;25.0;;6464.0;6808.0
6632.0;1813.8783264160156;1108.1551265716553;0.7136567831039429;0.7687016725540161;0.7085462212562561;0.7695521712303162;3.10418701171875;2.977630615234375;Fixation;1817.7003654392286;1121.7048878505311;344.0;25.0;;6464.0;6808.0
6636.0;1811.6007995605469;1126.453971862793;0.7114066481590271;0.7683061957359314;0.7076565623283386;0.7822597026824951;3.095001220703125;3.004425048828125;Fixation;1817.7003654392286;1121.7048878505311;344.0;25.0;;6464.0;6808.0
6640.0;1801.7955017089844;1130.9075546264648;0.7149516940116882;0.7781293988227844;0.703826367855072;0.7853524684906006;3.09967041015625;2.9973907470703125;Fixation;1817.7003654392286;1121.7048878505311;344.0;25.0;;6464.0;6808.0
6644.0;1812.6673889160156;1126.2687492370605;0.7156493067741394;0.7797527313232422;0.7080731987953186;0.7821310758590698;3.0893707275390625;3.005462646484375;Fixation;1817.7003654392286;1121.7048878505311;344.0;25.0;;6464.0;6808.0
6648.0;1804.1192626953125;1130.5663776397705;0.7163362503051758;0.7706813812255859;0.7047340869903564;0.7851155400276184;3.11590576171875;2.998321533203125;Fixation;1817.7003654392286;1121.7048878505311;344.0;25.0;;6464.0;6808.0
6652.0;1809.696044921875;1121.3787174224854;0.7145456671714783;0.77528315782547;0.7069125175476074;0.7787352204322815;3.0973052978515625;2.991912841796875;Fixation;1817.7003654392286;1121.7048878505311;344.0;25.0;;6464.0;6808.0
6656.0;1800.9689331054688;1131.8907451629639;0.7181809544563293;0.7777707576751709;0.7035034894943237;0.7860352396965027;3.1125946044921875;2.9998931884765625;Fixation;1817.7003654392286;1121.7048878505311;344.0;25.0;;6464.0;6808.0
6660.0;1806.5924072265625;1118.5932540893555;0.7151308655738831;0.7794439196586609;0.705700159072876;0.7768008708953857;3.0895538330078125;2.98956298828125;Fixation;1817.7003654392286;1121.7048878505311;344.0;25.0;;6464.0;6808.0
6664.0;1805.0491333007812;1125.3053855895996;0.7207759618759155;0.7836511731147766;0.7050973176956177;0.7814620733261108;3.10205078125;2.9995574951171875;Fixation;1817.7003654392286;1121.7048878505311;344.0;25.0;;6464.0;6808.0
6668.0;1806.3731384277344;1125.7539367675781;0.7162349224090576;0.7786166071891785;0.7056145071983337;0.781773567199707;3.084136962890625;2.9974517822265625;Fixation;1817.7003654392286;1121.7048878505311;344.0;25.0;;6464.0;6808.0
6672.0;1817.7951049804688;1123.1475162506104;0.7143111228942871;0.7745975255966187;0.7100762128829956;0.7799635529518127;3.11407470703125;2.984725952148437;Fixation;1817.7003654392286;1121.7048878505311;344.0;25.0;;6464.0;6808.0
6676.0;1813.756103515625;1118.91752243042;0.7159409523010254;0.7674656510353088;0.708498477935791;0.7770260572433472;3.095001220703125;2.9862823486328125;Fixation;1817.7003654392286;1121.7048878505311;344.0;25.0;;6464.0;6808.0
6680.0;1806.0304260253906;1119.9038887023926;0.7147349715232849;0.7768560647964478;0.7054806351661682;0.777711033821106;3.088607788085937;2.9971923828125;Fixation;1817.7003654392286;1121.7048878505311;344.0;25.0;;6464.0;6808.0
6684.0;1808.4028625488281;1123.476333618164;0.71897953748703;0.7782706618309021;0.706407368183136;0.7801918983459473;3.089218139648437;2.9820556640625;Fixation;1817.7003654392286;1121.7048878505311;344.0;25.0;;6464.0;6808.0
6688.0;1804.2236328125;1128.259677886963;0.7165756225585938;0.7736806273460388;0.7047748565673828;0.7835136651992798;3.08282470703125;2.9986724853515625;Fixation;1817.7003654392286;1121.7048878505311;344.0;25.0;;6464.0;6808.0
6692.0;1802.8573608398438;1116.7702960968018;0.717525839805603;0.779471755027771;0.704241156578064;0.7755349278450012;3.105499267578125;2.9885711669921875;Fixation;1817.7003654392286;1121.7048878505311;344.0;25.0;;6464.0;6808.0
6696.0;1802.9753112792969;1123.8335609436035;0.7132810950279236;0.7792489528656006;0.7042872309684753;0.7804399728775024;3.09979248046875;2.992706298828125;Fixation;1817.7003654392286;1121.7048878505311;344.0;25.0;;6464.0;6808.0
6700.0;1805.9060668945312;1129.6350288391113;0.7141659259796143;0.7807801961898804;0.7054320573806763;0.7844687700271606;3.0967254638671875;2.989501953125;Fixation;1817.7003654392286;1121.7048878505311;344.0;25.0;;6464.0;6808.0
6704.0;1804.3095397949219;1135.7211112976074;0.7159006595611572;0.7731055021286011;0.7048084139823914;0.788695216178894;3.086944580078125;2.99664306640625;Fixation;1817.7003654392286;1121.7048878505311;344.0;25.0;;6464.0;6808.0
6708.0;1804.9398803710938;1118.1657314300537;0.7173013687133789;0.7762938737869263;0.7050546407699585;0.7765039801597595;3.09405517578125;2.99298095703125;Fixation;1817.7003654392286;1121.7048878505311;344.0;25.0;;6464.0;6808.0
6712.0;1801.658935546875;1125.1738929748535;0.7174636125564575;0.7783766388893127;0.703773021697998;0.7813707590103149;3.0975341796875;3.0020904541015625;Fixation;1817.7003654392286;1121.7048878505311;344.0;25.0;;6464.0;6808.0
6716.0;1807.8468322753906;1124.9067878723145;0.71322101354599;0.7760891914367676;0.7061901688575745;0.7811852693557739;3.100448608398437;3.002532958984375;Fixation;1817.7003654392286;1121.7048878505311;344.0;25.0;;6464.0;6808.0
6720.0;1808.1234741210938;1115.9986782073975;0.716265082359314;0.7768949866294861;0.7062982320785522;0.7749990820884705;3.099884033203125;2.970733642578125;Fixation;1817.7003654392286;1121.7048878505311;344.0;25.0;;6464.0;6808.0
6724.0;1802.1476745605469;1119.620304107666;0.7164830565452576;0.7768328189849854;0.7039639353752136;0.7775141000747681;3.0859832763671875;3.017807006835937;Fixation;1817.7003654392286;1121.7048878505311;344.0;25.0;;6464.0;6808.0
6728.0;1804.6571350097656;1118.402624130249;0.7172341346740723;0.7723216414451599;0.7049441933631897;0.7766684889793396;3.0880279541015625;2.9808502197265625;Fixation;1817.7003654392286;1121.7048878505311;344.0;25.0;;6464.0;6808.0
6732.0;1805.6425476074219;1125.2596378326416;0.7123692631721497;0.7760766744613647;0.7053291201591492;0.7814303040504456;3.0870513916015625;2.996078491210937;Fixation;1817.7003654392286;1121.7048878505311;344.0;25.0;;6464.0;6808.0
6736.0;1810.5490112304688;1126.54203414917;0.7144177556037903;0.7726641297340393;0.7072457075119019;0.7823208570480347;3.068344116210937;2.990707397460937;Fixation;1817.7003654392286;1121.7048878505311;344.0;25.0;;6464.0;6808.0
6740.0;1801.1836242675781;1118.162899017334;0.7155782580375671;0.7760419249534607;0.7035873532295227;0.7765020132064819;3.0949249267578125;2.98309326171875;Fixation;1817.7003654392286;1121.7048878505311;344.0;25.0;;6464.0;6808.0
6744.0;1810.2981567382812;1128.2195949554443;0.7224250435829163;0.7739843130111694;0.7071477174758911;0.7834858298301697;3.09503173828125;3.003204345703125;Fixation;1817.7003654392286;1121.7048878505311;344.0;25.0;;6464.0;6808.0
6748.0;1814.9197387695312;1122.3206233978271;0.7149733901023865;0.7724660634994507;0.7089530229568481;0.7793893218040466;3.088775634765625;2.9923248291015625;Fixation;1817.7003654392286;1121.7048878505311;344.0;25.0;;6464.0;6808.0
6752.0;1830.1536560058594;1119.90234375;0.7214850783348083;0.7731574177742004;0.7149037718772888;0.7777099609375;3.0816802978515625;2.982696533203125;Fixation;1817.7003654392286;1121.7048878505311;344.0;25.0;;6464.0;6808.0
6756.0;1855.8163452148438;1123.100996017456;0.7331876754760742;0.7779951095581055;0.7249282598495483;0.7799312472343445;3.0869140625;2.9984130859375;Fixation;1817.7003654392286;1121.7048878505311;344.0;25.0;;6464.0;6808.0
6760.0;1868.9105224609375;1126.6761016845703;0.7453299760818481;0.7728948593139648;0.7300431728363037;0.7824139595031738;3.0953826904296875;2.9976806640625;Fixation;1817.7003654392286;1121.7048878505311;344.0;25.0;;6464.0;6808.0
6764.0;1875.74951171875;1117.7588081359863;0.7442793250083923;0.7790554165840149;0.7327146530151367;0.7762213945388794;3.086898803710937;3.017440795898437;Fixation;1817.7003654392286;1121.7048878505311;344.0;25.0;;6464.0;6808.0
6768.0;1872.9579162597656;1118.4917163848877;0.7415409684181213;0.7702042460441589;0.731624186038971;0.7767303586006165;3.093353271484375;3.012908935546875;Fixation;1817.7003654392286;1121.7048878505311;344.0;25.0;;6464.0;6808.0
6772.0;1857.374267578125;1116.7313289642334;0.7406219840049744;0.7752267122268677;0.7255368232727051;0.7755078673362732;3.0908203125;2.993560791015625;Fixation;1817.7003654392286;1121.7048878505311;344.0;25.0;;6464.0;6808.0
6776.0;1864.0859985351562;1113.0932235717773;0.7377805113792419;0.7707570195198059;0.7281585931777954;0.7729814052581787;3.080917358398437;2.9960174560546875;Fixation;1817.7003654392286;1121.7048878505311;344.0;25.0;;6464.0;6808.0
6780.0;1865.01953125;1104.9829959869385;0.7365599870681763;0.7642661929130554;0.7285232543945312;0.7673493027687073;3.075286865234375;2.98699951171875;Fixation;1817.7003654392286;1121.7048878505311;344.0;25.0;;6464.0;6808.0
6784.0;1865.1286315917969;1112.681064605713;0.7386308312416077;0.7648066282272339;0.7285658717155457;0.7726951837539673;3.063690185546875;3.003890991210937;Fixation;1817.7003654392286;1121.7048878505311;344.0;25.0;;6464.0;6808.0
6788.0;1872.9104614257812;1110.311279296875;0.7370817065238953;0.7749048471450806;0.7316056489944458;0.7710494995117188;3.0772705078125;2.9903717041015625;Fixation;1817.7003654392286;1121.7048878505311;344.0;25.0;;6464.0;6808.0
6792.0;1867.5445556640625;1111.8244743347168;0.7347124218940735;0.7749914526939392;0.7295095920562744;0.7721003293991089;3.0911407470703125;2.9893341064453125;Fixation;1817.7003654392286;1121.7048878505311;344.0;25.0;;6464.0;6808.0
6796.0;1870.5914306640625;1112.4672603607178;0.7361345291137695;0.7678298950195312;0.7306997776031494;0.7725467085838318;3.065704345703125;3.0044708251953125;Fixation;1817.7003654392286;1121.7048878505311;344.0;25.0;;6464.0;6808.0
6800.0;1861.5892028808594;1124.093542098999;0.7352287173271179;0.7710118293762207;0.7271832823753357;0.7806205153465271;3.093780517578125;2.99200439453125;Fixation;1817.7003654392286;1121.7048878505311;344.0;25.0;;6464.0;6808.0
6804.0;1860.2792358398438;1113.4186935424805;0.7382926344871521;0.7647611498832703;0.726671576499939;0.773207426071167;3.05767822265625;2.9914093017578125;Fixation;1817.7003654392286;1121.7048878505311;344.0;25.0;;6464.0;6808.0
6808.0;1821.6114807128906;1104.2208194732666;0.719127893447876;0.7665507197380066;0.7115669846534729;0.7668200135231018;3.093490600585937;2.9966583251953125;Fixation;1817.7003654392286;1121.7048878505311;344.0;25.0;;6464.0;6808.0
6812.0;1792.3805236816406;1067.8775310516357;0.6978362798690796;0.7421358227729797;0.7001486420631409;0.7415816187858582;3.0707550048828125;2.9715576171875;Saccade;;;24.0;;10.0;6812.0;6836.0
6816.0;1708.5551452636719;1012.4377727508545;0.661331295967102;0.6975848078727722;0.6674043536186218;0.7030817866325378;3.083404541015625;2.988128662109375;Saccade;;;24.0;;10.0;6812.0;6836.0
6820.0;1622.1620178222656;948.8182640075684;0.6224446892738342;0.656154990196228;0.6336570382118225;0.658901572227478;3.085189819335937;2.9916229248046875;Saccade;;;24.0;;10.0;6812.0;6836.0
6824.0;1550.5366516113281;892.3184967041016;0.5930716395378113;0.6224133372306824;0.605678379535675;0.6196656227111816;3.112457275390625;3.014129638671875;Saccade;;;24.0;;10.0;6812.0;6836.0
6828.0;1484.722900390625;827.7255821228027;0.5752859711647034;0.5724892020225525;0.5799698829650879;0.5748094320297241;3.0646209716796875;2.98138427734375;Saccade;;;24.0;;10.0;6812.0;6836.0
6832.0;1427.0169067382812;723.5827445983887;0.5502024292945862;0.5365704894065857;0.5574284791946411;0.5024880170822144;3.0557098388671875;2.904647827148437;Saccade;;;24.0;;10.0;6812.0;6836.0
6836.0;1383.2000732421875;685.7259607315062;0.5441190004348755;0.5047857165336609;0.5403125286102295;0.4761985838413238;3.051605224609375;2.9233856201171875;Saccade;;;24.0;;10.0;6812.0;6836.0
6840.0;1366.3661193847656;643.227024078369;0.5390418171882629;0.4712247848510742;0.5337367653846741;0.4466854333877563;3.0106201171875;2.9033660888671875;Fixation;1375.5876876368668;660.2327884327282;260.0;26.0;;6840.0;7100.0
6844.0;1394.3354797363281;653.3127307891846;0.5514563918113708;0.4592989683151245;0.5446622967720032;0.4536893963813782;2.9869384765625;2.946746826171875;Fixation;1375.5876876368668;660.2327884327282;260.0;26.0;;6840.0;7100.0
6848.0;1405.7716369628906;664.4831657409668;0.5521038174629211;0.4698248207569122;0.5491295456886292;0.4614466428756714;2.9994659423828125;2.937255859375;Fixation;1375.5876876368668;660.2327884327282;260.0;26.0;;6840.0;7100.0
6852.0;1399.6279907226562;667.7117300033569;0.5455489754676819;0.4600456655025482;0.5467296838760376;0.4636887013912201;2.987060546875;2.93951416015625;Fixation;1375.5876876368668;660.2327884327282;260.0;26.0;;6840.0;7100.0
6856.0;1388.5733032226562;668.8680410385131;0.5411674380302429;0.4992975294589996;0.5424114465713501;0.4644916951656341;3.037216186523437;2.9353485107421875;Fixation;1375.5876876368668;660.2327884327282;260.0;26.0;;6840.0;7100.0
6860.0;1385.784912109375;665.9369230270385;0.540582537651062;0.4940195679664612;0.5413222312927246;0.4624561965465545;3.039337158203125;2.94384765625;Fixation;1375.5876876368668;660.2327884327282;260.0;26.0;;6840.0;7100.0
6864.0;1372.7099609375;653.6467838287354;0.5433425307273865;0.4904465973377228;0.5362148284912109;0.453921377658844;3.0444793701171875;2.903045654296875;Fixation;1375.5876876368668;660.2327884327282;260.0;26.0;;6840.0;7100.0
6868.0;1371.8162536621094;660.0803089141846;0.542660653591156;0.4695903360843658;0.5358657240867615;0.4583891034126282;3.00872802734375;2.9159393310546875;Fixation;1375.5876876368668;660.2327884327282;260.0;26.0;;6840.0;7100.0
6872.0;1375.6288146972656;666.5581655502318;0.5405606031417847;0.500980019569397;0.5373550057411194;0.4628876149654388;3.07110595703125;2.9279327392578125;Fixation;1375.5876876368668;660.2327884327282;260.0;26.0;;6840.0;7100.0
6876.0;1380.8268737792969;657.9428672790527;0.5395488739013672;0.4681172966957092;0.5393854975700378;0.4569047689437866;2.978744506835937;2.910491943359375;Fixation;1375.5876876368668;660.2327884327282;260.0;26.0;;6840.0;7100.0
6880.0;1371.7259216308594;676.9220495223999;0.5411823391914368;0.4678304493427276;0.5358304381370544;0.4700847566127777;3.000228881835937;2.9386749267578125;Fixation;1375.5876876368668;660.2327884327282;260.0;26.0;;6840.0;7100.0
6884.0;1375.4399108886719;671.5552282333374;0.5424425005912781;0.4718713760375976;0.5372812151908875;0.4663577973842621;2.993927001953125;2.932846069335937;Fixation;1375.5876876368668;660.2327884327282;260.0;26.0;;6840.0;7100.0
6888.0;1377.0625305175781;665.9028911590576;0.5369769930839539;0.4546055793762207;0.537915050983429;0.4624325633049011;2.95001220703125;2.9170379638671875;Fixation;1375.5876876368668;660.2327884327282;260.0;26.0;;6840.0;7100.0
6892.0;1370.0126647949219;667.8135251998901;0.5380550026893616;0.468174010515213;0.5351611971855164;0.4637593924999237;2.9667205810546875;2.9204559326171875;Fixation;1375.5876876368668;660.2327884327282;260.0;26.0;;6840.0;7100.0
6896.0;1375.0863647460938;669.2851352691649;0.5409625172615051;0.4636410176753998;0.5371431112289429;0.4647813439369201;2.9895782470703125;2.922576904296875;Fixation;1375.5876876368668;660.2327884327282;260.0;26.0;;6840.0;7100.0
6900.0;1376.2797546386719;667.857642173767;0.5389609336853027;0.472049355506897;0.5376092791557312;0.4637900292873382;2.996566772460937;2.925811767578125;Fixation;1375.5876876368668;660.2327884327282;260.0;26.0;;6840.0;7100.0
6904.0;1377.6176452636719;670.4118776321411;0.5398492217063904;0.4622722268104553;0.5381318926811218;0.4655638039112091;2.969268798828125;2.903549194335937;Fixation;1375.5876876368668;660.2327884327282;260.0;26.0;;6840.0;7100.0
6908.0;1377.608642578125;660.1885843276976;0.5384597182273865;0.4716626703739166;0.5381283760070801;0.4584642946720123;2.9936065673828125;2.914291381835937;Fixation;1375.5876876368668;660.2327884327282;260.0;26.0;;6840.0;7100.0
6912.0;1372.7264404296875;657.7811193466187;0.5386973023414612;0.489260584115982;0.5362212657928467;0.4567924439907074;3.0324249267578125;2.9123077392578125;Fixation;1375.5876876368668;660.2327884327282;260.0;26.0;;6840.0;7100.0
6916.0;1372.8790283203125;662.0907640457152;0.5442337393760681;0.4866355657577514;0.5362808704376221;0.4597852528095245;3.0365142822265625;2.917327880859375;Fixation;1375.5876876368668;660.2327884327282;260.0;26.0;;6840.0;7100.0
6920.0;1371.5034484863281;681.6247987747191;0.5389389395713806;0.4828603267669678;0.5357435345649719;0.4733505547046661;3.0226287841796875;2.9160919189453125;Fixation;1375.5876876368668;660.2327884327282;260.0;26.0;;6840.0;7100.0
6924.0;1361.5983581542969;662.3712158203125;0.5420323014259338;0.4732611179351806;0.5318743586540222;0.4599800109863281;2.99945068359375;2.9074859619140625;Fixation;1375.5876876368668;660.2327884327282;260.0;26.0;;6840.0;7100.0
6928.0;1370.1344299316406;668.2138824462891;0.5407876372337341;0.4724499583244324;0.5352087616920471;0.4640374183654785;2.9878692626953125;2.923583984375;Fixation;1375.5876876368668;660.2327884327282;260.0;26.0;;6840.0;7100.0
6932.0;1371.1354064941406;659.742865562439;0.5368762016296387;0.4976585209369659;0.5355997681617737;0.4581547677516937;3.0286102294921875;2.9043731689453125;Fixation;1375.5876876368668;660.2327884327282;260.0;26.0;;6840.0;7100.0
6936.0;1371.8751525878906;663.1322336196899;0.539495587348938;0.4795206189155578;0.5358887314796448;0.4605084955692291;2.998138427734375;2.922027587890625;Fixation;1375.5876876368668;660.2327884327282;260.0;26.0;;6840.0;7100.0
6940.0;1371.1036682128906;662.0500373840332;0.5429115295410156;0.4843142032623291;0.5355873703956604;0.4597569704055786;3.0167694091796875;2.910430908203125;Fixation;1375.5876876368668;660.2327884327282;260.0;26.0;;6840.0;7100.0
6944.0;1376.3249206542969;663.538556098938;0.5381421446800232;0.4958083033561706;0.5376269221305847;0.4607906639575958;3.0604400634765625;2.915512084960937;Fixation;1375.5876876368668;660.2327884327282;260.0;26.0;;6840.0;7100.0
6948.0;1367.4435424804688;673.2036495208739;0.5385040640830994;0.4676268398761749;0.5341576337814331;0.4675025343894958;2.9857177734375;2.929840087890625;Fixation;1375.5876876368668;660.2327884327282;260.0;26.0;;6840.0;7100.0
6952.0;1375.1841735839844;658.7162017822266;0.5356226563453674;0.4606919288635254;0.5371813178062439;0.4574418067932129;2.965057373046875;2.9159088134765625;Fixation;1375.5876876368668;660.2327884327282;260.0;26.0;;6840.0;7100.0
6956.0;1376.1006164550781;654.8347663879395;0.5388314723968506;0.4657188951969147;0.5375393033027649;0.4547463655471802;2.976654052734375;2.8990020751953125;Fixation;1375.5876876368668;660.2327884327282;260.0;26.0;;6840.0;7100.0
6960.0;1374.5848083496094;659.8560333251953;0.5378497242927551;0.4731066226959228;0.5369471907615662;0.4582333564758301;2.9802398681640625;2.891876220703125;Fixation;1375.5876876368668;660.2327884327282;260.0;26.0;;6840.0;7100.0
6964.0;1375.4774475097656;651.3400840759276;0.5364590287208557;0.4869226515293121;0.5372958779335022;0.4523195028305053;3.01116943359375;2.89923095703125;Fixation;1375.5876876368668;660.2327884327282;260.0;26.0;;6840.0;7100.0
6968.0;1379.635009765625;656.4023780822754;0.5374754667282104;0.4776701927185058;0.5389199256896973;0.4558349847793579;2.9933319091796875;2.894882202148437;Fixation;1375.5876876368668;660.2327884327282;260.0;26.0;;6840.0;7100.0
6972.0;1377.8724670410156;653.0267429351807;0.5368585586547852;0.4786386489868164;0.5382314324378967;0.4534907937049866;3.01806640625;2.9044189453125;Fixation;1375.5876876368668;660.2327884327282;260.0;26.0;;6840.0;7100.0
6976.0;1383.6856079101562;650.1596975326538;0.5378917455673218;0.4730001986026764;0.5405021905899048;0.4514997899532318;2.9981842041015625;2.899658203125;Fixation;1375.5876876368668;660.2327884327282;260.0;26.0;;6840.0;7100.0
6980.0;1371.5776062011719;661.9711589813231;0.5378381013870239;0.4796742796897888;0.5357725024223328;0.45970219373703;3.006622314453125;2.900421142578125;Fixation;1375.5876876368668;660.2327884327282;260.0;26.0;;6840.0;7100.0
6984.0;1371.1210632324219;662.4302673339844;0.5357502698898315;0.4570343196392059;0.5355941653251648;0.4600210189819336;2.939483642578125;2.8988189697265625;Fixation;1375.5876876368668;660.2327884327282;260.0;26.0;;6840.0;7100.0
6988.0;1381.6764831542969;655.8104467391967;0.5383764505386353;0.4647363126277923;0.5397173762321472;0.4554239213466644;2.967529296875;2.902740478515625;Fixation;1375.5876876368668;660.2327884327282;260.0;26.0;;6840.0;7100.0
6992.0;1381.4250183105469;667.2441673278807;0.5386798977851868;0.4587081968784332;0.5396191477775574;0.4633640050888061;2.9534454345703125;2.9066314697265625;Fixation;1375.5876876368668;660.2327884327282;260.0;26.0;;6840.0;7100.0
6996.0;1378.65478515625;651.5667200088501;0.5368908047676086;0.4590115249156952;0.5385370254516602;0.4524768888950348;2.96197509765625;2.8839263916015625;Fixation;1375.5876876368668;660.2327884327282;260.0;26.0;;6840.0;7100.0
7000.0;1383.7310791015625;647.5845193862914;0.5384371280670166;0.4700832664966583;0.5405199527740479;0.4497114717960357;2.979705810546875;2.902450561523437;Fixation;1375.5876876368668;660.2327884327282;260.0;26.0;;6840.0;7100.0
7004.0;1382.6359558105469;653.9074087142943;0.5390200614929199;0.4613483548164367;0.5400921702384949;0.4541023671627044;2.969482421875;2.8909454345703125;Fixation;1375.5876876368668;660.2327884327282;260.0;26.0;;6840.0;7100.0
7008.0;1373.0186462402344;665.4714632034302;0.5394066572189331;0.4942379295825958;0.5363354086875916;0.4621329605579376;3.034332275390625;2.90789794921875;Fixation;1375.5876876368668;660.2327884327282;260.0;26.0;;6840.0;7100.0
7012.0;1372.5718688964844;650.2771568298339;0.5419687628746033;0.4832196533679962;0.5361608862876892;0.4515813589096069;3.0258026123046875;2.90765380859375;Fixation;1375.5876876368668;660.2327884327282;260.0;26.0;;6840.0;7100.0
7016.0;1378.0244445800781;662.8551292419434;0.5431087613105774;0.4492910206317901;0.538290798664093;0.4603160619735718;2.951202392578125;2.897308349609375;Fixation;1375.5876876368668;660.2327884327282;260.0;26.0;;6840.0;7100.0
7020.0;1369.4609069824219;651.9395685195923;0.5399760603904724;0.4840669929981231;0.5349456667900085;0.4527358114719391;3.0418243408203125;2.884185791015625;Fixation;1375.5876876368668;660.2327884327282;260.0;26.0;;6840.0;7100.0
7024.0;1380.8219909667969;665.9452056884766;0.5424526929855347;0.464282751083374;0.539383590221405;0.4624619483947754;2.964599609375;2.9046630859375;Fixation;1375.5876876368668;660.2327884327282;260.0;26.0;;6840.0;7100.0
7028.0;1375.8335876464844;662.9282569885254;0.5428066253662109;0.4640637040138244;0.537434995174408;0.4603668451309204;2.988677978515625;2.902740478515625;Fixation;1375.5876876368668;660.2327884327282;260.0;26.0;;6840.0;7100.0
7032.0;1377.5053405761719;663.9010620117188;0.5416629314422607;0.4676855504512787;0.5380880236625671;0.4610424041748047;2.97723388671875;2.9131011962890625;Fixation;1375.5876876368668;660.2327884327282;260.0;26.0;;6840.0;7100.0
7036.0;1369.2581176757812;660.4285669326782;0.5420622825622559;0.4572266340255737;0.534866452217102;0.4586309492588043;2.949462890625;2.9081573486328125;Fixation;1375.5876876368668;660.2327884327282;260.0;26.0;;6840.0;7100.0
7040.0;1368.6842346191406;661.6144037246704;0.5393938422203064;0.4483395218849182;0.5346422791481018;0.4594544470310211;2.943634033203125;2.908721923828125;Fixation;1375.5876876368668;660.2327884327282;260.0;26.0;;6840.0;7100.0
7044.0;1377.8221130371094;662.0108127593993;0.5414190292358398;0.4528058469295501;0.5382117629051208;0.4597297310829162;2.942291259765625;2.8972320556640625;Fixation;1375.5876876368668;660.2327884327282;260.0;26.0;;6840.0;7100.0
7048.0;1376.143798828125;673.279824256897;0.5423694252967834;0.456699788570404;0.5375561714172363;0.467555433511734;2.967315673828125;2.9275665283203125;Fixation;1375.5876876368668;660.2327884327282;260.0;26.0;;6840.0;7100.0
7052.0;1377.2189331054688;660.6806087493895;0.5407878756523132;0.4655574858188629;0.5379761457443237;0.4588059782981872;2.9887237548828125;2.908065795898437;Fixation;1375.5876876368668;660.2327884327282;260.0;26.0;;6840.0;7100.0
7056.0;1371.8974304199219;658.235936164856;0.5398103594779968;0.4362061619758606;0.535897433757782;0.4571082890033722;2.946640014648437;2.8936309814453125;Fixation;1375.5876876368668;660.2327884327282;260.0;26.0;;6840.0;7100.0
7060.0;1375.4618835449219;663.2787895202637;0.5421440005302429;0.4808598160743713;0.5372897982597351;0.4606102705001831;3.0302276611328125;2.901641845703125;Fixation;1375.5876876368668;660.2327884327282;260.0;26.0;;6840.0;7100.0
7064.0;1365.6149291992188;653.448815345764;0.5391926765441895;0.4691812694072723;0.5334433317184448;0.4537838995456695;2.980987548828125;2.8759307861328125;Fixation;1375.5876876368668;660.2327884327282;260.0;26.0;;6840.0;7100.0
7068.0;1367.5662231445312;658.827610015869;0.5405914783477783;0.4786661565303802;0.5342055559158325;0.4575191736221313;3.013671875;2.8902130126953125;Fixation;1375.5876876368668;660.2327884327282;260.0;26.0;;6840.0;7100.0
7072.0;1367.2100830078125;653.1164789199828;0.5403820872306824;0.4483182430267334;0.5340664386749268;0.4535531103610992;2.937774658203125;2.875885009765625;Fixation;1375.5876876368668;660.2327884327282;260.0;26.0;;6840.0;7100.0
7076.0;1377.0719909667969;659.8789072036743;0.540290892124176;0.4651224911212921;0.537918746471405;0.4582492411136627;2.976669311523437;2.876922607421875;Fixation;1375.5876876368668;660.2327884327282;260.0;26.0;;6840.0;7100.0
7080.0;1371.0635375976562;662.4317693710326;0.5445815920829773;0.453740656375885;0.5355716943740845;0.4600220620632171;2.937362670898437;2.87939453125;Fixation;1375.5876876368668;660.2327884327282;260.0;26.0;;6840.0;7100.0
7084.0;1374.8507690429688;663.3724308013915;0.5400519371032715;0.4582664668560028;0.5370510816574097;0.460675299167633;2.9664764404296875;2.8809051513671875;Fixation;1375.5876876368668;660.2327884327282;260.0;26.0;;6840.0;7100.0
7088.0;1379.2607116699219;665.0925636291503;0.5434531569480896;0.4419802725315094;0.5387737154960632;0.4618698358535766;2.93878173828125;2.90240478515625;Fixation;1375.5876876368668;660.2327884327282;260.0;26.0;;6840.0;7100.0
7092.0;1377.7494812011719;660.5102348327637;0.5426191687583923;0.4484506845474243;0.5381833910942078;0.4586876630783081;2.9379119873046875;2.8836669921875;Fixation;1375.5876876368668;660.2327884327282;260.0;26.0;;6840.0;7100.0
7096.0;1365.8280944824219;637.0208215713501;0.536982536315918;0.4591221511363983;0.533526599407196;0.4423755705356598;2.9842071533203125;2.894989013671875;Fixation;1375.5876876368668;660.2327884327282;260.0;26.0;;6840.0;7100.0
7100.0;1356.4869689941406;608.5132312774658;0.531165361404419;0.4235292971134186;0.5298777222633362;0.4225786328315735;2.9738922119140625;2.9112548828125;Fixation;1375.5876876368668;660.2327884327282;260.0;26.0;;6840.0;7100.0
7104.0;1346.2515258789062;567.3074197769165;0.5229021310806274;0.3971959948539734;0.5258795022964478;0.393963485956192;2.988311767578125;2.937606811523437;Saccade;;;16.0;;11.0;7104.0;7120.0
7108.0;1325.8157348632812;541.5421199798583;0.5165639519691467;0.3776215612888336;0.5178967714309692;0.3760709166526794;3.01092529296875;2.938385009765625;Saccade;;;16.0;;11.0;7104.0;7120.0
7112.0;1319.8454284667969;534.5615530014038;0.5176434516906738;0.3686090111732483;0.5155646204948425;0.3712233006954193;2.99725341796875;2.92645263671875;Saccade;;;16.0;;11.0;7104.0;7120.0
7116.0;1309.8919677734375;513.9946746826171;0.5155378580093384;0.3530517816543579;0.511676549911499;0.356940746307373;3.0219879150390625;2.933944702148437;Saccade;;;16.0;;11.0;7104.0;7120.0
7120.0;1314.4143676757812;495.8977460861206;0.5151309967041016;0.3432742655277252;0.513443112373352;0.3443734347820282;3.030914306640625;2.9552764892578125;Saccade;;;16.0;;11.0;7104.0;7120.0
7124.0;1322.6625061035156;469.8012685775757;0.5105710029602051;0.3326278626918793;0.5166650414466858;0.3262508809566498;3.032928466796875;2.9496002197265625;Fixation;1310.262422834124;476.7524757385254;416.0;27.0;;7124.0;7540.0
7128.0;1302.4685668945312;469.0103387832641;0.5147092938423157;0.3307285904884338;0.5087767839431763;0.3257016241550445;3.039413452148437;2.95843505859375;Fixation;1310.262422834124;476.7524757385254;416.0;27.0;;7124.0;7540.0
7132.0;1306.5150451660156;474.33141231536865;0.5183351635932922;0.3314747512340545;0.5103574395179749;0.3293968141078949;3.02191162109375;2.9593963623046875;Fixation;1310.262422834124;476.7524757385254;416.0;27.0;;7124.0;7540.0
7136.0;1314.6176147460938;484.70396518707275;0.5157625079154968;0.3326530158519745;0.5135225057601929;0.3365999758243561;3.0330810546875;2.9611358642578125;Fixation;1310.262422834124;476.7524757385254;416.0;27.0;;7124.0;7540.0
7140.0;1312.5059509277344;478.57380867004395;0.5150494575500488;0.3326939642429352;0.5126976370811462;0.3323429226875305;3.0096435546875;2.95562744140625;Fixation;1310.262422834124;476.7524757385254;416.0;27.0;;7124.0;7540.0
7144.0;1312.8556823730469;479.58339214324945;0.5178993344306946;0.332162857055664;0.5128342509269714;0.333044022321701;3.014617919921875;2.9372100830078125;Fixation;1310.262422834124;476.7524757385254;416.0;27.0;;7124.0;7540.0
7148.0;1313.9939880371094;492.6451921463012;0.5178263187408447;0.333700954914093;0.5132789015769958;0.3421147167682647;3.0184326171875;2.9576416015625;Fixation;1310.262422834124;476.7524757385254;416.0;27.0;;7124.0;7540.0
7152.0;1308.4571838378906;477.6720714569091;0.518110990524292;0.3409383594989776;0.511116087436676;0.3317167162895202;3.0389862060546875;2.94818115234375;Fixation;1310.262422834124;476.7524757385254;416.0;27.0;;7124.0;7540.0
7156.0;1312.1107482910156;486.6039991378784;0.5187875032424927;0.3381725549697876;0.512543261051178;0.3379194438457489;3.0189666748046875;2.9481353759765625;Fixation;1310.262422834124;476.7524757385254;416.0;27.0;;7124.0;7540.0
7160.0;1313.3786010742188;483.53744029998774;0.5164299011230469;0.3357893228530884;0.5130385160446167;0.3357898890972137;3.037322998046875;2.9595947265625;Fixation;1310.262422834124;476.7524757385254;416.0;27.0;;7124.0;7540.0
7164.0;1312.1478271484375;479.08226966857904;0.5167140364646912;0.3356571495532989;0.5125577449798584;0.3326960206031799;3.03106689453125;2.947738647460937;Fixation;1310.262422834124;476.7524757385254;416.0;27.0;;7124.0;7540.0
7168.0;1306.5765380859375;486.6084623336792;0.5183845162391663;0.3337370455265045;0.5103814601898193;0.3379225432872772;3.0349884033203125;2.933197021484375;Fixation;1310.262422834124;476.7524757385254;416.0;27.0;;7124.0;7540.0
7172.0;1313.4173583984375;477.97166347503656;0.5193486213684082;0.3332982063293457;0.5130536556243896;0.3319247663021087;3.026763916015625;2.945663452148437;Fixation;1310.262422834124;476.7524757385254;416.0;27.0;;7124.0;7540.0
7176.0;1306.2594604492188;473.21664333343506;0.5173444747924805;0.3286581933498382;0.5102576017379761;0.3286226689815521;3.016876220703125;2.943450927734375;Fixation;1310.262422834124;476.7524757385254;416.0;27.0;;7124.0;7540.0
7180.0;1310.5317687988281;482.42181301116943;0.5156909823417664;0.3302522897720337;0.5119264721870422;0.3350151479244232;3.0232696533203125;2.9478302001953125;Fixation;1310.262422834124;476.7524757385254;416.0;27.0;;7124.0;7540.0
7184.0;1313.3564758300781;484.1445207595825;0.5160244107246399;0.3316603600978851;0.5130298733711243;0.3362114727497101;3.00439453125;2.942245483398437;Fixation;1310.262422834124;476.7524757385254;416.0;27.0;;7124.0;7540.0
7188.0;1314.5930480957031;476.70716285705566;0.5155598521232605;0.3349100947380066;0.513512909412384;0.3310466408729553;3.0275115966796875;2.9408721923828125;Fixation;1310.262422834124;476.7524757385254;416.0;27.0;;7124.0;7540.0
7192.0;1309.573974609375;487.38553047180176;0.5164564251899719;0.3249526023864746;0.5115523338317871;0.3384621739387512;3.005706787109375;2.942367553710937;Fixation;1310.262422834124;476.7524757385254;416.0;27.0;;7124.0;7540.0
7196.0;1303.3442687988281;477.43187427520746;0.5169414281845093;0.3361857533454895;0.5091188549995422;0.3315499126911163;3.020263671875;2.9442138671875;Fixation;1310.262422834124;476.7524757385254;416.0;27.0;;7124.0;7540.0
7200.0;1313.4188842773438;473.97246837615967;0.5175780057907104;0.340730756521225;0.5130542516708374;0.3291475474834442;3.02435302734375;2.938018798828125;Fixation;1310.262422834124;476.7524757385254;416.0;27.0;;7124.0;7540.0
7204.0;1310.3289794921875;476.72398567199707;0.5174538493156433;0.3313814401626587;0.5118472576141357;0.3310583233833313;3.0064697265625;2.9387359619140625;Fixation;1310.262422834124;476.7524757385254;416.0;27.0;;7124.0;7540.0
7208.0;1311.43310546875;478.1228542327881;0.5195080041885376;0.3377748429775238;0.5122785568237305;0.3320297598838806;3.011337280273437;2.9282989501953125;Fixation;1310.262422834124;476.7524757385254;416.0;27.0;;7124.0;7540.0
7212.0;1305.5154418945312;476.1524820327758;0.5181047916412354;0.3335175216197967;0.5099669694900513;0.3306614458560943;3.0117645263671875;2.929962158203125;Fixation;1310.262422834124;476.7524757385254;416.0;27.0;;7124.0;7540.0
7216.0;1309.1253662109375;476.8158674240112;0.5202406644821167;0.3366838097572326;0.5113770961761475;0.3311221301555633;3.002471923828125;2.9165802001953125;Fixation;1310.262422834124;476.7524757385254;416.0;27.0;;7124.0;7540.0
7220.0;1312.4481201171875;476.154670715332;0.5175822973251343;0.3351328074932098;0.5126750469207764;0.3306629657745361;3.0183563232421875;2.92889404296875;Fixation;1310.262422834124;476.7524757385254;416.0;27.0;;7124.0;7540.0
7224.0;1307.08984375;478.4600830078125;0.5172980427742004;0.3388593792915344;0.5105819702148438;0.3322639465332031;3.0140838623046875;2.9281005859375;Fixation;1310.262422834124;476.7524757385254;416.0;27.0;;7124.0;7540.0
7228.0;1311.6189575195312;476.4137935638427;0.5205987691879272;0.3285486698150635;0.5123511552810669;0.330842912197113;3.003662109375;2.944671630859375;Fixation;1310.262422834124;476.7524757385254;416.0;27.0;;7124.0;7540.0
7232.0;1311.0104370117188;483.86557102203363;0.5187380909919739;0.3304837346076965;0.5121134519577026;0.33601775765419;2.992584228515625;2.933685302734375;Fixation;1310.262422834124;476.7524757385254;416.0;27.0;;7124.0;7540.0
7236.0;1320.9719848632812;481.26554489135737;0.5178070068359375;0.3330280482769012;0.5160046815872192;0.3342121839523315;3.0008087158203125;2.935089111328125;Fixation;1310.262422834124;476.7524757385254;416.0;27.0;;7124.0;7540.0
7240.0;1315.9915161132812;473.6686706542969;0.5204294323921204;0.3321058452129364;0.5140591859817505;0.3289365768432617;3.005279541015625;2.920257568359375;Fixation;1310.262422834124;476.7524757385254;416.0;27.0;;7124.0;7540.0
7244.0;1315.1197814941406;481.20782375335693;0.5188936591148376;0.3319819867610931;0.5137186646461487;0.3341720998287201;2.993621826171875;2.918563842773437;Fixation;1310.262422834124;476.7524757385254;416.0;27.0;;7124.0;7540.0
7248.0;1315.1046752929688;479.97031688690186;0.518767774105072;0.3299124240875244;0.5137127637863159;0.3333127200603485;2.984771728515625;2.9333648681640625;Fixation;1310.262422834124;476.7524757385254;416.0;27.0;;7124.0;7540.0
7252.0;1317.5587463378906;481.9087171554565;0.5199664235115051;0.3326796889305115;0.5146713852882385;0.3346588313579559;2.9892120361328125;2.913482666015625;Fixation;1310.262422834124;476.7524757385254;416.0;27.0;;7124.0;7540.0
7256.0;1311.2274169921875;472.3594093322754;0.5195677876472473;0.3254921436309814;0.5121982097625732;0.3280273675918579;2.9938507080078125;2.9174041748046875;Fixation;1310.262422834124;476.7524757385254;416.0;27.0;;7124.0;7540.0
7260.0;1311.4970397949219;477.74614334106445;0.5165727734565735;0.327911913394928;0.5123035311698914;0.3317681550979614;2.98529052734375;2.930770874023437;Fixation;1310.262422834124;476.7524757385254;416.0;27.0;;7124.0;7540.0
7264.0;1309.3663024902344;473.9203262329101;0.5181544423103333;0.3270555734634399;0.5114712119102478;0.3291113376617431;2.994415283203125;2.9169464111328125;Fixation;1310.262422834124;476.7524757385254;416.0;27.0;;7124.0;7540.0
7268.0;1313.1784057617188;467.8732109069824;0.5207834243774414;0.3299222588539123;0.5129603147506714;0.3249119520187378;2.9812164306640625;2.91033935546875;Fixation;1310.262422834124;476.7524757385254;416.0;27.0;;7124.0;7540.0
7272.0;1315.6765747070312;474.8000478744506;0.5186670422554016;0.3284969627857208;0.5139361619949341;0.3297222554683685;2.978271484375;2.9154510498046875;Fixation;1310.262422834124;476.7524757385254;416.0;27.0;;7124.0;7540.0
7276.0;1315.9884643554688;478.98399353027344;0.5166422128677368;0.3239243030548095;0.514057993888855;0.3326277732849121;2.990631103515625;2.907989501953125;Fixation;1310.262422834124;476.7524757385254;416.0;27.0;;7124.0;7540.0
7280.0;1313.3981323242188;480.766224861145;0.519503653049469;0.3285840451717376;0.513046145439148;0.3338654339313507;3.00555419921875;2.9075469970703125;Fixation;1310.262422834124;476.7524757385254;416.0;27.0;;7124.0;7540.0
7284.0;1309.4012451171875;479.84852313995356;0.5179464221000671;0.3318257629871368;0.5114848613739014;0.3332281410694122;2.98553466796875;2.92291259765625;Fixation;1310.262422834124;476.7524757385254;416.0;27.0;;7124.0;7540.0
7288.0;1313.9210510253906;471.5638017654419;0.5169504880905151;0.3250727653503418;0.5132504105567932;0.3274748623371124;2.989974975585937;2.9092559814453125;Fixation;1310.262422834124;476.7524757385254;416.0;27.0;;7124.0;7540.0
7292.0;1311.3392639160156;481.97017192840576;0.518898606300354;0.3262613713741302;0.5122418999671936;0.3347015082836151;2.9967041015625;2.9058990478515625;Fixation;1310.262422834124;476.7524757385254;416.0;27.0;;7124.0;7540.0
7296.0;1318.6953735351562;482.30237960815424;0.5179965496063232;0.3271623253822326;0.5151153802871704;0.3349322080612182;2.98681640625;2.9190826416015625;Fixation;1310.262422834124;476.7524757385254;416.0;27.0;;7124.0;7540.0
7300.0;1316.45751953125;468.68885993957514;0.517819344997406;0.3357996344566345;0.5142412185668945;0.3254783749580383;2.9784698486328125;2.8900909423828125;Fixation;1310.262422834124;476.7524757385254;416.0;27.0;;7124.0;7540.0
7304.0;1311.8156433105469;472.21049308776855;0.5182153582572937;0.3314691483974457;0.5124279856681824;0.3279239535331726;2.9886016845703125;2.8940887451171875;Fixation;1310.262422834124;476.7524757385254;416.0;27.0;;7124.0;7540.0
7308.0;1312.6628112792969;472.6808023452758;0.5160961747169495;0.3337370157241821;0.5127589106559753;0.3282505571842193;2.98040771484375;2.8818511962890625;Fixation;1310.262422834124;476.7524757385254;416.0;27.0;;7124.0;7540.0
7312.0;1309.2645263671875;473.09287548065186;0.5183878540992737;0.3329088985919952;0.5114314556121826;0.328536719083786;2.98455810546875;2.8859100341796875;Fixation;1310.262422834124;476.7524757385254;416.0;27.0;;7124.0;7540.0
7316.0;1314.00634765625;467.6129722595215;0.5188702940940857;0.3292963802814483;0.5132837295532227;0.3247312307357788;2.988998413085937;2.909408569335937;Fixation;1310.262422834124;476.7524757385254;416.0;27.0;;7124.0;7540.0
7320.0;1312.1807861328125;475.58290958404535;0.5159702897071838;0.3305157423019409;0.5125706195831299;0.3302659094333648;2.975830078125;2.901123046875;Fixation;1310.262422834124;476.7524757385254;416.0;27.0;;7124.0;7540.0
7324.0;1317.6338195800781;475.0005912780761;0.5194292068481445;0.3296914100646972;0.514700710773468;0.3298615217208862;2.995147705078125;2.903533935546875;Fixation;1310.262422834124;476.7524757385254;416.0;27.0;;7124.0;7540.0
7328.0;1316.2960815429688;474.9623966217041;0.5169219970703125;0.327616274356842;0.5141781568527222;0.3298349976539612;2.97088623046875;2.9031524658203125;Fixation;1310.262422834124;476.7524757385254;416.0;27.0;;7124.0;7540.0
7332.0;1311.8344116210938;481.9687128067016;0.5177305936813354;0.3244862258434295;0.5124353170394897;0.3347004950046539;2.972396850585937;2.8876953125;Fixation;1310.262422834124;476.7524757385254;416.0;27.0;;7124.0;7540.0
7336.0;1316.2701416015625;468.3773803710937;0.517886757850647;0.3220371007919311;0.5141680240631104;0.3252620697021484;2.9564971923828125;2.893341064453125;Fixation;1310.262422834124;476.7524757385254;416.0;27.0;;7124.0;7540.0
7340.0;1317.4018859863281;470.35307407379145;0.5197613835334778;0.3265490531921386;0.5146101117134094;0.3266340792179107;2.955352783203125;2.883758544921875;Fixation;1310.262422834124;476.7524757385254;416.0;27.0;;7124.0;7540.0
7344.0;1305.3807067871094;478.74070644378656;0.5183095932006836;0.3186651766300201;0.5099143385887146;0.3324588239192962;2.9670867919921875;2.8943328857421875;Fixation;1310.262422834124;476.7524757385254;416.0;27.0;;7124.0;7540.0
7348.0;1313.6172485351562;468.62148284912104;0.5197997093200684;0.3226063549518585;0.5131317377090454;0.3254315853118896;2.9607086181640625;2.886627197265625;Fixation;1310.262422834124;476.7524757385254;416.0;27.0;;7124.0;7540.0
7352.0;1308.0484008789062;482.37246036529535;0.5196117758750916;0.3185957670211792;0.5109564065933228;0.3349808752536773;2.950286865234375;2.881195068359375;Fixation;1310.262422834124;476.7524757385254;416.0;27.0;;7124.0;7540.0
7356.0;1307.2682189941406;474.58117961883545;0.5180014967918396;0.3270335495471954;0.5106516480445862;0.3295702636241913;2.950714111328125;2.878387451171875;Fixation;1310.262422834124;476.7524757385254;416.0;27.0;;7124.0;7540.0
7360.0;1311.2774658203125;477.31604576110834;0.5192506909370422;0.3233575522899627;0.5122177600860596;0.3314694762229919;2.9396514892578125;2.8952789306640625;Fixation;1310.262422834124;476.7524757385254;416.0;27.0;;7124.0;7540.0
7364.0;1311.2745666503906;475.8019924163818;0.5181847214698792;0.323227971792221;0.5122166275978088;0.330418050289154;2.9586639404296875;2.90325927734375;Fixation;1310.262422834124;476.7524757385254;416.0;27.0;;7124.0;7540.0
7368.0;1310.4425048828125;480.36561012268066;0.5173176527023315;0.3257520794868469;0.5118916034698486;0.3335872292518616;2.962265014648437;2.884002685546875;Fixation;1310.262422834124;476.7524757385254;416.0;27.0;;7124.0;7540.0
7372.0;1310.3144836425781;469.4230556488037;0.5183783769607544;0.330788791179657;0.5118415951728821;0.325988233089447;2.9599609375;2.8809814453125;Fixation;1310.262422834124;476.7524757385254;416.0;27.0;;7124.0;7540.0
7376.0;1309.0652465820312;487.5887775421142;0.5159479379653931;0.3210870027542114;0.511353611946106;0.3386033177375793;2.939666748046875;2.8879547119140625;Fixation;1310.262422834124;476.7524757385254;416.0;27.0;;7124.0;7540.0
7380.0;1308.9581298828125;478.4035634994506;0.5178139209747314;0.3309678435325622;0.5113117694854736;0.3322246968746185;2.9629669189453125;2.8866729736328125;Fixation;1310.262422834124;476.7524757385254;416.0;27.0;;7124.0;7540.0
7384.0;1315.6875610351562;483.76630783081055;0.517482578754425;0.330924779176712;0.5139404535293579;0.3359488248825073;2.978851318359375;2.890380859375;Fixation;1310.262422834124;476.7524757385254;416.0;27.0;;7124.0;7540.0
7388.0;1313.4822082519531;489.27131652832026;0.5148577094078064;0.3362516760826111;0.5130789875984192;0.3397717475891113;2.980010986328125;2.8914947509765625;Fixation;1310.262422834124;476.7524757385254;416.0;27.0;;7124.0;7540.0
7392.0;1316.5744018554688;479.71982002258295;0.5162516832351685;0.3297061324119568;0.5142868757247925;0.3331387639045715;2.9541473388671875;2.8791656494140625;Fixation;1310.262422834124;476.7524757385254;416.0;27.0;;7124.0;7540.0
7396.0;1317.5338745117188;482.23392963409424;0.5183126330375671;0.337848424911499;0.5146616697311401;0.3348846733570099;2.97796630859375;2.8714141845703125;Fixation;1310.262422834124;476.7524757385254;416.0;27.0;;7124.0;7540.0
7400.0;1312.4954223632812;480.7831764221191;0.5161393880844116;0.3348845243453979;0.5126935243606567;0.3338772058486938;2.970550537109375;2.871734619140625;Fixation;1310.262422834124;476.7524757385254;416.0;27.0;;7124.0;7540.0
7404.0;1307.5065612792969;479.2823410034179;0.5163928866386414;0.3299662470817566;0.5107447504997253;0.3328349590301513;2.9624176025390625;2.8865966796875;Fixation;1310.262422834124;476.7524757385254;416.0;27.0;;7124.0;7540.0
7408.0;1314.5640563964844;478.3855390548706;0.5157559514045715;0.3322835266590118;0.5135015845298767;0.3322121798992157;2.9646148681640625;2.86065673828125;Fixation;1310.262422834124;476.7524757385254;416.0;27.0;;7124.0;7540.0
7412.0;1320.670166015625;478.7517786026001;0.5165392756462097;0.3333499133586883;0.5158867835998535;0.3324665129184723;2.9610595703125;2.8738250732421875;Fixation;1310.262422834124;476.7524757385254;416.0;27.0;;7124.0;7540.0
7416.0;1309.1790771484375;479.6516704559326;0.5147383809089661;0.331097275018692;0.5113980770111084;0.3330914378166199;2.9545440673828125;2.8672637939453125;Fixation;1310.262422834124;476.7524757385254;416.0;27.0;;7124.0;7540.0
7420.0;1315.2153015136719;477.1836519241333;0.5156152844429016;0.3276304602622986;0.5137559771537781;0.3313775360584259;2.9630126953125;2.8702392578125;Fixation;1310.262422834124;476.7524757385254;416.0;27.0;;7124.0;7540.0
7424.0;1310.6837463378906;476.23758316040033;0.5148730278015137;0.3318979740142822;0.5119858384132385;0.3307205438613891;2.95513916015625;2.8646697998046875;Fixation;1310.262422834124;476.7524757385254;416.0;27.0;;7124.0;7540.0
7428.0;1311.1872863769531;476.7972421646118;0.5133675336837769;0.3329963386058807;0.5121825337409973;0.3311091959476471;2.9622955322265625;2.8750762939453125;Fixation;1310.262422834124;476.7524757385254;416.0;27.0;;7124.0;7540.0
7432.0;1304.0730285644531;480.93483924865717;0.5120210647583008;0.331466794013977;0.5094035267829895;0.3339825272560119;2.971282958984375;2.860092163085937;Fixation;1310.262422834124;476.7524757385254;416.0;27.0;;7124.0;7540.0
7436.0;1313.0088806152344;469.2310094833374;0.5151038765907288;0.34039306640625;0.5128940939903259;0.3258548676967621;2.96734619140625;2.8695068359375;Fixation;1310.262422834124;476.7524757385254;416.0;27.0;;7124.0;7540.0
7440.0;1307.2404479980469;474.13859367370605;0.514525830745697;0.3328600227832794;0.5106407999992371;0.329262912273407;2.9633941650390625;2.87493896484375;Fixation;1310.262422834124;476.7524757385254;416.0;27.0;;7124.0;7540.0
7444.0;1309.9946594238281;473.3580493927002;0.5149495601654053;0.3329077363014221;0.5117166638374329;0.3287208676338196;2.938690185546875;2.868255615234375;Fixation;1310.262422834124;476.7524757385254;416.0;27.0;;7124.0;7540.0
7448.0;1308.9918518066406;473.31933975219727;0.5154988765716553;0.3300795257091522;0.511324942111969;0.3286939859390259;2.9409332275390625;2.86431884765625;Fixation;1310.262422834124;476.7524757385254;416.0;27.0;;7124.0;7540.0
7452.0;1314.4854736328125;472.76191234588623;0.5114019513130188;0.3359014391899109;0.5134708881378174;0.3283068835735321;2.9467315673828125;2.859619140625;Fixation;1310.262422834124;476.7524757385254;416.0;27.0;;7124.0;7540.0
7456.0;1308.9793395996094;475.70466041564936;0.514893651008606;0.3388914465904236;0.5113200545310974;0.3303504586219787;2.94305419921875;2.87078857421875;Fixation;1310.262422834124;476.7524757385254;416.0;27.0;;7124.0;7540.0
7460.0;1306.1698913574219;473.16982269287104;0.5136537551879883;0.3367468118667602;0.5102226138114929;0.3285901546478271;2.960052490234375;2.8822174072265625;Fixation;1310.262422834124;476.7524757385254;416.0;27.0;;7124.0;7540.0
7464.0;1304.9855041503906;473.0058860778808;0.5147244930267334;0.3360544741153717;0.5097599625587463;0.3284763097763061;2.95343017578125;2.8768768310546875;Fixation;1310.262422834124;476.7524757385254;416.0;27.0;;7124.0;7540.0
7468.0;1309.3254089355469;477.1197080612182;0.5135061740875244;0.3360701501369476;0.511455237865448;0.3313331305980682;2.9575653076171875;2.8709259033203125;Fixation;1310.262422834124;476.7524757385254;416.0;27.0;;7124.0;7540.0
7472.0;1305.4948425292969;480.71657180786127;0.5109653472900391;0.3356164097785949;0.5099589228630066;0.3338309526443481;2.9522705078125;2.861907958984375;Fixation;1310.262422834124;476.7524757385254;416.0;27.0;;7124.0;7540.0
7476.0;1306.5692138671875;483.3723449707031;0.5150442123413086;0.3347244560718536;0.5103785991668701;0.3356752395629883;2.9595184326171875;2.862335205078125;Fixation;1310.262422834124;476.7524757385254;416.0;27.0;;7124.0;7540.0
7480.0;1303.7342834472656;474.8930883407592;0.5160064101219177;0.3323357105255127;0.5092712044715881;0.329786866903305;2.94146728515625;2.8556365966796875;Fixation;1310.262422834124;476.7524757385254;416.0;27.0;;7124.0;7540.0
7484.0;1309.2164611816406;470.82977771759033;0.5119109749794006;0.3329991698265075;0.5114126801490784;0.3269651234149933;2.9536590576171875;2.8621368408203125;Fixation;1310.262422834124;476.7524757385254;416.0;27.0;;7124.0;7540.0
7488.0;1301.1862182617188;480.13159275054926;0.5130517482757568;0.342364639043808;0.5082758665084839;0.3334247171878814;2.9784088134765625;2.861923217773437;Fixation;1310.262422834124;476.7524757385254;416.0;27.0;;7124.0;7540.0
7492.0;1305.5633544921875;472.58836269378656;0.5182081460952759;0.3368204236030578;0.5099856853485107;0.3281863629817962;2.95458984375;2.853012084960937;Fixation;1310.262422834124;476.7524757385254;416.0;27.0;;7124.0;7540.0
7496.0;1314.6043395996094;481.6236734390258;0.5148590207099915;0.3319311141967773;0.5135173201560974;0.3344608843326568;2.93902587890625;2.85382080078125;Fixation;1310.262422834124;476.7524757385254;416.0;27.0;;7124.0;7540.0
7500.0;1304.4288635253906;477.28338718414307;0.5141896605491638;0.333132266998291;0.5095425248146057;0.3314467966556549;2.9439849853515625;2.872772216796875;Fixation;1310.262422834124;476.7524757385254;416.0;27.0;;7124.0;7540.0
7504.0;1302.3931884765625;479.7843217849731;0.5132659673690796;0.3294569849967956;0.5087473392486572;0.3331835567951202;2.9608612060546875;2.860946655273437;Fixation;1310.262422834124;476.7524757385254;416.0;27.0;;7124.0;7540.0
7508.0;1315.8403015136719;471.63911819458;0.5136869549751282;0.3339809477329254;0.5140001177787781;0.3275271654129028;2.9532623291015625;2.8662261962890625;Fixation;1310.262422834124;476.7524757385254;416.0;27.0;;7124.0;7540.0
7512.0;1303.2447814941406;478.5074615478515;0.5130653977394104;0.3328118026256561;0.5090799927711487;0.3322968482971191;2.94561767578125;2.871673583984375;Fixation;1310.262422834124;476.7524757385254;416.0;27.0;;7124.0;7540.0
7516.0;1314.5780944824219;474.4119644165039;0.5183051824569702;0.3430748283863067;0.513507068157196;0.3294527530670166;2.9543914794921875;2.8391571044921875;Fixation;1310.262422834124;476.7524757385254;416.0;27.0;;7124.0;7540.0
7520.0;1309.0362548828125;472.2937059402465;0.5123852491378784;0.3336742520332336;0.5113422870635986;0.3279817402362823;2.953826904296875;2.854583740234375;Fixation;1310.262422834124;476.7524757385254;416.0;27.0;;7124.0;7540.0
7524.0;1314.3003845214844;464.97011661529535;0.5160725116729736;0.3320656418800354;0.5133985877037048;0.3228959143161773;2.9432830810546875;2.8568572998046875;Fixation;1310.262422834124;476.7524757385254;416.0;27.0;;7124.0;7540.0
7528.0;1308.0477905273438;472.21838951110834;0.5149330496788025;0.3338146209716797;0.5109561681747437;0.3279294371604919;2.9441680908203125;2.8387908935546875;Fixation;1310.262422834124;476.7524757385254;416.0;27.0;;7124.0;7540.0
7532.0;1301.8965148925781;467.69803047180176;0.5096253752708435;0.3402403891086578;0.5085533261299133;0.3247902989387512;2.949691772460937;2.8598175048828125;Fixation;1310.262422834124;476.7524757385254;416.0;27.0;;7124.0;7540.0
7536.0;1280.3608703613281;468.0450439453125;0.4982474148273468;0.3343639075756073;0.5001409649848938;0.3250312805175781;2.9576416015625;2.8548583984375;Fixation;1310.262422834124;476.7524757385254;416.0;27.0;;7124.0;7540.0
7540.0;1243.7618255615234;451.178970336914;0.4837757349014282;0.3124266564846039;0.4858444631099701;0.3133187294006347;2.9503631591796875;2.8697509765625;Fixation;1310.262422834124;476.7524757385254;416.0;27.0;;7124.0;7540.0
7544.0;1185.3041839599607;443.17530155181885;0.4588192701339721;0.3048533797264099;0.4630094468593597;0.307760626077652;2.979110717773437;2.8798980712890625;Saccade;;;12.0;;12.0;7544.0;7556.0
7548.0;1145.9259033203123;415.05811214447016;0.4447850286960602;0.2841175496578216;0.447627305984497;0.2882348001003265;2.9633331298828125;2.9013671875;Saccade;;;12.0;;12.0;7544.0;7556.0
7552.0;1124.0179443359375;401.17645740509033;0.4388191998004913;0.2657724320888519;0.4390695095062256;0.2785947620868683;2.94342041015625;2.8845977783203125;Saccade;;;12.0;;12.0;7544.0;7556.0
7556.0;1120.6257629394531;383.737850189209;0.43820321559906;0.2584568858146667;0.4377444386482239;0.2664846181869507;2.930419921875;2.88934326171875;Saccade;;;12.0;;12.0;7544.0;7556.0
7560.0;1106.621322631836;380.7605981826782;0.4359694123268127;0.2624440789222717;0.4322739541530609;0.2644170820713043;2.9336090087890625;2.895614624023437;Fixation;1110.742635224995;382.43811155620375;148.0;28.0;;7560.0;7708.0
7564.0;1102.629623413086;381.89429283142084;0.4402090013027191;0.262673556804657;0.4307146966457367;0.26520437002182;2.94659423828125;2.885116577148437;Fixation;1110.742635224995;382.43811155620375;148.0;28.0;;7560.0;7708.0
7568.0;1108.9228057861326;376.57896995544434;0.4391525387763977;0.2593226730823517;0.4331729710102081;0.2615131735801697;2.9508819580078125;2.8995361328125;Fixation;1110.742635224995;382.43811155620375;148.0;28.0;;7560.0;7708.0
7572.0;1115.7228088378906;370.97967624664307;0.4406019151210785;0.260621964931488;0.435829222202301;0.2576247751712799;2.95068359375;2.883407592773437;Fixation;1110.742635224995;382.43811155620375;148.0;28.0;;7560.0;7708.0
7576.0;1109.6627044677734;372.68109798431396;0.4417262077331543;0.2573411166667938;0.433461993932724;0.2588063180446625;2.950836181640625;2.893051147460937;Fixation;1110.742635224995;382.43811155620375;148.0;28.0;;7560.0;7708.0
7580.0;1117.764434814453;378.87064933776855;0.4401978850364685;0.2577276825904846;0.4366267323493957;0.2631046175956726;2.945098876953125;2.88775634765625;Fixation;1110.742635224995;382.43811155620375;148.0;28.0;;7560.0;7708.0
7584.0;1106.6182708740234;376.71170711517334;0.4414902031421661;0.259300947189331;0.4322727620601654;0.2616053521633148;2.9578399658203125;2.8871307373046875;Fixation;1110.742635224995;382.43811155620375;148.0;28.0;;7560.0;7708.0
7588.0;1110.7777404785154;378.19722175598145;0.442053735256195;0.2538677752017975;0.4338975548744201;0.2626369595527649;2.952484130859375;2.8853912353515625;Fixation;1110.742635224995;382.43811155620375;148.0;28.0;;7560.0;7708.0
7592.0;1111.5075683593748;381.37403011322016;0.4398062825202942;0.2589733302593231;0.4341826438903808;0.264843076467514;2.95147705078125;2.877914428710937;Fixation;1110.742635224995;382.43811155620375;148.0;28.0;;7560.0;7708.0
7596.0;1115.7514190673828;386.80522441864014;0.4378727674484253;0.255694568157196;0.4358403980731964;0.2686147391796112;2.946044921875;2.8867950439453125;Fixation;1110.742635224995;382.43811155620375;148.0;28.0;;7560.0;7708.0
7600.0;1111.3951873779297;385.81036090850824;0.44007408618927;0.2540798485279083;0.4341387450695038;0.2679238617420196;2.9429931640625;2.873687744140625;Fixation;1110.742635224995;382.43811155620375;148.0;28.0;;7560.0;7708.0
7604.0;1110.6187438964844;380.82256793975824;0.4391217529773712;0.2611540555953979;0.4338354468345642;0.2644601166248321;2.9501953125;2.8736114501953125;Fixation;1110.742635224995;382.43811155620375;148.0;28.0;;7560.0;7708.0
7608.0;1107.919464111328;380.0975561141967;0.4405992031097412;0.2566361725330353;0.4327810406684875;0.2639566361904144;2.9523468017578125;2.8813629150390625;Fixation;1110.742635224995;382.43811155620375;148.0;28.0;;7560.0;7708.0
7612.0;1104.845275878906;377.31007575988764;0.4370012283325195;0.2573975920677185;0.4315801858901977;0.2620208859443664;2.9524078369140625;2.883056640625;Fixation;1110.742635224995;382.43811155620375;148.0;28.0;;7560.0;7708.0
7616.0;1106.8642425537107;377.62739181518555;0.4421486556529999;0.261191725730896;0.4323688447475433;0.2622412443161011;2.973236083984375;2.8876953125;Fixation;1110.742635224995;382.43811155620375;148.0;28.0;;7560.0;7708.0
7620.0;1113.585205078125;375.9397459030151;0.4395599365234375;0.2647359669208526;0.4349942207336426;0.2610692679882049;2.94940185546875;2.8766632080078125;Fixation;1110.742635224995;382.43811155620375;148.0;28.0;;7560.0;7708.0
7624.0;1105.026626586914;385.19001960754395;0.4379980862140655;0.2593224644660949;0.4316510260105133;0.2674930691719055;2.951141357421875;2.890045166015625;Fixation;1110.742635224995;382.43811155620375;148.0;28.0;;7560.0;7708.0
7628.0;1110.9198760986326;380.5756330490112;0.4385479390621185;0.2542150020599365;0.4339530766010284;0.2642886340618133;2.958847045898437;2.8842315673828125;Fixation;1110.742635224995;382.43811155620375;148.0;28.0;;7560.0;7708.0
7632.0;1114.0885162353516;385.2896690368652;0.4396784603595733;0.2584675550460815;0.4351908266544342;0.2675622701644897;2.9667510986328125;2.879135131835937;Fixation;1110.742635224995;382.43811155620375;148.0;28.0;;7560.0;7708.0
7636.0;1106.8102264404295;384.6944332122803;0.4362911283969879;0.25965616106987;0.4323477447032928;0.2671489119529724;2.9478912353515625;2.901123046875;Fixation;1110.742635224995;382.43811155620375;148.0;28.0;;7560.0;7708.0
7640.0;1110.154571533203;379.53545093536377;0.4396820962429046;0.2526125013828277;0.4336541295051574;0.2635662853717804;2.948715209960937;2.8876190185546875;Fixation;1110.742635224995;382.43811155620375;148.0;28.0;;7560.0;7708.0
7644.0;1106.0105895996094;371.61542415618896;0.4380259811878204;0.254658430814743;0.4320353865623474;0.2580662667751312;2.950286865234375;2.867034912109375;Fixation;1110.742635224995;382.43811155620375;148.0;28.0;;7560.0;7708.0
7648.0;1109.5659637451172;379.5632171630859;0.4382387101650238;0.2515755295753479;0.4334242045879364;0.2635855674743652;2.9510040283203125;2.88763427734375;Fixation;1110.742635224995;382.43811155620375;148.0;28.0;;7560.0;7708.0
7652.0;1100.767593383789;386.5954113006591;0.4371758699417114;0.2562306821346283;0.4299873411655426;0.2684690356254577;2.960906982421875;2.879501342773437;Fixation;1110.742635224995;382.43811155620375;148.0;28.0;;7560.0;7708.0
7656.0;1102.9350280761716;386.9535827636718;0.4367348849773407;0.2572304308414459;0.4308339953422546;0.2687177658081054;2.9299774169921875;2.8929595947265625;Fixation;1110.742635224995;382.43811155620375;148.0;28.0;;7560.0;7708.0
7660.0;1108.0709075927734;377.8658723831177;0.4369809627532959;0.2575887739658355;0.4328401982784271;0.2624068558216095;2.927352905273437;2.8958740234375;Fixation;1110.742635224995;382.43811155620375;148.0;28.0;;7560.0;7708.0
7664.0;1112.4265289306638;386.4038372039795;0.4352504014968872;0.257039725780487;0.4345416128635406;0.2683359980583191;2.9453125;2.881561279296875;Fixation;1110.742635224995;382.43811155620375;148.0;28.0;;7560.0;7708.0
7668.0;1103.737564086914;381.73769474029535;0.4379529953002929;0.2599056363105774;0.4311474859714508;0.2650956213474273;2.935211181640625;2.8926239013671875;Fixation;1110.742635224995;382.43811155620375;148.0;28.0;;7560.0;7708.0
7672.0;1111.604309082031;395.3042221069336;0.4413019716739654;0.2596286833286285;0.4342204332351684;0.2745168209075928;2.9367218017578125;2.90692138671875;Fixation;1110.742635224995;382.43811155620375;148.0;28.0;;7560.0;7708.0
7676.0;1105.032043457031;377.76261806488037;0.4364457726478576;0.2644733786582947;0.4316531419754028;0.2623351514339447;2.954833984375;2.875946044921875;Fixation;1110.742635224995;382.43811155620375;148.0;28.0;;7560.0;7708.0
7680.0;1108.89533996582;383.9733266830444;0.4384694695472717;0.2583082616329193;0.4331622421741485;0.2666481435298919;2.93902587890625;2.8772125244140625;Fixation;1110.742635224995;382.43811155620375;148.0;28.0;;7560.0;7708.0
7684.0;1111.0214233398435;383.8579702377319;0.436640202999115;0.261881023645401;0.4339927434921264;0.2665680348873138;2.9491424560546875;2.8795928955078125;Fixation;1110.742635224995;382.43811155620375;148.0;28.0;;7560.0;7708.0
7688.0;1113.0562591552734;389.98568058013916;0.4353502988815307;0.2674194872379303;0.4347876012325287;0.2708233892917633;2.976669311523437;2.892196655273437;Fixation;1110.742635224995;382.43811155620375;148.0;28.0;;7560.0;7708.0
7692.0;1109.9645233154297;386.4046096801757;0.4382582902908325;0.2653952538967132;0.4335798919200897;0.268336534500122;2.9445953369140625;2.887451171875;Fixation;1110.742635224995;382.43811155620375;148.0;28.0;;7560.0;7708.0
7696.0;1104.9034881591795;384.43187713623047;0.4371736347675323;0.2595003247261047;0.4316029250621795;0.2669665813446045;2.9466552734375;2.8823394775390625;Fixation;1110.742635224995;382.43811155620375;148.0;28.0;;7560.0;7708.0
7700.0;1103.3356475830078;379.6065616607666;0.4357197880744934;0.2664456665515899;0.4309904873371124;0.2636156678199768;2.943359375;2.8812713623046875;Fixation;1110.742635224995;382.43811155620375;148.0;28.0;;7560.0;7708.0
7704.0;1126.7046356201172;385.6308031082153;0.4416505098342895;0.2701168954372406;0.4401189982891083;0.2677991688251495;2.950775146484375;2.873046875;Fixation;1110.742635224995;382.43811155620375;148.0;28.0;;7560.0;7708.0
7708.0;1161.9816589355469;417.2091579437256;0.4499130249023437;0.2748077511787414;0.453899085521698;0.289728581905365;2.934677124023437;2.8784942626953125;Fixation;1110.742635224995;382.43811155620375;148.0;28.0;;7560.0;7708.0
7712.0;1198.923873901367;454.0860986709594;0.479230672121048;0.310007631778717;0.4683296382427215;0.3153375685214996;2.9571533203125;2.8896484375;Saccade;;;4.0;;13.0;7712.0;7716.0
7716.0;1269.2921447753904;491.85254573822016;0.4970183968544006;0.3436647355556488;0.4958172440528869;0.341564267873764;2.942657470703125;2.8847198486328125;Saccade;;;4.0;;13.0;7712.0;7716.0
7720.0;1296.01318359375;503.1695365905761;0.5219132304191589;0.3482363522052765;0.5062551498413086;0.3494232892990112;2.957733154296875;2.8712310791015625;Fixation;1306.4157075148362;505.1950808671805;308.0;29.0;;7720.0;8028.0
7724.0;1296.18896484375;512.6430988311766;0.5164936780929565;0.3606381118297577;0.5063238143920898;0.3560021519660949;2.9416046142578125;2.8605194091796875;Fixation;1306.4157075148362;505.1950808671805;308.0;29.0;;7720.0;8028.0
7728.0;1270.0342559814453;502.12832450866694;0.5142615437507629;0.359236866235733;0.4961071312427521;0.3487002253532409;2.9481353759765625;2.8468475341796875;Fixation;1306.4157075148362;505.1950808671805;308.0;29.0;;7720.0;8028.0
7732.0;1265.532989501953;509.3052291870117;0.5040825605392456;0.3612100780010223;0.4943488240242004;0.3536841869354248;2.9390869140625;2.8594512939453125;Fixation;1306.4157075148362;505.1950808671805;308.0;29.0;;7720.0;8028.0
7736.0;1274.394302368164;499.82827663421625;0.5036606192588806;0.3529116809368133;0.4978102743625641;0.3471029698848724;2.9569244384765625;2.86669921875;Fixation;1306.4157075148362;505.1950808671805;308.0;29.0;;7720.0;8028.0
7740.0;1270.4202270507812;505.7142448425293;0.5025972127914429;0.3513452112674713;0.4962579011917114;0.351190447807312;2.949310302734375;2.844390869140625;Fixation;1306.4157075148362;505.1950808671805;308.0;29.0;;7720.0;8028.0
7744.0;1277.9496002197266;499.46731567382807;0.5038419365882874;0.3525594472885132;0.4991990625858307;0.3468523025512695;2.9665679931640625;2.850692749023437;Fixation;1306.4157075148362;505.1950808671805;308.0;29.0;;7720.0;8028.0
7748.0;1270.826416015625;505.44962882995605;0.5063250064849854;0.35556161403656;0.4964165687561035;0.3510066866874695;2.9444580078125;2.862213134765625;Fixation;1306.4157075148362;505.1950808671805;308.0;29.0;;7720.0;8028.0
7752.0;1267.839126586914;500.8587598800659;0.5087084770202637;0.3567094206809997;0.4952496588230133;0.3478185832500458;2.930694580078125;2.8467254638671875;Fixation;1306.4157075148362;505.1950808671805;308.0;29.0;;7720.0;8028.0
7756.0;1274.0465545654295;506.09001159667963;0.5100533962249756;0.3575251996517181;0.4976744353771209;0.3514513969421386;2.936065673828125;2.8557586669921875;Fixation;1306.4157075148362;505.1950808671805;308.0;29.0;;7720.0;8028.0
7760.0;1285.58349609375;513.1381702423096;0.5101519227027893;0.3613707423210144;0.5021810531616211;0.3563459515571594;2.9314727783203125;2.8383026123046875;Fixation;1306.4157075148362;505.1950808671805;308.0;29.0;;7720.0;8028.0
7764.0;1270.7683563232422;508.778657913208;0.5098229050636292;0.3624513447284698;0.4963938891887665;0.3533185124397278;2.925140380859375;2.85687255859375;Fixation;1306.4157075148362;505.1950808671805;308.0;29.0;;7720.0;8028.0
7768.0;1276.4794921875;502.42255210876465;0.5103984475135803;0.353393405675888;0.4986248016357422;0.348904550075531;2.9184112548828125;2.8479461669921875;Fixation;1306.4157075148362;505.1950808671805;308.0;29.0;;7720.0;8028.0
7772.0;1279.0231323242185;524.6002578735352;0.5093219876289368;0.3580541610717773;0.4996184110641479;0.3643057346343994;2.9218902587890625;2.8521728515625;Fixation;1306.4157075148362;505.1950808671805;308.0;29.0;;7720.0;8028.0
7776.0;1277.4100494384766;513.9504718780518;0.5122883319854736;0.3571180999279022;0.4989883005619049;0.3569100499153137;2.925201416015625;2.8548736572265625;Fixation;1306.4157075148362;505.1950808671805;308.0;29.0;;7720.0;8028.0
7780.0;1280.1219177246094;518.9230728149414;0.5080764889717102;0.3532885909080505;0.5000476241111755;0.360363245010376;2.9261932373046875;2.8535919189453125;Fixation;1306.4157075148362;505.1950808671805;308.0;29.0;;7720.0;8028.0
7784.0;1278.3370971679688;516.0094213485718;0.5122037529945374;0.3587571978569031;0.4993504285812378;0.3583398759365082;2.93695068359375;2.84423828125;Fixation;1306.4157075148362;505.1950808671805;308.0;29.0;;7720.0;8028.0
7788.0;1275.0704956054685;521.0375118255615;0.5099695920944214;0.3510201573371887;0.4980744123458862;0.3618316054344177;2.9235992431640625;2.8525848388671875;Fixation;1306.4157075148362;505.1950808671805;308.0;29.0;;7720.0;8028.0
7792.0;1282.2100830078125;511.038064956665;0.5077938437461853;0.3598759472370147;0.5008633136749268;0.3548875451087951;2.928802490234375;2.85833740234375;Fixation;1306.4157075148362;505.1950808671805;308.0;29.0;;7720.0;8028.0
7796.0;1281.3833618164062;519.6828460693358;0.5110325813293457;0.3546367585659027;0.5005403757095337;0.3608908653259277;2.924591064453125;2.847198486328125;Fixation;1306.4157075148362;505.1950808671805;308.0;29.0;;7720.0;8028.0
7800.0;1279.1148376464841;512.9367685317992;0.5120649933815002;0.3584107756614685;0.4996542334556579;0.3562060892581939;2.9252166748046875;2.828369140625;Fixation;1306.4157075148362;505.1950808671805;308.0;29.0;;7720.0;8028.0
7804.0;1279.070129394531;503.63606929779047;0.5086495876312256;0.3552984893321991;0.4996367692947387;0.3497472703456878;2.917236328125;2.845687866210937;Fixation;1306.4157075148362;505.1950808671805;308.0;29.0;;7720.0;8028.0
7808.0;1279.2671966552734;514.6036863327025;0.5090405344963074;0.3536748886108398;0.4997137486934662;0.3573636710643768;2.92205810546875;2.851898193359375;Fixation;1306.4157075148362;505.1950808671805;308.0;29.0;;7720.0;8028.0
7812.0;1279.5655822753904;520.9532260894775;0.5077438354492188;0.3581094145774841;0.4998303055763244;0.3617730736732483;2.937103271484375;2.849945068359375;Fixation;1306.4157075148362;505.1950808671805;308.0;29.0;;7720.0;8028.0
7816.0;1277.3824310302732;520.0546646118164;0.5106210112571716;0.3621864020824432;0.4989775121212005;0.3611490726470947;2.927398681640625;2.847259521484375;Fixation;1306.4157075148362;505.1950808671805;308.0;29.0;;7720.0;8028.0
7820.0;1285.3627014160156;511.593689918518;0.5065962672233582;0.3643962442874908;0.5020948052406311;0.3552733957767486;2.95452880859375;2.838409423828125;Fixation;1306.4157075148362;505.1950808671805;308.0;29.0;;7720.0;8028.0
7824.0;1280.0764465332031;511.7755651473999;0.5050634741783142;0.3625693917274475;0.5000298619270325;0.3553996980190277;2.9361114501953125;2.845077514648437;Fixation;1306.4157075148362;505.1950808671805;308.0;29.0;;7720.0;8028.0
7828.0;1279.1312408447266;512.2931241989136;0.5061708092689514;0.3622041642665863;0.4996606409549713;0.3557591140270233;2.9229736328125;2.8371124267578125;Fixation;1306.4157075148362;505.1950808671805;308.0;29.0;;7720.0;8028.0
7832.0;1280.4548645019531;515.5586814880371;0.5065227150917053;0.3558912277221679;0.5001776814460754;0.3580268621444702;2.924285888671875;2.851776123046875;Fixation;1306.4157075148362;505.1950808671805;308.0;29.0;;7720.0;8028.0
7836.0;1280.2674865722656;509.9022674560547;0.5082093477249146;0.3552080690860748;0.5001044869422913;0.3540987968444824;2.9351806640625;2.8336639404296875;Fixation;1306.4157075148362;505.1950808671805;308.0;29.0;;7720.0;8028.0
7840.0;1276.928939819336;510.5057430267334;0.5038968324661255;0.3594485223293304;0.4988003671169281;0.3545178771018982;2.9208526611328125;2.8304595947265625;Fixation;1306.4157075148362;505.1950808671805;308.0;29.0;;7720.0;8028.0
7844.0;1292.3164367675781;509.4350910186767;0.5067152380943298;0.3590773046016693;0.5048111081123352;0.3537743687629699;2.91632080078125;2.8296356201171875;Fixation;1306.4157075148362;505.1950808671805;308.0;29.0;;7720.0;8028.0
7848.0;1278.7506103515625;511.4685916900635;0.5048418641090393;0.3601994812488556;0.4995119571685791;0.3551865220069885;2.9217681884765625;2.836654663085937;Fixation;1306.4157075148362;505.1950808671805;308.0;29.0;;7720.0;8028.0
7852.0;1282.2406005859375;508.5371732711792;0.5059728622436523;0.3624005019664764;0.5008752346038818;0.3531508147716522;2.91790771484375;2.8394927978515625;Fixation;1306.4157075148362;505.1950808671805;308.0;29.0;;7720.0;8028.0
7856.0;1281.7721557617188;503.67353439331055;0.5053145289421082;0.3614737391471863;0.5006922483444214;0.3497732877731323;2.9318084716796875;2.8316650390625;Fixation;1306.4157075148362;505.1950808671805;308.0;29.0;;7720.0;8028.0
7860.0;1290.4156494140625;505.15827655792236;0.5058855414390564;0.3608009815216064;0.5040686130523682;0.3508043587207794;2.942108154296875;2.82952880859375;Fixation;1306.4157075148362;505.1950808671805;308.0;29.0;;7720.0;8028.0
7864.0;1288.1852722167969;510.23932456970215;0.5071098804473877;0.3570373356342315;0.5031973719596863;0.3543328642845154;2.9290771484375;2.83514404296875;Fixation;1306.4157075148362;505.1950808671805;308.0;29.0;;7720.0;8028.0
7868.0;1287.6600646972656;506.55637264251703;0.5035490393638611;0.3550414144992828;0.5029922127723694;0.3517752587795257;2.91192626953125;2.8345184326171875;Fixation;1306.4157075148362;505.1950808671805;308.0;29.0;;7720.0;8028.0
7872.0;1290.8804321289062;505.40126323699945;0.5056444406509399;0.3620069026947021;0.504250168800354;0.3509730994701385;2.9190216064453125;2.840667724609375;Fixation;1306.4157075148362;505.1950808671805;308.0;29.0;;7720.0;8028.0
7876.0;1289.6257019042969;503.2815456390381;0.50737464427948;0.3610933125019073;0.503760039806366;0.3495010733604431;2.919464111328125;2.839385986328125;Fixation;1306.4157075148362;505.1950808671805;308.0;29.0;;7720.0;8028.0
7880.0;1289.7651672363281;507.7345705032348;0.5080617070198059;0.3609565496444702;0.5038145184516907;0.3525934517383575;2.9134979248046875;2.8429718017578125;Fixation;1306.4157075148362;505.1950808671805;308.0;29.0;;7720.0;8028.0
7884.0;1290.8663940429688;497.87524223327637;0.5062063336372375;0.3519162535667419;0.5042446851730347;0.3457466959953308;2.911407470703125;2.83856201171875;Fixation;1306.4157075148362;505.1950808671805;308.0;29.0;;7720.0;8028.0
7888.0;1295.8772277832031;505.9642267227172;0.5026130080223083;0.3559246659278869;0.5062020421028137;0.3513640463352203;2.908721923828125;2.835205078125;Fixation;1306.4157075148362;505.1950808671805;308.0;29.0;;7720.0;8028.0
7892.0;1290.9304809570312;502.9706668853759;0.5085923075675964;0.3505703508853912;0.5042697191238403;0.3492851853370666;2.915374755859375;2.8331756591796875;Fixation;1306.4157075148362;505.1950808671805;308.0;29.0;;7720.0;8028.0
7896.0;1290.3109741210938;509.2300415039062;0.5057648420333862;0.3608876764774322;0.5040277242660522;0.3536319732666015;2.930450439453125;2.8568267822265625;Fixation;1306.4157075148362;505.1950808671805;308.0;29.0;;7720.0;8028.0
7900.0;1295.6819152832031;504.5831251144409;0.5058469176292419;0.3598484396934509;0.5061257481575012;0.3504049479961395;2.932464599609375;2.8287811279296875;Fixation;1306.4157075148362;505.1950808671805;308.0;29.0;;7720.0;8028.0
7904.0;1294.7830200195312;505.66956996917725;0.5063194036483765;0.3619719445705414;0.5057746171951294;0.3511594235897064;2.94256591796875;2.8350830078125;Fixation;1306.4157075148362;505.1950808671805;308.0;29.0;;7720.0;8028.0
7908.0;1291.2898254394531;503.9967727661132;0.5051305294036865;0.3606710731983185;0.5044100880622864;0.3499977588653564;2.939239501953125;2.830673217773437;Fixation;1306.4157075148362;505.1950808671805;308.0;29.0;;7720.0;8028.0
7912.0;1296.6004943847656;502.50087261199945;0.5033949613571167;0.3629249036312103;0.5064845681190491;0.3489589393138885;2.9519805908203125;2.832916259765625;Fixation;1306.4157075148362;505.1950808671805;308.0;29.0;;7720.0;8028.0
7916.0;1309.1632080078125;509.7089338302612;0.5148479342460632;0.3594768047332763;0.5113918781280518;0.3539645373821258;2.9249725341796875;2.831527709960937;Fixation;1306.4157075148362;505.1950808671805;308.0;29.0;;7720.0;8028.0
7920.0;1339.2147827148438;504.3599224090576;0.5261945128440857;0.3491286933422088;0.5231307744979858;0.3502499461174011;2.93505859375;2.8570556640625;Fixation;1306.4157075148362;505.1950808671805;308.0;29.0;;7720.0;8028.0
7924.0;1356.9326782226562;497.1923303604126;0.5352685451507568;0.3541834950447082;0.5300518274307251;0.3452724516391754;2.9456024169921875;2.8544158935546875;Fixation;1306.4157075148362;505.1950808671805;308.0;29.0;;7720.0;8028.0
7928.0;1356.9953918457031;496.9009351730346;0.5380889773368835;0.3508701622486114;0.5300763249397278;0.3450700938701629;2.9354248046875;2.8419342041015625;Fixation;1306.4157075148362;505.1950808671805;308.0;29.0;;7720.0;8028.0
7932.0;1343.8069152832031;496.7159700393677;0.5335237979888916;0.3557772934436798;0.5249245762825012;0.344941645860672;2.965179443359375;2.84368896484375;Fixation;1306.4157075148362;505.1950808671805;308.0;29.0;;7720.0;8028.0
7936.0;1343.8758850097656;495.5048561096191;0.5333424210548401;0.3487671613693237;0.5249515175819397;0.3441005945205688;2.947021484375;2.838531494140625;Fixation;1306.4157075148362;505.1950808671805;308.0;29.0;;7720.0;8028.0
7940.0;1350.5900573730469;502.49967098236084;0.5340872406959534;0.3510845601558685;0.5275742411613464;0.3489581048488617;2.951522827148437;2.86187744140625;Fixation;1306.4157075148362;505.1950808671805;308.0;29.0;;7720.0;8028.0
7944.0;1351.7626953125;499.91436481475824;0.5279865264892578;0.3511041104793548;0.5280323028564453;0.3471627533435821;2.9640655517578125;2.849090576171875;Fixation;1306.4157075148362;505.1950808671805;308.0;29.0;;7720.0;8028.0
7948.0;1344.8468017578125;500.8408212661743;0.5272364020347595;0.3487446010112762;0.5253307819366455;0.3478061258792877;2.9398193359375;2.848663330078125;Fixation;1306.4157075148362;505.1950808671805;308.0;29.0;;7720.0;8028.0
7952.0;1343.92578125;505.35431385040283;0.5286145806312561;0.3518472015857696;0.5249710083007812;0.3509404957294464;2.951644897460937;2.855255126953125;Fixation;1306.4157075148362;505.1950808671805;308.0;29.0;;7720.0;8028.0
7956.0;1348.2443237304688;498.8921213150024;0.5285487771034241;0.3428392708301544;0.5266579389572144;0.3464528620243072;2.953125;2.841888427734375;Fixation;1306.4157075148362;505.1950808671805;308.0;29.0;;7720.0;8028.0
7960.0;1345.5560302734375;497.7440929412842;0.5322551131248474;0.3456772863864898;0.5256078243255615;0.345655620098114;2.9456939697265625;2.8583526611328125;Fixation;1306.4157075148362;505.1950808671805;308.0;29.0;;7720.0;8028.0
7964.0;1348.4983825683594;496.6035318374633;0.5290964841842651;0.3477657735347748;0.5267571806907654;0.3448635637760162;2.9409637451171875;2.837799072265625;Fixation;1306.4157075148362;505.1950808671805;308.0;29.0;;7720.0;8028.0
7968.0;1346.4859008789062;491.9941663742065;0.5289901494979858;0.3533788323402405;0.5259710550308228;0.3416626155376434;2.96856689453125;2.83551025390625;Fixation;1306.4157075148362;505.1950808671805;308.0;29.0;;7720.0;8028.0
7972.0;1346.92138671875;497.18529224395746;0.5304425954818726;0.3553506731986999;0.5261411666870117;0.3452675640583038;2.970443725585937;2.8516845703125;Fixation;1306.4157075148362;505.1950808671805;308.0;29.0;;7720.0;8028.0
7976.0;1344.3077087402344;495.2435874938964;0.5303990244865417;0.3578890562057495;0.525120198726654;0.3439191579818725;2.9510498046875;2.8470916748046875;Fixation;1306.4157075148362;505.1950808671805;308.0;29.0;;7720.0;8028.0
7980.0;1342.7078247070312;494.99103069305414;0.5333821773529053;0.3535099327564239;0.5244952440261841;0.3437437713146209;2.9719390869140625;2.842681884765625;Fixation;1306.4157075148362;505.1950808671805;308.0;29.0;;7720.0;8028.0
7984.0;1343.8441467285156;499.87638473510737;0.5291227698326111;0.3499863445758819;0.5249391198158264;0.347136378288269;2.955230712890625;2.842742919921875;Fixation;1306.4157075148362;505.1950808671805;308.0;29.0;;7720.0;8028.0
7988.0;1352.4526977539062;501.9663619995117;0.5307176113128662;0.3472054898738861;0.5283018350601196;0.3485877513885498;2.9380035400390625;2.85418701171875;Fixation;1306.4157075148362;505.1950808671805;308.0;29.0;;7720.0;8028.0
7992.0;1344.6131896972656;502.29887008666987;0.5311761498451233;0.3452685177326202;0.5252395272254944;0.3488186597824096;2.9439697265625;2.8564605712890625;Fixation;1306.4157075148362;505.1950808671805;308.0;29.0;;7720.0;8028.0
7996.0;1349.8271179199219;499.49915885925293;0.5287646055221558;0.3546461760997772;0.5272762179374695;0.3468744158744812;2.952499389648437;2.8513336181640625;Fixation;1306.4157075148362;505.1950808671805;308.0;29.0;;7720.0;8028.0
8000.0;1347.8645324707031;497.41905212402344;0.5278862118721008;0.34367835521698;0.5265095829963684;0.3454298973083496;2.9568328857421875;2.863311767578125;Fixation;1306.4157075148362;505.1950808671805;308.0;29.0;;7720.0;8028.0
8004.0;1346.66015625;500.65881729125977;0.5294885039329529;0.342873603105545;0.5260391235351562;0.3476797342300415;2.9698638916015625;2.8542022705078125;Fixation;1306.4157075148362;505.1950808671805;308.0;29.0;;7720.0;8028.0
8008.0;1352.9046630859375;498.59454631805414;0.5310742259025574;0.3465019166469574;0.5284783840179443;0.3462462127208709;2.9503326416015625;2.83837890625;Fixation;1306.4157075148362;505.1950808671805;308.0;29.0;;7720.0;8028.0
8012.0;1350.9896850585938;493.25201511383057;0.5312969088554382;0.3427144587039947;0.5277303457260132;0.3425361216068268;2.9601287841796875;2.8440399169921875;Fixation;1306.4157075148362;505.1950808671805;308.0;29.0;;7720.0;8028.0
8016.0;1344.6864318847656;497.0298957824707;0.5318877696990967;0.3461949229240417;0.5252681374549866;0.345159649848938;2.953155517578125;2.8477935791015625;Fixation;1306.4157075148362;505.1950808671805;308.0;29.0;;7720.0;8028.0
8020.0;1355.213623046875;495.4211282730102;0.5320364832878113;0.345773309469223;0.5293803215026855;0.3440424501895904;2.941390991210937;2.8579559326171875;Fixation;1306.4157075148362;505.1950808671805;308.0;29.0;;7720.0;8028.0
8024.0;1353.968505859375;499.10995960235596;0.5288783311843872;0.3446486890316009;0.5288939476013184;0.3466041386127472;2.948760986328125;2.858642578125;Fixation;1306.4157075148362;505.1950808671805;308.0;29.0;;7720.0;8028.0
8028.0;1349.3572998046875;496.1189746856689;0.5257956981658936;0.3465995192527771;0.527092695236206;0.3445270657539367;2.9670562744140625;2.8534088134765625;Fixation;1306.4157075148362;505.1950808671805;308.0;29.0;;7720.0;8028.0
8032.0;1350.0314331054688;488.9712524414062;0.5320301651954651;0.3451437354087829;0.5273560285568237;0.3395633697509765;2.971160888671875;2.8625030517578125;Fixation;1346.45460679796;500.8722801208496;356.0;30.0;;8032.0;8388.0
8036.0;1344.7142028808594;496.1657094955444;0.5299373269081116;0.3516532480716705;0.5252789855003357;0.3445595204830169;2.978622436523437;2.854721069335937;Fixation;1346.45460679796;500.8722801208496;356.0;30.0;;8032.0;8388.0
8040.0;1356.8588256835938;496.95595264434814;0.527746319770813;0.3482731878757477;0.5300229787826538;0.345108300447464;2.965545654296875;2.8474578857421875;Fixation;1346.45460679796;500.8722801208496;356.0;30.0;;8032.0;8388.0
8044.0;1355.4960632324219;495.19822597503656;0.5317679643630981;0.3464384973049164;0.5294906497001648;0.3438876569271087;2.96002197265625;2.866119384765625;Fixation;1346.45460679796;500.8722801208496;356.0;30.0;;8032.0;8388.0
8048.0;1348.6805725097656;496.835618019104;0.5295753479003906;0.3438463509082794;0.5268283486366272;0.3450247347354889;2.9564361572265625;2.8577117919921875;Fixation;1346.45460679796;500.8722801208496;356.0;30.0;;8032.0;8388.0
8052.0;1345.4640197753906;498.909330368042;0.529163122177124;0.3457711040973663;0.525571882724762;0.3464648127555847;2.959197998046875;2.864730834960937;Fixation;1346.45460679796;500.8722801208496;356.0;30.0;;8032.0;8388.0
8056.0;1343.9125061035156;494.8225450515747;0.5297078490257263;0.3432247340679168;0.5249658226966858;0.3436267673969269;2.95709228515625;2.8614044189453125;Fixation;1346.45460679796;500.8722801208496;356.0;30.0;;8032.0;8388.0
8060.0;1349.932861328125;500.5626440048218;0.5282352566719055;0.348792165517807;0.5273175239562988;0.3476129472255707;2.975341796875;2.860946655273437;Fixation;1346.45460679796;500.8722801208496;356.0;30.0;;8032.0;8388.0
8064.0;1348.6463928222656;492.68918037414545;0.5287424921989441;0.3482861220836639;0.5268149971961975;0.3421452641487121;2.9601287841796875;2.857452392578125;Fixation;1346.45460679796;500.8722801208496;356.0;30.0;;8032.0;8388.0
8068.0;1347.7961730957031;497.78181552886963;0.5307461023330688;0.3475280106067657;0.526482880115509;0.3456818163394928;2.9779205322265625;2.8596649169921875;Fixation;1346.45460679796;500.8722801208496;356.0;30.0;;8032.0;8388.0
8072.0;1355.7693481445312;486.2366437911987;0.5327558517456055;0.3439972698688507;0.5295974016189575;0.3376643359661102;2.947494506835937;2.8531646728515625;Fixation;1346.45460679796;500.8722801208496;356.0;30.0;;8032.0;8388.0
8076.0;1351.5444946289062;493.9475870132446;0.5306785106658936;0.3414627313613891;0.5279470682144165;0.3430191576480865;2.950042724609375;2.8583984375;Fixation;1346.45460679796;500.8722801208496;356.0;30.0;;8032.0;8388.0
8080.0;1347.4067687988281;503.3233022689819;0.5326240658760071;0.3511846959590912;0.5263307690620422;0.3495300710201263;2.962738037109375;2.8632049560546875;Fixation;1346.45460679796;500.8722801208496;356.0;30.0;;8032.0;8388.0
8084.0;1350.5007934570312;502.06837177276606;0.5327937602996826;0.3470270931720733;0.5275393724441528;0.3486585915088653;2.9573211669921875;2.873641967773437;Fixation;1346.45460679796;500.8722801208496;356.0;30.0;;8032.0;8388.0
8088.0;1354.4575500488281;500.6280040740966;0.530571460723877;0.3482982516288757;0.5290849804878235;0.3476583361625671;2.95465087890625;2.869384765625;Fixation;1346.45460679796;500.8722801208496;356.0;30.0;;8032.0;8388.0
8092.0;1350.0543212890625;495.6141185760498;0.5305317044258118;0.3472332656383514;0.52736496925354;0.3441764712333679;2.944808959960937;2.86492919921875;Fixation;1346.45460679796;500.8722801208496;356.0;30.0;;8032.0;8388.0
8096.0;1350.2297973632812;492.7887010574341;0.5287387371063232;0.3361437320709228;0.5274335145950317;0.3422143757343292;2.9401397705078125;2.8648223876953125;Fixation;1346.45460679796;500.8722801208496;356.0;30.0;;8032.0;8388.0
8100.0;1353.0435180664062;502.05777168273926;0.5291085243225098;0.3377517461776733;0.5285326242446899;0.3486512303352356;2.947540283203125;2.859649658203125;Fixation;1346.45460679796;500.8722801208496;356.0;30.0;;8032.0;8388.0
8104.0;1353.7580871582031;501.0925197601318;0.5313206315040588;0.3403757810592651;0.5288117527961731;0.3479809165000915;2.9416046142578125;2.8757476806640625;Fixation;1346.45460679796;500.8722801208496;356.0;30.0;;8032.0;8388.0
8108.0;1352.2335815429688;496.3305902481079;0.5264744758605957;0.3431857228279114;0.5282162427902222;0.3446740210056305;2.947265625;2.859115600585937;Fixation;1346.45460679796;500.8722801208496;356.0;30.0;;8032.0;8388.0
8112.0;1346.2545776367188;513.016505241394;0.5293161273002625;0.3413697779178619;0.5258806943893433;0.3562614619731903;2.9483642578125;2.8652496337890625;Fixation;1346.45460679796;500.8722801208496;356.0;30.0;;8032.0;8388.0
8116.0;1356.3253784179688;496.30557060241694;0.5306621789932251;0.3411499559879303;0.529814600944519;0.3446566462516784;2.9345245361328125;2.860076904296875;Fixation;1346.45460679796;500.8722801208496;356.0;30.0;;8032.0;8388.0
8120.0;1347.4545288085938;503.537106513977;0.5279204845428467;0.3342022895812988;0.5263494253158569;0.3496785461902618;2.934783935546875;2.8648681640625;Fixation;1346.45460679796;500.8722801208496;356.0;30.0;;8032.0;8388.0
8124.0;1342.6565551757812;489.21775817871094;0.5274239778518677;0.3481300473213196;0.5244752168655396;0.3397345542907715;2.965560913085937;2.859848022460937;Fixation;1346.45460679796;500.8722801208496;356.0;30.0;;8032.0;8388.0
8128.0;1347.5193786621094;505.1599502563476;0.5347782373428345;0.3456227779388428;0.5263747572898865;0.3508055210113525;2.950927734375;2.860687255859375;Fixation;1346.45460679796;500.8722801208496;356.0;30.0;;8032.0;8388.0
8132.0;1348.016357421875;503.36093902587885;0.5287123322486877;0.343506395816803;0.5265688896179199;0.3495562076568603;2.953094482421875;2.870346069335937;Fixation;1346.45460679796;500.8722801208496;356.0;30.0;;8032.0;8388.0
8136.0;1345.1480102539062;491.9960117340088;0.5319021344184875;0.3504457771778106;0.5254484415054321;0.3416638970375061;2.958251953125;2.86566162109375;Fixation;1346.45460679796;500.8722801208496;356.0;30.0;;8032.0;8388.0
8140.0;1348.6563110351562;502.4534082412719;0.5272305011749268;0.3489953875541687;0.5268188714981079;0.3489259779453277;2.961044311523437;2.86773681640625;Fixation;1346.45460679796;500.8722801208496;356.0;30.0;;8032.0;8388.0
8144.0;1351.9596862792969;493.0304431915283;0.5290590524673462;0.3552257716655731;0.5281092524528503;0.3423822522163391;2.9705047607421875;2.8563995361328125;Fixation;1346.45460679796;500.8722801208496;356.0;30.0;;8032.0;8388.0
8148.0;1347.4453735351562;496.60361766815186;0.5287190675735474;0.3480795323848724;0.5263458490371704;0.344863623380661;2.96282958984375;2.8693084716796875;Fixation;1346.45460679796;500.8722801208496;356.0;30.0;;8032.0;8388.0
8152.0;1354.9819946289062;499.75725173950195;0.5320551991462708;0.3518632650375366;0.5292898416519165;0.3470536470413208;2.9673309326171875;2.86163330078125;Fixation;1346.45460679796;500.8722801208496;356.0;30.0;;8032.0;8388.0
8156.0;1350.3836059570312;497.42269992828363;0.5321028828620911;0.3468144536018371;0.5274935960769653;0.3454324305057525;2.978729248046875;2.8701934814453125;Fixation;1346.45460679796;500.8722801208496;356.0;30.0;;8032.0;8388.0
8160.0;1352.6385498046875;491.8075275421142;0.5323101282119751;0.3494193851947784;0.528374433517456;0.3415330052375793;2.95867919921875;2.8710174560546875;Fixation;1346.45460679796;500.8722801208496;356.0;30.0;;8032.0;8388.0
8164.0;1345.0334167480469;494.20675277709955;0.53072589635849;0.3518738150596618;0.5254036784172058;0.3431991338729858;2.963363647460937;2.86846923828125;Fixation;1346.45460679796;500.8722801208496;356.0;30.0;;8032.0;8388.0
8168.0;1348.21044921875;502.7165651321411;0.5321447253227234;0.3426490128040313;0.5266447067260742;0.3491087257862091;2.9519195556640625;2.86273193359375;Fixation;1346.45460679796;500.8722801208496;356.0;30.0;;8032.0;8388.0
8172.0;1350.22705078125;491.380820274353;0.5324358940124512;0.3545174598693847;0.5274324417114258;0.3412366807460785;2.958892822265625;2.871124267578125;Fixation;1346.45460679796;500.8722801208496;356.0;30.0;;8032.0;8388.0
8176.0;1350.8045959472656;496.8409395217895;0.5305323004722595;0.3459348082542419;0.5276580452919006;0.3450284302234649;2.9732208251953125;2.8730926513671875;Fixation;1346.45460679796;500.8722801208496;356.0;30.0;;8032.0;8388.0
8180.0;1351.220703125;490.8175563812256;0.5302027463912964;0.3502293229103088;0.5278205871582031;0.34084552526474;2.961883544921875;2.8512725830078125;Fixation;1346.45460679796;500.8722801208496;356.0;30.0;;8032.0;8388.0
8184.0;1352.5596618652344;497.6178789138794;0.5305785536766052;0.3484984934329986;0.5283436179161072;0.3455679714679718;2.9606170654296875;2.86395263671875;Fixation;1346.45460679796;500.8722801208496;356.0;30.0;;8032.0;8388.0
8188.0;1353.887939453125;497.58127212524414;0.525621771812439;0.3516552746295929;0.528862476348877;0.3455425500869751;2.93853759765625;2.8662109375;Fixation;1346.45460679796;500.8722801208496;356.0;30.0;;8032.0;8388.0
8192.0;1351.2556457519531;500.78533172607416;0.5318782329559326;0.3479318916797638;0.5278342366218567;0.3477675914764404;2.95526123046875;2.86474609375;Fixation;1346.45460679796;500.8722801208496;356.0;30.0;;8032.0;8388.0
8196.0;1348.8761901855469;509.164080619812;0.527752161026001;0.3531362414360046;0.5269047617912292;0.3535861670970917;2.959808349609375;2.885772705078125;Fixation;1346.45460679796;500.8722801208496;356.0;30.0;;8032.0;8388.0
8200.0;1346.2017822265625;501.7553901672363;0.5317593812942505;0.348466008901596;0.525860071182251;0.3484412431716919;2.963775634765625;2.8625030517578125;Fixation;1346.45460679796;500.8722801208496;356.0;30.0;;8032.0;8388.0
8204.0;1352.796630859375;499.49851512908936;0.5320022106170654;0.349818617105484;0.5284361839294434;0.3468739688396454;2.943145751953125;2.8759002685546875;Fixation;1346.45460679796;500.8722801208496;356.0;30.0;;8032.0;8388.0
8208.0;1346.18408203125;517.1469354629515;0.53073650598526;0.3502594828605652;0.525853157043457;0.3591298162937164;2.9561309814453125;2.8650054931640625;Fixation;1346.45460679796;500.8722801208496;356.0;30.0;;8032.0;8388.0
8212.0;1342.0841979980469;498.02604675292963;0.5318306684494019;0.3449955582618713;0.5242516398429871;0.3458514213562011;2.94427490234375;2.8576202392578125;Fixation;1346.45460679796;500.8722801208496;356.0;30.0;;8032.0;8388.0
8216.0;1345.8822631835938;498.43670368194574;0.5310947895050049;0.3538145422935486;0.5257352590560913;0.346136599779129;2.942489624023437;2.8582763671875;Fixation;1346.45460679796;500.8722801208496;356.0;30.0;;8032.0;8388.0
8220.0;1352.5628662109375;504.981722831726;0.530082643032074;0.3476325571537018;0.5283448696136475;0.3506817519664764;2.948760986328125;2.879547119140625;Fixation;1346.45460679796;500.8722801208496;356.0;30.0;;8032.0;8388.0
8224.0;1340.7525634765625;503.3102560043335;0.5318096280097961;0.3504979908466339;0.5237314701080322;0.3495210111141205;2.9638824462890625;2.8603057861328125;Fixation;1346.45460679796;500.8722801208496;356.0;30.0;;8032.0;8388.0
8228.0;1339.6064758300781;506.84351921081543;0.5307444930076599;0.3469675481319427;0.5232837796211243;0.3519746661186218;2.94158935546875;2.886016845703125;Fixation;1346.45460679796;500.8722801208496;356.0;30.0;;8032.0;8388.0
8232.0;1342.3970031738281;498.5399580001831;0.5325344800949097;0.3535714745521545;0.5243738293647766;0.3462083041667938;2.9683837890625;2.8599395751953125;Fixation;1346.45460679796;500.8722801208496;356.0;30.0;;8032.0;8388.0
8236.0;1347.4632263183594;506.2083292007446;0.5350580811500549;0.345848023891449;0.5263528227806091;0.3515335619449615;2.949615478515625;2.8819580078125;Fixation;1346.45460679796;500.8722801208496;356.0;30.0;;8032.0;8388.0
8240.0;1344.4508361816406;514.4625377655029;0.5314064025878906;0.3490099310874939;0.5251761078834534;0.3572656512260437;2.9611358642578125;2.8647003173828125;Fixation;1346.45460679796;500.8722801208496;356.0;30.0;;8032.0;8388.0
8244.0;1339.0447998046875;512.276816368103;0.5302187204360962;0.3438433706760406;0.523064374923706;0.355747789144516;2.962753295898437;2.864532470703125;Fixation;1346.45460679796;500.8722801208496;356.0;30.0;;8032.0;8388.0
8248.0;1341.4964294433594;509.15476799011225;0.5319830775260925;0.3469923734664917;0.5240220427513123;0.3535796999931335;2.947479248046875;2.8607330322265625;Fixation;1346.45460679796;500.8722801208496;356.0;30.0;;8032.0;8388.0
8252.0;1340.7144165039062;518.9124298095702;0.5338983535766602;0.3570714294910431;0.5237165689468384;0.3603558540344238;2.9464111328125;2.880706787109375;Fixation;1346.45460679796;500.8722801208496;356.0;30.0;;8032.0;8388.0
8256.0;1345.7171630859375;509.0722417831421;0.5275781154632568;0.3526779413223266;0.5256707668304443;0.353522390127182;2.972320556640625;2.87274169921875;Fixation;1346.45460679796;500.8722801208496;356.0;30.0;;8032.0;8388.0
8260.0;1340.2517700195312;503.75863552093506;0.5332847237586975;0.3506655991077423;0.5235358476638794;0.3498323857784271;2.97900390625;2.859649658203125;Fixation;1346.45460679796;500.8722801208496;356.0;30.0;;8032.0;8388.0
8264.0;1337.4349975585938;509.253945350647;0.5317926406860352;0.3522164225578308;0.5224355459213257;0.3536485731601715;2.9684600830078125;2.867706298828125;Fixation;1346.45460679796;500.8722801208496;356.0;30.0;;8032.0;8388.0
8268.0;1345.6483459472656;504.9062776565551;0.5340604782104492;0.3517207205295563;0.5256438851356506;0.3506293594837188;2.957870483398437;2.876861572265625;Fixation;1346.45460679796;500.8722801208496;356.0;30.0;;8032.0;8388.0
8272.0;1347.0628356933594;509.90432739257807;0.5344921946525574;0.3408294916152954;0.5261964201927185;0.354100227355957;2.951263427734375;2.8664093017578125;Fixation;1346.45460679796;500.8722801208496;356.0;30.0;;8032.0;8388.0
8276.0;1346.7398071289062;503.8179874420166;0.5330371260643005;0.3501631915569305;0.526070237159729;0.3498736023902893;2.945556640625;2.86676025390625;Fixation;1346.45460679796;500.8722801208496;356.0;30.0;;8032.0;8388.0
8280.0;1340.2120971679688;509.845232963562;0.5318391919136047;0.3484614789485931;0.5235203504562378;0.3540591895580292;2.9595184326171875;2.874725341796875;Fixation;1346.45460679796;500.8722801208496;356.0;30.0;;8032.0;8388.0
8284.0;1349.3728637695312;506.18073463439936;0.5313060879707336;0.3497806191444397;0.5270987749099731;0.3515143990516662;2.9709625244140625;2.855499267578125;Fixation;1346.45460679796;500.8722801208496;356.0;30.0;;8032.0;8388.0
8288.0;1341.4387512207031;517.2177886962891;0.53019118309021;0.3522927165031433;0.5239995121955872;0.3591790199279785;2.959075927734375;2.860504150390625;Fixation;1346.45460679796;500.8722801208496;356.0;30.0;;8032.0;8388.0
8292.0;1341.2736511230469;510.8069229125976;0.5286760926246643;0.3449495732784271;0.5239350199699402;0.354727029800415;2.949981689453125;2.875244140625;Fixation;1346.45460679796;500.8722801208496;356.0;30.0;;8032.0;8388.0
8296.0;1339.4317626953125;503.5146188735962;0.5298485159873962;0.3562977313995361;0.5232155323028564;0.3496629297733307;2.9726104736328125;2.8528594970703125;Fixation;1346.45460679796;500.8722801208496;356.0;30.0;;8032.0;8388.0
8300.0;1338.6032104492188;507.79654026031494;0.5291373133659363;0.3503240644931793;0.5228918790817261;0.3526364862918854;2.940460205078125;2.864364624023437;Fixation;1346.45460679796;500.8722801208496;356.0;30.0;;8032.0;8388.0
8304.0;1344.8658752441406;508.40735435485834;0.5303991436958313;0.3510209023952484;0.5253382325172424;0.3530606627464294;2.9815216064453125;2.869491577148437;Fixation;1346.45460679796;500.8722801208496;356.0;30.0;;8032.0;8388.0
8308.0;1343.0255126953125;499.9686527252197;0.5313571095466614;0.347942054271698;0.5246193408966064;0.3472004532814026;2.94744873046875;2.8604888916015625;Fixation;1346.45460679796;500.8722801208496;356.0;30.0;;8032.0;8388.0
8312.0;1347.7095031738281;500.4855251312256;0.5293864011764526;0.3460539579391479;0.5264490246772766;0.34755939245224;2.942962646484375;2.865997314453125;Fixation;1346.45460679796;500.8722801208496;356.0;30.0;;8032.0;8388.0
8316.0;1341.3935852050781;509.3810606002807;0.5295504927635193;0.3580007553100586;0.5239818692207336;0.3537368476390838;2.963958740234375;2.862167358398437;Fixation;1346.45460679796;500.8722801208496;356.0;30.0;;8032.0;8388.0
8320.0;1348.5282897949219;501.473650932312;0.5307377576828003;0.3538206219673157;0.5267688632011414;0.3482455909252167;2.940902709960937;2.875030517578125;Fixation;1346.45460679796;500.8722801208496;356.0;30.0;;8032.0;8388.0
8324.0;1341.6607666015625;502.1682357788086;0.5335791707038879;0.3509033024311065;0.5240862369537354;0.3487279415130615;2.957382202148437;2.852279663085937;Fixation;1346.45460679796;500.8722801208496;356.0;30.0;;8032.0;8388.0
8328.0;1343.3212280273438;505.2688694000244;0.5336271524429321;0.3521212637424469;0.5247348546981812;0.3508811593055725;2.9475250244140625;2.85821533203125;Fixation;1346.45460679796;500.8722801208496;356.0;30.0;;8032.0;8388.0
8332.0;1340.7843017578125;502.1961736679077;0.528322160243988;0.3464536070823669;0.5237438678741455;0.3487473428249359;2.95831298828125;2.852020263671875;Fixation;1346.45460679796;500.8722801208496;356.0;30.0;;8032.0;8388.0
8336.0;1340.4620361328125;505.1379776000976;0.5293765664100647;0.348735898733139;0.5236179828643799;0.35079026222229;2.963363647460937;2.852996826171875;Fixation;1346.45460679796;500.8722801208496;356.0;30.0;;8032.0;8388.0
8340.0;1347.3272705078125;503.90034198760986;0.5285448431968689;0.3470257222652435;0.5262997150421143;0.3499307930469513;2.9685821533203125;2.858261108398437;Fixation;1346.45460679796;500.8722801208496;356.0;30.0;;8032.0;8388.0
8344.0;1345.4243469238281;492.9372310638427;0.5317010879516602;0.3524138927459717;0.5255563855171204;0.342317521572113;2.9468994140625;2.8510284423828125;Fixation;1346.45460679796;500.8722801208496;356.0;30.0;;8032.0;8388.0
8348.0;1345.819091796875;507.356014251709;0.5285908579826355;0.3383122682571411;0.5257105827331543;0.3523305654525757;2.944091796875;2.8524627685546875;Fixation;1346.45460679796;500.8722801208496;356.0;30.0;;8032.0;8388.0
8352.0;1345.5593872070312;488.6679697036743;0.530489444732666;0.3466957509517669;0.5256091356277466;0.3393527567386627;2.9301300048828125;2.8543243408203125;Fixation;1346.45460679796;500.8722801208496;356.0;30.0;;8032.0;8388.0
8356.0;1344.9728393554688;496.0121154785156;0.5294899940490723;0.3416486084461212;0.52538001537323;0.3444528579711914;2.929779052734375;2.8705291748046875;Fixation;1346.45460679796;500.8722801208496;356.0;30.0;;8032.0;8388.0
8360.0;1344.6475219726562;504.0066862106323;0.5294016003608704;0.3461806178092956;0.5252529382705688;0.350004643201828;2.938995361328125;2.8767852783203125;Fixation;1346.45460679796;500.8722801208496;356.0;30.0;;8032.0;8388.0
8364.0;1347.0445251464844;499.0123701095581;0.5307468771934509;0.3421809375286102;0.5261892676353455;0.3465363681316376;2.942535400390625;2.84881591796875;Fixation;1346.45460679796;500.8722801208496;356.0;30.0;;8032.0;8388.0
8368.0;1348.489990234375;494.8410844802856;0.5311689376831055;0.3397849202156067;0.5267539024353027;0.3436396420001983;2.9201812744140625;2.869659423828125;Fixation;1346.45460679796;500.8722801208496;356.0;30.0;;8032.0;8388.0
8372.0;1344.4947814941406;502.32406139373774;0.5310105085372925;0.3460738658905029;0.5251932740211487;0.3488361537456512;2.935653686523437;2.85845947265625;Fixation;1346.45460679796;500.8722801208496;356.0;30.0;;8032.0;8388.0
8376.0;1343.0374145507812;496.1022806167602;0.5290156602859497;0.3486334383487701;0.5246239900588989;0.3445154726505279;2.94122314453125;2.858642578125;Fixation;1346.45460679796;500.8722801208496;356.0;30.0;;8032.0;8388.0
8380.0;1341.2117004394531;492.7311944961548;0.5267326831817627;0.3450386226177215;0.5239108204841614;0.3421744406223297;2.939178466796875;2.854232788085937;Fixation;1346.45460679796;500.8722801208496;356.0;30.0;;8032.0;8388.0
8384.0;1339.8117065429688;497.5693416595459;0.5282403230667114;0.3408883810043335;0.5233639478683472;0.3455342650413513;2.9178466796875;2.847808837890625;Fixation;1346.45460679796;500.8722801208496;356.0;30.0;;8032.0;8388.0
8388.0;1314.4508361816406;485.167965888977;0.5148538947105408;0.3378745913505554;0.5134573578834534;0.3369221985340118;2.9502716064453125;2.841659545898437;Fixation;1346.45460679796;500.8722801208496;356.0;30.0;;8032.0;8388.0
8392.0;1269.0737915039062;470.6912899017334;0.4914129376411438;0.3294172286987304;0.4957319498062134;0.3268689513206482;2.945770263671875;2.867904663085937;Saccade;;;12.0;;14.0;8392.0;8404.0
8396.0;1195.1166534423828;463.61094474792475;0.4686436057090759;0.3240136206150055;0.4668424427509308;0.3219520449638366;2.9599609375;2.8824615478515625;Saccade;;;12.0;;14.0;8392.0;8404.0
8400.0;1146.7882537841797;451.8924808502197;0.4378911554813385;0.3056126832962036;0.4479641616344452;0.3138142228126526;2.97686767578125;2.8793487548828125;Saccade;;;12.0;;14.0;8392.0;8404.0
8404.0;1084.7388458251953;416.18073463439936;0.4246860146522522;0.2778319716453552;0.4237261116504669;0.2890143990516662;2.9453887939453125;2.9050750732421875;Saccade;;;12.0;;14.0;8392.0;8404.0
8408.0;1049.9233245849607;397.6655960083008;0.409301608800888;0.2714833617210388;0.4101262986660003;0.2761566638946533;2.9327545166015625;2.892822265625;Fixation;1046.3195719401042;383.7704195022583;296.0;31.0;;8408.0;8704.0
8412.0;1029.5503997802734;383.52087020874023;0.4035518765449524;0.2624129354953766;0.4021681249141693;0.2663339376449585;2.9416656494140625;2.893218994140625;Fixation;1046.3195719401042;383.7704195022583;296.0;31.0;;8408.0;8704.0
8416.0;1037.2748565673828;384.79150772094727;0.4076341390609741;0.2532736957073211;0.4051854908466339;0.2672163248062134;2.9413604736328125;2.881011962890625;Fixation;1046.3195719401042;383.7704195022583;296.0;31.0;;8408.0;8704.0
8420.0;1051.576919555664;382.29091644287104;0.4129883944988251;0.2531448602676391;0.4107722342014313;0.2654798030853271;2.9392852783203125;2.897735595703125;Fixation;1046.3195719401042;383.7704195022583;296.0;31.0;;8408.0;8704.0
8424.0;1063.0170440673828;381.01817607879633;0.4175077974796295;0.2564059495925903;0.4152410328388214;0.2645959556102752;2.9355621337890625;2.8976287841796875;Fixation;1046.3195719401042;383.7704195022583;296.0;31.0;;8408.0;8704.0
8428.0;1059.8292541503904;389.1266870498657;0.4153589308261871;0.2629258036613464;0.4139958024024963;0.2702268660068512;2.934356689453125;2.90771484375;Fixation;1046.3195719401042;383.7704195022583;296.0;31.0;;8408.0;8704.0
8432.0;1057.9279327392578;383.52267265319824;0.4120197594165802;0.2623888850212097;0.4132530987262726;0.2663351893424988;2.945281982421875;2.88629150390625;Fixation;1046.3195719401042;383.7704195022583;296.0;31.0;;8408.0;8704.0
8436.0;1058.4906768798828;384.4032955169678;0.4102597832679748;0.2670788168907165;0.4134729206562042;0.2669467329978943;2.9479217529296875;2.895477294921875;Fixation;1046.3195719401042;383.7704195022583;296.0;31.0;;8408.0;8704.0
8440.0;1058.1194305419922;387.14867591857904;0.4130026400089264;0.2582968473434448;0.4133279025554657;0.2688532471656799;2.935897827148437;2.893417358398437;Fixation;1046.3195719401042;383.7704195022583;296.0;31.0;;8408.0;8704.0
8444.0;1061.3491821289062;380.99869251251215;0.4107292592525482;0.2587179541587829;0.414589524269104;0.2645824253559112;2.9300994873046875;2.8926239013671875;Fixation;1046.3195719401042;383.7704195022583;296.0;31.0;;8408.0;8704.0
8448.0;1048.1935882568357;383.8544940948486;0.4108082354068756;0.2631798088550567;0.4094506204128265;0.2665656208992004;2.94989013671875;2.8932647705078125;Fixation;1046.3195719401042;383.7704195022583;296.0;31.0;;8408.0;8704.0
8452.0;1054.7148132324219;386.63025856018066;0.4133731722831726;0.2626021206378937;0.4119979739189148;0.2684932351112366;2.945587158203125;2.8996124267578125;Fixation;1046.3195719401042;383.7704195022583;296.0;31.0;;8408.0;8704.0
8456.0;1057.7423095703125;381.8014669418335;0.4104406833648681;0.2579059898853302;0.4131805896759033;0.2651399075984955;2.9567413330078125;2.88824462890625;Fixation;1046.3195719401042;383.7704195022583;296.0;31.0;;8408.0;8704.0
8460.0;1052.094497680664;379.43314075469965;0.4125875532627105;0.2568914890289306;0.4109744131565094;0.2634952366352081;2.9375457763671875;2.87847900390625;Fixation;1046.3195719401042;383.7704195022583;296.0;31.0;;8408.0;8704.0
8464.0;1054.0026092529295;380.44341087341303;0.414092481136322;0.2640320658683777;0.4117197692394256;0.2641968131065368;2.944915771484375;2.881942749023437;Fixation;1046.3195719401042;383.7704195022583;296.0;31.0;;8408.0;8704.0
8468.0;1050.4698181152344;382.8069734573364;0.4126656055450439;0.2561638057231903;0.4103397727012634;0.2658381760120392;2.931549072265625;2.873764038085937;Fixation;1046.3195719401042;383.7704195022583;296.0;31.0;;8408.0;8704.0
8472.0;1046.54182434082;379.0069913864136;0.4147084355354309;0.2593407928943634;0.4088054001331329;0.2631992995738983;2.9405517578125;2.87567138671875;Fixation;1046.3195719401042;383.7704195022583;296.0;31.0;;8408.0;8704.0
8476.0;1043.9299011230469;376.8252182006836;0.4156071543693542;0.2573090493679046;0.4077851176261902;0.2616841793060303;2.920440673828125;2.8792877197265625;Fixation;1046.3195719401042;383.7704195022583;296.0;31.0;;8408.0;8704.0
8480.0;1043.5655212402341;383.8488292694091;0.4128376841545105;0.2580357491970062;0.4076427817344665;0.2665616869926452;2.9275665283203125;2.872802734375;Fixation;1046.3195719401042;383.7704195022583;296.0;31.0;;8408.0;8704.0
8484.0;1045.7929229736328;373.2474946975708;0.4164856970310211;0.2523669600486755;0.4085128605365753;0.2591996490955353;2.9185791015625;2.8783416748046875;Fixation;1046.3195719401042;383.7704195022583;296.0;31.0;;8408.0;8704.0
8488.0;1042.6448822021482;381.5287399291992;0.4161241352558136;0.2566250562667846;0.4072831571102142;0.2649505138397217;2.9303436279296875;2.878036499023437;Fixation;1046.3195719401042;383.7704195022583;296.0;31.0;;8408.0;8704.0
8492.0;1049.3650817871094;383.85629653930664;0.4133257269859314;0.2558846771717071;0.4099082350730896;0.2665668725967407;2.9215545654296875;2.865234375;Fixation;1046.3195719401042;383.7704195022583;296.0;31.0;;8408.0;8704.0
8496.0;1041.40625;379.219765663147;0.4123987853527069;0.260028064250946;0.40679931640625;0.2633470594882965;2.9243927001953125;2.870758056640625;Fixation;1046.3195719401042;383.7704195022583;296.0;31.0;;8408.0;8704.0
8500.0;1040.345230102539;382.6650953292846;0.4139469563961029;0.2521038353443146;0.4063848555088043;0.2657396495342254;2.91510009765625;2.8798828125;Fixation;1046.3195719401042;383.7704195022583;296.0;31.0;;8408.0;8704.0
8504.0;1046.08039855957;381.8180322647094;0.4098964035511017;0.2585659921169281;0.4086251556873321;0.2651514112949371;2.912384033203125;2.88665771484375;Fixation;1046.3195719401042;383.7704195022583;296.0;31.0;;8408.0;8704.0
8508.0;1046.8782043457031;381.22700214385986;0.4092069268226623;0.259977638721466;0.4089367985725403;0.2647409737110138;2.91314697265625;2.8736572265625;Fixation;1046.3195719401042;383.7704195022583;296.0;31.0;;8408.0;8704.0
8512.0;1041.3246917724607;376.23607635498047;0.4104098379611969;0.2562916874885559;0.4067674577236175;0.261275053024292;2.94580078125;2.867034912109375;Fixation;1046.3195719401042;383.7704195022583;296.0;31.0;;8408.0;8704.0
8516.0;1047.4135589599607;375.13581275939936;0.408759593963623;0.2534851133823395;0.4091459214687347;0.2605109810829162;2.92169189453125;2.874298095703125;Fixation;1046.3195719401042;383.7704195022583;296.0;31.0;;8408.0;8704.0
8520.0;1052.5019073486328;371.71988010406494;0.4067549407482147;0.2552551627159118;0.4111335575580597;0.2581388056278229;2.9250030517578125;2.8652496337890625;Fixation;1046.3195719401042;383.7704195022583;296.0;31.0;;8408.0;8704.0
8524.0;1050.9682464599607;382.4257564544678;0.4095029830932617;0.2501038908958435;0.4105344712734222;0.2655734419822693;2.9078521728515625;2.885040283203125;Fixation;1046.3195719401042;383.7704195022583;296.0;31.0;;8408.0;8704.0
8528.0;1051.2506103515625;376.4556741714477;0.4087925553321838;0.2524626553058624;0.4106447696685791;0.2614275515079498;2.92413330078125;2.866973876953125;Fixation;1046.3195719401042;383.7704195022583;296.0;31.0;;8408.0;8704.0
8532.0;1052.0127868652344;379.9461078643798;0.4093456268310547;0.257037878036499;0.4109424948692322;0.2638514637947082;2.924057006835937;2.8680572509765625;Fixation;1046.3195719401042;383.7704195022583;296.0;31.0;;8408.0;8704.0
8536.0;1051.5762329101562;381.9088411331177;0.410490870475769;0.258672684431076;0.4107719659805298;0.2652144730091095;2.925689697265625;2.8657989501953125;Fixation;1046.3195719401042;383.7704195022583;296.0;31.0;;8408.0;8704.0
8540.0;1047.4359893798828;375.8823251724243;0.4099513292312622;0.2574791014194488;0.4091546833515167;0.2610293924808502;2.92657470703125;2.8715362548828125;Fixation;1046.3195719401042;383.7704195022583;296.0;31.0;;8408.0;8704.0
8544.0;1063.442687988281;381.87875747680664;0.4135799705982208;0.2596166431903839;0.4154072999954223;0.2651935815811157;2.930694580078125;2.869476318359375;Fixation;1046.3195719401042;383.7704195022583;296.0;31.0;;8408.0;8704.0
8548.0;1041.3851928710938;375.67809104919434;0.4148159027099609;0.2595310807228088;0.406791090965271;0.2608875632286072;2.9337158203125;2.880340576171875;Fixation;1046.3195719401042;383.7704195022583;296.0;31.0;;8408.0;8704.0
8552.0;1050.9098052978513;376.80590629577637;0.411957710981369;0.2551479637622833;0.4105116426944732;0.2616707682609558;2.90179443359375;2.851165771484375;Fixation;1046.3195719401042;383.7704195022583;296.0;31.0;;8408.0;8704.0
8556.0;1041.6588592529295;383.3895063400268;0.4109944999217987;0.2581778764724731;0.4068979918956756;0.2662427127361297;2.916259765625;2.872955322265625;Fixation;1046.3195719401042;383.7704195022583;296.0;31.0;;8408.0;8704.0
8560.0;1048.5140991210935;375.95219135284424;0.4133123159408569;0.2518567144870758;0.4095758199691772;0.2610779106616974;2.91510009765625;2.860702514648437;Fixation;1046.3195719401042;383.7704195022583;296.0;31.0;;8408.0;8704.0
8564.0;1042.4839782714844;380.4337120056152;0.4140492379665375;0.2590229511260986;0.4072203040122986;0.2641900777816772;2.9178924560546875;2.8814849853515625;Fixation;1046.3195719401042;383.7704195022583;296.0;31.0;;8408.0;8704.0
8568.0;1035.45783996582;381.02525711059565;0.4117162823677063;0.2569452226161957;0.4044757187366485;0.2646008729934692;2.91986083984375;2.869003295898437;Fixation;1046.3195719401042;383.7704195022583;296.0;31.0;;8408.0;8704.0
8572.0;1034.5838928222656;381.4196062088012;0.4119398295879364;0.2610413134098053;0.4041343331336975;0.2648747265338897;2.902694702148437;2.8593902587890625;Fixation;1046.3195719401042;383.7704195022583;296.0;31.0;;8408.0;8704.0
8576.0;1034.526138305664;371.0673522949218;0.4095754027366638;0.2563572525978088;0.40411177277565;0.2576856613159179;2.91192626953125;2.855682373046875;Fixation;1046.3195719401042;383.7704195022583;296.0;31.0;;8408.0;8704.0
8580.0;1038.2003784179685;381.78807735443115;0.41134974360466;0.2625295519828796;0.405547022819519;0.2651306092739105;2.92633056640625;2.856658935546875;Fixation;1046.3195719401042;383.7704195022583;296.0;31.0;;8408.0;8704.0
8584.0;1040.8729553222656;388.45458984375;0.4125000834465027;0.2584663331508636;0.40659099817276;0.2697601318359375;2.919952392578125;2.863250732421875;Fixation;1046.3195719401042;383.7704195022583;296.0;31.0;;8408.0;8704.0
8588.0;1041.318359375;388.33970546722406;0.410806804895401;0.2576240003108978;0.4067649841308594;0.2696803510189056;2.928573608398437;2.85870361328125;Fixation;1046.3195719401042;383.7704195022583;296.0;31.0;;8408.0;8704.0
8592.0;1042.5394439697263;381.5592956542969;0.4097779393196106;0.2634450495243072;0.4072419703006744;0.2649717330932617;2.9055328369140625;2.8606414794921875;Fixation;1046.3195719401042;383.7704195022583;296.0;31.0;;8408.0;8704.0
8596.0;1047.128677368164;381.5442323684692;0.4086343348026275;0.259874165058136;0.4090346395969391;0.2649612724781036;2.9099273681640625;2.86767578125;Fixation;1046.3195719401042;383.7704195022583;296.0;31.0;;8408.0;8704.0
8600.0;1048.7856292724607;383.3744430541992;0.4086471199989319;0.2594123184680938;0.409681886434555;0.2662322521209717;2.9227447509765625;2.8620147705078125;Fixation;1046.3195719401042;383.7704195022583;296.0;31.0;;8408.0;8704.0
8604.0;1053.4213256835938;386.8616151809692;0.4127618968486786;0.2585668861865997;0.4114927053451538;0.2686538994312286;2.913970947265625;2.86376953125;Fixation;1046.3195719401042;383.7704195022583;296.0;31.0;;8408.0;8704.0
8608.0;1051.4089202880857;395.5842876434326;0.4114822447299957;0.2574386894702911;0.4107066094875335;0.2747113108634949;2.929183959960937;2.8568115234375;Fixation;1046.3195719401042;383.7704195022583;296.0;31.0;;8408.0;8704.0
8612.0;1049.0409088134766;390.4050064086914;0.4152424931526184;0.2628547549247741;0.4097816050052643;0.2711145877838135;2.9454345703125;2.8561553955078125;Fixation;1046.3195719401042;383.7704195022583;296.0;31.0;;8408.0;8704.0
8616.0;1052.6051330566404;386.5306091308593;0.4125474989414215;0.2573394179344177;0.4111738801002502;0.2684240341186523;2.9290924072265625;2.8681640625;Fixation;1046.3195719401042;383.7704195022583;296.0;31.0;;8408.0;8704.0
8620.0;1051.9933319091797;375.90876102447504;0.412745714187622;0.2582342028617859;0.4109348952770233;0.261047750711441;2.89617919921875;2.8535308837890625;Fixation;1046.3195719401042;383.7704195022583;296.0;31.0;;8408.0;8704.0
8624.0;1051.9518280029297;389.65149879455566;0.4159090518951416;0.2535289824008941;0.4109186828136444;0.2705913186073303;2.9232177734375;2.8545379638671875;Fixation;1046.3195719401042;383.7704195022583;296.0;31.0;;8408.0;8704.0
8628.0;1039.4701385498045;393.10665607452387;0.4125112295150757;0.2576802968978882;0.4060430228710174;0.272990733385086;2.912994384765625;2.8502655029296875;Fixation;1046.3195719401042;383.7704195022583;296.0;31.0;;8408.0;8704.0
8632.0;1034.097900390625;385.58969020843506;0.4131861329078674;0.2508096098899841;0.4039444923400879;0.2677706182003021;2.9379425048828125;2.8653106689453125;Fixation;1046.3195719401042;383.7704195022583;296.0;31.0;;8408.0;8704.0
8636.0;1038.3983612060547;380.38809299468994;0.4128830730915069;0.2575938701629638;0.4056243598461151;0.2641583979129791;2.924560546875;2.839996337890625;Fixation;1046.3195719401042;383.7704195022583;296.0;31.0;;8408.0;8704.0
8640.0;1033.11164855957;388.20010185241694;0.4094128906726837;0.2560872435569763;0.4035592377185821;0.2695834040641784;2.91339111328125;2.8591461181640625;Fixation;1046.3195719401042;383.7704195022583;296.0;31.0;;8408.0;8704.0
8644.0;1033.4185791015623;385.7662868499756;0.4083513915538788;0.2554816901683807;0.4036791324615478;0.2678932547569275;2.928802490234375;2.8672332763671875;Fixation;1046.3195719401042;383.7704195022583;296.0;31.0;;8408.0;8704.0
8648.0;1038.8859558105469;387.9074192047119;0.4092313051223755;0.25396928191185;0.4058148264884949;0.2693801522254944;2.913177490234375;2.8547821044921875;Fixation;1046.3195719401042;383.7704195022583;296.0;31.0;;8408.0;8704.0
8652.0;1043.2302856445312;381.4288330078125;0.4077710509300232;0.2585200667381286;0.407511830329895;0.2648811340332031;2.9341278076171875;2.8518218994140625;Fixation;1046.3195719401042;383.7704195022583;296.0;31.0;;8408.0;8704.0
8656.0;1037.5337982177732;391.3194465637207;0.4119753837585449;0.2551054656505584;0.4052866399288177;0.2717496156692505;2.9327545166015625;2.8680572509765625;Fixation;1046.3195719401042;383.7704195022583;296.0;31.0;;8408.0;8704.0
8660.0;1046.5753936767578;396.3361644744873;0.4132452309131622;0.2591754794120788;0.4088185131549835;0.2752334475517273;2.9347686767578125;2.87396240234375;Fixation;1046.3195719401042;383.7704195022583;296.0;31.0;;8408.0;8704.0
8664.0;1047.8532409667966;384.52719211578363;0.411409467458725;0.2557198703289032;0.409317672252655;0.2670327723026275;2.940216064453125;2.8554229736328125;Fixation;1046.3195719401042;383.7704195022583;296.0;31.0;;8408.0;8704.0
8668.0;1051.2498474121094;386.79350852966303;0.4129483103752136;0.2556620240211487;0.4106444716453552;0.2686066031455993;2.9132843017578125;2.871490478515625;Fixation;1046.3195719401042;383.7704195022583;296.0;31.0;;8408.0;8704.0
8672.0;1051.0874938964844;395.25765895843506;0.4135922193527221;0.2551665306091308;0.4105810523033142;0.2744844853878021;2.92327880859375;2.8676910400390625;Fixation;1046.3195719401042;383.7704195022583;296.0;31.0;;8408.0;8704.0
8676.0;1050.8725738525388;381.19460105895996;0.4147271811962127;0.2582229077816009;0.410497099161148;0.2647184729576111;2.9305419921875;2.84686279296875;Fixation;1046.3195719401042;383.7704195022583;296.0;31.0;;8408.0;8704.0
8680.0;1044.13459777832;391.3179874420166;0.4123009741306305;0.2595767378807068;0.4078650772571563;0.2717486023902893;2.9312286376953125;2.8694610595703125;Fixation;1046.3195719401042;383.7704195022583;296.0;31.0;;8408.0;8704.0
8684.0;1051.8852233886716;387.9046297073364;0.4155186712741852;0.2557050883769989;0.4108926653861999;0.2693782150745392;2.923202514648437;2.8750762939453125;Fixation;1046.3195719401042;383.7704195022583;296.0;31.0;;8408.0;8704.0
8688.0;1049.176330566406;397.6186466217041;0.4142611622810364;0.2580011487007141;0.4098345041275024;0.2761240601539612;2.935211181640625;2.86651611328125;Fixation;1046.3195719401042;383.7704195022583;296.0;31.0;;8408.0;8704.0
8692.0;1061.513442993164;395.15011310577387;0.4130953848361969;0.2577356100082397;0.4146536886692047;0.2744098007678985;2.926971435546875;2.877655029296875;Fixation;1046.3195719401042;383.7704195022583;296.0;31.0;;8408.0;8704.0
8696.0;1052.324447631836;386.7465162277221;0.4145859777927398;0.2637386322021484;0.4110642373561859;0.2685739696025848;2.9488677978515625;2.863189697265625;Fixation;1046.3195719401042;383.7704195022583;296.0;31.0;;8408.0;8704.0
8700.0;1037.1458435058594;381.7537021636963;0.4085685610771179;0.2593987286090851;0.4051350951194763;0.265106737613678;2.9158172607421875;2.859115600585937;Fixation;1046.3195719401042;383.7704195022583;296.0;31.0;;8408.0;8704.0
8704.0;984.4625091552734;394.41093921661377;0.3882061243057251;0.2715036571025848;0.3845556676387787;0.2738964855670929;2.9496612548828125;2.875473022460937;Fixation;1046.3195719401042;383.7704195022583;296.0;31.0;;8408.0;8704.0
8708.0;931.4934539794921;435.260853767395;0.3614565730094909;0.3025977611541748;0.3638646304607391;0.3022644817829132;2.956039428710937;2.883575439453125;Saccade;;;4.0;;15.0;8708.0;8712.0
8712.0;863.6278533935547;469.4957113265991;0.3443705439567566;0.3249428272247314;0.3373546302318573;0.3260386884212494;2.9374542236328125;2.890045166015625;Saccade;;;4.0;;15.0;8708.0;8712.0
8716.0;848.7535095214843;497.93519496917725;0.3341884911060333;0.3371666371822357;0.3315443396568298;0.3457883298397064;2.941192626953125;2.871551513671875;Fixation;869.6366474240325;512.2155272683432;340.0;32.0;;8716.0;9056.0
8720.0;837.4588775634764;514.9559783935547;0.3409859538078308;0.3473401069641113;0.327132374048233;0.3576083183288574;2.9315338134765625;2.890411376953125;Fixation;869.6366474240325;512.2155272683432;340.0;32.0;;8716.0;9056.0
8724.0;864.962158203125;520.7096815109253;0.3453250527381897;0.3531416654586792;0.3378758430480957;0.3616039454936981;2.8944244384765625;2.8672637939453125;Fixation;869.6366474240325;512.2155272683432;340.0;32.0;;8716.0;9056.0
8728.0;894.0961456298828;530.738697052002;0.3533948063850403;0.3522098064422607;0.349256306886673;0.3685685396194458;2.9127197265625;2.888534545898437;Fixation;869.6366474240325;512.2155272683432;340.0;32.0;;8716.0;9056.0
8732.0;903.3921813964844;510.0753879547119;0.3522204756736755;0.3486535549163818;0.3528875708580017;0.3542190194129944;2.927215576171875;2.8907928466796875;Fixation;869.6366474240325;512.2155272683432;340.0;32.0;;8716.0;9056.0
8736.0;887.3603057861327;487.04911708831787;0.3445374369621277;0.3463517427444458;0.3466251194477081;0.3382285535335541;2.940673828125;2.8815155029296875;Fixation;869.6366474240325;512.2155272683432;340.0;32.0;;8716.0;9056.0
8740.0;880.3326416015624;485.9709119796753;0.3422881364822387;0.3472940623760223;0.3438799381256103;0.3374797999858856;2.9133758544921875;2.8726959228515625;Fixation;869.6366474240325;512.2155272683432;340.0;32.0;;8716.0;9056.0
8744.0;875.5503845214843;490.56963443756104;0.349253386259079;0.3539992570877075;0.3420118689537048;0.3406733572483063;2.926177978515625;2.8606109619140625;Fixation;869.6366474240325;512.2155272683432;340.0;32.0;;8716.0;9056.0
8748.0;872.3126983642578;501.1955165863037;0.3480125367641449;0.3506137132644653;0.3407471477985382;0.348052442073822;2.939071655273437;2.8787841796875;Fixation;869.6366474240325;512.2155272683432;340.0;32.0;;8716.0;9056.0
8752.0;871.1758422851561;503.6832761764526;0.3456830084323883;0.3533895611763;0.3403030633926391;0.3497800529003143;2.928436279296875;2.878143310546875;Fixation;869.6366474240325;512.2155272683432;340.0;32.0;;8716.0;9056.0
8756.0;872.3675537109374;507.978458404541;0.3490844964981079;0.3527424931526184;0.3407685756683349;0.3527628183364868;2.937530517578125;2.876708984375;Fixation;869.6366474240325;512.2155272683432;340.0;32.0;;8716.0;9056.0
8760.0;870.7996368408202;507.44549274444574;0.3470862507820129;0.3522484302520752;0.3401561081409454;0.352392703294754;2.915435791015625;2.8616180419921875;Fixation;869.6366474240325;512.2155272683432;340.0;32.0;;8716.0;9056.0
8764.0;872.422866821289;509.44551944732666;0.3427186906337738;0.3490162491798401;0.340790182352066;0.3537816107273102;2.9196929931640625;2.873321533203125;Fixation;869.6366474240325;512.2155272683432;340.0;32.0;;8716.0;9056.0
8768.0;866.1962890624999;509.67155456542963;0.3457694947719574;0.3533122539520263;0.338357925415039;0.3539385795593261;2.93414306640625;2.87109375;Fixation;869.6366474240325;512.2155272683432;340.0;32.0;;8716.0;9056.0
8772.0;870.3775024414062;499.6289348602295;0.3490287959575653;0.3568174242973327;0.3399912118911743;0.3469645380973816;2.92523193359375;2.8642730712890625;Fixation;869.6366474240325;512.2155272683432;340.0;32.0;;8716.0;9056.0
8776.0;866.2582397460936;510.6559038162231;0.3480700850486755;0.3519041240215301;0.3383821249008178;0.3546221554279327;2.92645263671875;2.8713836669921875;Fixation;869.6366474240325;512.2155272683432;340.0;32.0;;8716.0;9056.0
8780.0;866.0771179199219;510.48896312713623;0.3454518914222717;0.3546673953533172;0.3383113741874695;0.3545062243938446;2.932357788085937;2.87945556640625;Fixation;869.6366474240325;512.2155272683432;340.0;32.0;;8716.0;9056.0
8784.0;869.4914245605469;514.0187501907347;0.3462592363357544;0.3567759692668915;0.3396450877189636;0.3569574654102325;2.93731689453125;2.894439697265625;Fixation;869.6366474240325;512.2155272683432;340.0;32.0;;8716.0;9056.0
8788.0;875.5908966064453;508.04296016693115;0.3458630442619324;0.3585267961025238;0.3420276939868927;0.3528076112270355;2.924667358398437;2.870513916015625;Fixation;869.6366474240325;512.2155272683432;340.0;32.0;;8716.0;9056.0
8792.0;872.4568939208983;510.13774394989014;0.3428100049495697;0.3532693982124328;0.3408034741878509;0.3542623221874237;2.942611694335937;2.876708984375;Fixation;869.6366474240325;512.2155272683432;340.0;32.0;;8716.0;9056.0
8796.0;878.2508850097656;514.5287132263184;0.3456458747386932;0.3430821597576141;0.3430667519569397;0.3573116064071655;2.902435302734375;2.873992919921875;Fixation;869.6366474240325;512.2155272683432;340.0;32.0;;8716.0;9056.0
8800.0;874.6790313720702;511.88963413238525;0.3447658121585846;0.3450247943401336;0.3416714966297149;0.3554789125919342;2.917083740234375;2.87982177734375;Fixation;869.6366474240325;512.2155272683432;340.0;32.0;;8716.0;9056.0
8804.0;877.2209167480469;508.2982206344604;0.3436655104160309;0.3443211317062378;0.3426644206047058;0.3529848754405975;2.905258178710937;2.865951538085937;Fixation;869.6366474240325;512.2155272683432;340.0;32.0;;8716.0;9056.0
8808.0;870.704345703125;506.92862033843994;0.3437933325767517;0.3478522598743438;0.3401188850402832;0.3520337641239166;2.9196014404296875;2.86822509765625;Fixation;869.6366474240325;512.2155272683432;340.0;32.0;;8716.0;9056.0
8812.0;877.7783966064453;510.71516990661615;0.3458722233772278;0.3428598046302795;0.3428821861743927;0.3546633124351501;2.901885986328125;2.8736114501953125;Fixation;869.6366474240325;512.2155272683432;340.0;32.0;;8716.0;9056.0
8816.0;878.9928436279296;506.8421030044555;0.3430576622486114;0.3516077399253845;0.34335657954216;0.351973682641983;2.928955078125;2.8767547607421875;Fixation;869.6366474240325;512.2155272683432;340.0;32.0;;8716.0;9056.0
8820.0;873.0180358886718;510.85558891296387;0.3395816683769226;0.3563423454761505;0.3410226702690124;0.3547608256340027;2.93597412109375;2.880157470703125;Fixation;869.6366474240325;512.2155272683432;340.0;32.0;;8716.0;9056.0
8824.0;865.3594970703125;506.5345287322998;0.3390089869499206;0.352558970451355;0.3380310535430908;0.3517600893974304;2.927398681640625;2.878768920898437;Fixation;869.6366474240325;512.2155272683432;340.0;32.0;;8716.0;9056.0
8828.0;869.2807006835938;507.31202602386475;0.3394077122211456;0.3497277498245239;0.3395627737045288;0.3523000180721283;2.90740966796875;2.8588409423828125;Fixation;869.6366474240325;512.2155272683432;340.0;32.0;;8716.0;9056.0
8832.0;864.2015838623046;499.3348789215088;0.3374896943569183;0.3504840433597564;0.3375787436962127;0.3467603325843811;2.948593139648437;2.86334228515625;Fixation;869.6366474240325;512.2155272683432;340.0;32.0;;8716.0;9056.0
8836.0;864.1326141357422;498.13432216644287;0.3415666222572326;0.3578145503997803;0.3375518023967743;0.3459266126155853;2.9251861572265625;2.868515014648437;Fixation;869.6366474240325;512.2155272683432;340.0;32.0;;8716.0;9056.0
8840.0;865.2304840087891;507.94262409210205;0.340894877910614;0.3515995144844055;0.3379806578159332;0.3527379333972931;2.9241485595703125;2.871612548828125;Fixation;869.6366474240325;512.2155272683432;340.0;32.0;;8716.0;9056.0
8844.0;859.9844360351562;507.6746177673339;0.3414197564125061;0.347315639257431;0.3359314203262329;0.3525518178939819;2.9267120361328125;2.884307861328125;Fixation;869.6366474240325;512.2155272683432;340.0;32.0;;8716.0;9056.0
8848.0;865.5344390869141;506.11696243286127;0.3427542448043823;0.3490957915782928;0.3380993902683258;0.3514701128005981;2.9356842041015625;2.870941162109375;Fixation;869.6366474240325;512.2155272683432;340.0;32.0;;8716.0;9056.0
8852.0;870.5007171630858;508.8732433319091;0.3432928919792175;0.3488861918449402;0.3400393426418304;0.3533841967582702;2.9037322998046875;2.858428955078125;Fixation;869.6366474240325;512.2155272683432;340.0;32.0;;8716.0;9056.0
8856.0;863.3721160888671;513.7362813949584;0.3430689573287964;0.3495403230190277;0.3372547328472137;0.3567613065242767;2.9116668701171875;2.8723602294921875;Fixation;869.6366474240325;512.2155272683432;340.0;32.0;;8716.0;9056.0
8860.0;871.4270019531249;500.9206008911132;0.3456433415412903;0.3547280430793762;0.3404011726379394;0.3478615283966064;2.9332733154296875;2.8658599853515625;Fixation;869.6366474240325;512.2155272683432;340.0;32.0;;8716.0;9056.0
8864.0;872.4549102783202;508.6873340606689;0.3440540134906769;0.3486984670162201;0.3408026993274688;0.3532550930976867;2.924530029296875;2.874053955078125;Fixation;869.6366474240325;512.2155272683432;340.0;32.0;;8716.0;9056.0
8868.0;881.3200378417969;510.43690681457514;0.3494278788566589;0.3591337502002716;0.3442656397819519;0.3544700741767883;2.943603515625;2.881805419921875;Fixation;869.6366474240325;512.2155272683432;340.0;32.0;;8716.0;9056.0
8872.0;876.5088653564452;505.94963550567627;0.3456640541553497;0.3561217784881592;0.3423862755298614;0.3513539135456085;2.918060302734375;2.900985717773437;Fixation;869.6366474240325;512.2155272683432;340.0;32.0;;8716.0;9056.0
8876.0;880.5863189697264;514.0816640853882;0.3492858707904815;0.3610517680644989;0.3439790308475494;0.3570011556148529;2.9435272216796875;2.88323974609375;Fixation;869.6366474240325;512.2155272683432;340.0;32.0;;8716.0;9056.0
8880.0;876.7632293701172;512.8488779067992;0.3492963016033172;0.3595733940601349;0.342485636472702;0.3561450541019439;2.9287567138671875;2.89129638671875;Fixation;869.6366474240325;512.2155272683432;340.0;32.0;;8716.0;9056.0
8884.0;872.1112823486328;503.913345336914;0.3472942113876343;0.3570483028888702;0.3406684696674347;0.3499398231506347;2.930633544921875;2.8803863525390625;Fixation;869.6366474240325;512.2155272683432;340.0;32.0;;8716.0;9056.0
8888.0;872.4515533447266;506.7440843582153;0.3450999855995178;0.3570048809051513;0.3408013880252838;0.3519056141376495;2.924789428710937;2.89312744140625;Fixation;869.6366474240325;512.2155272683432;340.0;32.0;;8716.0;9056.0
8892.0;863.8015747070312;503.2812452316284;0.344570130109787;0.3629390895366668;0.3374224901199341;0.3495008647441864;2.9325714111328125;2.871368408203125;Fixation;869.6366474240325;512.2155272683432;340.0;32.0;;8716.0;9056.0
8896.0;869.1835784912109;497.6985597610473;0.3446627855300903;0.3625785410404205;0.3395248353481293;0.3456239998340606;2.9551544189453125;2.868133544921875;Fixation;869.6366474240325;512.2155272683432;340.0;32.0;;8716.0;9056.0
8900.0;864.880142211914;505.20415306091303;0.341075986623764;0.3518908023834228;0.3378438055515289;0.3508362174034118;2.9222564697265625;2.889923095703125;Fixation;869.6366474240325;512.2155272683432;340.0;32.0;;8716.0;9056.0
8904.0;863.2220458984374;510.97686767578125;0.3454050719738006;0.355455607175827;0.3371961116790771;0.3548450469970703;2.932235717773437;2.9014129638671875;Fixation;869.6366474240325;512.2155272683432;340.0;32.0;;8716.0;9056.0
8908.0;863.4206390380859;509.0342617034912;0.3413141965866089;0.3549042642116546;0.3372736871242523;0.3534960150718689;2.9293670654296875;2.8919219970703125;Fixation;869.6366474240325;512.2155272683432;340.0;32.0;;8716.0;9056.0
8912.0;859.986114501953;508.0603837966919;0.3455083668231964;0.3534677922725677;0.3359320759773254;0.3528197109699249;2.91754150390625;2.873809814453125;Fixation;869.6366474240325;512.2155272683432;340.0;32.0;;8716.0;9056.0
8916.0;862.6845550537108;506.24673843383783;0.342179000377655;0.3445966243743896;0.3369861543178558;0.3515602350234985;2.912750244140625;2.89385986328125;Fixation;869.6366474240325;512.2155272683432;340.0;32.0;;8716.0;9056.0
8920.0;858.1879425048827;510.3803443908691;0.3415261805057525;0.3501498103141784;0.3352296650409698;0.3544307947158813;2.9335174560546875;2.9083404541015625;Fixation;869.6366474240325;512.2155272683432;340.0;32.0;;8716.0;9056.0
8924.0;862.2917175292969;504.98455524444574;0.3406827747821808;0.3487828969955444;0.3368327021598816;0.350683718919754;2.929534912109375;2.8918914794921875;Fixation;869.6366474240325;512.2155272683432;340.0;32.0;;8716.0;9056.0
8928.0;861.9623565673828;508.6512851715088;0.33794105052948;0.3509668111801147;0.3367040455341339;0.3532300591468811;2.9347076416015625;2.885009765625;Fixation;869.6366474240325;512.2155272683432;340.0;32.0;;8716.0;9056.0
8932.0;855.309829711914;512.578854560852;0.342326670885086;0.3556884527206421;0.3341054022312164;0.3559575378894806;2.941925048828125;2.881927490234375;Fixation;869.6366474240325;512.2155272683432;340.0;32.0;;8716.0;9056.0
8936.0;858.0763244628905;508.8279247283935;0.3361641466617584;0.3584409058094024;0.3351860642433166;0.3533527255058288;2.946197509765625;2.8787384033203125;Fixation;869.6366474240325;512.2155272683432;340.0;32.0;;8716.0;9056.0
8940.0;861.7362213134766;518.4784269332885;0.3427528440952301;0.3510997593402862;0.3366157114505768;0.360054463148117;2.9415435791015625;2.8973846435546875;Fixation;869.6366474240325;512.2155272683432;340.0;32.0;;8716.0;9056.0
8944.0;865.4408264160156;519.2248535156249;0.3441344797611236;0.3489507734775543;0.3380628228187561;0.3605728149414062;2.9454803466796875;2.914779663085937;Fixation;869.6366474240325;512.2155272683432;340.0;32.0;;8716.0;9056.0
8948.0;868.2200622558593;512.7179431915283;0.3414543569087982;0.3604045510292053;0.339148461818695;0.3560541272163391;2.95391845703125;2.8895263671875;Fixation;869.6366474240325;512.2155272683432;340.0;32.0;;8716.0;9056.0
8952.0;862.7896118164062;515.8690452575684;0.3430766463279724;0.3593828082084656;0.3370271921157837;0.358242392539978;2.95208740234375;2.891265869140625;Fixation;869.6366474240325;512.2155272683432;340.0;32.0;;8716.0;9056.0
8956.0;865.2254486083983;511.08673095703125;0.3416469991207123;0.362870454788208;0.3379786908626556;0.3549213409423828;2.9669952392578125;2.8941802978515625;Fixation;869.6366474240325;512.2155272683432;340.0;32.0;;8716.0;9056.0
8960.0;867.1903228759764;519.9616241455078;0.3449387848377228;0.3463810682296753;0.3387462198734283;0.3610844612121582;2.94158935546875;2.9037322998046875;Fixation;869.6366474240325;512.2155272683432;340.0;32.0;;8716.0;9056.0
8964.0;862.4623870849608;520.1981735229492;0.3429300487041473;0.3515946567058563;0.3368993699550628;0.3612487316131592;2.953887939453125;2.8979949951171875;Fixation;869.6366474240325;512.2155272683432;340.0;32.0;;8716.0;9056.0
8968.0;871.9338226318359;516.8191909790039;0.3449457585811615;0.3480207920074463;0.3405991494655609;0.3589022159576416;2.9345245361328125;2.9042205810546875;Fixation;869.6366474240325;512.2155272683432;340.0;32.0;;8716.0;9056.0
8972.0;870.7833862304686;516.0786867141724;0.3448008894920349;0.3543358445167541;0.3401497602462768;0.3583879768848419;2.979339599609375;2.9085693359375;Fixation;869.6366474240325;512.2155272683432;340.0;32.0;;8716.0;9056.0
8976.0;876.199493408203;521.9073629379272;0.3394154608249664;0.3523029386997223;0.3422654271125793;0.3624356687068939;2.9694976806640625;2.906158447265625;Fixation;869.6366474240325;512.2155272683432;340.0;32.0;;8716.0;9056.0
8980.0;873.6723327636719;522.682671546936;0.3477717638015747;0.352172702550888;0.3412782549858093;0.36297407746315;2.9561309814453125;2.91693115234375;Fixation;869.6366474240325;512.2155272683432;340.0;32.0;;8716.0;9056.0
8984.0;870.7608795166016;523.2620286941528;0.3449809551239013;0.353658378124237;0.3401409685611725;0.3633764088153839;2.954208374023437;2.908554077148437;Fixation;869.6366474240325;512.2155272683432;340.0;32.0;;8716.0;9056.0
8988.0;869.6237182617188;521.432590484619;0.3444715440273285;0.3497390747070312;0.3396967649459839;0.3621059656143188;2.962646484375;2.9191131591796875;Fixation;869.6366474240325;512.2155272683432;340.0;32.0;;8716.0;9056.0
8992.0;872.3033142089844;520.7240152359009;0.3425272405147552;0.3533017337322235;0.3407434821128845;0.3616138994693756;2.95794677734375;2.92230224609375;Fixation;869.6366474240325;512.2155272683432;340.0;32.0;;8716.0;9056.0
8996.0;875.3008270263672;524.6827840805053;0.343696653842926;0.3456560671329498;0.3419143855571747;0.3643630445003509;2.943603515625;2.9108428955078125;Fixation;869.6366474240325;512.2155272683432;340.0;32.0;;8716.0;9056.0
9000.0;874.3431091308593;523.0495119094847;0.3452224731445312;0.3475683629512787;0.3415402770042419;0.36322882771492;2.953948974609375;2.919342041015625;Fixation;869.6366474240325;512.2155272683432;340.0;32.0;;8716.0;9056.0
9004.0;885.9950256347656;532.8888416290283;0.3482225835323334;0.3580286800861358;0.3460918068885803;0.3700616955757141;2.969024658203125;2.9219207763671875;Fixation;869.6366474240325;512.2155272683432;340.0;32.0;;8716.0;9056.0
9008.0;874.1533660888671;524.1914892196655;0.3461010754108429;0.3563472926616668;0.3414661586284637;0.3640218675136566;2.959823608398437;2.9200897216796875;Fixation;869.6366474240325;512.2155272683432;340.0;32.0;;8716.0;9056.0
9012.0;879.5168304443359;527.0381069183348;0.3501344919204712;0.3598857223987579;0.3435612618923187;0.3659986853599548;2.9547576904296875;2.9170074462890625;Fixation;869.6366474240325;512.2155272683432;340.0;32.0;;8716.0;9056.0
9016.0;878.0828094482422;525.878963470459;0.346820056438446;0.3586957156658172;0.3430010974407196;0.3651937246322632;2.999908447265625;2.911117553710937;Fixation;869.6366474240325;512.2155272683432;340.0;32.0;;8716.0;9056.0
9020.0;871.1218261718749;520.9103536605835;0.3501823544502258;0.3578751385211944;0.3402819633483886;0.361743301153183;2.982147216796875;2.931259155273437;Fixation;869.6366474240325;512.2155272683432;340.0;32.0;;8716.0;9056.0
9024.0;873.6635589599608;525.2136468887328;0.3490011990070343;0.3580110371112823;0.3412748277187347;0.3647316992282867;2.98309326171875;2.9198455810546875;Fixation;869.6366474240325;512.2155272683432;340.0;32.0;;8716.0;9056.0
9028.0;870.3770446777344;521.1650133132933;0.3483575880527496;0.3636701107025146;0.33999103307724;0.3619201481342315;2.9897003173828125;2.930145263671875;Fixation;869.6366474240325;512.2155272683432;340.0;32.0;;8716.0;9056.0
9032.0;870.7371520996094;521.6309022903442;0.3458632230758667;0.3598947823047638;0.3401317000389099;0.3622436821460724;2.99456787109375;2.9199676513671875;Fixation;869.6366474240325;512.2155272683432;340.0;32.0;;8716.0;9056.0
9036.0;867.8432464599608;524.163508415222;0.3477443754673004;0.359043151140213;0.3390012681484222;0.3640024363994598;2.9981689453125;2.9354400634765625;Fixation;869.6366474240325;512.2155272683432;340.0;32.0;;8716.0;9056.0
9040.0;864.4031524658202;522.219614982605;0.348747044801712;0.3582788109779358;0.337657481431961;0.3626525104045868;2.983245849609375;2.9249725341796875;Fixation;869.6366474240325;512.2155272683432;340.0;32.0;;8716.0;9056.0
9044.0;856.8361663818358;525.084342956543;0.3457089066505432;0.3562165200710296;0.3347016274929046;0.3646419048309326;2.98895263671875;2.933944702148437;Fixation;869.6366474240325;512.2155272683432;340.0;32.0;;8716.0;9056.0
9048.0;853.5662078857421;518.0393600463866;0.3481499254703522;0.3543952405452728;0.333424299955368;0.3597495555877685;2.9734649658203125;2.9348602294921875;Fixation;869.6366474240325;512.2155272683432;340.0;32.0;;8716.0;9056.0
9052.0;861.3377380371093;518.6464405059814;0.3477487862110138;0.3670374751091003;0.3364600539207458;0.3601711392402649;3.0059051513671875;2.92742919921875;Fixation;869.6366474240325;512.2155272683432;340.0;32.0;;8716.0;9056.0
9056.0;870.8275604248046;529.6662855148315;0.3443255424499511;0.3718922734260559;0.3401670157909393;0.3678238093852997;3.0017852783203125;2.933837890625;Fixation;869.6366474240325;512.2155272683432;340.0;32.0;;8716.0;9056.0
9060.0;842.0630645751952;560.8706760406493;0.3344468772411346;0.3943609297275543;0.3289308845996856;0.3894935250282287;2.993759155273437;2.923370361328125;Fixation;827.8447479897357;600.1019342909468;184.0;33.0;;9060.0;9244.0
9064.0;816.6042327880858;585.735182762146;0.3272208273410797;0.4082987308502197;0.318986028432846;0.4067605435848236;2.978424072265625;2.9056854248046875;Fixation;827.8447479897357;600.1019342909468;184.0;33.0;;9060.0;9244.0
9068.0;815.1505279541016;600.0996780395508;0.3230730891227722;0.4240281879901886;0.3184181749820709;0.4167358875274658;2.9627685546875;2.9050445556640625;Fixation;827.8447479897357;600.1019342909468;184.0;33.0;;9060.0;9244.0
9072.0;823.0432891845703;608.8097763061522;0.3331378102302551;0.4177876710891723;0.3215012848377228;0.4227845668792724;2.948638916015625;2.932601928710937;Fixation;827.8447479897357;600.1019342909468;184.0;33.0;;9060.0;9244.0
9076.0;836.0809326171874;616.1597156524658;0.3341849148273468;0.428899198770523;0.3265941143035888;0.4278886914253235;2.952880859375;2.936279296875;Fixation;827.8447479897357;600.1019342909468;184.0;33.0;;9060.0;9244.0
9080.0;839.9623870849608;618.8934230804443;0.3305783867835998;0.4310972392559051;0.3281103074550628;0.4297870993614197;2.95843505859375;2.930938720703125;Fixation;827.8447479897357;600.1019342909468;184.0;33.0;;9060.0;9244.0
9084.0;832.7149200439452;597.5155305862426;0.3307361602783203;0.4285212457180023;0.3252792656421661;0.4149413406848907;2.9696807861328125;2.9214324951171875;Fixation;827.8447479897357;600.1019342909468;184.0;33.0;;9060.0;9244.0
9088.0;836.5631103515625;590.585560798645;0.3277129232883453;0.4230598211288452;0.3267824649810791;0.4101288616657257;2.9781494140625;2.924652099609375;Fixation;827.8447479897357;600.1019342909468;184.0;33.0;;9060.0;9244.0
9092.0;832.3989105224609;596.0930585861206;0.3306192457675934;0.4154474139213562;0.3251558244228363;0.4139535129070282;2.98046875;2.929412841796875;Fixation;827.8447479897357;600.1019342909468;184.0;33.0;;9060.0;9244.0
9096.0;831.9734191894531;589.1810274124146;0.3310325741767883;0.4224312901496887;0.3249896168708801;0.4091534912586212;2.9784393310546875;2.930572509765625;Fixation;827.8447479897357;600.1019342909468;184.0;33.0;;9060.0;9244.0
9100.0;832.3392486572266;604.5025348663329;0.3323546051979065;0.4282979369163513;0.3251325190067291;0.419793426990509;2.9909210205078125;2.9393463134765625;Fixation;827.8447479897357;600.1019342909468;184.0;33.0;;9060.0;9244.0
9104.0;830.1125335693358;595.0461387634276;0.3321793973445892;0.4177782237529754;0.3242627084255218;0.4132264852523803;2.9609832763671875;2.9351959228515625;Fixation;827.8447479897357;600.1019342909468;184.0;33.0;;9060.0;9244.0
9108.0;831.8927001953124;588.6753559112549;0.3313032686710357;0.4201627671718597;0.3249580860137939;0.408802330493927;2.978729248046875;2.923126220703125;Fixation;827.8447479897357;600.1019342909468;184.0;33.0;;9060.0;9244.0
9112.0;830.2350616455078;595.3925085067748;0.3286630511283874;0.4173464477062225;0.3243105709552765;0.4134670197963714;2.9697723388671875;2.9418182373046875;Fixation;827.8447479897357;600.1019342909468;184.0;33.0;;9060.0;9244.0
9116.0;831.1743927001953;607.5907230377197;0.3329083621501922;0.4207464456558227;0.3246774971485138;0.4219380021095276;2.9947967529296875;2.950775146484375;Fixation;827.8447479897357;600.1019342909468;184.0;33.0;;9060.0;9244.0
9120.0;829.4074249267577;598.9045286178589;0.3308541178703308;0.4212673604488373;0.3239872753620147;0.4159059226512909;2.993011474609375;2.94000244140625;Fixation;827.8447479897357;600.1019342909468;184.0;33.0;;9060.0;9244.0
9124.0;830.6307220458984;600.4222726821899;0.3283336460590362;0.4218575656414032;0.3244651257991791;0.4169599115848541;2.9737548828125;2.9516754150390625;Fixation;827.8447479897357;600.1019342909468;184.0;33.0;;9060.0;9244.0
9128.0;821.3375091552734;596.6823720932006;0.3291517496109009;0.4216600954532623;0.3208349645137787;0.414362758398056;2.99310302734375;2.9359130859375;Fixation;827.8447479897357;600.1019342909468;184.0;33.0;;9060.0;9244.0
9132.0;832.525177001953;600.9173440933228;0.328673779964447;0.4242210388183594;0.3252051472663879;0.4173037111759186;2.9915313720703125;2.9381256103515625;Fixation;827.8447479897357;600.1019342909468;184.0;33.0;;9060.0;9244.0
9136.0;832.1070098876953;597.7912187576294;0.333532452583313;0.421620100736618;0.325041800737381;0.4151327908039093;3.007843017578125;2.943817138671875;Fixation;827.8447479897357;600.1019342909468;184.0;33.0;;9060.0;9244.0
9140.0;820.5229949951171;595.0830030441284;0.332343727350235;0.4277040064334869;0.3205167949199676;0.4132520854473114;2.999420166015625;2.9625244140625;Fixation;827.8447479897357;600.1019342909468;184.0;33.0;;9060.0;9244.0
9144.0;829.787139892578;602.3431634902953;0.3310377895832062;0.4259813129901886;0.3241356015205383;0.4182938635349273;3.007064819335937;2.9553680419921875;Fixation;827.8447479897357;600.1019342909468;184.0;33.0;;9060.0;9244.0
9148.0;831.1119079589843;609.0450382232666;0.3348303735256195;0.4267928600311279;0.3246530890464782;0.4229479432106018;3.0062255859375;2.9630279541015625;Fixation;827.8447479897357;600.1019342909468;184.0;33.0;;9060.0;9244.0
9152.0;822.1487426757811;595.1156187057494;0.3315886855125427;0.4220695495605469;0.321151852607727;0.413274735212326;3.0143585205078125;2.948089599609375;Fixation;827.8447479897357;600.1019342909468;184.0;33.0;;9060.0;9244.0
9156.0;823.3799743652344;597.7113103866577;0.3302204012870788;0.4151514768600464;0.3216328024864197;0.4150772988796234;3.000473022460937;2.978424072265625;Fixation;827.8447479897357;600.1019342909468;184.0;33.0;;9060.0;9244.0
9160.0;827.747573852539;594.4272565841675;0.3303700089454651;0.4295020401477813;0.323338896036148;0.4127967059612274;3.0179595947265625;2.96551513671875;Fixation;827.8447479897357;600.1019342909468;184.0;33.0;;9060.0;9244.0
9164.0;832.0365905761718;607.2856378555297;0.3279799818992615;0.4189221858978271;0.3250142931938171;0.4217261373996734;3.0142059326171875;2.9779510498046875;Fixation;827.8447479897357;600.1019342909468;184.0;33.0;;9060.0;9244.0
9168.0;828.1855010986327;593.6791133880615;0.3280941843986511;0.4182445108890533;0.3235099613666534;0.4122771620750427;3.003662109375;2.9644927978515625;Fixation;827.8447479897357;600.1019342909468;184.0;33.0;;9060.0;9244.0
9172.0;825.364761352539;594.9517679214476;0.3318102657794952;0.4250370860099792;0.3224081099033355;0.4131609499454498;3.0153350830078125;2.968292236328125;Fixation;827.8447479897357;600.1019342909468;184.0;33.0;;9060.0;9244.0
9176.0;829.5177459716797;603.3182001113892;0.3326701521873474;0.4272629618644714;0.3240303695201874;0.4189709722995758;3.045394897460937;2.970367431640625;Fixation;827.8447479897357;600.1019342909468;184.0;33.0;;9060.0;9244.0
9180.0;831.8331146240233;591.5008163452148;0.3287848234176636;0.4202786982059479;0.3249348104000091;0.4107644557952881;3.0113067626953125;2.97747802734375;Fixation;827.8447479897357;600.1019342909468;184.0;33.0;;9060.0;9244.0
9184.0;826.177749633789;603.8279056549071;0.3305151164531708;0.4259136617183685;0.3227256834506988;0.4193249344825744;3.0276336669921875;2.975204467773437;Fixation;827.8447479897357;600.1019342909468;184.0;33.0;;9060.0;9244.0
9188.0;831.1013793945311;606.149067878723;0.3273679316043854;0.4304870069026947;0.3246489763259887;0.4209368526935577;3.0396270751953125;2.9853973388671875;Fixation;827.8447479897357;600.1019342909468;184.0;33.0;;9060.0;9244.0
9192.0;822.7700042724608;596.1820220947266;0.3328099846839905;0.4311993420124054;0.32139453291893;0.4140152931213379;3.0339508056640625;2.978012084960937;Fixation;827.8447479897357;600.1019342909468;184.0;33.0;;9060.0;9244.0
9196.0;827.0938110351562;602.1799564361571;0.3335558176040649;0.4240483343601227;0.3230835199356079;0.4181805253028869;3.0567779541015625;2.97064208984375;Fixation;827.8447479897357;600.1019342909468;184.0;33.0;;9060.0;9244.0
9200.0;832.2510528564452;607.8249549865722;0.3315538763999939;0.4298901259899139;0.3250980675220489;0.4221006631851196;3.049346923828125;2.9979400634765625;Fixation;827.8447479897357;600.1019342909468;184.0;33.0;;9060.0;9244.0
9204.0;820.2929687499999;602.255401611328;0.3354681730270386;0.4292492568492889;0.3204269409179687;0.4182329177856445;3.047714233398437;3.0056304931640625;Fixation;827.8447479897357;600.1019342909468;184.0;33.0;;9060.0;9244.0
9208.0;826.6960906982421;602.3404598236083;0.329558402299881;0.4242998361587524;0.3229281604290008;0.4182919859886169;3.052490234375;2.983978271484375;Fixation;827.8447479897357;600.1019342909468;184.0;33.0;;9060.0;9244.0
9212.0;828.4230041503905;599.9329519271851;0.3316132426261902;0.4312539398670196;0.3236027359962463;0.4166201055049896;3.0684051513671875;2.9957275390625;Fixation;827.8447479897357;600.1019342909468;184.0;33.0;;9060.0;9244.0
9216.0;823.7486267089844;601.3583421707152;0.3317515254020691;0.4279288351535797;0.321776807308197;0.4176099598407745;3.05950927734375;3.003997802734375;Fixation;827.8447479897357;600.1019342909468;184.0;33.0;;9060.0;9244.0
9220.0;823.8993072509766;608.5462331771851;0.336468756198883;0.4309975504875183;0.3218356668949127;0.4226015508174896;3.061065673828125;3.02301025390625;Fixation;827.8447479897357;600.1019342909468;184.0;33.0;;9060.0;9244.0
9224.0;818.5208892822264;601.3942193984984;0.3334075510501861;0.4309086799621582;0.3197347223758697;0.4176348745822906;3.064453125;3.017242431640625;Fixation;827.8447479897357;600.1019342909468;184.0;33.0;;9060.0;9244.0
9228.0;816.8391418457031;606.5569353103638;0.3323855400085449;0.4299741089344024;0.3190777897834778;0.4212200939655304;3.0625152587890625;3.0077362060546875;Fixation;827.8447479897357;600.1019342909468;184.0;33.0;;9060.0;9244.0
9232.0;831.5003967285156;605.7970333099365;0.3308961093425751;0.4237542748451233;0.3248048424720764;0.4206923842430115;3.0453033447265625;3.022445678710937;Fixation;827.8447479897357;600.1019342909468;184.0;33.0;;9060.0;9244.0
9236.0;821.4395904541016;604.0059185028076;0.3360928893089294;0.4334920942783355;0.3208748400211334;0.4194485545158386;3.0699005126953125;3.0157012939453125;Fixation;827.8447479897357;600.1019342909468;184.0;33.0;;9060.0;9244.0
9240.0;824.2611694335936;610.188775062561;0.3276455402374267;0.4217694103717804;0.3219770193099975;0.4237422049045563;3.053070068359375;3.0389404296875;Fixation;827.8447479897357;600.1019342909468;184.0;33.0;;9060.0;9244.0
9244.0;823.7353515624999;611.9211816787719;0.3369443118572235;0.4249190092086792;0.3217716217041015;0.4249452650547027;3.05157470703125;3.022705078125;Fixation;827.8447479897357;600.1019342909468;184.0;33.0;;9060.0;9244.0
9248.0;894.3193817138671;646.8754720687865;0.3531825542449951;0.4427602589130401;0.3493435084819793;0.4492190778255462;3.050048828125;3.02423095703125;Saccade;;;24.0;;16.0;9248.0;9272.0
9252.0;949.8471069335936;695.1269960403442;0.3871910274028778;0.5114533305168152;0.371034026145935;0.4827270805835724;3.117950439453125;3.029159545898437;Saccade;;;24.0;;16.0;9248.0;9272.0
9256.0;1027.173843383789;792.6818561553955;0.4195021986961365;0.5593977570533752;0.4012397825717926;0.5504735112190247;3.130722045898437;3.0836181640625;Saccade;;;24.0;;16.0;9248.0;9272.0
9260.0;1110.2732849121094;845.399923324585;0.4489153921604156;0.5942674875259399;0.4337005019187927;0.5870832800865173;3.176910400390625;3.0622100830078125;Saccade;;;24.0;;16.0;9248.0;9272.0
9264.0;1171.8165588378906;885.6455898284912;0.4795488715171814;0.6222931742668152;0.457740843296051;0.6150316596031189;3.169921875;3.0777587890625;Saccade;;;24.0;;16.0;9248.0;9272.0
9268.0;1242.5054931640625;918.9079856872559;0.5045406222343445;0.6387267112731934;0.4853537082672119;0.6381305456161499;3.1569061279296875;3.06256103515625;Saccade;;;24.0;;16.0;9248.0;9272.0
9272.0;1300.6594848632812;949.7204303741455;0.5325106382369995;0.6745725870132446;0.5080701112747192;0.6595280766487122;3.194305419921875;3.058563232421875;Saccade;;;24.0;;16.0;9248.0;9272.0
9276.0;1336.3475036621094;965.0987148284912;0.548008382320404;0.6780695915222168;0.5220107436180115;0.6702074408531189;3.189605712890625;3.049057006835937;Fixation;1342.3624463762555;978.7832667487008;276.0;34.0;;9276.0;9552.0
9280.0;1340.92041015625;972.625036239624;0.5406484603881836;0.6794615983963013;0.5237970352172852;0.6754340529441833;3.177230834960937;3.0452423095703125;Fixation;1342.3624463762555;978.7832667487008;276.0;34.0;;9276.0;9552.0
9284.0;1328.5592651367188;964.161787033081;0.532804548740387;0.6793167591094971;0.5189684629440308;0.6695567965507507;3.182601928710937;3.0372772216796875;Fixation;1342.3624463762555;978.7832667487008;276.0;34.0;;9276.0;9552.0
9288.0;1306.9989013671875;972.3665142059326;0.5264012813568115;0.6819902062416077;0.5105464458465576;0.6752545237541199;3.2204742431640625;3.0791778564453125;Fixation;1342.3624463762555;978.7832667487008;276.0;34.0;;9276.0;9552.0
9292.0;1309.1757202148438;957.8173542022705;0.5272598266601562;0.6778032183647156;0.5113967657089233;0.6651509404182434;3.2037506103515625;3.0415496826171875;Fixation;1342.3624463762555;978.7832667487008;276.0;34.0;;9276.0;9552.0
9296.0;1326.414794921875;962.6847267150879;0.5227447748184204;0.6682863831520081;0.5181307792663574;0.668531060218811;3.1481170654296875;3.052352905273437;Fixation;1342.3624463762555;978.7832667487008;276.0;34.0;;9276.0;9552.0
9300.0;1318.680419921875;971.0975074768066;0.5248084664344788;0.6850215196609497;0.5151095390319824;0.6743732690811157;3.1545562744140625;3.0691680908203125;Fixation;1342.3624463762555;978.7832667487008;276.0;34.0;;9276.0;9552.0
9304.0;1319.1496276855469;970.1023006439209;0.5331728458404541;0.6789904832839966;0.5152928233146667;0.6736821532249451;3.1649627685546875;3.06866455078125;Fixation;1342.3624463762555;978.7832667487008;276.0;34.0;;9276.0;9552.0
9308.0;1329.0736389160156;968.9698505401611;0.5344988703727722;0.6791412830352783;0.5191693902015686;0.6728957295417786;3.165130615234375;3.053939819335937;Fixation;1342.3624463762555;978.7832667487008;276.0;34.0;;9276.0;9552.0
9312.0;1333.4580993652344;975.421142578125;0.5365530848503113;0.6857370734214783;0.5208820700645447;0.6773757934570312;3.1681671142578125;3.064910888671875;Fixation;1342.3624463762555;978.7832667487008;276.0;34.0;;9276.0;9552.0
9316.0;1330.7171630859375;972.0110893249512;0.535620391368866;0.6850616335868835;0.5198113918304443;0.675007700920105;3.1587371826171875;3.0510406494140625;Fixation;1342.3624463762555;978.7832667487008;276.0;34.0;;9276.0;9552.0
9320.0;1337.674560546875;972.5765419006348;0.5366377234458923;0.6848393678665161;0.522529125213623;0.6754003763198853;3.1631622314453125;3.052947998046875;Fixation;1342.3624463762555;978.7832667487008;276.0;34.0;;9276.0;9552.0
9324.0;1328.780517578125;979.5662498474121;0.5355535745620728;0.6849538683891296;0.5190548896789551;0.680254340171814;3.1714019775390625;3.0830841064453125;Fixation;1342.3624463762555;978.7832667487008;276.0;34.0;;9276.0;9552.0
9328.0;1336.7189025878906;978.3336353302002;0.5331608057022095;0.688040554523468;0.5221558213233948;0.6793983578681946;3.1680908203125;3.0670623779296875;Fixation;1342.3624463762555;978.7832667487008;276.0;34.0;;9276.0;9552.0
9332.0;1335.5769348144531;983.382453918457;0.5343361496925354;0.6815616488456726;0.5217097401618958;0.6829044818878174;3.1846160888671875;3.072006225585937;Fixation;1342.3624463762555;978.7832667487008;276.0;34.0;;9276.0;9552.0
9336.0;1340.9336853027344;976.789026260376;0.5341660380363464;0.6792621612548828;0.5238022208213806;0.6783257126808167;3.14666748046875;3.0465240478515625;Fixation;1342.3624463762555;978.7832667487008;276.0;34.0;;9276.0;9552.0
9340.0;1337.2515869140625;972.3838520050049;0.5335072875022888;0.6844716668128967;0.5223639011383057;0.6752665638923645;3.1879119873046875;3.070297241210937;Fixation;1342.3624463762555;978.7832667487008;276.0;34.0;;9276.0;9552.0
9344.0;1347.9240417480469;983.2789421081543;0.5360845923423767;0.6897081732749939;0.5265328288078308;0.6828325986862183;3.1856842041015625;3.0780029296875;Fixation;1342.3624463762555;978.7832667487008;276.0;34.0;;9276.0;9552.0
9348.0;1342.4943542480469;976.3542079925537;0.5358555316925049;0.6854664087295532;0.5244118571281433;0.6780237555503845;3.1842193603515625;3.061187744140625;Fixation;1342.3624463762555;978.7832667487008;276.0;34.0;;9276.0;9552.0
9352.0;1341.3348388671875;970.5533409118652;0.5355460047721863;0.6829289793968201;0.5239589214324951;0.6739953756332397;3.1923828125;3.054550170898437;Fixation;1342.3624463762555;978.7832667487008;276.0;34.0;;9276.0;9552.0
9356.0;1348.7396240234375;975.7569980621338;0.5386471152305603;0.6831886768341064;0.5268514156341553;0.6776090264320374;3.20111083984375;3.0631256103515625;Fixation;1342.3624463762555;978.7832667487008;276.0;34.0;;9276.0;9552.0
9360.0;1350.6031799316406;978.882007598877;0.5357884168624878;0.6887370944023132;0.5275793671607971;0.6797791719436646;3.189849853515625;3.059112548828125;Fixation;1342.3624463762555;978.7832667487008;276.0;34.0;;9276.0;9552.0
9364.0;1348.4867858886719;983.1312274932861;0.5363478064537048;0.689346194267273;0.5267526507377625;0.6827300190925598;3.20428466796875;3.07891845703125;Fixation;1342.3624463762555;978.7832667487008;276.0;34.0;;9276.0;9552.0
9368.0;1352.0298767089844;977.755651473999;0.532508909702301;0.6858994364738464;0.528136670589447;0.6789969801902771;3.172836303710937;3.088363647460937;Fixation;1342.3624463762555;978.7832667487008;276.0;34.0;;9276.0;9552.0
9372.0;1345.7688903808594;975.4260349273682;0.5339158177375793;0.6955125331878662;0.5256909728050232;0.6773791909217834;3.2054901123046875;3.0626220703125;Fixation;1342.3624463762555;978.7832667487008;276.0;34.0;;9276.0;9552.0
9376.0;1343.6550903320312;981.3824272155762;0.5346866846084595;0.687173068523407;0.5248652696609497;0.6815155744552612;3.1798553466796875;3.076507568359375;Fixation;1342.3624463762555;978.7832667487008;276.0;34.0;;9276.0;9552.0
9380.0;1347.5262451171875;993.1995105743408;0.5348653197288513;0.6790135502815247;0.5263774394989014;0.6897218823432922;3.1863555908203125;3.078720092773437;Fixation;1342.3624463762555;978.7832667487008;276.0;34.0;;9276.0;9552.0
9384.0;1348.2478332519531;982.2575569152832;0.5324728488922119;0.6844899654388428;0.5266593098640442;0.6821233034133911;3.184677124023437;3.07562255859375;Fixation;1342.3624463762555;978.7832667487008;276.0;34.0;;9276.0;9552.0
9388.0;1350.2584838867188;980.6318378448486;0.5324415564537048;0.6860111355781555;0.5274447202682495;0.6809943318367004;3.1981201171875;3.0823974609375;Fixation;1342.3624463762555;978.7832667487008;276.0;34.0;;9276.0;9552.0
9392.0;1345.8877563476562;986.7806625366211;0.5347160696983337;0.6899890303611755;0.5257374048233032;0.6852643489837646;3.20733642578125;3.0823211669921875;Fixation;1342.3624463762555;978.7832667487008;276.0;34.0;;9276.0;9552.0
9396.0;1347.9515075683594;971.7795181274414;0.5372289419174194;0.6920163631439209;0.5265435576438904;0.674846887588501;3.207992553710937;3.0831451416015625;Fixation;1342.3624463762555;978.7832667487008;276.0;34.0;;9276.0;9552.0
9400.0;1350.5796813964844;983.57497215271;0.5355867743492126;0.6885610222816467;0.5275701880455017;0.6830381751060486;3.1987762451171875;3.090682983398437;Fixation;1342.3624463762555;978.7832667487008;276.0;34.0;;9276.0;9552.0
9404.0;1349.9940490722656;979.7017765045166;0.534339964389801;0.6800628304481506;0.5273414254188538;0.6803484559059143;3.171295166015625;3.0760040283203125;Fixation;1342.3624463762555;978.7832667487008;276.0;34.0;;9276.0;9552.0
9408.0;1352.5730895996094;981.0076904296875;0.5343136787414551;0.6861000061035156;0.5283488631248474;0.6812553405761719;3.1972808837890625;3.079315185546875;Fixation;1342.3624463762555;978.7832667487008;276.0;34.0;;9276.0;9552.0
9412.0;1346.2138366699219;984.609317779541;0.5342332124710083;0.6934097409248352;0.5258647799491882;0.6837564706802368;3.2166748046875;3.0943145751953125;Fixation;1342.3624463762555;978.7832667487008;276.0;34.0;;9276.0;9552.0
9416.0;1346.9882202148438;983.4973812103271;0.5319137573242188;0.6839879155158997;0.5261672735214233;0.6829842925071716;3.2142486572265625;3.086166381835937;Fixation;1342.3624463762555;978.7832667487008;276.0;34.0;;9276.0;9552.0
9420.0;1354.1316223144531;979.1379547119141;0.5351964831352234;0.6924197673797607;0.5289576649665833;0.6799569129943848;3.2093505859375;3.101303100585937;Fixation;1342.3624463762555;978.7832667487008;276.0;34.0;;9276.0;9552.0
9424.0;1347.7023315429688;977.0551013946533;0.5326551198959351;0.68710857629776;0.5264462232589722;0.6785104870796204;3.2154693603515625;3.0976104736328125;Fixation;1342.3624463762555;978.7832667487008;276.0;34.0;;9276.0;9552.0
9428.0;1351.4524841308594;989.8756313323975;0.5346717834472656;0.6832219362258911;0.5279111266136169;0.6874136328697205;3.19940185546875;3.1013336181640625;Fixation;1342.3624463762555;978.7832667487008;276.0;34.0;;9276.0;9552.0
9432.0;1352.279052734375;979.5563793182373;0.5335350036621094;0.6913390755653381;0.5282340049743652;0.6802474856376648;3.2181396484375;3.1086578369140625;Fixation;1342.3624463762555;978.7832667487008;276.0;34.0;;9276.0;9552.0
9436.0;1352.5386047363281;986.659984588623;0.5320941209793091;0.688705563545227;0.5283353924751282;0.6851805448532104;3.2156982421875;3.0878143310546875;Fixation;1342.3624463762555;978.7832667487008;276.0;34.0;;9276.0;9552.0
9440.0;1351.2603759765625;988.0055522918701;0.5347066521644592;0.6897957921028137;0.5278360843658447;0.6861149668693542;3.239349365234375;3.1153717041015625;Fixation;1342.3624463762555;978.7832667487008;276.0;34.0;;9276.0;9552.0
9444.0;1353.1513977050781;974.1255283355713;0.5374261140823364;0.6930525302886963;0.5285747647285461;0.6764760613441467;3.22064208984375;3.09490966796875;Fixation;1342.3624463762555;978.7832667487008;276.0;34.0;;9276.0;9552.0
9448.0;1343.5432434082031;980.9977340698242;0.5333802700042725;0.6850030422210693;0.5248215794563293;0.6812484264373779;3.2410125732421875;3.1162872314453125;Fixation;1342.3624463762555;978.7832667487008;276.0;34.0;;9276.0;9552.0
9452.0;1353.4938049316406;971.7222690582275;0.5334840416908264;0.6871268153190613;0.5287085175514221;0.6748071312904358;3.220687866210937;3.09136962890625;Fixation;1342.3624463762555;978.7832667487008;276.0;34.0;;9276.0;9552.0
9456.0;1347.70751953125;979.5590400695801;0.5344699621200562;0.6826691031455994;0.5264482498168945;0.6802493333816528;3.2329559326171875;3.1079864501953125;Fixation;1342.3624463762555;978.7832667487008;276.0;34.0;;9276.0;9552.0
9460.0;1352.93212890625;977.3961067199707;0.5367297530174255;0.6924939155578613;0.5284891128540039;0.678747296333313;3.250244140625;3.121444702148437;Fixation;1342.3624463762555;978.7832667487008;276.0;34.0;;9276.0;9552.0
9464.0;1344.886474609375;981.507568359375;0.5338910818099976;0.6805829405784607;0.5253462791442871;0.6816024780273438;3.2147369384765625;3.1035919189453125;Fixation;1342.3624463762555;978.7832667487008;276.0;34.0;;9276.0;9552.0
9468.0;1348.1251525878906;976.563892364502;0.5363735556602478;0.6826217770576477;0.5266113877296448;0.6781693696975708;3.2424774169921875;3.106781005859375;Fixation;1342.3624463762555;978.7832667487008;276.0;34.0;;9276.0;9552.0
9472.0;1343.9688110351562;978.1393146514893;0.5319039225578308;0.6975206136703491;0.5249878168106079;0.6792634129524231;3.248504638671875;3.12579345703125;Fixation;1342.3624463762555;978.7832667487008;276.0;34.0;;9276.0;9552.0
9476.0;1344.4866943359375;988.3220958709717;0.5334726572036743;0.6926882863044739;0.5251901149749756;0.6863347887992859;3.244964599609375;3.1176910400390625;Fixation;1342.3624463762555;978.7832667487008;276.0;34.0;;9276.0;9552.0
9480.0;1337.9266357421875;977.2474479675293;0.5343266129493713;0.6841903328895569;0.522627592086792;0.678644061088562;3.2294464111328125;3.1205291748046875;Fixation;1342.3624463762555;978.7832667487008;276.0;34.0;;9276.0;9552.0
9484.0;1343.5542297363281;983.8417339324951;0.5348256826400757;0.6901369094848633;0.5248258709907532;0.6832234263420105;3.22662353515625;3.130096435546875;Fixation;1342.3624463762555;978.7832667487008;276.0;34.0;;9276.0;9552.0
9488.0;1337.6164245605469;991.5300178527832;0.5320450663566589;0.6887737512588501;0.5225064158439636;0.6885625123977661;3.24127197265625;3.1259918212890625;Fixation;1342.3624463762555;978.7832667487008;276.0;34.0;;9276.0;9552.0
9492.0;1339.6195983886719;976.4362621307373;0.533325731754303;0.6907156109809875;0.523288905620575;0.6780807375907898;3.241683959960937;3.120025634765625;Fixation;1342.3624463762555;978.7832667487008;276.0;34.0;;9276.0;9552.0
9496.0;1352.5224304199219;984.3598079681396;0.535226047039032;0.6866589784622192;0.528329074382782;0.6835831999778748;3.2429962158203125;3.1353759765625;Fixation;1342.3624463762555;978.7832667487008;276.0;34.0;;9276.0;9552.0
9500.0;1343.399658203125;981.4054298400879;0.5365251302719116;0.6943617463111877;0.5247654914855957;0.681531548500061;3.2593536376953125;3.1201324462890625;Fixation;1342.3624463762555;978.7832667487008;276.0;34.0;;9276.0;9552.0
9504.0;1347.7339172363281;976.5777111053467;0.5395012497901917;0.6861186027526855;0.5264585614204407;0.6781789660453796;3.2618560791015625;3.121826171875;Fixation;1342.3624463762555;978.7832667487008;276.0;34.0;;9276.0;9552.0
9508.0;1345.6605529785156;986.8955039978027;0.5391358137130737;0.688740074634552;0.5256486535072327;0.6853440999984741;3.2484588623046875;3.1250457763671875;Fixation;1342.3624463762555;978.7832667487008;276.0;34.0;;9276.0;9552.0
9512.0;1337.3054504394531;989.1586875915527;0.5364694595336914;0.6925195455551147;0.5223849415779114;0.6869157552719116;3.2695465087890625;3.148040771484375;Fixation;1342.3624463762555;978.7832667487008;276.0;34.0;;9276.0;9552.0
9516.0;1341.5092468261719;982.0741367340088;0.5379997491836548;0.6911042928695679;0.5240270495414734;0.6819959282875061;3.2488250732421875;3.1435546875;Fixation;1342.3624463762555;978.7832667487008;276.0;34.0;;9276.0;9552.0
9520.0;1347.2212219238281;983.5178089141846;0.5315808653831482;0.6867867112159729;0.5262582898139954;0.6829984784126282;3.246795654296875;3.1405487060546875;Fixation;1342.3624463762555;978.7832667487008;276.0;34.0;;9276.0;9552.0
9524.0;1339.7256469726562;990.2632427215576;0.5374386310577393;0.6914763450622559;0.5233303308486938;0.6876828074455261;3.256332397460937;3.1453857421875;Fixation;1342.3624463762555;978.7832667487008;276.0;34.0;;9276.0;9552.0
9528.0;1334.5518493652344;991.3653945922852;0.535184383392334;0.6952451467514038;0.5213093161582947;0.6884481906890869;3.278289794921875;3.1622314453125;Fixation;1342.3624463762555;978.7832667487008;276.0;34.0;;9276.0;9552.0
9532.0;1341.56982421875;988.7431812286377;0.5342861413955688;0.6878096461296082;0.5240507125854492;0.686627209186554;3.250152587890625;3.146240234375;Fixation;1342.3624463762555;978.7832667487008;276.0;34.0;;9276.0;9552.0
9536.0;1348.9125061035156;985.440845489502;0.5373350381851196;0.694405734539032;0.5269189476966858;0.6843339204788208;3.259521484375;3.1485137939453125;Fixation;1342.3624463762555;978.7832667487008;276.0;34.0;;9276.0;9552.0
9540.0;1337.9396057128906;986.7834949493408;0.5343737006187439;0.6900843381881714;0.5226326584815979;0.6852663159370422;3.250701904296875;3.15447998046875;Fixation;1342.3624463762555;978.7832667487008;276.0;34.0;;9276.0;9552.0
9544.0;1341.2982177734375;991.2510681152344;0.5372645258903503;0.6953559517860413;0.523944616317749;0.6883687973022461;3.26312255859375;3.170516967773437;Fixation;1342.3624463762555;978.7832667487008;276.0;34.0;;9276.0;9552.0
9548.0;1347.7679443359375;970.5747985839844;0.5350346565246582;0.6867337226867676;0.5264718532562256;0.6740102767944336;3.2762908935546875;3.136077880859375;Fixation;1342.3624463762555;978.7832667487008;276.0;34.0;;9276.0;9552.0
9552.0;1354.1874694824219;943.7891006469727;0.530059814453125;0.6391161680221558;0.528979480266571;0.6554090976715088;3.26837158203125;3.185775756835937;Fixation;1342.3624463762555;978.7832667487008;276.0;34.0;;9276.0;9552.0
9556.0;1347.5099182128906;865.7169055938721;0.5264888405799866;0.5834119915962219;0.5263710618019104;0.6011922955513;3.250518798828125;3.172714233398437;Saccade;;;76.0;;17.0;9556.0;9632.0
9560.0;1345.4100036621094;810.2859020233154;0.5246580839157104;0.5483934879302979;0.5255507826805115;0.5626985430717468;3.275726318359375;3.1912078857421875;Saccade;;;76.0;;17.0;9556.0;9632.0
9564.0;1348.8861083984375;739.6464729309082;0.5242467522621155;0.507084846496582;0.5269086360931396;0.5136433839797974;3.2327117919921875;3.191390991210937;Saccade;;;76.0;;17.0;9556.0;9632.0
9568.0;1360.0483703613281;628.1992721557617;0.5267031788825989;0.478738009929657;0.5312688946723938;0.4362494945526123;3.289093017578125;3.104034423828125;Saccade;;;76.0;;17.0;9556.0;9632.0
9572.0;1365.4072570800781;587.0203256607055;0.5315386652946472;0.3990538716316223;0.5333622097969055;0.4076530039310455;3.2272186279296875;3.143890380859375;Saccade;;;76.0;;17.0;9556.0;9632.0
9576.0;1347.2917175292969;547.4339246749877;0.5298249125480652;0.3595244884490967;0.5262858271598816;0.3801624476909637;3.255584716796875;3.17584228515625;Saccade;;;76.0;;17.0;9556.0;9632.0
9580.0;1346.1697387695312;507.9305219650268;0.526237964630127;0.3404019176959991;0.5258475542068481;0.3527295291423797;3.236175537109375;3.176727294921875;Saccade;;;76.0;;17.0;9556.0;9632.0
9584.0;1341.0501098632812;490.63679695129395;0.5308175086975098;0.3369119167327881;0.5238476991653442;0.340719997882843;3.2639617919921875;3.1798553466796875;Saccade;;;76.0;;17.0;9556.0;9632.0
9588.0;1347.0187377929688;504.92473125457764;0.5309335589408875;0.3507098257541656;0.5261791944503784;0.3506421744823456;3.25140380859375;3.1886444091796875;Saccade;;;76.0;;17.0;9556.0;9632.0
9592.0;1345.1930236816406;520.9230566024779;0.5315086841583252;0.3555757403373718;0.5254660248756409;0.3617521226406097;3.238311767578125;3.181304931640625;Saccade;;;76.0;;17.0;9556.0;9632.0
9596.0;1345.2438354492188;523.8662338256836;0.5321279168128967;0.3614195585250854;0.5254858732223511;0.3637959957122803;3.23992919921875;3.175811767578125;Saccade;;;76.0;;17.0;9556.0;9632.0
9600.0;1350.8944702148438;514.7316598892211;0.5305336117744446;0.3600582182407379;0.5276931524276733;0.3574525415897369;3.2517242431640625;3.1699676513671875;Saccade;;;76.0;;17.0;9556.0;9632.0
9604.0;1349.874267578125;514.4548559188843;0.5302635431289673;0.3687498867511749;0.5272946357727051;0.3572603166103363;3.2573394775390625;3.17822265625;Saccade;;;76.0;;17.0;9556.0;9632.0
9608.0;1340.9396362304688;520.0692558288573;0.5291635394096375;0.3668457269668579;0.5238045454025269;0.3611592054367065;3.2580108642578125;3.194931030273437;Saccade;;;76.0;;17.0;9556.0;9632.0
9612.0;1339.1346740722656;512.9324340820312;0.5298879146575928;0.3650512993335724;0.5230994820594788;0.3562030792236328;3.262054443359375;3.200057983398437;Saccade;;;76.0;;17.0;9556.0;9632.0
9616.0;1339.2939758300781;522.5313949584961;0.5280036330223083;0.3619083166122436;0.5231617093086243;0.3628690242767334;3.254852294921875;3.176025390625;Saccade;;;76.0;;17.0;9556.0;9632.0
9620.0;1343.0009460449219;511.26633167266846;0.5293602347373962;0.3633607923984527;0.5246097445487976;0.3550460636615753;3.26251220703125;3.163726806640625;Saccade;;;76.0;;17.0;9556.0;9632.0
9624.0;1340.2845764160156;512.1296167373657;0.5310922861099243;0.3610278964042663;0.5235486626625061;0.3556455671787262;3.2450714111328125;3.175445556640625;Saccade;;;76.0;;17.0;9556.0;9632.0
9628.0;1339.4966125488281;511.1702871322631;0.5328925251960754;0.3517413437366485;0.523240864276886;0.3549793660640716;3.2437286376953125;3.170074462890625;Saccade;;;76.0;;17.0;9556.0;9632.0
9632.0;1338.5588073730469;519.7448158264159;0.5289767980575562;0.3569300174713135;0.5228745341300964;0.3609338998794555;3.2333984375;3.17950439453125;Saccade;;;76.0;;17.0;9556.0;9632.0
9636.0;1335.4818725585938;528.9717864990234;0.5302976965904236;0.3633429110050201;0.5216726064682007;0.3673415184020996;3.2406768798828125;3.1944122314453125;Fixation;1336.6460002552378;523.7015403400768;348.0;35.0;;9636.0;9984.0
9640.0;1340.5986022949219;531.0733079910277;0.5306324362754822;0.3617832362651825;0.5236713290214539;0.3688009083271026;3.240814208984375;3.1914520263671875;Fixation;1336.6460002552378;523.7015403400768;348.0;35.0;;9636.0;9984.0
9644.0;1340.2157592773438;518.8910579681395;0.5267950296401978;0.3610412180423736;0.5235217809677124;0.3603410124778747;3.2267608642578125;3.163299560546875;Fixation;1336.6460002552378;523.7015403400768;348.0;35.0;;9636.0;9984.0
9648.0;1337.5038146972656;518.5307836532592;0.5249813795089722;0.3606744408607483;0.5224624276161194;0.36009082198143;3.24078369140625;3.1846923828125;Fixation;1336.6460002552378;523.7015403400768;348.0;35.0;;9636.0;9984.0
9652.0;1334.2213439941406;519.0859365463257;0.5301105976104736;0.3640405833721161;0.5211802124977112;0.3604763448238373;3.243072509765625;3.184799194335937;Fixation;1336.6460002552378;523.7015403400768;348.0;35.0;;9636.0;9984.0
9656.0;1333.0502319335938;512.7027511596679;0.5286062359809875;0.3520573675632477;0.5207227468490601;0.3560435771942138;3.2235260009765625;3.15802001953125;Fixation;1336.6460002552378;523.7015403400768;348.0;35.0;;9636.0;9984.0
9660.0;1340.8056640625;514.3782949447631;0.5281500816345215;0.3608777523040771;0.5237522125244141;0.3572071492671966;3.241302490234375;3.179901123046875;Fixation;1336.6460002552378;523.7015403400768;348.0;35.0;;9636.0;9984.0
9664.0;1340.7789611816406;519.3531703948973;0.5289543867111206;0.3578005731105804;0.5237417817115784;0.3606619238853454;3.240997314453125;3.1858062744140625;Fixation;1336.6460002552378;523.7015403400768;348.0;35.0;;9636.0;9984.0
9668.0;1338.0448913574219;513.9125776290894;0.5318305492401123;0.3616556525230407;0.5226737856864929;0.3568837344646454;3.22802734375;3.184326171875;Fixation;1336.6460002552378;523.7015403400768;348.0;35.0;;9636.0;9984.0
9672.0;1339.6000671386719;515.2223968505858;0.5293444395065308;0.3583522737026214;0.5232812762260437;0.3577933311462402;3.2255859375;3.186767578125;Fixation;1336.6460002552378;523.7015403400768;348.0;35.0;;9636.0;9984.0
9676.0;1335.2989196777344;515.1735162734984;0.5324156284332275;0.3590699732303619;0.521601140499115;0.3577593863010406;3.212493896484375;3.1636199951171875;Fixation;1336.6460002552378;523.7015403400768;348.0;35.0;;9636.0;9984.0
9680.0;1338.8417053222656;514.5225763320923;0.5344341397285461;0.3587907552719116;0.52298504114151;0.3573073446750641;3.2270660400390625;3.1835479736328125;Fixation;1336.6460002552378;523.7015403400768;348.0;35.0;;9636.0;9984.0
9684.0;1332.4732971191406;515.4989862442015;0.531752347946167;0.3624722361564636;0.5204973816871643;0.3579854071140289;3.2458038330078125;3.1943817138671875;Fixation;1336.6460002552378;523.7015403400768;348.0;35.0;;9636.0;9984.0
9688.0;1334.8451232910156;512.7000474929808;0.5303758978843689;0.3521807491779327;0.521423876285553;0.3560416996479034;3.209457397460937;3.16815185546875;Fixation;1336.6460002552378;523.7015403400768;348.0;35.0;;9636.0;9984.0
9692.0;1338.8972473144531;517.465624809265;0.5357624888420105;0.3626299202442169;0.5230067372322083;0.3593511283397674;3.2501373291015625;3.1897125244140625;Fixation;1336.6460002552378;523.7015403400768;348.0;35.0;;9636.0;9984.0
9696.0;1333.4190368652344;505.90182781219477;0.5329959392547607;0.3678615391254425;0.5208668112754822;0.3513207137584686;3.260894775390625;3.16412353515625;Fixation;1336.6460002552378;523.7015403400768;348.0;35.0;;9636.0;9984.0
9700.0;1333.8392639160156;514.970827102661;0.533643901348114;0.3594549894332886;0.5210309624671936;0.3576186299324035;3.2471160888671875;3.175537109375;Fixation;1336.6460002552378;523.7015403400768;348.0;35.0;;9636.0;9984.0
9704.0;1335.86669921875;524.23770904541;0.5320491790771484;0.360212117433548;0.5218229293823242;0.3640539646148681;3.2498321533203125;3.1954345703125;Fixation;1336.6460002552378;523.7015403400768;348.0;35.0;;9636.0;9984.0
9708.0;1339.066162109375;531.7514133453368;0.5292420983314514;0.3632620871067047;0.5230727195739746;0.3692718148231506;3.232635498046875;3.178817749023437;Fixation;1336.6460002552378;523.7015403400768;348.0;35.0;;9636.0;9984.0
9712.0;1330.4116821289062;525.243215560913;0.5292634963989258;0.3622464835643768;0.519692063331604;0.3647522330284118;3.2445068359375;3.176254272460937;Fixation;1336.6460002552378;523.7015403400768;348.0;35.0;;9636.0;9984.0
9716.0;1327.7485656738281;542.0877456665039;0.5330296754837036;0.3589243590831756;0.5186517834663391;0.3764498233795166;3.2328643798828125;3.19805908203125;Fixation;1336.6460002552378;523.7015403400768;348.0;35.0;;9636.0;9984.0
9720.0;1335.8784484863281;534.9554729461669;0.5327486395835876;0.3609413504600525;0.5218275189399719;0.3714968562126159;3.23583984375;3.1864013671875;Fixation;1336.6460002552378;523.7015403400768;348.0;35.0;;9636.0;9984.0
9724.0;1335.46630859375;529.3381118774414;0.5299545526504517;0.3604734241962433;0.5216665267944336;0.367595911026001;3.2363739013671875;3.172836303710937;Fixation;1336.6460002552378;523.7015403400768;348.0;35.0;;9636.0;9984.0
9728.0;1339.1883850097656;527.8198957443237;0.5299807786941528;0.3563024699687958;0.5231204628944397;0.3665415942668915;3.2371826171875;3.177963256835937;Fixation;1336.6460002552378;523.7015403400768;348.0;35.0;;9636.0;9984.0
9732.0;1331.7805480957031;520.8242654800414;0.5329368710517883;0.3547041118144989;0.520226776599884;0.3616835176944732;3.2197723388671875;3.18218994140625;Fixation;1336.6460002552378;523.7015403400768;348.0;35.0;;9636.0;9984.0
9736.0;1335.7174682617188;533.7009286880492;0.5303456783294678;0.3659153878688812;0.5217646360397339;0.3706256449222564;3.2393951416015625;3.1593170166015625;Fixation;1336.6460002552378;523.7015403400768;348.0;35.0;;9636.0;9984.0
9740.0;1336.5841674804688;528.9565515518188;0.5299791693687439;0.3520743548870086;0.5221031904220581;0.367330938577652;3.2198486328125;3.176727294921875;Fixation;1336.6460002552378;523.7015403400768;348.0;35.0;;9636.0;9984.0
9744.0;1337.5909423828125;522.1741676330566;0.533652126789093;0.3547632694244385;0.5224964618682861;0.3626209497451782;3.2347869873046875;3.149993896484375;Fixation;1336.6460002552378;523.7015403400768;348.0;35.0;;9636.0;9984.0
9748.0;1330.9213256835938;522.0601844787598;0.5327231287956238;0.3522163033485412;0.5198911428451538;0.3625417947769165;3.221420288085937;3.1488189697265625;Fixation;1336.6460002552378;523.7015403400768;348.0;35.0;;9636.0;9984.0
9752.0;1340.240478515625;535.6855058670043;0.529154360294342;0.3518791794776916;0.523531436920166;0.372003823518753;3.2061004638671875;3.162689208984375;Fixation;1336.6460002552378;523.7015403400768;348.0;35.0;;9636.0;9984.0
9756.0;1334.78515625;529.4798612594603;0.5308157205581665;0.3508204221725464;0.5214004516601562;0.3676943480968475;3.205917358398437;3.168685913085937;Fixation;1336.6460002552378;523.7015403400768;348.0;35.0;;9636.0;9984.0
9760.0;1341.0336303710938;522.8911972045897;0.5310837626457214;0.3562452793121338;0.5238412618637085;0.3631188869476318;3.21466064453125;3.147857666015625;Fixation;1336.6460002552378;523.7015403400768;348.0;35.0;;9636.0;9984.0
9764.0;1326.9468688964844;537.7218389511108;0.531646728515625;0.3571546077728271;0.5183386206626892;0.3734179437160492;3.2051239013671875;3.144439697265625;Fixation;1336.6460002552378;523.7015403400768;348.0;35.0;;9636.0;9984.0
9768.0;1330.4457092285156;534.0618896484375;0.5281115770339966;0.3535438776016235;0.5197053551673889;0.3708763122558594;3.1906280517578125;3.1556549072265625;Fixation;1336.6460002552378;523.7015403400768;348.0;35.0;;9636.0;9984.0
9772.0;1330.3994750976562;526.6384792327881;0.5304577946662903;0.3562601506710052;0.519687294960022;0.3657211661338806;3.2086944580078125;3.1415252685546875;Fixation;1336.6460002552378;523.7015403400768;348.0;35.0;;9636.0;9984.0
9776.0;1332.34619140625;523.1481313705443;0.5293323993682861;0.3537174761295318;0.5204477310180664;0.3632973134517669;3.204193115234375;3.14349365234375;Fixation;1336.6460002552378;523.7015403400768;348.0;35.0;;9636.0;9984.0
9780.0;1332.716064453125;527.2123861312865;0.5303038358688354;0.3597640097141266;0.520592212677002;0.3661197125911712;3.2044677734375;3.1379852294921875;Fixation;1336.6460002552378;523.7015403400768;348.0;35.0;;9636.0;9984.0
9784.0;1329.7062683105469;529.753918647766;0.5296722650527954;0.3625984489917755;0.5194165110588074;0.3678846657276153;3.1987457275390625;3.154083251953125;Fixation;1336.6460002552378;523.7015403400768;348.0;35.0;;9636.0;9984.0
9788.0;1333.0879211425781;535.0876522064208;0.529936671257019;0.349039077758789;0.5207374691963196;0.37158864736557;3.1880645751953125;3.145172119140625;Fixation;1336.6460002552378;523.7015403400768;348.0;35.0;;9636.0;9984.0
9792.0;1333.6537170410156;527.3711299896239;0.5276011228561401;0.3617026507854461;0.5209584832191467;0.3662299513816833;3.2154083251953125;3.143096923828125;Fixation;1336.6460002552378;523.7015403400768;348.0;35.0;;9636.0;9984.0
9796.0;1337.2647094726562;529.019808769226;0.5273785591125488;0.3620307147502899;0.5223690271377563;0.3673748672008514;3.2122039794921875;3.143173217773437;Fixation;1336.6460002552378;523.7015403400768;348.0;35.0;;9636.0;9984.0
9800.0;1330.2500915527344;527.2269773483276;0.531160295009613;0.3591057360172272;0.5196289420127869;0.3661298453807831;3.213363647460937;3.154998779296875;Fixation;1336.6460002552378;523.7015403400768;348.0;35.0;;9636.0;9984.0
9804.0;1334.0940856933594;539.4109439849854;0.5273300409317017;0.3553304672241211;0.5211305022239685;0.3745909333229065;3.2146453857421875;3.137451171875;Fixation;1336.6460002552378;523.7015403400768;348.0;35.0;;9636.0;9984.0
9808.0;1328.5806274414062;525.6811237335205;0.5268063545227051;0.3638370335102081;0.5189768075942993;0.3650563359260559;3.2097930908203125;3.168426513671875;Fixation;1336.6460002552378;523.7015403400768;348.0;35.0;;9636.0;9984.0
9812.0;1334.2848205566406;540.9743928909302;0.5281515717506409;0.3579222559928894;0.5212050080299377;0.3756766617298126;3.198883056640625;3.159088134765625;Fixation;1336.6460002552378;523.7015403400768;348.0;35.0;;9636.0;9984.0
9816.0;1337.5669860839844;532.1991491317748;0.5293577909469604;0.3600564002990722;0.5224871039390564;0.3695827424526214;3.20037841796875;3.149322509765625;Fixation;1336.6460002552378;523.7015403400768;348.0;35.0;;9636.0;9984.0
9820.0;1333.2498168945312;525.8301258087158;0.5293563008308411;0.3548223376274109;0.5208007097244263;0.365159809589386;3.2118072509765625;3.138275146484375;Fixation;1336.6460002552378;523.7015403400768;348.0;35.0;;9636.0;9984.0
9824.0;1343.6286926269531;535.4230356216431;0.5285195112228394;0.3554660379886627;0.5248549580574036;0.3718215525150299;3.192474365234375;3.14471435546875;Fixation;1336.6460002552378;523.7015403400768;348.0;35.0;;9636.0;9984.0
9828.0;1336.5521240234375;535.13614654541;0.5309343338012695;0.3571878969669342;0.5220906734466553;0.3716223239898681;3.190673828125;3.1562652587890625;Fixation;1336.6460002552378;523.7015403400768;348.0;35.0;;9636.0;9984.0
9832.0;1340.2081298828125;532.6568412780761;0.5269259810447693;0.3615222573280334;0.5235188007354736;0.3699005842208862;3.220199584960937;3.14349365234375;Fixation;1336.6460002552378;523.7015403400768;348.0;35.0;;9636.0;9984.0
9836.0;1337.9873657226562;536.2437057495117;0.5261452198028564;0.3483708500862121;0.5226513147354126;0.3723914623260498;3.2222900390625;3.15289306640625;Fixation;1336.6460002552378;523.7015403400768;348.0;35.0;;9636.0;9984.0
9840.0;1332.9937744140625;538.1976842880248;0.5269358158111572;0.3552757203578949;0.5207006931304932;0.3737483918666839;3.2156219482421875;3.1698150634765625;Fixation;1336.6460002552378;523.7015403400768;348.0;35.0;;9636.0;9984.0
9844.0;1340.3919982910156;511.59574985504145;0.5278723239898682;0.3576237261295318;0.523590624332428;0.3552748262882232;3.2143096923828125;3.134262084960937;Fixation;1336.6460002552378;523.7015403400768;348.0;35.0;;9636.0;9984.0
9848.0;1340.1329040527344;531.5688943862914;0.5311666131019592;0.3524556756019592;0.5234894156455994;0.3691450655460357;3.21075439453125;3.148910522460937;Fixation;1336.6460002552378;523.7015403400768;348.0;35.0;;9636.0;9984.0
9852.0;1340.7589721679688;530.1750898361206;0.5287319421768188;0.3530244827270508;0.5237339735031128;0.3681771457195282;3.20513916015625;3.1307830810546875;Fixation;1336.6460002552378;523.7015403400768;348.0;35.0;;9636.0;9984.0
9856.0;1337.3460388183594;522.3939800262451;0.5321338176727295;0.355116605758667;0.5224007964134216;0.362773597240448;3.202865600585937;3.128387451171875;Fixation;1336.6460002552378;523.7015403400768;348.0;35.0;;9636.0;9984.0
9860.0;1342.3371887207031;526.7501449584961;0.5263308882713318;0.3587363958358764;0.5243504643440247;0.3657987117767334;3.21929931640625;3.1300048828125;Fixation;1336.6460002552378;523.7015403400768;348.0;35.0;;9636.0;9984.0
9864.0;1342.0001220703125;530.40301322937;0.5288835763931274;0.3578826487064361;0.5242187976837158;0.3683354258537292;3.20465087890625;3.1361236572265625;Fixation;1336.6460002552378;523.7015403400768;348.0;35.0;;9636.0;9984.0
9868.0;1342.3223876953125;528.1490564346313;0.5297775268554688;0.3637130558490753;0.5243446826934814;0.3667701780796051;3.233734130859375;3.140838623046875;Fixation;1336.6460002552378;523.7015403400768;348.0;35.0;;9636.0;9984.0
9872.0;1337.1662902832031;525.0094127655029;0.5294315814971924;0.3539120256900787;0.5223305821418762;0.3645898699760437;3.188461303710937;3.1395721435546875;Fixation;1336.6460002552378;523.7015403400768;348.0;35.0;;9636.0;9984.0
9876.0;1340.2459716796875;524.5578145980835;0.5276302695274353;0.3561266362667084;0.5235335826873779;0.364276260137558;3.204498291015625;3.149566650390625;Fixation;1336.6460002552378;523.7015403400768;348.0;35.0;;9636.0;9984.0
9880.0;1341.981201171875;538.8962602615355;0.5283425450325012;0.3607803583145141;0.5242114067077637;0.3742335140705108;3.2297821044921875;3.147064208984375;Fixation;1336.6460002552378;523.7015403400768;348.0;35.0;;9636.0;9984.0
9884.0;1341.5081787109375;529.6012258529662;0.5306059122085571;0.3632840812206268;0.52402663230896;0.3677786290645599;3.230331420898437;3.1582489013671875;Fixation;1336.6460002552378;523.7015403400768;348.0;35.0;;9636.0;9984.0
9888.0;1343.2017517089844;523.6410570144652;0.532508134841919;0.3580741584300995;0.524688184261322;0.363639622926712;3.230377197265625;3.1222381591796875;Fixation;1336.6460002552378;523.7015403400768;348.0;35.0;;9636.0;9984.0
9892.0;1340.68115234375;518.1645441055297;0.5277420878410339;0.3608417510986328;0.5237035751342773;0.3598364889621734;3.2185821533203125;3.1234588623046875;Fixation;1336.6460002552378;523.7015403400768;348.0;35.0;;9636.0;9984.0
9896.0;1337.7168273925781;521.4616441726685;0.5307825803756714;0.3622522354125976;0.5225456357002258;0.3621261417865753;3.2187957763671875;3.12835693359375;Fixation;1336.6460002552378;523.7015403400768;348.0;35.0;;9636.0;9984.0
9900.0;1340.377197265625;522.6201009750365;0.5304077863693237;0.36238694190979;0.5235848426818848;0.3629306256771087;3.2213134765625;3.1234130859375;Fixation;1336.6460002552378;523.7015403400768;348.0;35.0;;9636.0;9984.0
9904.0;1339.8782348632812;517.3667478561401;0.5276907086372375;0.3605122566223144;0.5233899354934692;0.3592824637889862;3.2130584716796875;3.1179962158203125;Fixation;1336.6460002552378;523.7015403400768;348.0;35.0;;9636.0;9984.0
9908.0;1343.2090759277344;520.3696203231812;0.528505265712738;0.3622145652770996;0.5246910452842712;0.361367791891098;3.229248046875;3.132797241210937;Fixation;1336.6460002552378;523.7015403400768;348.0;35.0;;9636.0;9984.0
9912.0;1339.3162536621094;522.0001029968261;0.5314050912857056;0.3529285192489624;0.5231704115867615;0.3625000715255737;3.227157592773437;3.1360321044921875;Fixation;1336.6460002552378;523.7015403400768;348.0;35.0;;9636.0;9984.0
9916.0;1342.0771789550781;521.0442924499512;0.5301064252853394;0.3530605435371399;0.5242488980293274;0.361836314201355;3.2111968994140625;3.14959716796875;Fixation;1336.6460002552378;523.7015403400768;348.0;35.0;;9636.0;9984.0
9920.0;1334.14794921875;519.6170568466187;0.5289051532745361;0.3560395538806915;0.5211515426635742;0.3608451783657074;3.2107696533203125;3.1395721435546875;Fixation;1336.6460002552378;523.7015403400768;348.0;35.0;;9636.0;9984.0
9924.0;1337.9183959960938;517.0012378692627;0.5287428498268127;0.3578033745288849;0.5226243734359741;0.3590286374092102;3.229949951171875;3.142425537109375;Fixation;1336.6460002552378;523.7015403400768;348.0;35.0;;9636.0;9984.0
9928.0;1338.3769226074219;516.7356777191161;0.5291544795036316;0.351956307888031;0.5228034853935242;0.3588442206382751;3.2236480712890625;3.150909423828125;Fixation;1336.6460002552378;523.7015403400768;348.0;35.0;;9636.0;9984.0
9932.0;1336.1740112304688;518.4778690338135;0.5285989046096802;0.3621648550033569;0.5219429731369019;0.360054075717926;3.2403717041015625;3.15521240234375;Fixation;1336.6460002552378;523.7015403400768;348.0;35.0;;9636.0;9984.0
9936.0;1343.3949279785156;519.8268699645995;0.5267614126205444;0.3556839823722839;0.5247636437416077;0.3609908819198608;3.233428955078125;3.139144897460937;Fixation;1336.6460002552378;523.7015403400768;348.0;35.0;;9636.0;9984.0
9940.0;1333.8177490234375;506.42191886901855;0.5303583145141602;0.3600669503211975;0.5210225582122803;0.3516818881034851;3.2393035888671875;3.143035888671875;Fixation;1336.6460002552378;523.7015403400768;348.0;35.0;;9636.0;9984.0
9944.0;1335.1817321777344;507.9495334625244;0.5265394449234009;0.3563444316387176;0.5215553641319275;0.3527427315711975;3.236663818359375;3.149932861328125;Fixation;1336.6460002552378;523.7015403400768;348.0;35.0;;9636.0;9984.0
9948.0;1333.5948181152344;517.2920751571655;0.5271672606468201;0.3556838631629944;0.5209354758262634;0.3592306077480316;3.228424072265625;3.1527252197265625;Fixation;1336.6460002552378;523.7015403400768;348.0;35.0;;9636.0;9984.0
9952.0;1337.222900390625;509.5432806015014;0.5282037258148193;0.3550879955291748;0.5223526954650879;0.3538495004177093;3.2363433837890625;3.140350341796875;Fixation;1336.6460002552378;523.7015403400768;348.0;35.0;;9636.0;9984.0
9956.0;1328.5760498046875;522.5647830963135;0.5330926179885864;0.3586099445819855;0.518975019454956;0.362892210483551;3.22222900390625;3.1743316650390625;Fixation;1336.6460002552378;523.7015403400768;348.0;35.0;;9636.0;9984.0
9960.0;1345.3448486328125;513.9352369308472;0.5288630127906799;0.36134073138237;0.5255253314971924;0.3568994700908661;3.23443603515625;3.13677978515625;Fixation;1336.6460002552378;523.7015403400768;348.0;35.0;;9636.0;9984.0
9964.0;1339.7152709960938;514.6890449523925;0.5279945135116577;0.3526526987552643;0.5233262777328491;0.3574229478836059;3.229598999023437;3.1435546875;Fixation;1336.6460002552378;523.7015403400768;348.0;35.0;;9636.0;9984.0
9968.0;1336.4369201660156;513.7681674957275;0.5277769565582275;0.3583260774612427;0.5220456719398499;0.3567834496498108;3.2367401123046875;3.1591339111328125;Fixation;1336.6460002552378;523.7015403400768;348.0;35.0;;9636.0;9984.0
9972.0;1337.2817993164062;518.3360767364502;0.531451404094696;0.3610989451408386;0.5223757028579712;0.3599556088447571;3.242523193359375;3.160614013671875;Fixation;1336.6460002552378;523.7015403400768;348.0;35.0;;9636.0;9984.0
9976.0;1336.6778564453125;510.9954500198364;0.5302718877792358;0.3536354899406433;0.5221397876739502;0.3548579514026642;3.233383178710937;3.1424102783203125;Fixation;1336.6460002552378;523.7015403400768;348.0;35.0;;9636.0;9984.0
9980.0;1330.9219360351562;512.7613306045531;0.527341365814209;0.3465554118156433;0.5198913812637329;0.356084257364273;3.21484375;3.164413452148437;Fixation;1336.6460002552378;523.7015403400768;348.0;35.0;;9636.0;9984.0
9984.0;1331.2557983398438;521.4941310882568;0.5296819806098938;0.3597728013992309;0.5200217962265015;0.3621487021446228;3.24322509765625;3.167938232421875;Fixation;1336.6460002552378;523.7015403400768;348.0;35.0;;9636.0;9984.0
